{"title":"coast-n100-r7-s8987754666945962503100","map_width":500,"map_height":300,"num_leaves":100,"tree":{"leaf":false,"id":198,"left":{"leaf":false,"id":192,"left":{"leaf":false,"id":191,"left":{"leaf":false,"id":175,"left":{"leaf":false,"id":170,"left":{"leaf":false,"id":160,"left":{"leaf":true,"id":27,"label":"27","site_id":27},"right":{"leaf":false,"id":110,"left":{"leaf":false,"id":105,"left":{"leaf":true,"id":10,"label":"10","site_id":10},"right":{"leaf":true,"id":11,"label":"11","site_id":11}},"right":{"leaf":true,"id":8,"label":"8","site_id":8}}},"right":{"leaf":true,"id":5,"label":"5","site_id":5}},"right":{"leaf":true,"id":4,"label":"4","site_id":4}},"right":{"leaf":false,"id":172,"left":{"leaf":false,"id":150,"left":{"leaf":true,"id":63,"label":"63","site_id":63},"right":{"leaf":true,"id":89,"label":"89","site_id":89}},"right":{"leaf":true,"id":60,"label":"60","site_id":60}}},"right":{"leaf":false,"id":190,"left":{"leaf":false,"id":178,"left":{"leaf":false,"id":174,"left":{"leaf":false,"id":171,"left":{"leaf":false,"id":106,"left":{"leaf":true,"id":12,"label":"12","site_id":12},"right":{"leaf":true,"id":13,"label":"13","site_id":13}},"right":{"leaf":false,"id":104,"left":{"leaf":true,"id":15,"label":"15","site_id":15},"right":{"leaf":true,"id":14,"label":"14","site_id":14}}},"right":{"leaf":false,"id":146,"left":{"leaf":true,"id":46,"label":"46","site_id":46},"right":{"leaf":false,"id":145,"left":{"leaf":true,"id":45,"label":"45","site_id":45},"right":{"leaf":false,"id":132,"left":{"leaf":true,"id":33,"label":"33","site_id":33},"right":{"leaf":false,"id":109,"left":{"leaf":true,"id":50,"label":"50","site_id":50},"right":{"leaf":true,"id":48,"label":"48","site_id":48}}}}}},"right":{"leaf":false,"id":137,"left":{"leaf":true,"id":47,"label":"47","site_id":47},"right":{"leaf":true,"id":19,"label":"19","site_id":19}}},"right":{"leaf":false,"id":182,"left":{"leaf":true,"id":65,"label":"65","site_id":65},"right":{"leaf":false,"id":181,"left":{"leaf":false,"id":180,"left":{"leaf":false,"id":167,"left":{"leaf":true,"id":36,"label":"36","site_id":36},"right":{"leaf":false,"id":165,"left":{"leaf":false,"id":133,"left":{"leaf":true,"id":29,"label":"29","site_id":29},"right":{"leaf":true,"id":30,"label":"30","site_id":30}},"right":{"leaf":true,"id":20,"label":"20","site_id":20}}},"right":{"leaf":false,"id":169,"left":{"leaf":true,"id":16,"label":"16","site_id":16},"right":{"leaf":false,"id":118,"left":{"leaf":true,"id":32,"label":"32","site_id":32},"right":{"leaf":true,"id":34,"label":"34","site_id":34}}}},"right":{"leaf":false,"id":158,"left":{"leaf":false,"id":153,"left":{"leaf":false,"id":144,"left":{"leaf":false,"id":134,"left":{"leaf":false,"id":103,"left":{"leaf":true,"id":23,"label":"23","site_id":23},"right":{"leaf":true,"id":22,"label":"22","site_id":22}},"right":{"leaf":true,"id":28,"label":"28","site_id":28}},"right":{"leaf":true,"id":26,"label":"26","site_id":26}},"right":{"leaf":true,"id":21,"label":"21","site_id":21}},"right":{"leaf":true,"id":25,"label":"25","site_id":25}}}}}},"right":{"leaf":false,"id":197,"left":{"leaf":false,"id":156,"left":{"leaf":false,"id":142,"left":{"leaf":false,"id":126,"left":{"leaf":false,"id":119,"left":{"leaf":true,"id":64,"label":"64","site_id":64},"right":{"leaf":true,"id":66,"label":"66","site_id":66}},"right":{"leaf":true,"id":49,"label":"49","site_id":49}},"right":{"leaf":true,"id":71,"label":"71","site_id":71}},"right":{"leaf":false,"id":116,"left":{"leaf":true,"id":54,"label":"54","site_id":54},"right":{"leaf":true,"id":91,"label":"91","site_id":91}}},"right":{"leaf":false,"id":196,"left":{"leaf":false,"id":194,"left":{"leaf":false,"id":187,"left":{"leaf":false,"id":186,"left":{"leaf":false,"id":185,"left":{"leaf":true,"id":2,"label":"2","site_id":2},"right":{"leaf":false,"id":143,"left":{"leaf":true,"id":3,"label":"3","site_id":3},"right":{"leaf":false,"id":141,"left":{"leaf":true,"id":0,"label":"0","site_id":0},"right":{"leaf":true,"id":1,"label":"1","site_id":1}}}},"right":{"leaf":false,"id":179,"left":{"leaf":false,"id":173,"left":{"leaf":false,"id":154,"left":{"leaf":false,"id":147,"left":{"leaf":false,"id":112,"left":{"leaf":true,"id":78,"label":"78","site_id":78},"right":{"leaf":true,"id":68,"label":"68","site_id":68}},"right":{"leaf":true,"id":74,"label":"74","site_id":74}},"right":{"leaf":false,"id":130,"left":{"leaf":true,"id":67,"label":"67","site_id":67},"right":{"leaf":true,"id":69,"label":"69","site_id":69}}},"right":{"leaf":false,"id":168,"left":{"leaf":true,"id":90,"label":"90","site_id":90},"right":{"leaf":false,"id":166,"left":{"leaf":false,"id":148,"left":{"leaf":false,"id":115,"left":{"leaf":true,"id":62,"label":"62","site_id":62},"right":{"leaf":true,"id":37,"label":"37","site_id":37}},"right":{"leaf":true,"id":40,"label":"40","site_id":40}},"right":{"leaf":true,"id":18,"label":"18","site_id":18}}}},"right":{"leaf":false,"id":162,"left":{"leaf":false,"id":140,"left":{"leaf":true,"id":56,"label":"56","site_id":56},"right":{"leaf":true,"id":58,"label":"58","site_id":58}},"right":{"leaf":false,"id":123,"left":{"leaf":true,"id":55,"label":"55","site_id":55},"right":{"leaf":true,"id":57,"label":"57","site_id":57}}}}},"right":{"leaf":false,"id":184,"left":{"leaf":false,"id":183,"left":{"leaf":false,"id":163,"left":{"leaf":false,"id":151,"left":{"leaf":true,"id":38,"label":"38","site_id":38},"right":{"leaf":true,"id":39,"label":"39","site_id":39}},"right":{"leaf":true,"id":42,"label":"42","site_id":42}},"right":{"leaf":false,"id":176,"left":{"leaf":false,"id":157,"left":{"leaf":true,"id":35,"label":"35","site_id":35},"right":{"leaf":true,"id":31,"label":"31","site_id":31}},"right":{"leaf":false,"id":161,"left":{"leaf":true,"id":44,"label":"44","site_id":44},"right":{"leaf":true,"id":43,"label":"43","site_id":43}}}},"right":{"leaf":false,"id":129,"left":{"leaf":false,"id":107,"left":{"leaf":true,"id":53,"label":"53","site_id":53},"right":{"leaf":true,"id":77,"label":"77","site_id":77}},"right":{"leaf":true,"id":17,"label":"17","site_id":17}}}},"right":{"leaf":false,"id":164,"left":{"leaf":false,"id":136,"left":{"leaf":false,"id":108,"left":{"leaf":true,"id":24,"label":"24","site_id":24},"right":{"leaf":true,"id":51,"label":"51","site_id":51}},"right":{"leaf":true,"id":52,"label":"52","site_id":52}},"right":{"leaf":false,"id":121,"left":{"leaf":true,"id":41,"label":"41","site_id":41},"right":{"leaf":false,"id":100,"left":{"leaf":true,"id":9,"label":"9","site_id":9},"right":{"leaf":true,"id":83,"label":"83","site_id":83}}}}},"right":{"leaf":false,"id":195,"left":{"leaf":false,"id":193,"left":{"leaf":false,"id":159,"left":{"leaf":false,"id":135,"left":{"leaf":true,"id":86,"label":"86","site_id":86},"right":{"leaf":false,"id":117,"left":{"leaf":false,"id":113,"left":{"leaf":true,"id":96,"label":"96","site_id":96},"right":{"leaf":true,"id":85,"label":"85","site_id":85}},"right":{"leaf":true,"id":88,"label":"88","site_id":88}}},"right":{"leaf":true,"id":7,"label":"7","site_id":7}},"right":{"leaf":false,"id":177,"left":{"leaf":false,"id":155,"left":{"leaf":false,"id":125,"left":{"leaf":false,"id":102,"left":{"leaf":true,"id":94,"label":"94","site_id":94},"right":{"leaf":true,"id":72,"label":"72","site_id":72}},"right":{"leaf":true,"id":81,"label":"81","site_id":81}},"right":{"leaf":false,"id":128,"left":{"leaf":true,"id":80,"label":"80","site_id":80},"right":{"leaf":true,"id":79,"label":"79","site_id":79}}},"right":{"leaf":false,"id":138,"left":{"leaf":true,"id":84,"label":"84","site_id":84},"right":{"leaf":false,"id":111,"left":{"leaf":true,"id":73,"label":"73","site_id":73},"right":{"leaf":true,"id":82,"label":"82","site_id":82}}}}},"right":{"leaf":false,"id":189,"left":{"leaf":true,"id":98,"label":"98","site_id":98},"right":{"leaf":false,"id":188,"left":{"leaf":false,"id":149,"left":{"leaf":false,"id":124,"left":{"leaf":false,"id":122,"left":{"leaf":true,"id":75,"label":"75","site_id":75},"right":{"leaf":true,"id":76,"label":"76","site_id":76}},"right":{"leaf":false,"id":114,"left":{"leaf":true,"id":61,"label":"61","site_id":61},"right":{"leaf":true,"id":70,"label":"70","site_id":70}}},"right":{"leaf":false,"id":139,"left":{"leaf":false,"id":131,"left":{"leaf":true,"id":59,"label":"59","site_id":59},"right":{"leaf":false,"id":101,"left":{"leaf":true,"id":6,"label":"6","site_id":6},"right":{"leaf":true,"id":93,"label":"93","site_id":93}}},"right":{"leaf":false,"id":127,"left":{"leaf":true,"id":95,"label":"95","site_id":95},"right":{"leaf":true,"id":97,"label":"97","site_id":97}}}},"right":{"leaf":false,"id":152,"left":{"leaf":true,"id":99,"label":"99","site_id":99},"right":{"leaf":false,"id":120,"left":{"leaf":true,"id":92,"label":"92","site_id":92},"right":{"leaf":true,"id":87,"label":"87","site_id":87}}}}}}}}},"num_sites":100,"sites":[{"x":18.42285197170404,"y":146.27231100979006,"cluster":1},{"x":18.072047955926983,"y":140.15840505539828,"cluster":1},{"x":25.026910354339627,"y":135.24410925952728,"cluster":1},{"x":33.494323751688924,"y":136.02322772343018,"cluster":1},{"x":38.17545247586975,"y":130.99211454848648,"cluster":1},{"x":42.384315575657446,"y":128.7477978428104,"cluster":1},{"x":47.425686927741246,"y":134.09506958781,"cluster":1},{"x":52.88828649245675,"y":140.38117535580042,"cluster":1},{"x":59.1271991978142,"y":140.03614544820522,"cluster":1},{"x":57.620887075039974,"y":138.51633581973346,"cluster":1},{"x":67.94811246713748,"y":140.01321793462148,"cluster":1},{"x":65.8819692440477,"y":135.77627871981153,"cluster":1},{"x":75.63452859822084,"y":135.0479838030393,"cluster":1},{"x":74.05219794990828,"y":135.83228681588864,"cluster":1},{"x":85.3156328779849,"y":137.1571425389195,"cluster":1},{"x":91.73973556396926,"y":140.72032169201893,"cluster":1},{"x":95.98519176596545,"y":139.77678712784802,"cluster":1},{"x":95.9017720608275,"y":133.14614162611386,"cluster":1},{"x":105.68503767802248,"y":132.77716546242982,"cluster":1},{"x":102.9177785590849,"y":125.8918123596063,"cluster":1},{"x":113.7010434823198,"y":122.38789310989145,"cluster":1},{"x":111.74686474470404,"y":122.66287135583258,"cluster":1},{"x":120.73250090104024,"y":126.89672302671471,"cluster":1},{"x":120.13769709948627,"y":127.9188621244591,"cluster":1},{"x":124.63113451798066,"y":129.92716331040148,"cluster":1},{"x":132.34855024831643,"y":133.00245230472203,"cluster":1},{"x":134.56943634638233,"y":131.65747871922173,"cluster":1},{"x":146.89546122555362,"y":137.50500884072574,"cluster":1},{"x":146.08410862250562,"y":131.27777129066996,"cluster":1},{"x":148.40247242410263,"y":125.39623482615056,"cluster":1},{"x":159.08316631368774,"y":120.36168296358781,"cluster":1},{"x":164.36700636493646,"y":126.95645394994825,"cluster":1},{"x":169.55035866876008,"y":127.44529341036234,"cluster":1},{"x":175.14854189254447,"y":130.6534257334525,"cluster":1},{"x":175.8600178914633,"y":130.7173995299923,"cluster":1},{"x":175.86716827649343,"y":137.46713158385347,"cluster":1},{"x":187.63857202176405,"y":140.5362282785907,"cluster":1},{"x":190.16014453485138,"y":139.81377470652586,"cluster":1},{"x":195.04813107833752,"y":144.6918801932839,"cluster":1},{"x":198.29352344838318,"y":140.62865163381588,"cluster":1},{"x":207.5523847542919,"y":142.02344848220997,"cluster":1},{"x":210.70677596908703,"y":144.04180174092212,"cluster":1},{"x":209.79123464077242,"y":142.12050248305803,"cluster":1},{"x":219.57378880073117,"y":147.66243734861925,"cluster":1},{"x":218.26521509731054,"y":140.865277398299,"cluster":1},{"x":226.4385772336537,"y":140.43963091616715,"cluster":1},{"x":232.99391512913286,"y":147.20418071819475,"cluster":1},{"x":234.650628831361,"y":143.17337928667956,"cluster":1},{"x":244.25931644983797,"y":147.9175808555784,"cluster":1},{"x":242.62267826642966,"y":153.0506849620629,"cluster":1},{"x":246.23025394271787,"y":150.0,"cluster":1},{"x":258.5749942513228,"y":144.07168281957482,"cluster":1},{"x":263.6158369819699,"y":143.899400044063,"cluster":1},{"x":259.62840941753336,"y":139.82674120679638,"cluster":1},{"x":269.0543818447451,"y":137.75422378929258,"cluster":1},{"x":272.3972829867878,"y":134.93669239921172,"cluster":1},{"x":278.815529085925,"y":133.47379289164667,"cluster":1},{"x":282.10436186606785,"y":139.35218074458214,"cluster":1},{"x":288.5025196006509,"y":137.03164293522866,"cluster":1},{"x":292.5200932972262,"y":142.25763048968088,"cluster":1},{"x":296.5916799275082,"y":137.37539672977044,"cluster":1},{"x":300.2796166669219,"y":143.09454631186614,"cluster":1},{"x":309.1692932028172,"y":145.67838719919254,"cluster":1},{"x":305.9805236078861,"y":140.13008583142917,"cluster":1},{"x":319.50208615158874,"y":135.33795300410566,"cluster":1},{"x":323.2702763456179,"y":138.58178934189667,"cluster":1},{"x":326.5264000364086,"y":145.48111455677525,"cluster":1},{"x":327.2334080207467,"y":140.21904703854028,"cluster":1},{"x":337.26933933774706,"y":140.16343794279834,"cluster":1},{"x":335.2437717927298,"y":140.45580991227922,"cluster":1},{"x":339.80334734884246,"y":141.25457282820912,"cluster":1},{"x":349.06059447705417,"y":141.7402320802426,"cluster":1},{"x":354.66324177411235,"y":138.35061775847535,"cluster":1},{"x":353.7457309439198,"y":131.60100200688717,"cluster":1},{"x":360.1152720655171,"y":131.76198200453598,"cluster":1},{"x":367.73730558989655,"y":127.01250951722989,"cluster":1},{"x":371.0906299533897,"y":122.07517586744326,"cluster":1},{"x":377.38918397026015,"y":126.93144159698615,"cluster":1},{"x":383.25466741378585,"y":123.17838829660461,"cluster":1},{"x":381.3886228659779,"y":121.90343452508668,"cluster":1},{"x":386.60484916661034,"y":124.77756000597125,"cluster":1},{"x":394.0481240338725,"y":131.2933778974756,"cluster":1},{"x":394.62304121111663,"y":128.2541149174969,"cluster":1},{"x":405.1852505724293,"y":127.3335031946797,"cluster":1},{"x":405.19012438386477,"y":123.78606204404316,"cluster":1},{"x":413.19102712460045,"y":126.61258665820432,"cluster":1},{"x":421.2836120964973,"y":123.06420722638924,"cluster":1},{"x":417.8543547474408,"y":126.91263413721076,"cluster":1},{"x":426.6666146740512,"y":132.8058408180036,"cluster":1},{"x":433.9137626372978,"y":137.04439964366964,"cluster":1},{"x":434.09440004318094,"y":132.95741340211333,"cluster":1},{"x":441.3745541412961,"y":135.4498471939704,"cluster":1},{"x":444.6321925661575,"y":128.75063503450733,"cluster":1},{"x":447.1254917348148,"y":134.75786146003395,"cluster":1},{"x":457.3385842414367,"y":133.22227968232693,"cluster":1},{"x":456.6974567518114,"y":129.78648541368045,"cluster":1},{"x":462.92753741302784,"y":131.52804038632866,"cluster":1},{"x":469.4815428937536,"y":130.42091132832408,"cluster":1},{"x":470.0862793867195,"y":134.80711378793686,"cluster":1},{"x":478.1540810995576,"y":128.19356080337752,"cluster":1}],"num_clusters":0}