{"title":"coast-n60-r5-s321682463140503810060","map_width":500,"map_height":300,"num_leaves":60,"tree":{"leaf":false,"id":118,"left":{"leaf":false,"id":117,"left":{"leaf":false,"id":114,"left":{"leaf":false,"id":113,"left":{"leaf":false,"id":112,"left":{"leaf":false,"id":107,"left":{"leaf":false,"id":101,"left":{"leaf":true,"id":31,"label":"31","site_id":31},"right":{"leaf":false,"id":94,"left":{"leaf":false,"id":71,"left":{"leaf":false,"id":70,"left":{"leaf":true,"id":16,"label":"16","site_id":16},"right":{"leaf":false,"id":63,"left":{"leaf":true,"id":54,"label":"54","site_id":54},"right":{"leaf":true,"id":57,"label":"57","site_id":57}}},"right":{"leaf":false,"id":66,"left":{"leaf":true,"id":45,"label":"45","site_id":45},"right":{"leaf":true,"id":32,"label":"32","site_id":32}}},"right":{"leaf":true,"id":14,"label":"14","site_id":14}}},"right":{"leaf":false,"id":97,"left":{"leaf":false,"id":84,"left":{"leaf":true,"id":37,"label":"37","site_id":37},"right":{"leaf":true,"id":27,"label":"27","site_id":27}},"right":{"leaf":true,"id":30,"label":"30","site_id":30}}},"right":{"leaf":false,"id":106,"left":{"leaf":false,"id":98,"left":{"leaf":false,"id":73,"left":{"leaf":true,"id":1,"label":"1","site_id":1},"right":{"leaf":true,"id":51,"label":"51","site_id":51}},"right":{"leaf":false,"id":85,"left":{"leaf":false,"id":74,"left":{"leaf":false,"id":62,"left":{"leaf":true,"id":6,"label":"6","site_id":6},"right":{"leaf":true,"id":44,"label":"44","site_id":44}},"right":{"leaf":true,"id":24,"label":"24","site_id":24}},"right":{"leaf":false,"id":78,"left":{"leaf":true,"id":28,"label":"28","site_id":28},"right":{"leaf":true,"id":21,"label":"21","site_id":21}}}},"right":{"leaf":false,"id":102,"left":{"leaf":true,"id":15,"label":"15","site_id":15},"right":{"leaf":true,"id":13,"label":"13","site_id":13}}}},"right":{"leaf":false,"id":99,"left":{"leaf":false,"id":90,"left":{"leaf":true,"id":34,"label":"34","site_id":34},"right":{"leaf":false,"id":75,"left":{"leaf":true,"id":18,"label":"18","site_id":18},"right":{"leaf":true,"id":47,"label":"47","site_id":47}}},"right":{"leaf":false,"id":96,"left":{"leaf":false,"id":81,"left":{"leaf":true,"id":36,"label":"36","site_id":36},"right":{"leaf":true,"id":29,"label":"29","site_id":29}},"right":{"leaf":true,"id":25,"label":"25","site_id":25}}}},"right":{"leaf":false,"id":108,"left":{"leaf":false,"id":103,"left":{"leaf":true,"id":7,"label":"7","site_id":7},"right":{"leaf":false,"id":92,"left":{"leaf":false,"id":86,"left":{"leaf":false,"id":76,"left":{"leaf":true,"id":20,"label":"20","site_id":20},"right":{"leaf":true,"id":8,"label":"8","site_id":8}},"right":{"leaf":false,"id":79,"left":{"leaf":true,"id":5,"label":"5","site_id":5},"right":{"leaf":false,"id":61,"left":{"leaf":true,"id":17,"label":"17","site_id":17},"right":{"leaf":true,"id":12,"label":"12","site_id":12}}}},"right":{"leaf":true,"id":33,"label":"33","site_id":33}}},"right":{"leaf":true,"id":11,"label":"11","site_id":11}}},"right":{"leaf":false,"id":115,"left":{"leaf":false,"id":109,"left":{"leaf":true,"id":53,"label":"53","site_id":53},"right":{"leaf":false,"id":105,"left":{"leaf":false,"id":104,"left":{"leaf":false,"id":93,"left":{"leaf":true,"id":0,"label":"0","site_id":0},"right":{"leaf":false,"id":82,"left":{"leaf":true,"id":10,"label":"10","site_id":10},"right":{"leaf":false,"id":80,"left":{"leaf":true,"id":2,"label":"2","site_id":2},"right":{"leaf":true,"id":3,"label":"3","site_id":3}}}},"right":{"leaf":true,"id":4,"label":"4","site_id":4}},"right":{"leaf":false,"id":95,"left":{"leaf":true,"id":46,"label":"46","site_id":46},"right":{"leaf":true,"id":38,"label":"38","site_id":38}}}},"right":{"leaf":false,"id":91,"left":{"leaf":false,"id":68,"left":{"leaf":true,"id":22,"label":"22","site_id":22},"right":{"leaf":true,"id":23,"label":"23","site_id":23}},"right":{"leaf":true,"id":9,"label":"9","site_id":9}}}},"right":{"leaf":false,"id":116,"left":{"leaf":false,"id":111,"left":{"leaf":false,"id":100,"left":{"leaf":false,"id":60,"left":{"leaf":true,"id":58,"label":"58","site_id":58},"right":{"leaf":true,"id":59,"label":"59","site_id":59}},"right":{"leaf":false,"id":83,"left":{"leaf":true,"id":50,"label":"50","site_id":50},"right":{"leaf":true,"id":55,"label":"55","site_id":55}}},"right":{"leaf":false,"id":88,"left":{"leaf":false,"id":77,"left":{"leaf":true,"id":39,"label":"39","site_id":39},"right":{"leaf":false,"id":72,"left":{"leaf":true,"id":40,"label":"40","site_id":40},"right":{"leaf":true,"id":41,"label":"41","site_id":41}}},"right":{"leaf":false,"id":65,"left":{"leaf":true,"id":35,"label":"35","site_id":35},"right":{"leaf":true,"id":26,"label":"26","site_id":26}}}},"right":{"leaf":false,"id":110,"left":{"leaf":true,"id":49,"label":"49","site_id":49},"right":{"leaf":false,"id":89,"left":{"leaf":false,"id":87,"left":{"leaf":false,"id":69,"left":{"leaf":true,"id":19,"label":"19","site_id":19},"right":{"leaf":false,"id":67,"left":{"leaf":true,"id":43,"label":"43","site_id":43},"right":{"leaf":true,"id":42,"label":"42","site_id":42}}},"right":{"leaf":true,"id":48,"label":"48","site_id":48}},"right":{"leaf":false,"id":64,"left":{"leaf":true,"id":56,"label":"56","site_id":56},"right":{"leaf":true,"id":52,"label":"52","site_id":52}}}}}},"num_sites":60,"sites":[{"x":15.0,"y":146.1950593254231,"cluster":1},{"x":26.072457188197347,"y":155.6736062746066,"cluster":1},{"x":37.88993952811771,"y":145.2849807085768,"cluster":1},{"x":44.67203228100694,"y":152.3133207701467,"cluster":1},{"x":54.23780890745407,"y":158.68336367682727,"cluster":1},{"x":62.22387092045199,"y":165.50930869539417,"cluster":1},{"x":57.724092579631986,"y":171.11020241883477,"cluster":1},{"x":67.5419210557494,"y":177.70557139955264,"cluster":1},{"x":79.38618952716706,"y":168.24937880294846,"cluster":1},{"x":81.97203972757713,"y":167.4112160065484,"cluster":1},{"x":99.0213671806732,"y":177.7766457362414,"cluster":1},{"x":101.71861849156274,"y":173.90765544739432,"cluster":1},{"x":111.1531979214761,"y":169.45171578197574,"cluster":1},{"x":114.30915110034427,"y":179.24071565246834,"cluster":1},{"x":126.4880725277762,"y":179.15429432778697,"cluster":1},{"x":129.0768693960125,"y":172.110388978597,"cluster":1},{"x":139.75024734029543,"y":161.46959138961017,"cluster":1},{"x":149.1031279624809,"y":168.9325716745542,"cluster":1},{"x":155.8284237520779,"y":178.99374156165246,"cluster":1},{"x":164.25224427446116,"y":168.4207069858049,"cluster":1},{"x":172.38713967876868,"y":157.8659261395078,"cluster":1},{"x":174.35498136568947,"y":162.95102039959343,"cluster":1},{"x":194.8022748749455,"y":171.20530173088082,"cluster":1},{"x":189.13548455812375,"y":167.58248543727407,"cluster":1},{"x":211.06228399374174,"y":160.67525007882747,"cluster":1},{"x":216.2666869586123,"y":150.06675310084597,"cluster":1},{"x":216.93688255936956,"y":153.75568829365966,"cluster":1},{"x":230.6255384281154,"y":155.2788876129768,"cluster":1},{"x":231.4215474040836,"y":159.72342442744682,"cluster":1},{"x":238.954242829144,"y":155.19428164546946,"cluster":1},{"x":246.2318780974425,"y":150.0,"cluster":1},{"x":258.5148213272711,"y":150.38337238278598,"cluster":1},{"x":258.4562281740277,"y":158.48676451251907,"cluster":1},{"x":268.78955341162026,"y":152.2690814908793,"cluster":1},{"x":275.0884810604382,"y":154.00975416763345,"cluster":1},{"x":285.6545502381173,"y":142.99735671738605,"cluster":1},{"x":299.7528306626124,"y":143.06978620615914,"cluster":1},{"x":304.3741723137128,"y":151.11460991932103,"cluster":1},{"x":318.95388367414034,"y":156.96491700326027,"cluster":1},{"x":323.3115887360185,"y":165.52392402223367,"cluster":1},{"x":324.6722571528863,"y":169.39561742608475,"cluster":1},{"x":338.51446255791103,"y":162.2967322461804,"cluster":1},{"x":346.6448108877242,"y":157.73255389941997,"cluster":1},{"x":348.4270568637638,"y":155.99575185897916,"cluster":1},{"x":356.5515479080502,"y":157.0599189044946,"cluster":1},{"x":365.3609327571669,"y":149.88202876730907,"cluster":1},{"x":371.24182640975226,"y":160.1062919565464,"cluster":1},{"x":386.71544606897874,"y":157.43940217733459,"cluster":1},{"x":392.7896184550847,"y":168.3595102547111,"cluster":1},{"x":396.1785117776714,"y":162.56879440738032,"cluster":1},{"x":408.3887227058418,"y":165.44996732863908,"cluster":1},{"x":405.6348266567214,"y":158.6402095500394,"cluster":1},{"x":413.9273227965268,"y":157.49712055919582,"cluster":1},{"x":428.8566344531268,"y":149.68587286461147,"cluster":1},{"x":428.0927109764233,"y":142.72665275222684,"cluster":1},{"x":445.85629039430455,"y":136.8465247316155,"cluster":1},{"x":450.6288714912343,"y":146.7834587601647,"cluster":1},{"x":452.4904720403379,"y":139.26120748523834,"cluster":1},{"x":468.51322528576986,"y":144.54486779505496,"cluster":1},{"x":469.16813641186116,"y":145.48069125292324,"cluster":1}],"num_clusters":0}