{"title":"coast-n30-r4-s694116928443858164730","map_width":500,"map_height":300,"num_leaves":30,"tree":{"leaf":false,"id":58,"left":{"leaf":false,"id":56,"left":{"leaf":false,"id":55,"left":{"leaf":false,"id":46,"left":{"leaf":false,"id":39,"left":{"leaf":true,"id":9,"label":"9","site_id":9},"right":{"leaf":false,"id":37,"left":{"leaf":true,"id":12,"label":"12","site_id":12},"right":{"leaf":true,"id":5,"label":"5","site_id":5}}},"right":{"leaf":true,"id":8,"label":"8","site_id":8}},"right":{"leaf":false,"id":47,"left":{"leaf":true,"id":0,"label":"0","site_id":0},"right":{"leaf":false,"id":43,"left":{"leaf":true,"id":2,"label":"2","site_id":2},"right":{"leaf":true,"id":1,"label":"1","site_id":1}}}},"right":{"leaf":false,"id":54,"left":{"leaf":false,"id":53,"left":{"leaf":false,"id":48,"left":{"leaf":true,"id":3,"label":"3","site_id":3},"right":{"leaf":true,"id":13,"label":"13","site_id":13}},"right":{"leaf":false,"id":51,"left":{"leaf":false,"id":50,"left":{"leaf":true,"id":23,"label":"23","site_id":23},"right":{"leaf":false,"id":36,"left":{"leaf":false,"id":31,"left":{"leaf":true,"id":18,"label":"18","site_id":18},"right":{"leaf":true,"id":20,"label":"20","site_id":20}},"right":{"leaf":false,"id":35,"left":{"leaf":false,"id":34,"left":{"leaf":true,"id":22,"label":"22","site_id":22},"right":{"leaf":true,"id":27,"label":"27","site_id":27}},"right":{"leaf":true,"id":7,"label":"7","site_id":7}}}},"right":{"leaf":false,"id":40,"left":{"leaf":true,"id":6,"label":"6","site_id":6},"right":{"leaf":true,"id":15,"label":"15","site_id":15}}}},"right":{"leaf":false,"id":44,"left":{"leaf":false,"id":42,"left":{"leaf":false,"id":33,"left":{"leaf":true,"id":17,"label":"17","site_id":17},"right":{"leaf":true,"id":11,"label":"11","site_id":11}},"right":{"leaf":false,"id":32,"left":{"leaf":false,"id":30,"left":{"leaf":true,"id":4,"label":"4","site_id":4},"right":{"leaf":true,"id":21,"label":"21","site_id":21}},"right":{"leaf":true,"id":14,"label":"14","site_id":14}}},"right":{"leaf":true,"id":10,"label":"10","site_id":10}}}},"right":{"leaf":false,"id":57,"left":{"leaf":false,"id":49,"left":{"leaf":false,"id":45,"left":{"leaf":true,"id":26,"label":"26","site_id":26},"right":{"leaf":true,"id":25,"label":"25","site_id":25}},"right":{"leaf":false,"id":41,"left":{"leaf":true,"id":28,"label":"28","site_id":28},"right":{"leaf":false,"id":38,"left":{"leaf":true,"id":29,"label":"29","site_id":29},"right":{"leaf":true,"id":24,"label":"24","site_id":24}}}},"right":{"leaf":false,"id":52,"left":{"leaf":true,"id":19,"label":"19","site_id":19},"right":{"leaf":true,"id":16,"label":"16","site_id":16}}}},"num_sites":30,"sites":[{"x":24.413891543984327,"y":107.59429165238967,"cluster":1},{"x":26.533629713908724,"y":122.0697676815149,"cluster":1},{"x":49.31022857826058,"y":128.99746748099125,"cluster":1},{"x":66.31378243828506,"y":139.1228926628357,"cluster":1},{"x":72.39418897539109,"y":144.08846996111623,"cluster":1},{"x":108.61397866188183,"y":132.2805437984001,"cluster":1},{"x":99.78223566667926,"y":121.57083614765762,"cluster":1},{"x":129.75590181181838,"y":140.43555821180837,"cluster":1},{"x":141.82392072801676,"y":154.92058174783142,"cluster":1},{"x":165.98143516093864,"y":158.93636430458452,"cluster":1},{"x":166.33749780588573,"y":136.62764710749622,"cluster":1},{"x":186.95376599075433,"y":118.08828515632835,"cluster":1},{"x":196.57549941532616,"y":112.52262550781276,"cluster":1},{"x":212.9850999521873,"y":134.10842661616334,"cluster":1},{"x":221.53572087049963,"y":148.95817012824895,"cluster":1},{"x":254.4022648460822,"y":150.0,"cluster":1},{"x":279.01216319962936,"y":167.6646211921156,"cluster":1},{"x":266.05304833611353,"y":177.8197173793225,"cluster":1},{"x":306.1378891243927,"y":173.56355908915904,"cluster":1},{"x":324.6784881638462,"y":183.4805483733262,"cluster":1},{"x":315.13497703867796,"y":164.46649387892566,"cluster":1},{"x":349.35040880501913,"y":160.97314863464157,"cluster":1},{"x":352.26850416332906,"y":183.2538949773903,"cluster":1},{"x":368.545583078814,"y":162.7943653680373,"cluster":1},{"x":392.5097481575319,"y":153.5182887263367,"cluster":1},{"x":413.73737746922467,"y":132.56961805079223,"cluster":1},{"x":409.54407216931713,"y":140.38649505639083,"cluster":1},{"x":425.3403058187913,"y":141.10783921980018,"cluster":1},{"x":437.1613989608651,"y":163.4112137579944,"cluster":1},{"x":451.77934863663563,"y":177.39608216787252,"cluster":1}],"num_clusters":0}