{"title":"coast-n40-r0-s-502886782440851808940","map_width":500,"map_height":300,"num_leaves":40,"tree":{"leaf":false,"id":78,"left":{"leaf":false,"id":77,"left":{"leaf":false,"id":74,"left":{"leaf":true,"id":18,"label":"18","site_id":18},"right":{"leaf":false,"id":59,"left":{"leaf":false,"id":58,"left":{"leaf":true,"id":21,"label":"21","site_id":21},"right":{"leaf":true,"id":16,"label":"16","site_id":16}},"right":{"leaf":true,"id":20,"label":"20","site_id":20}}},"right":{"leaf":false,"id":69,"left":{"leaf":false,"id":57,"left":{"leaf":false,"id":51,"left":{"leaf":true,"id":8,"label":"8","site_id":8},"right":{"leaf":true,"id":11,"label":"11","site_id":11}},"right":{"leaf":true,"id":9,"label":"9","site_id":9}},"right":{"leaf":false,"id":65,"left":{"leaf":false,"id":42,"left":{"leaf":true,"id":12,"label":"12","site_id":12},"right":{"leaf":true,"id":39,"label":"39","site_id":39}},"right":{"leaf":true,"id":24,"label":"24","site_id":24}}}},"right":{"leaf":false,"id":76,"left":{"leaf":false,"id":70,"left":{"leaf":false,"id":68,"left":{"leaf":false,"id":62,"left":{"leaf":false,"id":61,"left":{"leaf":true,"id":2,"label":"2","site_id":2},"right":{"leaf":true,"id":7,"label":"7","site_id":7}},"right":{"leaf":false,"id":44,"left":{"leaf":true,"id":1,"label":"1","site_id":1},"right":{"leaf":true,"id":0,"label":"0","site_id":0}}},"right":{"leaf":false,"id":47,"left":{"leaf":true,"id":3,"label":"3","site_id":3},"right":{"leaf":true,"id":5,"label":"5","site_id":5}}},"right":{"leaf":true,"id":6,"label":"6","site_id":6}},"right":{"leaf":false,"id":75,"left":{"leaf":false,"id":67,"left":{"leaf":false,"id":54,"left":{"leaf":false,"id":45,"left":{"leaf":true,"id":34,"label":"34","site_id":34},"right":{"leaf":true,"id":33,"label":"33","site_id":33}},"right":{"leaf":true,"id":32,"label":"32","site_id":32}},"right":{"leaf":false,"id":56,"left":{"leaf":false,"id":40,"left":{"leaf":true,"id":14,"label":"14","site_id":14},"right":{"leaf":true,"id":15,"label":"15","site_id":15}},"right":{"leaf":false,"id":50,"left":{"leaf":true,"id":13,"label":"13","site_id":13},"right":{"leaf":true,"id":10,"label":"10","site_id":10}}}},"right":{"leaf":false,"id":73,"left":{"leaf":false,"id":63,"left":{"leaf":false,"id":41,"left":{"leaf":true,"id":4,"label":"4","site_id":4},"right":{"leaf":true,"id":23,"label":"23","site_id":23}},"right":{"leaf":false,"id":60,"left":{"leaf":false,"id":46,"left":{"leaf":true,"id":31,"label":"31","site_id":31},"right":{"leaf":true,"id":29,"label":"29","site_id":29}},"right":{"leaf":true,"id":36,"label":"36","site_id":36}}},"right":{"leaf":false,"id":72,"left":{"leaf":false,"id":66,"left":{"leaf":false,"id":53,"left":{"leaf":true,"id":22,"label":"22","site_id":22},"right":{"leaf":true,"id":19,"label":"19","site_id":19}},"right":{"leaf":false,"id":64,"left":{"leaf":false,"id":55,"left":{"leaf":true,"id":17,"label":"17","site_id":17},"right":{"leaf":true,"id":37,"label":"37","site_id":37}},"right":{"leaf":false,"id":49,"left":{"leaf":true,"id":38,"label":"38","site_id":38},"right":{"leaf":true,"id":35,"label":"35","site_id":35}}}},"right":{"leaf":false,"id":71,"left":{"leaf":false,"id":48,"left":{"leaf":true,"id":25,"label":"25","site_id":25},"right":{"leaf":true,"id":26,"label":"26","site_id":26}},"right":{"leaf":false,"id":52,"left":{"leaf":true,"id":30,"label":"30","site_id":30},"right":{"leaf":false,"id":43,"left":{"leaf":true,"id":28,"label":"28","site_id":28},"right":{"leaf":true,"id":27,"label":"27","site_id":27}}}}}}}}},"num_sites":40,"sites":[{"x":22.452503206324142,"y":99.14947198780457,"cluster":1},{"x":27.241055766812934,"y":96.0142000587672,"cluster":1},{"x":42.44155254573272,"y":89.79704269718098,"cluster":1},{"x":62.148238378323654,"y":103.58149991603872,"cluster":1},{"x":57.81233159235894,"y":89.35126649144684,"cluster":1},{"x":72.25387586641868,"y":86.36250429807211,"cluster":1},{"x":87.41493728173205,"y":87.21615592840085,"cluster":1},{"x":106.875531686763,"y":81.98507015715288,"cluster":1},{"x":108.24123149582518,"y":96.35004022223742,"cluster":1},{"x":124.22279284481117,"y":100.75718889088719,"cluster":1},{"x":146.81858142752148,"y":111.3465958832731,"cluster":1},{"x":144.63268198182283,"y":111.16132517977654,"cluster":1},{"x":160.19369535307146,"y":123.1342100484648,"cluster":1},{"x":159.1560087989509,"y":125.36809234838157,"cluster":1},{"x":173.91750261698039,"y":123.98322147703837,"cluster":1},{"x":181.79572875570125,"y":137.05312832570127,"cluster":1},{"x":198.09023843503235,"y":153.38544513965425,"cluster":1},{"x":223.38153480115997,"y":156.98345098145265,"cluster":1},{"x":226.06673537394786,"y":149.88274085995474,"cluster":1},{"x":239.11128145892647,"y":144.34732714045958,"cluster":1},{"x":239.36080992502264,"y":150.0,"cluster":1},{"x":272.21181387508,"y":133.6472629309364,"cluster":1},{"x":274.8271449834765,"y":121.93127540499515,"cluster":1},{"x":281.1853645079968,"y":119.6864445870696,"cluster":1},{"x":294.01548647475124,"y":113.24742606153387,"cluster":1},{"x":313.75785864592683,"y":100.55317750601091,"cluster":1},{"x":312.34218627904454,"y":93.70321648543532,"cluster":1},{"x":339.1944568252755,"y":85.42980534072079,"cluster":1},{"x":334.40230755378474,"y":87.95627638128016,"cluster":1},{"x":359.0233298094256,"y":101.80390028496649,"cluster":1},{"x":372.6844511442404,"y":117.93001510933078,"cluster":1},{"x":372.9181597388444,"y":103.23613339698011,"cluster":1},{"x":382.08748977305714,"y":114.20602236451121,"cluster":1},{"x":410.43505823638094,"y":110.70390954246973,"cluster":1},{"x":419.74779194606515,"y":93.94189100895741,"cluster":1},{"x":416.96652318793883,"y":108.73128789048152,"cluster":1},{"x":436.7320129514855,"y":105.94098533205873,"cluster":1},{"x":452.96402531974906,"y":111.886055926925,"cluster":1},{"x":460.6221161057676,"y":115.61671362280913,"cluster":1},{"x":461.50907814648804,"y":99.09490924549527,"cluster":1}],"num_clusters":0}