{"title":"coast-n10-r6-s-265111199892287732710","map_width":500,"map_height":300,"num_leaves":10,"tree":{"leaf":false,"id":18,"left":{"leaf":false,"id":17,"left":{"leaf":false,"id":11,"left":{"leaf":true,"id":8,"label":"8","site_id":8},"right":{"leaf":true,"id":9,"label":"9","site_id":9}},"right":{"leaf":true,"id":0,"label":"0","site_id":0}},"right":{"leaf":false,"id":16,"left":{"leaf":false,"id":13,"left":{"leaf":true,"id":6,"label":"6","site_id":6},"right":{"leaf":true,"id":7,"label":"7","site_id":7}},"right":{"leaf":false,"id":15,"left":{"leaf":true,"id":2,"label":"2","site_id":2},"right":{"leaf":false,"id":14,"left":{"leaf":true,"id":5,"label":"5","site_id":5},"right":{"leaf":false,"id":12,"left":{"leaf":false,"id":10,"left":{"leaf":true,"id":4,"label":"4","site_id":4},"right":{"leaf":true,"id":3,"label":"3","site_id":3}},"right":{"leaf":true,"id":1,"label":"1","site_id":1}}}}}},"num_sites":10,"sites":[{"x":43.87838688386013,"y":142.71573439424748,"cluster":1},{"x":85.2584081529859,"y":117.2558105685296,"cluster":1},{"x":149.15490878705907,"y":70.94351829992164,"cluster":1},{"x":180.8154170521792,"y":72.4142370106087,"cluster":1},{"x":175.59338407772574,"y":123.70590998064924,"cluster":1},{"x":216.60530719629259,"y":150.0,"cluster":1},{"x":281.5852860893598,"y":121.96618380108163,"cluster":1},{"x":353.3710245506649,"y":168.7767726997358,"cluster":1},{"x":342.94279629514546,"y":181.96963848356637,"cluster":1},{"x":411.82716462365556,"y":201.06192737028482,"cluster":1}],"num_clusters":0}