{"title":"coast-n35-r3-s-366872147360108557935","map_width":500,"map_height":300,"num_leaves":35,"tree":{"leaf":false,"id":68,"left":{"leaf":false,"id":62,"left":{"leaf":false,"id":49,"left":{"leaf":false,"id":47,"left":{"leaf":true,"id":2,"label":"2","site_id":2},"right":{"leaf":true,"id":14,"label":"14","site_id":14}},"right":{"leaf":false,"id":44,"left":{"leaf":true,"id":0,"label":"0","site_id":0},"right":{"leaf":true,"id":16,"label":"16","site_id":16}}},"right":{"leaf":false,"id":50,"left":{"leaf":false,"id":48,"left":{"leaf":false,"id":42,"left":{"leaf":true,"id":19,"label":"19","site_id":19},"right":{"leaf":true,"id":3,"label":"3","site_id":3}},"right":{"leaf":false,"id":46,"left":{"leaf":false,"id":40,"left":{"leaf":true,"id":11,"label":"11","site_id":11},"right":{"leaf":true,"id":12,"label":"12","site_id":12}},"right":{"leaf":true,"id":10,"label":"10","site_id":10}}},"right":{"leaf":false,"id":38,"left":{"leaf":false,"id":35,"left":{"leaf":true,"id":15,"label":"15","site_id":15},"right":{"leaf":true,"id":13,"label":"13","site_id":13}},"right":{"leaf":true,"id":18,"label":"18","site_id":18}}}},"right":{"leaf":false,"id":67,"left":{"leaf":false,"id":66,"left":{"leaf":false,"id":63,"left":{"leaf":false,"id":61,"left":{"leaf":false,"id":58,"left":{"leaf":false,"id":55,"left":{"leaf":false,"id":37,"left":{"leaf":true,"id":8,"label":"8","site_id":8},"right":{"leaf":true,"id":9,"label":"9","site_id":9}},"right":{"leaf":false,"id":39,"left":{"leaf":true,"id":21,"label":"21","site_id":21},"right":{"leaf":true,"id":22,"label":"22","site_id":22}}},"right":{"leaf":false,"id":57,"left":{"leaf":true,"id":29,"label":"29","site_id":29},"right":{"leaf":false,"id":43,"left":{"leaf":true,"id":33,"label":"33","site_id":33},"right":{"leaf":true,"id":24,"label":"24","site_id":24}}}},"right":{"leaf":false,"id":60,"left":{"leaf":true,"id":7,"label":"7","site_id":7},"right":{"leaf":false,"id":45,"left":{"leaf":true,"id":30,"label":"30","site_id":30},"right":{"leaf":true,"id":23,"label":"23","site_id":23}}}},"right":{"leaf":false,"id":53,"left":{"leaf":false,"id":36,"left":{"leaf":true,"id":27,"label":"27","site_id":27},"right":{"leaf":true,"id":26,"label":"26","site_id":26}},"right":{"leaf":true,"id":25,"label":"25","site_id":25}}},"right":{"leaf":false,"id":64,"left":{"leaf":false,"id":59,"left":{"leaf":false,"id":51,"left":{"leaf":true,"id":1,"label":"1","site_id":1},"right":{"leaf":true,"id":28,"label":"28","site_id":28}},"right":{"leaf":false,"id":56,"left":{"leaf":true,"id":20,"label":"20","site_id":20},"right":{"leaf":true,"id":17,"label":"17","site_id":17}}},"right":{"leaf":false,"id":54,"left":{"leaf":false,"id":52,"left":{"leaf":true,"id":31,"label":"31","site_id":31},"right":{"leaf":true,"id":32,"label":"32","site_id":32}},"right":{"leaf":true,"id":34,"label":"34","site_id":34}}}},"right":{"leaf":false,"id":65,"left":{"leaf":false,"id":41,"left":{"leaf":true,"id":6,"label":"6","site_id":6},"right":{"leaf":true,"id":5,"label":"5","site_id":5}},"right":{"leaf":true,"id":4,"label":"4","site_id":4}}}},"num_sites":35,"sites":[{"x":18.196514036959694,"y":201.08380940073303,"cluster":1},{"x":38.236231910891874,"y":210.44590232173013,"cluster":1},{"x":49.92419277828097,"y":208.05223277367324,"cluster":1},{"x":62.95387696865307,"y":195.30860152987046,"cluster":1},{"x":80.65878424302234,"y":198.25100941907036,"cluster":1},{"x":74.24700955287418,"y":206.1053743989878,"cluster":1},{"x":105.23193278729867,"y":213.24100172076098,"cluster":1},{"x":120.88507785336621,"y":207.88136658956122,"cluster":1},{"x":125.48263605428298,"y":205.17523140172236,"cluster":1},{"x":143.84898303312337,"y":197.8527514853268,"cluster":1},{"x":139.0943395853143,"y":183.3934857025797,"cluster":1},{"x":161.22195246830992,"y":173.84531079101782,"cluster":1},{"x":188.89850822479548,"y":167.15346572047753,"cluster":1},{"x":195.01547846503553,"y":176.1106548401058,"cluster":1},{"x":198.73909962953755,"y":176.47710188709482,"cluster":1},{"x":227.08177005423278,"y":182.24057078881066,"cluster":1},{"x":225.06134760218688,"y":166.37048655048483,"cluster":1},{"x":242.44632666606032,"y":150.0,"cluster":1},{"x":252.1732104615542,"y":167.41152788973577,"cluster":1},{"x":260.2759182705944,"y":180.3354372146757,"cluster":1},{"x":273.10055798531323,"y":194.63963046791397,"cluster":1},{"x":304.2242043040762,"y":178.89228882726135,"cluster":1},{"x":315.94682209885485,"y":191.41749546982717,"cluster":1},{"x":318.73996803579786,"y":203.82865058301968,"cluster":1},{"x":337.62740608516515,"y":210.5014912681944,"cluster":1},{"x":347.08455480728486,"y":192.03572078733183,"cluster":1},{"x":359.6146345974886,"y":187.41196545796157,"cluster":1},{"x":380.2462992647664,"y":172.83787955553143,"cluster":1},{"x":387.2446755503232,"y":173.0052555460246,"cluster":1},{"x":404.54248665964593,"y":156.28198778144656,"cluster":1},{"x":424.8856678235855,"y":168.87838172753374,"cluster":1},{"x":420.7914430043553,"y":187.0503285619879,"cluster":1},{"x":435.0835992939954,"y":182.48793665036285,"cluster":1},{"x":460.1573118788097,"y":166.9264951423215,"cluster":1},{"x":476.6106986959618,"y":185.3267257661352,"cluster":1}],"num_clusters":0}