{"title":"coast-n15-r3-s286879041605214576515","map_width":500,"map_height":300,"num_leaves":15,"tree":{"leaf":false,"id":28,"left":{"leaf":false,"id":27,"left":{"leaf":false,"id":18,"left":{"leaf":true,"id":7,"label":"7","site_id":7},"right":{"leaf":true,"id":2,"label":"2","site_id":2}},"right":{"leaf":false,"id":26,"left":{"leaf":false,"id":25,"left":{"leaf":true,"id":10,"label":"10","site_id":10},"right":{"leaf":false,"id":17,"left":{"leaf":true,"id":9,"label":"9","site_id":9},"right":{"leaf":false,"id":15,"left":{"leaf":true,"id":6,"label":"6","site_id":6},"right":{"leaf":true,"id":8,"label":"8","site_id":8}}}},"right":{"leaf":false,"id":23,"left":{"leaf":false,"id":21,"left":{"leaf":true,"id":14,"label":"14","site_id":14},"right":{"leaf":true,"id":3,"label":"3","site_id":3}},"right":{"leaf":false,"id":22,"left":{"leaf":false,"id":20,"left":{"leaf":true,"id":11,"label":"11","site_id":11},"right":{"leaf":false,"id":19,"left":{"leaf":true,"id":12,"label":"12","site_id":12},"right":{"leaf":true,"id":13,"label":"13","site_id":13}}},"right":{"leaf":false,"id":16,"left":{"leaf":true,"id":5,"label":"5","site_id":5},"right":{"leaf":true,"id":4,"label":"4","site_id":4}}}}}},"right":{"leaf":false,"id":24,"left":{"leaf":true,"id":1,"label":"1","site_id":1},"right":{"leaf":true,"id":0,"label":"0","site_id":0}}},"num_sites":15,"sites":[{"x":15.0,"y":100.91411655042496,"cluster":1},{"x":50.561842278775615,"y":116.28121005887913,"cluster":1},{"x":80.9633651387665,"y":154.30341700528777,"cluster":1},{"x":137.6675220676902,"y":193.85533650333304,"cluster":1},{"x":176.4266241667389,"y":195.20188262188032,"cluster":1},{"x":180.9439261551455,"y":173.69171266340368,"cluster":1},{"x":187.5681808922387,"y":136.49199768955285,"cluster":1},{"x":218.4578499312137,"y":150.0,"cluster":1},{"x":292.0097932281126,"y":189.07249683652321,"cluster":1},{"x":281.8512683132031,"y":194.35894954672878,"cluster":1},{"x":348.6744841169967,"y":174.87954476165137,"cluster":1},{"x":368.43366557945603,"y":133.05182212832295,"cluster":1},{"x":372.83696364808685,"y":91.83671508551939,"cluster":1},{"x":387.9604867941672,"y":127.67495470626321,"cluster":1},{"x":441.0013702269797,"y":129.48548440241555,"cluster":1}],"num_clusters":0}