{"title":"coast-n35-r8-s-22935213172530697235","map_width":500,"map_height":300,"num_leaves":35,"tree":{"leaf":false,"id":68,"left":{"leaf":false,"id":63,"left":{"leaf":false,"id":38,"left":{"leaf":true,"id":1,"label":"1","site_id":1},"right":{"leaf":true,"id":3,"label":"3","site_id":3}},"right":{"leaf":true,"id":9,"label":"9","site_id":9}},"right":{"leaf":false,"id":67,"left":{"leaf":false,"id":65,"left":{"leaf":false,"id":60,"left":{"leaf":false,"id":58,"left":{"leaf":false,"id":54,"left":{"leaf":true,"id":32,"label":"32","site_id":32},"right":{"leaf":false,"id":39,"left":{"leaf":true,"id":23,"label":"23","site_id":23},"right":{"leaf":true,"id":13,"label":"13","site_id":13}}},"right":{"leaf":false,"id":50,"left":{"leaf":false,"id":48,"left":{"leaf":false,"id":46,"left":{"leaf":true,"id":29,"label":"29","site_id":29},"right":{"leaf":false,"id":43,"left":{"leaf":false,"id":37,"left":{"leaf":true,"id":34,"label":"34","site_id":34},"right":{"leaf":true,"id":15,"label":"15","site_id":15}},"right":{"leaf":true,"id":24,"label":"24","site_id":24}}},"right":{"leaf":true,"id":28,"label":"28","site_id":28}},"right":{"leaf":false,"id":49,"left":{"leaf":false,"id":36,"left":{"leaf":true,"id":27,"label":"27","site_id":27},"right":{"leaf":true,"id":22,"label":"22","site_id":22}},"right":{"leaf":true,"id":30,"label":"30","site_id":30}}}},"right":{"leaf":true,"id":25,"label":"25","site_id":25}},"right":{"leaf":false,"id":56,"left":{"leaf":false,"id":41,"left":{"leaf":true,"id":16,"label":"16","site_id":16},"right":{"leaf":true,"id":6,"label":"6","site_id":6}},"right":{"leaf":false,"id":55,"left":{"leaf":true,"id":31,"label":"31","site_id":31},"right":{"leaf":true,"id":26,"label":"26","site_id":26}}}},"right":{"leaf":false,"id":66,"left":{"leaf":false,"id":62,"left":{"leaf":true,"id":14,"label":"14","site_id":14},"right":{"leaf":false,"id":61,"left":{"leaf":false,"id":52,"left":{"leaf":false,"id":51,"left":{"leaf":false,"id":45,"left":{"leaf":false,"id":42,"left":{"leaf":true,"id":0,"label":"0","site_id":0},"right":{"leaf":true,"id":7,"label":"7","site_id":7}},"right":{"leaf":true,"id":4,"label":"4","site_id":4}},"right":{"leaf":true,"id":2,"label":"2","site_id":2}},"right":{"leaf":false,"id":40,"left":{"leaf":true,"id":12,"label":"12","site_id":12},"right":{"leaf":true,"id":11,"label":"11","site_id":11}}},"right":{"leaf":false,"id":59,"left":{"leaf":true,"id":17,"label":"17","site_id":17},"right":{"leaf":false,"id":53,"left":{"leaf":true,"id":18,"label":"18","site_id":18},"right":{"leaf":false,"id":47,"left":{"leaf":true,"id":5,"label":"5","site_id":5},"right":{"leaf":false,"id":44,"left":{"leaf":true,"id":19,"label":"19","site_id":19},"right":{"leaf":false,"id":35,"left":{"leaf":true,"id":33,"label":"33","site_id":33},"right":{"leaf":true,"id":21,"label":"21","site_id":21}}}}}}}},"right":{"leaf":false,"id":64,"left":{"leaf":false,"id":57,"left":{"leaf":true,"id":20,"label":"20","site_id":20},"right":{"leaf":true,"id":8,"label":"8","site_id":8}},"right":{"leaf":true,"id":10,"label":"10","site_id":10}}}}},"num_sites":35,"sites":[{"x":21.92564675373461,"y":73.77226045260325,"cluster":1},{"x":35.428653831702746,"y":54.37104264424896,"cluster":1},{"x":44.35824955182925,"y":59.41734166489227,"cluster":1},{"x":55.194882507959285,"y":60.07957029666328,"cluster":1},{"x":64.75179570783425,"y":77.45838115848287,"cluster":1},{"x":73.77034032300236,"y":78.68196916710619,"cluster":1},{"x":95.70146632805435,"y":87.20456020414481,"cluster":1},{"x":109.65101140726732,"y":105.75910298451508,"cluster":1},{"x":129.4514194450323,"y":105.89478930203556,"cluster":1},{"x":131.03924995474475,"y":113.20454869337459,"cluster":1},{"x":144.9557291027731,"y":115.1014317360664,"cluster":1},{"x":152.10550463395938,"y":131.58214877157604,"cluster":1},{"x":166.3948623358654,"y":148.3698666586867,"cluster":1},{"x":190.97956898055406,"y":151.59752529176302,"cluster":1},{"x":191.90695653280696,"y":158.71088687081192,"cluster":1},{"x":210.53202069092512,"y":151.5629740191003,"cluster":1},{"x":229.62141645230867,"y":139.33344574297746,"cluster":1},{"x":236.74158017139877,"y":150.0,"cluster":1},{"x":251.4162843217621,"y":146.93624691560828,"cluster":1},{"x":258.15204038955085,"y":157.54069734762123,"cluster":1},{"x":284.60003537216426,"y":162.9844924110016,"cluster":1},{"x":299.9950152266275,"y":169.7862877414732,"cluster":1},{"x":298.1868038923363,"y":155.80685570304627,"cluster":1},{"x":325.84500426807597,"y":151.84047362195457,"cluster":1},{"x":341.61406131707554,"y":162.9720372714786,"cluster":1},{"x":360.1774591507127,"y":173.50608230593966,"cluster":1},{"x":362.7534463404277,"y":159.8838535484734,"cluster":1},{"x":379.84445755703837,"y":160.34359908171487,"cluster":1},{"x":375.8202252606011,"y":141.59228731927357,"cluster":1},{"x":404.44575592495426,"y":140.15610058564616,"cluster":1},{"x":423.7121327613046,"y":137.7617093215342,"cluster":1},{"x":424.8776626747994,"y":153.45541492633703,"cluster":1},{"x":451.8306464372747,"y":154.40115357461147,"cluster":1},{"x":452.0538770997293,"y":140.5007155221378,"cluster":1},{"x":468.05898362268204,"y":123.86167832233345,"cluster":1}],"num_clusters":0}