{"title":"coast-n10-r8-s529895443739107961810","map_width":500,"map_height":300,"num_leaves":10,"tree":{"leaf":false,"id":18,"left":{"leaf":false,"id":15,"left":{"leaf":false,"id":13,"left":{"leaf":true,"id":4,"label":"4","site_id":4},"right":{"leaf":false,"id":12,"left":{"leaf":true,"id":6,"label":"6","site_id":6},"right":{"leaf":false,"id":10,"left":{"leaf":true,"id":5,"label":"5","site_id":5},"right":{"leaf":true,"id":3,"label":"3","site_id":3}}}},"right":{"leaf":false,"id":14,"left":{"leaf":true,"id":7,"label":"7","site_id":7},"right":{"leaf":false,"id":11,"left":{"leaf":true,"id":2,"label":"2","site_id":2},"right":{"leaf":true,"id":9,"label":"9","site_id":9}}}},"right":{"leaf":false,"id":17,"left":{"leaf":false,"id":16,"left":{"leaf":true,"id":1,"label":"1","site_id":1},"right":{"leaf":true,"id":0,"label":"0","site_id":0}},"right":{"leaf":true,"id":8,"label":"8","site_id":8}}},"num_sites":10,"sites":[{"x":62.19379768269503,"y":179.22088383530726,"cluster":1},{"x":38.06501076604092,"y":153.6752249361324,"cluster":1},{"x":127.78355733484446,"y":208.9667233587707,"cluster":1},{"x":130.28482562184377,"y":151.00670129870676,"cluster":1},{"x":217.46268168671162,"y":133.55707139012515,"cluster":1},{"x":215.67449349069614,"y":150.0,"cluster":1},{"x":325.4504616148215,"y":135.6935970674583,"cluster":1},{"x":296.2413034639395,"y":95.70944719195765,"cluster":1},{"x":377.17690427688245,"y":42.90458859897152,"cluster":1},{"x":398.35878985075107,"y":81.42142928343598,"cluster":1}],"num_clusters":0}