{"title":"coast-n60-r8-s-399317392043443820260","map_width":500,"map_height":300,"num_leaves":60,"tree":{"leaf":false,"id":118,"left":{"leaf":false,"id":117,"left":{"leaf":false,"id":116,"left":{"leaf":false,"id":113,"left":{"leaf":false,"id":110,"left":{"leaf":false,"id":108,"left":{"leaf":false,"id":71,"left":{"leaf":true,"id":59,"label":"59","site_id":59},"right":{"leaf":true,"id":56,"label":"56","site_id":56}},"right":{"leaf":true,"id":52,"label":"52","site_id":52}},"right":{"leaf":true,"id":51,"label":"51","site_id":51}},"right":{"leaf":false,"id":95,"left":{"leaf":false,"id":94,"left":{"leaf":true,"id":47,"label":"47","site_id":47},"right":{"leaf":false,"id":89,"left":{"leaf":true,"id":55,"label":"55","site_id":55},"right":{"leaf":true,"id":58,"label":"58","site_id":58}}},"right":{"leaf":false,"id":62,"left":{"leaf":true,"id":50,"label":"50","site_id":50},"right":{"leaf":true,"id":57,"label":"57","site_id":57}}}},"right":{"leaf":false,"id":114,"left":{"leaf":false,"id":102,"left":{"leaf":false,"id":96,"left":{"leaf":false,"id":65,"left":{"leaf":true,"id":42,"label":"42","site_id":42},"right":{"leaf":true,"id":53,"label":"53","site_id":53}},"right":{"leaf":false,"id":93,"left":{"leaf":false,"id":86,"left":{"leaf":true,"id":16,"label":"16","site_id":16},"right":{"leaf":false,"id":67,"left":{"leaf":true,"id":9,"label":"9","site_id":9},"right":{"leaf":false,"id":63,"left":{"leaf":true,"id":45,"label":"45","site_id":45},"right":{"leaf":true,"id":54,"label":"54","site_id":54}}}},"right":{"leaf":false,"id":90,"left":{"leaf":false,"id":88,"left":{"leaf":true,"id":46,"label":"46","site_id":46},"right":{"leaf":false,"id":83,"left":{"leaf":true,"id":43,"label":"43","site_id":43},"right":{"leaf":true,"id":31,"label":"31","site_id":31}}},"right":{"leaf":true,"id":39,"label":"39","site_id":39}}}},"right":{"leaf":false,"id":98,"left":{"leaf":false,"id":66,"left":{"leaf":true,"id":35,"label":"35","site_id":35},"right":{"leaf":true,"id":38,"label":"38","site_id":38}},"right":{"leaf":true,"id":44,"label":"44","site_id":44}}},"right":{"leaf":true,"id":33,"label":"33","site_id":33}}},"right":{"leaf":false,"id":112,"left":{"leaf":false,"id":104,"left":{"leaf":false,"id":101,"left":{"leaf":false,"id":72,"left":{"leaf":true,"id":29,"label":"29","site_id":29},"right":{"leaf":true,"id":28,"label":"28","site_id":28}},"right":{"leaf":false,"id":92,"left":{"leaf":false,"id":84,"left":{"leaf":false,"id":77,"left":{"leaf":true,"id":34,"label":"34","site_id":34},"right":{"leaf":true,"id":24,"label":"24","site_id":24}},"right":{"leaf":false,"id":73,"left":{"leaf":false,"id":64,"left":{"leaf":true,"id":30,"label":"30","site_id":30},"right":{"leaf":true,"id":20,"label":"20","site_id":20}},"right":{"leaf":true,"id":23,"label":"23","site_id":23}}},"right":{"leaf":true,"id":26,"label":"26","site_id":26}}},"right":{"leaf":false,"id":99,"left":{"leaf":false,"id":74,"left":{"leaf":true,"id":48,"label":"48","site_id":48},"right":{"leaf":true,"id":49,"label":"49","site_id":49}},"right":{"leaf":false,"id":82,"left":{"leaf":true,"id":17,"label":"17","site_id":17},"right":{"leaf":false,"id":68,"left":{"leaf":true,"id":3,"label":"3","site_id":3},"right":{"leaf":false,"id":60,"left":{"leaf":true,"id":21,"label":"21","site_id":21},"right":{"leaf":true,"id":27,"label":"27","site_id":27}}}}}},"right":{"leaf":false,"id":106,"left":{"leaf":false,"id":103,"left":{"leaf":true,"id":15,"label":"15","site_id":15},"right":{"leaf":false,"id":100,"left":{"leaf":false,"id":97,"left":{"leaf":false,"id":81,"left":{"leaf":true,"id":37,"label":"37","site_id":37},"right":{"leaf":true,"id":36,"label":"36","site_id":36}},"right":{"leaf":false,"id":91,"left":{"leaf":true,"id":13,"label":"13","site_id":13},"right":{"leaf":false,"id":61,"left":{"leaf":true,"id":12,"label":"12","site_id":12},"right":{"leaf":true,"id":14,"label":"14","site_id":14}}}},"right":{"leaf":false,"id":87,"left":{"leaf":false,"id":69,"left":{"leaf":true,"id":19,"label":"19","site_id":19},"right":{"leaf":true,"id":18,"label":"18","site_id":18}},"right":{"leaf":false,"id":85,"left":{"leaf":true,"id":40,"label":"40","site_id":40},"right":{"leaf":false,"id":78,"left":{"leaf":false,"id":75,"left":{"leaf":true,"id":22,"label":"22","site_id":22},"right":{"leaf":true,"id":7,"label":"7","site_id":7}},"right":{"leaf":true,"id":25,"label":"25","site_id":25}}}}}},"right":{"leaf":false,"id":79,"left":{"leaf":false,"id":70,"left":{"leaf":true,"id":4,"label":"4","site_id":4},"right":{"leaf":true,"id":8,"label":"8","site_id":8}},"right":{"leaf":true,"id":32,"label":"32","site_id":32}}}}},"right":{"leaf":false,"id":115,"left":{"leaf":false,"id":111,"left":{"leaf":false,"id":109,"left":{"leaf":false,"id":80,"left":{"leaf":true,"id":11,"label":"11","site_id":11},"right":{"leaf":true,"id":5,"label":"5","site_id":5}},"right":{"leaf":false,"id":105,"left":{"leaf":true,"id":10,"label":"10","site_id":10},"right":{"leaf":true,"id":6,"label":"6","site_id":6}}},"right":{"leaf":true,"id":41,"label":"41","site_id":41}},"right":{"leaf":false,"id":107,"left":{"leaf":false,"id":76,"left":{"leaf":true,"id":1,"label":"1","site_id":1},"right":{"leaf":true,"id":0,"label":"0","site_id":0}},"right":{"leaf":true,"id":2,"label":"2","site_id":2}}}},"num_sites":60,"sites":[{"x":19.609552149297578,"y":147.96193164421152,"cluster":1},{"x":24.707510126057343,"y":156.18579551043482,"cluster":1},{"x":40.094166646527924,"y":156.43483685839698,"cluster":1},{"x":38.689838824003,"y":148.74999283961728,"cluster":1},{"x":52.73328505864717,"y":156.24025773359804,"cluster":1},{"x":49.85470301379624,"y":163.16878292374412,"cluster":1},{"x":59.868345585683485,"y":159.07809551950993,"cluster":1},{"x":73.56680564312461,"y":155.88024569196372,"cluster":1},{"x":78.7337339742631,"y":162.73840987589563,"cluster":1},{"x":94.13281467710353,"y":161.42197073282176,"cluster":1},{"x":92.00009083910885,"y":152.6131394384504,"cluster":1},{"x":96.29626169554695,"y":150.48921399766598,"cluster":1},{"x":115.70193720858518,"y":161.0923845266584,"cluster":1},{"x":121.94252444242349,"y":160.399387199704,"cluster":1},{"x":123.2400239825019,"y":168.6491227092113,"cluster":1},{"x":135.7367468778641,"y":166.1759080319274,"cluster":1},{"x":141.31340457610244,"y":165.74872205817715,"cluster":1},{"x":151.69322950087823,"y":166.97473456825318,"cluster":1},{"x":160.1860933897517,"y":166.3689294015544,"cluster":1},{"x":170.86472929584156,"y":167.589137042406,"cluster":1},{"x":178.74372173237654,"y":164.17480982055366,"cluster":1},{"x":184.1576656813485,"y":154.87333522129597,"cluster":1},{"x":187.8337641946902,"y":161.02336280000563,"cluster":1},{"x":195.27390753748506,"y":160.77959653552625,"cluster":1},{"x":199.2682471387358,"y":152.71779086735148,"cluster":1},{"x":204.3511334779309,"y":145.1793870013663,"cluster":1},{"x":226.7806368910783,"y":147.17976808066146,"cluster":1},{"x":223.424664691728,"y":153.2861272256796,"cluster":1},{"x":240.0579308612689,"y":145.68185746624786,"cluster":1},{"x":236.28901556413211,"y":142.26961552401838,"cluster":1},{"x":251.74418403276795,"y":150.0,"cluster":1},{"x":252.81190706848503,"y":141.48531070717567,"cluster":1},{"x":269.5923477056081,"y":150.83924766017307,"cluster":1},{"x":265.79232604731516,"y":152.60344217148068,"cluster":1},{"x":273.4168048967171,"y":142.00093746741473,"cluster":1},{"x":285.62750048445105,"y":147.65939965599512,"cluster":1},{"x":301.5054156083921,"y":152.39648919375284,"cluster":1},{"x":303.08514059751957,"y":161.12140629311605,"cluster":1},{"x":315.9548435467359,"y":162.28859908245136,"cluster":1},{"x":319.6092335305219,"y":166.29109968485628,"cluster":1},{"x":333.30917374418243,"y":162.3313296514572,"cluster":1},{"x":329.89676347666114,"y":170.99160032385967,"cluster":1},{"x":338.70678527539417,"y":178.78792378880232,"cluster":1},{"x":352.33098392162316,"y":173.8630386975071,"cluster":1},{"x":358.62263741118664,"y":174.13183401730163,"cluster":1},{"x":368.5223140505748,"y":169.17593607641086,"cluster":1},{"x":368.7456533065453,"y":171.01719151864472,"cluster":1},{"x":387.93528712211133,"y":166.61764939945388,"cluster":1},{"x":394.49249022442723,"y":159.45127412666434,"cluster":1},{"x":389.49461015014214,"y":152.3274501312543,"cluster":1},{"x":402.57724359626246,"y":160.10029068105814,"cluster":1},{"x":418.72434204121345,"y":164.42533891887675,"cluster":1},{"x":415.2673645410753,"y":161.40991337153002,"cluster":1},{"x":420.66717768630593,"y":157.57218788933758,"cluster":1},{"x":427.47893016823946,"y":168.0418365199524,"cluster":1},{"x":437.2607516569093,"y":159.26507824138932,"cluster":1},{"x":450.0747605538656,"y":170.52755613046145,"cluster":1},{"x":456.519444373265,"y":174.62795617178062,"cluster":1},{"x":468.10622771822966,"y":181.3040019425486,"cluster":1},{"x":478.04397363851416,"y":178.94108937227415,"cluster":1}],"num_clusters":0}