{"title":"coast-n100-r2-s-6139822020582680716100","map_width":500,"map_height":300,"num_leaves":100,"tree":{"leaf":false,"id":198,"left":{"leaf":false,"id":196,"left":{"leaf":false,"id":195,"left":{"leaf":false,"id":191,"left":{"leaf":false,"id":189,"left":{"leaf":true,"id":76,"label":"76","site_id":76},"right":{"leaf":false,"id":182,"left":{"leaf":false,"id":101,"left":{"leaf":true,"id":33,"label":"33","site_id":33},"right":{"leaf":true,"id":54,"label":"54","site_id":54}},"right":{"leaf":false,"id":141,"left":{"leaf":false,"id":125,"left":{"leaf":false,"id":112,"left":{"leaf":true,"id":40,"label":"40","site_id":40},"right":{"leaf":true,"id":42,"label":"42","site_id":42}},"right":{"leaf":true,"id":43,"label":"43","site_id":43}},"right":{"leaf":false,"id":135,"left":{"leaf":false,"id":129,"left":{"leaf":true,"id":48,"label":"48","site_id":48},"right":{"leaf":true,"id":39,"label":"39","site_id":39}},"right":{"leaf":true,"id":47,"label":"47","site_id":47}}}}},"right":{"leaf":false,"id":187,"left":{"leaf":false,"id":156,"left":{"leaf":false,"id":150,"left":{"leaf":false,"id":139,"left":{"leaf":true,"id":64,"label":"64","site_id":64},"right":{"leaf":false,"id":134,"left":{"leaf":false,"id":128,"left":{"leaf":true,"id":62,"label":"62","site_id":62},"right":{"leaf":false,"id":113,"left":{"leaf":true,"id":61,"label":"61","site_id":61},"right":{"leaf":true,"id":65,"label":"65","site_id":65}}},"right":{"leaf":false,"id":126,"left":{"leaf":false,"id":111,"left":{"leaf":true,"id":57,"label":"57","site_id":57},"right":{"leaf":true,"id":51,"label":"51","site_id":51}},"right":{"leaf":true,"id":83,"label":"83","site_id":83}}}},"right":{"leaf":false,"id":143,"left":{"leaf":false,"id":138,"left":{"leaf":false,"id":121,"left":{"leaf":true,"id":69,"label":"69","site_id":69},"right":{"leaf":true,"id":68,"label":"68","site_id":68}},"right":{"leaf":false,"id":107,"left":{"leaf":true,"id":70,"label":"70","site_id":70},"right":{"leaf":true,"id":67,"label":"67","site_id":67}}},"right":{"leaf":true,"id":55,"label":"55","site_id":55}}},"right":{"leaf":false,"id":152,"left":{"leaf":true,"id":97,"label":"97","site_id":97},"right":{"leaf":false,"id":106,"left":{"leaf":true,"id":53,"label":"53","site_id":53},"right":{"leaf":true,"id":49,"label":"49","site_id":49}}}},"right":{"leaf":false,"id":180,"left":{"leaf":false,"id":167,"left":{"leaf":true,"id":3,"label":"3","site_id":3},"right":{"leaf":false,"id":136,"left":{"leaf":true,"id":9,"label":"9","site_id":9},"right":{"leaf":true,"id":7,"label":"7","site_id":7}}},"right":{"leaf":false,"id":153,"left":{"leaf":false,"id":104,"left":{"leaf":true,"id":6,"label":"6","site_id":6},"right":{"leaf":true,"id":8,"label":"8","site_id":8}},"right":{"leaf":false,"id":149,"left":{"leaf":true,"id":10,"label":"10","site_id":10},"right":{"leaf":false,"id":131,"left":{"leaf":true,"id":14,"label":"14","site_id":14},"right":{"leaf":true,"id":13,"label":"13","site_id":13}}}}}}},"right":{"leaf":false,"id":192,"left":{"leaf":false,"id":188,"left":{"leaf":false,"id":186,"left":{"leaf":false,"id":183,"left":{"leaf":false,"id":177,"left":{"leaf":false,"id":144,"left":{"leaf":true,"id":41,"label":"41","site_id":41},"right":{"leaf":false,"id":119,"left":{"leaf":true,"id":20,"label":"20","site_id":20},"right":{"leaf":true,"id":21,"label":"21","site_id":21}}},"right":{"leaf":false,"id":172,"left":{"leaf":false,"id":142,"left":{"leaf":false,"id":117,"left":{"leaf":true,"id":23,"label":"23","site_id":23},"right":{"leaf":true,"id":11,"label":"11","site_id":11}},"right":{"leaf":true,"id":15,"label":"15","site_id":15}},"right":{"leaf":false,"id":168,"left":{"leaf":true,"id":29,"label":"29","site_id":29},"right":{"leaf":true,"id":2,"label":"2","site_id":2}}}},"right":{"leaf":false,"id":181,"left":{"leaf":false,"id":154,"left":{"leaf":true,"id":35,"label":"35","site_id":35},"right":{"leaf":false,"id":115,"left":{"leaf":false,"id":108,"left":{"leaf":true,"id":26,"label":"26","site_id":26},"right":{"leaf":true,"id":30,"label":"30","site_id":30}},"right":{"leaf":false,"id":109,"left":{"leaf":true,"id":17,"label":"17","site_id":17},"right":{"leaf":true,"id":34,"label":"34","site_id":34}}}},"right":{"leaf":false,"id":171,"left":{"leaf":false,"id":158,"left":{"leaf":true,"id":50,"label":"50","site_id":50},"right":{"leaf":true,"id":52,"label":"52","site_id":52}},"right":{"leaf":true,"id":0,"label":"0","site_id":0}}}},"right":{"leaf":true,"id":31,"label":"31","site_id":31}},"right":{"leaf":false,"id":175,"left":{"leaf":false,"id":169,"left":{"leaf":false,"id":148,"left":{"leaf":true,"id":36,"label":"36","site_id":36},"right":{"leaf":false,"id":133,"left":{"leaf":false,"id":118,"left":{"leaf":true,"id":78,"label":"78","site_id":78},"right":{"leaf":true,"id":1,"label":"1","site_id":1}},"right":{"leaf":true,"id":37,"label":"37","site_id":37}}},"right":{"leaf":false,"id":164,"left":{"leaf":false,"id":151,"left":{"leaf":false,"id":123,"left":{"leaf":true,"id":59,"label":"59","site_id":59},"right":{"leaf":true,"id":4,"label":"4","site_id":4}},"right":{"leaf":false,"id":132,"left":{"leaf":true,"id":63,"label":"63","site_id":63},"right":{"leaf":true,"id":5,"label":"5","site_id":5}}},"right":{"leaf":true,"id":38,"label":"38","site_id":38}}},"right":{"leaf":true,"id":25,"label":"25","site_id":25}}},"right":{"leaf":false,"id":190,"left":{"leaf":false,"id":185,"left":{"leaf":false,"id":178,"left":{"leaf":false,"id":122,"left":{"leaf":true,"id":84,"label":"84","site_id":84},"right":{"leaf":false,"id":114,"left":{"leaf":true,"id":92,"label":"92","site_id":92},"right":{"leaf":true,"id":81,"label":"81","site_id":81}}},"right":{"leaf":false,"id":176,"left":{"leaf":false,"id":159,"left":{"leaf":true,"id":94,"label":"94","site_id":94},"right":{"leaf":true,"id":96,"label":"96","site_id":96}},"right":{"leaf":true,"id":95,"label":"95","site_id":95}}},"right":{"leaf":false,"id":161,"left":{"leaf":false,"id":110,"left":{"leaf":false,"id":100,"left":{"leaf":true,"id":86,"label":"86","site_id":86},"right":{"leaf":true,"id":90,"label":"90","site_id":90}},"right":{"leaf":true,"id":93,"label":"93","site_id":93}},"right":{"leaf":true,"id":89,"label":"89","site_id":89}}},"right":{"leaf":false,"id":170,"left":{"leaf":false,"id":105,"left":{"leaf":true,"id":91,"label":"91","site_id":91},"right":{"leaf":true,"id":87,"label":"87","site_id":87}},"right":{"leaf":false,"id":145,"left":{"leaf":true,"id":99,"label":"99","site_id":99},"right":{"leaf":true,"id":98,"label":"98","site_id":98}}}}}},"right":{"leaf":false,"id":194,"left":{"leaf":false,"id":184,"left":{"leaf":false,"id":165,"left":{"leaf":false,"id":162,"left":{"leaf":false,"id":160,"left":{"leaf":true,"id":79,"label":"79","site_id":79},"right":{"leaf":true,"id":77,"label":"77","site_id":77}},"right":{"leaf":true,"id":74,"label":"74","site_id":74}},"right":{"leaf":true,"id":80,"label":"80","site_id":80}},"right":{"leaf":false,"id":174,"left":{"leaf":false,"id":166,"left":{"leaf":false,"id":140,"left":{"leaf":true,"id":24,"label":"24","site_id":24},"right":{"leaf":true,"id":73,"label":"73","site_id":73}},"right":{"leaf":false,"id":116,"left":{"leaf":true,"id":28,"label":"28","site_id":28},"right":{"leaf":true,"id":85,"label":"85","site_id":85}}},"right":{"leaf":false,"id":163,"left":{"leaf":false,"id":146,"left":{"leaf":false,"id":124,"left":{"leaf":true,"id":72,"label":"72","site_id":72},"right":{"leaf":true,"id":32,"label":"32","site_id":32}},"right":{"leaf":false,"id":103,"left":{"leaf":true,"id":44,"label":"44","site_id":44},"right":{"leaf":true,"id":66,"label":"66","site_id":66}}},"right":{"leaf":false,"id":157,"left":{"leaf":true,"id":60,"label":"60","site_id":60},"right":{"leaf":false,"id":120,"left":{"leaf":true,"id":75,"label":"75","site_id":75},"right":{"leaf":true,"id":19,"label":"19","site_id":19}}}}}},"right":{"leaf":false,"id":179,"left":{"leaf":false,"id":147,"left":{"leaf":false,"id":130,"left":{"leaf":false,"id":102,"left":{"leaf":true,"id":88,"label":"88","site_id":88},"right":{"leaf":true,"id":71,"label":"71","site_id":71}},"right":{"leaf":true,"id":22,"label":"22","site_id":22}},"right":{"leaf":false,"id":127,"left":{"leaf":true,"id":46,"label":"46","site_id":46},"right":{"leaf":true,"id":45,"label":"45","site_id":45}}},"right":{"leaf":true,"id":82,"label":"82","site_id":82}}}},"right":{"leaf":false,"id":197,"left":{"leaf":false,"id":193,"left":{"leaf":true,"id":12,"label":"12","site_id":12},"right":{"leaf":false,"id":173,"left":{"leaf":true,"id":18,"label":"18","site_id":18},"right":{"leaf":false,"id":155,"left":{"leaf":true,"id":27,"label":"27","site_id":27},"right":{"leaf":true,"id":16,"label":"16","site_id":16}}}},"right":{"leaf":false,"id":137,"left":{"leaf":true,"id":58,"label":"58","site_id":58},"right":{"leaf":true,"id":56,"label":"56","site_id":56}}}},"num_sites":100,"sites":[{"x":20.744872665583955,"y":138.94560063191324,"cluster":1},{"x":18.71679626036155,"y":136.4541157007892,"cluster":1},{"x":24.441172357391718,"y":142.8439768409766,"cluster":1},{"x":32.33233834481645,"y":143.11469292823713,"cluster":1},{"x":33.14400162081239,"y":149.47442932284295,"cluster":1},{"x":37.21330864899883,"y":147.91615314663161,"cluster":1},{"x":46.5435863593532,"y":153.3499598487114,"cluster":1},{"x":52.82525522805555,"y":151.87503273192664,"cluster":1},{"x":53.5128238624323,"y":147.93427105858282,"cluster":1},{"x":57.210297889670585,"y":151.49801242977415,"cluster":1},{"x":67.15152125486064,"y":147.98283555275535,"cluster":1},{"x":69.07577819962242,"y":147.9696053316631,"cluster":1},{"x":77.09104399203162,"y":150.84339645843116,"cluster":1},{"x":78.87795641611436,"y":145.96446475214123,"cluster":1},{"x":82.09399701416342,"y":150.449545705508,"cluster":1},{"x":86.5494661552774,"y":148.94756603347503,"cluster":1},{"x":88.80437674349561,"y":152.9830535069459,"cluster":1},{"x":100.05096446338322,"y":148.90415930562466,"cluster":1},{"x":105.69972849223252,"y":151.55658182309546,"cluster":1},{"x":107.03061198882068,"y":147.55809532495599,"cluster":1},{"x":113.88746587604537,"y":148.4706714089775,"cluster":1},{"x":110.73783233695727,"y":150.2967238122934,"cluster":1},{"x":123.92495136523428,"y":148.2360099292365,"cluster":1},{"x":123.98260150416246,"y":152.08595236441286,"cluster":1},{"x":133.5240836469103,"y":153.16212627087867,"cluster":1},{"x":129.98357359845463,"y":156.71341647311434,"cluster":1},{"x":136.2716087302506,"y":149.88545195778204,"cluster":1},{"x":144.71497547637273,"y":155.24446596476875,"cluster":1},{"x":144.01539394562025,"y":152.46423840492392,"cluster":1},{"x":154.43083619295078,"y":155.9744961152677,"cluster":1},{"x":157.59574505335257,"y":151.01021257487125,"cluster":1},{"x":164.80262706981011,"y":145.54405318547956,"cluster":1},{"x":166.88701264848606,"y":149.16634640304943,"cluster":1},{"x":173.77733617565397,"y":152.2074325451422,"cluster":1},{"x":175.17835467520874,"y":158.76985016998174,"cluster":1},{"x":177.44328718533194,"y":158.7142773716808,"cluster":1},{"x":189.11995059561414,"y":153.2258735869923,"cluster":1},{"x":185.7858514962147,"y":153.03073542922272,"cluster":1},{"x":196.2714891227557,"y":147.293871255651,"cluster":1},{"x":197.8536955874608,"y":145.19048054682787,"cluster":1},{"x":205.01609569859852,"y":144.20711795422062,"cluster":1},{"x":210.2306214153566,"y":147.31637650508443,"cluster":1},{"x":211.09666217895608,"y":142.48423421173374,"cluster":1},{"x":221.36507015568097,"y":147.53669595856522,"cluster":1},{"x":221.69601819109425,"y":149.04007383332686,"cluster":1},{"x":223.11206948545205,"y":155.06248291691014,"cluster":1},{"x":234.79499947410844,"y":150.67417334783886,"cluster":1},{"x":236.0274361323539,"y":146.99548960571516,"cluster":1},{"x":242.45009276751318,"y":150.09160840753097,"cluster":1},{"x":244.470093774896,"y":151.61752466706415,"cluster":1},{"x":253.06617960028,"y":150.0,"cluster":1},{"x":252.86380577538972,"y":144.32145629839442,"cluster":1},{"x":255.64921709869526,"y":143.15145776299818,"cluster":1},{"x":259.3096301259606,"y":148.09836545191965,"cluster":1},{"x":269.93942513119265,"y":153.08609383621354,"cluster":1},{"x":275.37562296755635,"y":152.6491578200064,"cluster":1},{"x":278.4679860025715,"y":158.3427494890292,"cluster":1},{"x":283.4453180387766,"y":160.4100278935209,"cluster":1},{"x":286.5655088559113,"y":163.34983362866765,"cluster":1},{"x":296.0748815292515,"y":163.83115032430473,"cluster":1},{"x":300.6817989815138,"y":161.9459861395856,"cluster":1},{"x":297.2689548931487,"y":167.26741700694546,"cluster":1},{"x":307.3092573803349,"y":173.72326780310374,"cluster":1},{"x":313.0083547293415,"y":179.84099016764006,"cluster":1},{"x":311.2634226371443,"y":173.82993419215606,"cluster":1},{"x":317.6759067874671,"y":178.24297882472993,"cluster":1},{"x":321.53426621164806,"y":178.46101566224397,"cluster":1},{"x":331.80163533435,"y":171.61607080122297,"cluster":1},{"x":331.48680416360867,"y":176.85590183058818,"cluster":1},{"x":337.7176242583975,"y":180.45280210397732,"cluster":1},{"x":347.30117412665396,"y":178.96862592460062,"cluster":1},{"x":346.5076329196832,"y":177.91021060241175,"cluster":1},{"x":349.0916861836005,"y":183.42066936161015,"cluster":1},{"x":355.8003679852647,"y":186.0226460620445,"cluster":1},{"x":363.41290919969276,"y":191.4475933353713,"cluster":1},{"x":369.01171540435405,"y":185.23911517175566,"cluster":1},{"x":367.3740443845001,"y":190.44867407653032,"cluster":1},{"x":375.79584207379196,"y":187.10973677008516,"cluster":1},{"x":378.1343706043618,"y":187.39549278499575,"cluster":1},{"x":386.5830824472647,"y":192.52890661368394,"cluster":1},{"x":389.149433806518,"y":193.32535525333884,"cluster":1},{"x":397.1732141288704,"y":196.47786157245622,"cluster":1},{"x":399.58147573135636,"y":200.50163339693603,"cluster":1},{"x":400.68799056357074,"y":201.7383191420685,"cluster":1},{"x":404.0967849516881,"y":199.04044528452664,"cluster":1},{"x":411.1098346101652,"y":202.53671090753917,"cluster":1},{"x":413.5329817685889,"y":199.57837892130516,"cluster":1},{"x":426.0934041901887,"y":198.79355516418954,"cluster":1},{"x":427.49008861469406,"y":202.87987547990136,"cluster":1},{"x":432.59896904644256,"y":207.32814832754792,"cluster":1},{"x":434.0337793174146,"y":214.0738679158451,"cluster":1},{"x":442.908930752759,"y":207.9515161661882,"cluster":1},{"x":445.2590282977341,"y":208.24665077764547,"cluster":1},{"x":450.2735012633739,"y":211.39551823819482,"cluster":1},{"x":452.1477448825061,"y":218.22019406392187,"cluster":1},{"x":457.4145864508541,"y":220.54382964848742,"cluster":1},{"x":466.4159433258989,"y":219.60112992826137,"cluster":1},{"x":469.87851448940245,"y":223.65492931173236,"cluster":1},{"x":475.1425744044082,"y":225.23015770667917,"cluster":1},{"x":482.47399789131583,"y":219.00541410548996,"cluster":1}],"num_clusters":0}