{"title":"coast-n15-r9-s-192931218310593354015","map_width":500,"map_height":300,"num_leaves":15,"tree":{"leaf":false,"id":28,"left":{"leaf":false,"id":19,"left":{"leaf":false,"id":15,"left":{"leaf":true,"id":4,"label":"4","site_id":4},"right":{"leaf":true,"id":14,"label":"14","site_id":14}},"right":{"leaf":true,"id":12,"label":"12","site_id":12}},"right":{"leaf":false,"id":27,"left":{"leaf":false,"id":25,"left":{"leaf":false,"id":24,"left":{"leaf":true,"id":3,"label":"3","site_id":3},"right":{"leaf":false,"id":23,"left":{"leaf":true,"id":2,"label":"2","site_id":2},"right":{"leaf":false,"id":18,"left":{"leaf":true,"id":5,"label":"5","site_id":5},"right":{"leaf":true,"id":6,"label":"6","site_id":6}}}},"right":{"leaf":true,"id":0,"label":"0","site_id":0}},"right":{"leaf":false,"id":26,"left":{"leaf":false,"id":21,"left":{"leaf":true,"id":9,"label":"9","site_id":9},"right":{"leaf":true,"id":1,"label":"1","site_id":1}},"right":{"leaf":false,"id":22,"left":{"leaf":false,"id":20,"left":{"leaf":false,"id":17,"left":{"leaf":true,"id":13,"label":"13","site_id":13},"right":{"leaf":true,"id":10,"label":"10","site_id":10}},"right":{"leaf":true,"id":11,"label":"11","site_id":11}},"right":{"leaf":false,"id":16,"left":{"leaf":true,"id":8,"label":"8","site_id":8},"right":{"leaf":true,"id":7,"label":"7","site_id":7}}}}}},"num_sites":15,"sites":[{"x":45.54798974195886,"y":86.1780414362597,"cluster":1},{"x":59.718470853018246,"y":86.1322932088977,"cluster":1},{"x":65.39551085174476,"y":60.00301699019185,"cluster":1},{"x":146.83768307337255,"y":58.498105245005846,"cluster":1},{"x":172.01290281160686,"y":88.61126508461179,"cluster":1},{"x":152.86392175533595,"y":89.70990109746285,"cluster":1},{"x":178.35727631046137,"y":119.07216499103441,"cluster":1},{"x":236.17295582445956,"y":150.0,"cluster":1},{"x":237.89112006795062,"y":142.5911367594726,"cluster":1},{"x":271.2260174791693,"y":137.00256117797508,"cluster":1},{"x":303.5307488986519,"y":111.6622323271407,"cluster":1},{"x":375.61737923616874,"y":90.44589669091914,"cluster":1},{"x":366.684020065561,"y":86.2183808597298,"cluster":1},{"x":402.8514621612428,"y":75.70544833869256,"cluster":1},{"x":470.2196133961318,"y":108.13380991129284,"cluster":1}],"num_clusters":0}