{"title":"coast-n10-r2-s109208344606976524810","map_width":500,"map_height":300,"num_leaves":10,"tree":{"leaf":false,"id":18,"left":{"leaf":false,"id":14,"left":{"leaf":false,"id":11,"left":{"leaf":true,"id":1,"label":"1","site_id":1},"right":{"leaf":true,"id":0,"label":"0","site_id":0}},"right":{"leaf":false,"id":13,"left":{"leaf":false,"id":12,"left":{"leaf":true,"id":2,"label":"2","site_id":2},"right":{"leaf":false,"id":10,"left":{"leaf":true,"id":4,"label":"4","site_id":4},"right":{"leaf":true,"id":3,"label":"3","site_id":3}}},"right":{"leaf":true,"id":5,"label":"5","site_id":5}}},"right":{"leaf":false,"id":17,"left":{"leaf":false,"id":15,"left":{"leaf":true,"id":6,"label":"6","site_id":6},"right":{"leaf":true,"id":7,"label":"7","site_id":7}},"right":{"leaf":false,"id":16,"left":{"leaf":true,"id":8,"label":"8","site_id":8},"right":{"leaf":true,"id":9,"label":"9","site_id":9}}}},"num_sites":10,"sites":[{"x":15.0,"y":173.03383882339742,"cluster":1},{"x":112.18545189472849,"y":178.79946362092002,"cluster":1},{"x":81.21292140937126,"y":147.4498853150605,"cluster":1},{"x":161.2661735275462,"y":156.0168976524161,"cluster":1},{"x":190.7390602583378,"y":124.9995174644119,"cluster":1},{"x":238.89198824214378,"y":150.0,"cluster":1},{"x":261.03618770472957,"y":209.00792351462113,"cluster":1},{"x":309.4821363246544,"y":159.82714120761565,"cluster":1},{"x":394.60232515668497,"y":126.82523373245967,"cluster":1},{"x":436.2172154493696,"y":96.83659206679978,"cluster":1}],"num_clusters":0}