{"title":"coast-n50-r2-s-698059227945337390150","map_width":500,"map_height":300,"num_leaves":50,"tree":{"leaf":false,"id":98,"left":{"leaf":false,"id":97,"left":{"leaf":false,"id":85,"left":{"leaf":true,"id":44,"label":"44","site_id":44},"right":{"leaf":false,"id":66,"left":{"leaf":true,"id":41,"label":"41","site_id":41},"right":{"leaf":false,"id":53,"left":{"leaf":true,"id":45,"label":"45","site_id":45},"right":{"leaf":true,"id":48,"label":"48","site_id":48}}}},"right":{"leaf":false,"id":95,"left":{"leaf":true,"id":47,"label":"47","site_id":47},"right":{"leaf":false,"id":92,"left":{"leaf":false,"id":64,"left":{"leaf":true,"id":39,"label":"39","site_id":39},"right":{"leaf":false,"id":54,"left":{"leaf":true,"id":46,"label":"46","site_id":46},"right":{"leaf":true,"id":31,"label":"31","site_id":31}}},"right":{"leaf":false,"id":79,"left":{"leaf":false,"id":65,"left":{"leaf":true,"id":30,"label":"30","site_id":30},"right":{"leaf":true,"id":42,"label":"42","site_id":42}},"right":{"leaf":false,"id":76,"left":{"leaf":false,"id":73,"left":{"leaf":true,"id":49,"label":"49","site_id":49},"right":{"leaf":true,"id":40,"label":"40","site_id":40}},"right":{"leaf":false,"id":69,"left":{"leaf":false,"id":60,"left":{"leaf":true,"id":37,"label":"37","site_id":37},"right":{"leaf":true,"id":38,"label":"38","site_id":38}},"right":{"leaf":false,"id":68,"left":{"leaf":true,"id":43,"label":"43","site_id":43},"right":{"leaf":false,"id":58,"left":{"leaf":true,"id":35,"label":"35","site_id":35},"right":{"leaf":true,"id":36,"label":"36","site_id":36}}}}}}}}},"right":{"leaf":false,"id":96,"left":{"leaf":false,"id":94,"left":{"leaf":false,"id":93,"left":{"leaf":false,"id":91,"left":{"leaf":false,"id":84,"left":{"leaf":true,"id":1,"label":"1","site_id":1},"right":{"leaf":false,"id":61,"left":{"leaf":true,"id":27,"label":"27","site_id":27},"right":{"leaf":true,"id":24,"label":"24","site_id":24}}},"right":{"leaf":false,"id":90,"left":{"leaf":false,"id":87,"left":{"leaf":false,"id":80,"left":{"leaf":false,"id":78,"left":{"leaf":false,"id":62,"left":{"leaf":true,"id":17,"label":"17","site_id":17},"right":{"leaf":true,"id":34,"label":"34","site_id":34}},"right":{"leaf":true,"id":18,"label":"18","site_id":18}},"right":{"leaf":false,"id":75,"left":{"leaf":true,"id":7,"label":"7","site_id":7},"right":{"leaf":false,"id":74,"left":{"leaf":false,"id":71,"left":{"leaf":true,"id":23,"label":"23","site_id":23},"right":{"leaf":false,"id":56,"left":{"leaf":true,"id":5,"label":"5","site_id":5},"right":{"leaf":true,"id":4,"label":"4","site_id":4}}},"right":{"leaf":true,"id":2,"label":"2","site_id":2}}}},"right":{"leaf":false,"id":72,"left":{"leaf":false,"id":70,"left":{"leaf":true,"id":10,"label":"10","site_id":10},"right":{"leaf":false,"id":50,"left":{"leaf":true,"id":12,"label":"12","site_id":12},"right":{"leaf":true,"id":13,"label":"13","site_id":13}}},"right":{"leaf":false,"id":59,"left":{"leaf":true,"id":0,"label":"0","site_id":0},"right":{"leaf":true,"id":19,"label":"19","site_id":19}}}},"right":{"leaf":false,"id":89,"left":{"leaf":true,"id":28,"label":"28","site_id":28},"right":{"leaf":false,"id":88,"left":{"leaf":false,"id":83,"left":{"leaf":true,"id":8,"label":"8","site_id":8},"right":{"leaf":true,"id":32,"label":"32","site_id":32}},"right":{"leaf":false,"id":82,"left":{"leaf":false,"id":77,"left":{"leaf":true,"id":33,"label":"33","site_id":33},"right":{"leaf":false,"id":55,"left":{"leaf":true,"id":22,"label":"22","site_id":22},"right":{"leaf":true,"id":25,"label":"25","site_id":25}}},"right":{"leaf":false,"id":52,"left":{"leaf":false,"id":51,"left":{"leaf":true,"id":21,"label":"21","site_id":21},"right":{"leaf":true,"id":29,"label":"29","site_id":29}},"right":{"leaf":true,"id":26,"label":"26","site_id":26}}}}}}},"right":{"leaf":false,"id":81,"left":{"leaf":true,"id":15,"label":"15","site_id":15},"right":{"leaf":false,"id":67,"left":{"leaf":false,"id":63,"left":{"leaf":true,"id":11,"label":"11","site_id":11},"right":{"leaf":true,"id":16,"label":"16","site_id":16}},"right":{"leaf":true,"id":20,"label":"20","site_id":20}}}},"right":{"leaf":true,"id":14,"label":"14","site_id":14}},"right":{"leaf":false,"id":86,"left":{"leaf":true,"id":6,"label":"6","site_id":6},"right":{"leaf":false,"id":57,"left":{"leaf":true,"id":9,"label":"9","site_id":9},"right":{"leaf":true,"id":3,"label":"3","site_id":3}}}}},"num_sites":50,"sites":[{"x":17.166200912885884,"y":117.07853594171794,"cluster":1},{"x":28.71638269277122,"y":126.41325151607323,"cluster":1},{"x":33.62403310529672,"y":128.768130607685,"cluster":1},{"x":49.81796564470487,"y":121.52057972248495,"cluster":1},{"x":50.02479433563955,"y":125.37614263614098,"cluster":1},{"x":72.70436868731527,"y":136.34543580719742,"cluster":1},{"x":65.83458787985407,"y":147.7360574690998,"cluster":1},{"x":83.67159553869017,"y":137.94596850200705,"cluster":1},{"x":94.9989839440502,"y":127.61657056321081,"cluster":1},{"x":101.3281330493188,"y":120.3630468536956,"cluster":1},{"x":120.29384913803429,"y":116.45126411442095,"cluster":1},{"x":122.96850862875172,"y":129.27262269806153,"cluster":1},{"x":132.43261306789302,"y":118.27186652031888,"cluster":1},{"x":132.25130407113573,"y":117.46575937602005,"cluster":1},{"x":155.1624974030419,"y":114.13598698827829,"cluster":1},{"x":161.037379635846,"y":120.70501176745152,"cluster":1},{"x":163.75224493052525,"y":126.61862265316697,"cluster":1},{"x":177.84013717001685,"y":138.81318695567958,"cluster":1},{"x":186.0414888026454,"y":128.41496794425666,"cluster":1},{"x":189.23714313553887,"y":116.03816755963051,"cluster":1},{"x":206.61438781250837,"y":112.13375686043136,"cluster":1},{"x":208.79468134806245,"y":120.9645120305108,"cluster":1},{"x":229.67691726718238,"y":131.337854588527,"cluster":1},{"x":231.12794355393723,"y":128.7487808401886,"cluster":1},{"x":241.73345986618844,"y":140.8488663673713,"cluster":1},{"x":258.5951285167384,"y":150.0,"cluster":1},{"x":260.3718971420595,"y":145.26903018394552,"cluster":1},{"x":265.8802528529135,"y":150.31901725603802,"cluster":1},{"x":269.9930804965541,"y":162.21263696065958,"cluster":1},{"x":293.08999279136583,"y":153.9071188882017,"cluster":1},{"x":299.2722622440457,"y":148.4281521949236,"cluster":1},{"x":298.22171698552137,"y":159.2564241813997,"cluster":1},{"x":314.63248840592644,"y":169.65006753935577,"cluster":1},{"x":322.81015557891175,"y":161.97730452167917,"cluster":1},{"x":326.53957893106434,"y":155.10518684842984,"cluster":1},{"x":343.07615416430235,"y":165.67136946489498,"cluster":1},{"x":350.5384797350343,"y":173.47311597082083,"cluster":1},{"x":353.1579229170107,"y":165.82625432942262,"cluster":1},{"x":366.9224669421104,"y":177.19739073218568,"cluster":1},{"x":376.9506053408644,"y":172.8296885183629,"cluster":1},{"x":384.1979711476409,"y":180.90728606410838,"cluster":1},{"x":395.51932472589516,"y":176.4184218389575,"cluster":1},{"x":397.5493415109858,"y":184.7305334819747,"cluster":1},{"x":417.44525903086696,"y":179.4050028525488,"cluster":1},{"x":432.2676715850157,"y":183.77585901427068,"cluster":1},{"x":430.834153600402,"y":183.72431610292472,"cluster":1},{"x":448.2519475843333,"y":185.2290526821622,"cluster":1},{"x":448.64860195240794,"y":174.21583126243527,"cluster":1},{"x":462.1592467451909,"y":179.59494293851697,"cluster":1},{"x":462.1348604193564,"y":180.30708573376776,"cluster":1}],"num_clusters":0}