{"title":"coast-n60-r9-s-323607281365003750260","map_width":500,"map_height":300,"num_leaves":60,"tree":{"leaf":false,"id":118,"left":{"leaf":false,"id":116,"left":{"leaf":false,"id":115,"left":{"leaf":false,"id":114,"left":{"leaf":false,"id":109,"left":{"leaf":false,"id":103,"left":{"leaf":false,"id":61,"left":{"leaf":true,"id":52,"label":"52","site_id":52},"right":{"leaf":true,"id":54,"label":"54","site_id":54}},"right":{"leaf":false,"id":95,"left":{"leaf":false,"id":76,"left":{"leaf":true,"id":57,"label":"57","site_id":57},"right":{"leaf":true,"id":58,"label":"58","site_id":58}},"right":{"leaf":true,"id":51,"label":"51","site_id":51}}},"right":{"leaf":true,"id":55,"label":"55","site_id":55}},"right":{"leaf":false,"id":70,"left":{"leaf":true,"id":37,"label":"37","site_id":37},"right":{"leaf":true,"id":59,"label":"59","site_id":59}}},"right":{"leaf":false,"id":97,"left":{"leaf":false,"id":79,"left":{"leaf":true,"id":7,"label":"7","site_id":7},"right":{"leaf":true,"id":4,"label":"4","site_id":4}},"right":{"leaf":true,"id":12,"label":"12","site_id":12}}},"right":{"leaf":false,"id":113,"left":{"leaf":false,"id":111,"left":{"leaf":false,"id":108,"left":{"leaf":true,"id":10,"label":"10","site_id":10},"right":{"leaf":false,"id":94,"left":{"leaf":false,"id":74,"left":{"leaf":true,"id":0,"label":"0","site_id":0},"right":{"leaf":true,"id":3,"label":"3","site_id":3}},"right":{"leaf":true,"id":2,"label":"2","site_id":2}}},"right":{"leaf":false,"id":98,"left":{"leaf":true,"id":53,"label":"53","site_id":53},"right":{"leaf":true,"id":42,"label":"42","site_id":42}}},"right":{"leaf":false,"id":105,"left":{"leaf":false,"id":88,"left":{"leaf":false,"id":81,"left":{"leaf":false,"id":71,"left":{"leaf":true,"id":1,"label":"1","site_id":1},"right":{"leaf":true,"id":17,"label":"17","site_id":17}},"right":{"leaf":false,"id":60,"left":{"leaf":true,"id":32,"label":"32","site_id":32},"right":{"leaf":true,"id":5,"label":"5","site_id":5}}},"right":{"leaf":false,"id":83,"left":{"leaf":true,"id":8,"label":"8","site_id":8},"right":{"leaf":true,"id":9,"label":"9","site_id":9}}},"right":{"leaf":false,"id":100,"left":{"leaf":false,"id":93,"left":{"leaf":true,"id":48,"label":"48","site_id":48},"right":{"leaf":false,"id":62,"left":{"leaf":true,"id":50,"label":"50","site_id":50},"right":{"leaf":true,"id":49,"label":"49","site_id":49}}},"right":{"leaf":false,"id":99,"left":{"leaf":false,"id":91,"left":{"leaf":true,"id":18,"label":"18","site_id":18},"right":{"leaf":true,"id":11,"label":"11","site_id":11}},"right":{"leaf":false,"id":89,"left":{"leaf":true,"id":15,"label":"15","site_id":15},"right":{"leaf":true,"id":14,"label":"14","site_id":14}}}}}}},"right":{"leaf":false,"id":117,"left":{"leaf":false,"id":112,"left":{"leaf":false,"id":72,"left":{"leaf":true,"id":35,"label":"35","site_id":35},"right":{"leaf":true,"id":19,"label":"19","site_id":19}},"right":{"leaf":false,"id":110,"left":{"leaf":false,"id":106,"left":{"leaf":false,"id":104,"left":{"leaf":false,"id":102,"left":{"leaf":false,"id":77,"left":{"leaf":false,"id":65,"left":{"leaf":true,"id":56,"label":"56","site_id":56},"right":{"leaf":true,"id":44,"label":"44","site_id":44}},"right":{"leaf":true,"id":46,"label":"46","site_id":46}},"right":{"leaf":false,"id":90,"left":{"leaf":false,"id":66,"left":{"leaf":true,"id":26,"label":"26","site_id":26},"right":{"leaf":true,"id":28,"label":"28","site_id":28}},"right":{"leaf":true,"id":27,"label":"27","site_id":27}}},"right":{"leaf":false,"id":75,"left":{"leaf":false,"id":64,"left":{"leaf":true,"id":36,"label":"36","site_id":36},"right":{"leaf":true,"id":41,"label":"41","site_id":41}},"right":{"leaf":true,"id":21,"label":"21","site_id":21}}},"right":{"leaf":false,"id":78,"left":{"leaf":false,"id":67,"left":{"leaf":true,"id":30,"label":"30","site_id":30},"right":{"leaf":true,"id":29,"label":"29","site_id":29}},"right":{"leaf":true,"id":34,"label":"34","site_id":34}}},"right":{"leaf":false,"id":107,"left":{"leaf":false,"id":101,"left":{"leaf":false,"id":96,"left":{"leaf":false,"id":92,"left":{"leaf":false,"id":87,"left":{"leaf":true,"id":6,"label":"6","site_id":6},"right":{"leaf":true,"id":33,"label":"33","site_id":33}},"right":{"leaf":false,"id":69,"left":{"leaf":true,"id":25,"label":"25","site_id":25},"right":{"leaf":true,"id":23,"label":"23","site_id":23}}},"right":{"leaf":false,"id":80,"left":{"leaf":true,"id":20,"label":"20","site_id":20},"right":{"leaf":true,"id":22,"label":"22","site_id":22}}},"right":{"leaf":false,"id":85,"left":{"leaf":false,"id":73,"left":{"leaf":true,"id":45,"label":"45","site_id":45},"right":{"leaf":true,"id":43,"label":"43","site_id":43}},"right":{"leaf":true,"id":47,"label":"47","site_id":47}}},"right":{"leaf":false,"id":84,"left":{"leaf":false,"id":68,"left":{"leaf":true,"id":40,"label":"40","site_id":40},"right":{"leaf":true,"id":13,"label":"13","site_id":13}},"right":{"leaf":false,"id":82,"left":{"leaf":true,"id":24,"label":"24","site_id":24},"right":{"leaf":true,"id":31,"label":"31","site_id":31}}}}}},"right":{"leaf":false,"id":86,"left":{"leaf":false,"id":63,"left":{"leaf":true,"id":39,"label":"39","site_id":39},"right":{"leaf":true,"id":38,"label":"38","site_id":38}},"right":{"leaf":true,"id":16,"label":"16","site_id":16}}}},"num_sites":60,"sites":[{"x":17.895361925178477,"y":153.34935445564324,"cluster":1},{"x":32.62210285981204,"y":144.7056564396793,"cluster":1},{"x":39.73167961965227,"y":144.26489139151536,"cluster":1},{"x":46.087335610119545,"y":147.44493271544712,"cluster":1},{"x":52.33960314587977,"y":147.16858535118806,"cluster":1},{"x":59.799938371598216,"y":137.95967808569998,"cluster":1},{"x":71.9086250815622,"y":138.54490655360084,"cluster":1},{"x":65.97749884414235,"y":146.78859790394662,"cluster":1},{"x":73.86120607342811,"y":151.93635023142204,"cluster":1},{"x":89.69188748799054,"y":163.0200784212182,"cluster":1},{"x":91.58579504238891,"y":167.65039554057327,"cluster":1},{"x":98.19538380567677,"y":171.23409573755637,"cluster":1},{"x":104.84274781367398,"y":177.4902141330944,"cluster":1},{"x":122.24235674408726,"y":186.0681829450298,"cluster":1},{"x":127.07686133872377,"y":177.12029275856023,"cluster":1},{"x":129.13685622858947,"y":176.50523621191292,"cluster":1},{"x":144.19616269614608,"y":177.1501084902268,"cluster":1},{"x":144.8905528153771,"y":165.59478610376812,"cluster":1},{"x":158.7394898672958,"y":167.32957153376225,"cluster":1},{"x":162.58520833576404,"y":163.73109739935467,"cluster":1},{"x":177.82675174941122,"y":161.45578776939692,"cluster":1},{"x":185.81965199401733,"y":164.02780060131764,"cluster":1},{"x":182.2760667276591,"y":156.54365421611044,"cluster":1},{"x":193.26243388733525,"y":155.6030988678637,"cluster":1},{"x":207.9824989399729,"y":161.43186485317815,"cluster":1},{"x":205.24680898745788,"y":151.74630529761026,"cluster":1},{"x":216.89934522361992,"y":150.54467396491876,"cluster":1},{"x":227.39380165511307,"y":154.60396345578314,"cluster":1},{"x":238.14902868336912,"y":157.82183251175437,"cluster":1},{"x":248.82894589549505,"y":150.45988450740427,"cluster":1},{"x":248.59448933341602,"y":150.0,"cluster":1},{"x":255.49881967380938,"y":144.1793314450954,"cluster":1},{"x":261.4936847940989,"y":151.96884932039734,"cluster":1},{"x":277.7105128001142,"y":159.78975842506605,"cluster":1},{"x":285.5978971473849,"y":156.18959414182345,"cluster":1},{"x":296.10862735773674,"y":150.40342626544395,"cluster":1},{"x":302.3458867736352,"y":155.44682132140943,"cluster":1},{"x":301.2223963267492,"y":162.45001118770898,"cluster":1},{"x":318.3640002770681,"y":159.7569795580011,"cluster":1},{"x":323.19175729510107,"y":161.908949940799,"cluster":1},{"x":331.7123734409981,"y":166.1653864156949,"cluster":1},{"x":328.047534317668,"y":156.21010127220524,"cluster":1},{"x":348.93283017725884,"y":147.6826133287295,"cluster":1},{"x":343.436019166821,"y":153.1427625949855,"cluster":1},{"x":361.6170619477445,"y":155.2920555857413,"cluster":1},{"x":366.31726047373274,"y":164.55422480933922,"cluster":1},{"x":378.73095841189695,"y":163.98890487480895,"cluster":1},{"x":377.4175841460179,"y":160.65721862691163,"cluster":1},{"x":385.84040950401516,"y":168.6926575718003,"cluster":1},{"x":397.84511083962,"y":164.84714668386542,"cluster":1},{"x":397.8980074177563,"y":166.46953784265384,"cluster":1},{"x":415.87237755001615,"y":162.7063427230222,"cluster":1},{"x":425.49645490854925,"y":163.9423127838187,"cluster":1},{"x":424.6842931313146,"y":158.23034253707044,"cluster":1},{"x":433.3069202855225,"y":167.77903098360645,"cluster":1},{"x":445.47367885572885,"y":176.78753060201794,"cluster":1},{"x":455.4261949132084,"y":173.20589814418028,"cluster":1},{"x":456.94940481313085,"y":174.607545001826,"cluster":1},{"x":465.5030147835669,"y":184.29665630489407,"cluster":1},{"x":475.66024346035675,"y":180.54125740032092,"cluster":1}],"num_clusters":0}