{"title":"coast-n40-r4-s748882859483842523140","map_width":500,"map_height":300,"num_leaves":40,"tree":{"leaf":false,"id":78,"left":{"leaf":false,"id":76,"left":{"leaf":false,"id":74,"left":{"leaf":false,"id":66,"left":{"leaf":true,"id":0,"label":"0","site_id":0},"right":{"leaf":false,"id":60,"left":{"leaf":false,"id":53,"left":{"leaf":false,"id":41,"left":{"leaf":true,"id":9,"label":"9","site_id":9},"right":{"leaf":true,"id":7,"label":"7","site_id":7}},"right":{"leaf":true,"id":17,"label":"17","site_id":17}},"right":{"leaf":true,"id":1,"label":"1","site_id":1}}},"right":{"leaf":false,"id":73,"left":{"leaf":false,"id":69,"left":{"leaf":false,"id":67,"left":{"leaf":false,"id":64,"left":{"leaf":false,"id":62,"left":{"leaf":true,"id":5,"label":"5","site_id":5},"right":{"leaf":false,"id":40,"left":{"leaf":true,"id":6,"label":"6","site_id":6},"right":{"leaf":true,"id":3,"label":"3","site_id":3}}},"right":{"leaf":false,"id":45,"left":{"leaf":true,"id":22,"label":"22","site_id":22},"right":{"leaf":true,"id":24,"label":"24","site_id":24}}},"right":{"leaf":false,"id":46,"left":{"leaf":true,"id":8,"label":"8","site_id":8},"right":{"leaf":true,"id":4,"label":"4","site_id":4}}},"right":{"leaf":false,"id":50,"left":{"leaf":true,"id":14,"label":"14","site_id":14},"right":{"leaf":true,"id":16,"label":"16","site_id":16}}},"right":{"leaf":false,"id":61,"left":{"leaf":false,"id":43,"left":{"leaf":true,"id":11,"label":"11","site_id":11},"right":{"leaf":true,"id":12,"label":"12","site_id":12}},"right":{"leaf":true,"id":13,"label":"13","site_id":13}}}},"right":{"leaf":false,"id":65,"left":{"leaf":true,"id":10,"label":"10","site_id":10},"right":{"leaf":true,"id":18,"label":"18","site_id":18}}},"right":{"leaf":false,"id":77,"left":{"leaf":false,"id":75,"left":{"leaf":false,"id":72,"left":{"leaf":false,"id":54,"left":{"leaf":true,"id":39,"label":"39","site_id":39},"right":{"leaf":true,"id":15,"label":"15","site_id":15}},"right":{"leaf":false,"id":71,"left":{"leaf":false,"id":70,"left":{"leaf":false,"id":59,"left":{"leaf":false,"id":56,"left":{"leaf":true,"id":25,"label":"25","site_id":25},"right":{"leaf":false,"id":49,"left":{"leaf":true,"id":38,"label":"38","site_id":38},"right":{"leaf":true,"id":30,"label":"30","site_id":30}}},"right":{"leaf":true,"id":21,"label":"21","site_id":21}},"right":{"leaf":false,"id":58,"left":{"leaf":false,"id":44,"left":{"leaf":true,"id":23,"label":"23","site_id":23},"right":{"leaf":true,"id":29,"label":"29","site_id":29}},"right":{"leaf":true,"id":27,"label":"27","site_id":27}}},"right":{"leaf":true,"id":26,"label":"26","site_id":26}}},"right":{"leaf":false,"id":55,"left":{"leaf":true,"id":37,"label":"37","site_id":37},"right":{"leaf":false,"id":42,"left":{"leaf":true,"id":36,"label":"36","site_id":36},"right":{"leaf":true,"id":31,"label":"31","site_id":31}}}},"right":{"leaf":false,"id":68,"left":{"leaf":false,"id":57,"left":{"leaf":false,"id":51,"left":{"leaf":true,"id":2,"label":"2","site_id":2},"right":{"leaf":false,"id":48,"left":{"leaf":false,"id":47,"left":{"leaf":true,"id":34,"label":"34","site_id":34},"right":{"leaf":true,"id":20,"label":"20","site_id":20}},"right":{"leaf":true,"id":28,"label":"28","site_id":28}}},"right":{"leaf":false,"id":52,"left":{"leaf":true,"id":19,"label":"19","site_id":19},"right":{"leaf":true,"id":33,"label":"33","site_id":33}}},"right":{"leaf":false,"id":63,"left":{"leaf":true,"id":35,"label":"35","site_id":35},"right":{"leaf":true,"id":32,"label":"32","site_id":32}}}}},"num_sites":40,"sites":[{"x":30.76245705176128,"y":210.2336209984627,"cluster":1},{"x":26.13374550511776,"y":221.31625934625544,"cluster":1},{"x":44.20056617462982,"y":207.25107837788374,"cluster":1},{"x":58.87257862575956,"y":209.7121104008162,"cluster":1},{"x":62.77663713073565,"y":195.054565593303,"cluster":1},{"x":67.71011767200301,"y":199.63358960785706,"cluster":1},{"x":95.03214226024764,"y":188.72947502275406,"cluster":1},{"x":105.05775936676024,"y":173.63277521672973,"cluster":1},{"x":113.53593084019944,"y":188.5982287347164,"cluster":1},{"x":130.29641213986054,"y":182.17788009963974,"cluster":1},{"x":144.6974315793784,"y":175.9385048834202,"cluster":1},{"x":155.3102308864433,"y":160.56871251971222,"cluster":1},{"x":152.58070927685856,"y":147.45761481265612,"cluster":1},{"x":171.82847673606145,"y":153.4610112419958,"cluster":1},{"x":175.71129258254769,"y":159.21087843651188,"cluster":1},{"x":182.20929307570213,"y":163.5525614953681,"cluster":1},{"x":204.35379746434086,"y":159.382129235003,"cluster":1},{"x":208.3038878749721,"y":158.57980331356958,"cluster":1},{"x":226.663951479092,"y":169.8175480423111,"cluster":1},{"x":246.3164035259631,"y":153.10437175016256,"cluster":1},{"x":245.71112706236406,"y":150.0,"cluster":1},{"x":256.8206343759833,"y":139.83468341215368,"cluster":1},{"x":275.18309209715744,"y":146.6774970396881,"cluster":1},{"x":281.0933370517286,"y":147.60118902438023,"cluster":1},{"x":294.3968061591971,"y":153.9841220053355,"cluster":1},{"x":299.6898440899552,"y":148.47600998353766,"cluster":1},{"x":307.4457845961392,"y":143.15862231289339,"cluster":1},{"x":322.57381635351146,"y":140.9910844370379,"cluster":1},{"x":336.8612259951571,"y":137.19599676394154,"cluster":1},{"x":359.0255602629394,"y":145.70938759331176,"cluster":1},{"x":356.41785698094003,"y":137.02778423749814,"cluster":1},{"x":372.2330159640666,"y":131.96342953634394,"cluster":1},{"x":393.0187900779915,"y":143.74592810468005,"cluster":1},{"x":393.0825662825644,"y":140.38790741059626,"cluster":1},{"x":420.10415305604556,"y":144.01850654616686,"cluster":1},{"x":414.5363995929492,"y":151.5337535057197,"cluster":1},{"x":427.99397467636675,"y":151.37850267616665,"cluster":1},{"x":444.19692431212945,"y":145.73877784059476,"cluster":1},{"x":448.2381852432769,"y":142.5465417336355,"cluster":1},{"x":477.52117404053666,"y":149.8342845336399,"cluster":1}],"num_clusters":0}