{"title":"coast-n55-r4-s-679675592838258022055","map_width":500,"map_height":300,"num_leaves":55,"tree":{"leaf":false,"id":108,"left":{"leaf":false,"id":106,"left":{"leaf":false,"id":103,"left":{"leaf":false,"id":93,"left":{"leaf":false,"id":83,"left":{"leaf":false,"id":62,"left":{"leaf":true,"id":49,"label":"49","site_id":49},"right":{"leaf":true,"id":51,"label":"51","site_id":51}},"right":{"leaf":false,"id":70,"left":{"leaf":true,"id":52,"label":"52","site_id":52},"right":{"leaf":true,"id":47,"label":"47","site_id":47}}},"right":{"leaf":false,"id":82,"left":{"leaf":true,"id":45,"label":"45","site_id":45},"right":{"leaf":false,"id":69,"left":{"leaf":true,"id":38,"label":"38","site_id":38},"right":{"leaf":true,"id":37,"label":"37","site_id":37}}}},"right":{"leaf":false,"id":90,"left":{"leaf":false,"id":76,"left":{"leaf":true,"id":50,"label":"50","site_id":50},"right":{"leaf":true,"id":53,"label":"53","site_id":53}},"right":{"leaf":true,"id":48,"label":"48","site_id":48}}},"right":{"leaf":false,"id":105,"left":{"leaf":false,"id":99,"left":{"leaf":false,"id":72,"left":{"leaf":true,"id":43,"label":"43","site_id":43},"right":{"leaf":false,"id":63,"left":{"leaf":true,"id":41,"label":"41","site_id":41},"right":{"leaf":true,"id":42,"label":"42","site_id":42}}},"right":{"leaf":true,"id":36,"label":"36","site_id":36}},"right":{"leaf":false,"id":102,"left":{"leaf":false,"id":97,"left":{"leaf":false,"id":91,"left":{"leaf":false,"id":67,"left":{"leaf":false,"id":64,"left":{"leaf":true,"id":54,"label":"54","site_id":54},"right":{"leaf":true,"id":40,"label":"40","site_id":40}},"right":{"leaf":true,"id":46,"label":"46","site_id":46}},"right":{"leaf":false,"id":89,"left":{"leaf":false,"id":74,"left":{"leaf":true,"id":4,"label":"4","site_id":4},"right":{"leaf":false,"id":68,"left":{"leaf":true,"id":22,"label":"22","site_id":22},"right":{"leaf":true,"id":44,"label":"44","site_id":44}}},"right":{"leaf":true,"id":7,"label":"7","site_id":7}}},"right":{"leaf":true,"id":32,"label":"32","site_id":32}},"right":{"leaf":false,"id":85,"left":{"leaf":false,"id":81,"left":{"leaf":false,"id":65,"left":{"leaf":true,"id":34,"label":"34","site_id":34},"right":{"leaf":false,"id":61,"left":{"leaf":true,"id":39,"label":"39","site_id":39},"right":{"leaf":true,"id":30,"label":"30","site_id":30}}},"right":{"leaf":true,"id":20,"label":"20","site_id":20}},"right":{"leaf":false,"id":59,"left":{"leaf":true,"id":29,"label":"29","site_id":29},"right":{"leaf":true,"id":31,"label":"31","site_id":31}}}}}},"right":{"leaf":false,"id":107,"left":{"leaf":false,"id":104,"left":{"leaf":false,"id":101,"left":{"leaf":false,"id":100,"left":{"leaf":false,"id":95,"left":{"leaf":false,"id":88,"left":{"leaf":false,"id":57,"left":{"leaf":false,"id":55,"left":{"leaf":true,"id":10,"label":"10","site_id":10},"right":{"leaf":true,"id":2,"label":"2","site_id":2}},"right":{"leaf":true,"id":28,"label":"28","site_id":28}},"right":{"leaf":false,"id":87,"left":{"leaf":true,"id":18,"label":"18","site_id":18},"right":{"leaf":true,"id":19,"label":"19","site_id":19}}},"right":{"leaf":false,"id":60,"left":{"leaf":true,"id":15,"label":"15","site_id":15},"right":{"leaf":false,"id":58,"left":{"leaf":true,"id":11,"label":"11","site_id":11},"right":{"leaf":true,"id":21,"label":"21","site_id":21}}}},"right":{"leaf":false,"id":84,"left":{"leaf":true,"id":27,"label":"27","site_id":27},"right":{"leaf":true,"id":26,"label":"26","site_id":26}}},"right":{"leaf":false,"id":98,"left":{"leaf":false,"id":96,"left":{"leaf":true,"id":3,"label":"3","site_id":3},"right":{"leaf":false,"id":86,"left":{"leaf":true,"id":33,"label":"33","site_id":33},"right":{"leaf":false,"id":75,"left":{"leaf":true,"id":23,"label":"23","site_id":23},"right":{"leaf":false,"id":66,"left":{"leaf":true,"id":25,"label":"25","site_id":25},"right":{"leaf":true,"id":24,"label":"24","site_id":24}}}}},"right":{"leaf":false,"id":79,"left":{"leaf":true,"id":6,"label":"6","site_id":6},"right":{"leaf":false,"id":73,"left":{"leaf":true,"id":12,"label":"12","site_id":12},"right":{"leaf":true,"id":17,"label":"17","site_id":17}}}}},"right":{"leaf":false,"id":80,"left":{"leaf":true,"id":8,"label":"8","site_id":8},"right":{"leaf":true,"id":5,"label":"5","site_id":5}}},"right":{"leaf":false,"id":94,"left":{"leaf":false,"id":77,"left":{"leaf":false,"id":71,"left":{"leaf":true,"id":9,"label":"9","site_id":9},"right":{"leaf":true,"id":16,"label":"16","site_id":16}},"right":{"leaf":false,"id":56,"left":{"leaf":true,"id":13,"label":"13","site_id":13},"right":{"leaf":true,"id":14,"label":"14","site_id":14}}},"right":{"leaf":false,"id":92,"left":{"leaf":false,"id":78,"left":{"leaf":true,"id":1,"label":"1","site_id":1},"right":{"leaf":true,"id":0,"label":"0","site_id":0}},"right":{"leaf":true,"id":35,"label":"35","site_id":35}}}}},"num_sites":55,"sites":[{"x":15.0,"y":144.085077902301,"cluster":1},{"x":30.682826295104263,"y":144.85907230831586,"cluster":1},{"x":33.43555291205504,"y":133.4924748283477,"cluster":1},{"x":43.88997696517058,"y":141.40044887201358,"cluster":1},{"x":54.377506857686456,"y":144.85995478286654,"cluster":1},{"x":56.84457580321144,"y":145.3945273285167,"cluster":1},{"x":64.87442535640943,"y":157.83095995780377,"cluster":1},{"x":74.24994039628525,"y":149.73332298569457,"cluster":1},{"x":80.23191212092004,"y":144.80183137947677,"cluster":1},{"x":88.35372826737486,"y":155.7155317063296,"cluster":1},{"x":97.35317936446012,"y":150.4733280807546,"cluster":1},{"x":104.39847859392785,"y":160.72079199598068,"cluster":1},{"x":112.26842380589954,"y":164.28611872786703,"cluster":1},{"x":127.40400209648455,"y":173.9790089862838,"cluster":1},{"x":130.71255605338607,"y":176.76620308974583,"cluster":1},{"x":146.1249253424189,"y":167.35247896540162,"cluster":1},{"x":160.7817503803445,"y":158.15270530941905,"cluster":1},{"x":166.57099853967773,"y":155.12927236143346,"cluster":1},{"x":175.91627830649873,"y":160.75910440453814,"cluster":1},{"x":172.3600362937864,"y":150.55304253927355,"cluster":1},{"x":195.2328390919489,"y":140.21314780744757,"cluster":1},{"x":200.8915407454016,"y":138.40824770010096,"cluster":1},{"x":208.8348360240347,"y":146.91288588537154,"cluster":1},{"x":215.35901095093467,"y":148.80007682122474,"cluster":1},{"x":228.6731010171287,"y":149.9460373543582,"cluster":1},{"x":220.72426923795393,"y":147.35947052901642,"cluster":1},{"x":244.27107291268493,"y":144.52120729496843,"cluster":1},{"x":246.92693099875913,"y":150.0,"cluster":1},{"x":252.8663064629287,"y":152.386986653764,"cluster":1},{"x":263.9907633842383,"y":147.11778763563956,"cluster":1},{"x":263.68805519077296,"y":151.83380569062533,"cluster":1},{"x":276.30922232087823,"y":148.77980332636662,"cluster":1},{"x":283.82304478389364,"y":150.0900833987477,"cluster":1},{"x":300.3730815191602,"y":140.0071159016891,"cluster":1},{"x":300.95850082842634,"y":149.48593536403033,"cluster":1},{"x":317.32340973158034,"y":137.443334155863,"cluster":1},{"x":329.08052327500144,"y":128.07027812980334,"cluster":1},{"x":334.36845536832686,"y":139.71177486647187,"cluster":1},{"x":333.262893248895,"y":138.85113922870767,"cluster":1},{"x":340.2828084113821,"y":149.90246077998995,"cluster":1},{"x":353.7138841109743,"y":158.21525414449655,"cluster":1},{"x":369.8304033103795,"y":147.88817074379813,"cluster":1},{"x":368.5890038625655,"y":142.92756265503994,"cluster":1},{"x":374.2970999657208,"y":135.81940577878206,"cluster":1},{"x":381.75141205773,"y":128.7589365959664,"cluster":1},{"x":403.22980881463667,"y":139.18413463558753,"cluster":1},{"x":409.3348408967753,"y":143.8603368940757,"cluster":1},{"x":421.4674984995166,"y":137.7758662032683,"cluster":1},{"x":417.49513775099996,"y":145.06044683820681,"cluster":1},{"x":427.30264583682276,"y":157.369986378425,"cluster":1},{"x":437.14103701635634,"y":147.20312750410235,"cluster":1},{"x":452.5657266403194,"y":143.58471695114727,"cluster":1},{"x":453.0239378905976,"y":134.53915475149037,"cluster":1},{"x":470.21018562599943,"y":133.810231622247,"cluster":1},{"x":472.93001103126574,"y":130.86639934437622,"cluster":1}],"num_clusters":0}