{"title":"coast-n20-r0-s-494293866278120506320","map_width":500,"map_height":300,"num_leaves":20,"tree":{"leaf":false,"id":38,"left":{"leaf":false,"id":37,"left":{"leaf":false,"id":35,"left":{"leaf":false,"id":31,"left":{"leaf":true,"id":17,"label":"17","site_id":17},"right":{"leaf":true,"id":10,"label":"10","site_id":10}},"right":{"leaf":true,"id":11,"label":"11","site_id":11}},"right":{"leaf":false,"id":23,"left":{"leaf":true,"id":0,"label":"0","site_id":0},"right":{"leaf":false,"id":21,"left":{"leaf":true,"id":1,"label":"1","site_id":1},"right":{"leaf":true,"id":2,"label":"2","site_id":2}}}},"right":{"leaf":false,"id":36,"left":{"leaf":false,"id":27,"left":{"leaf":true,"id":3,"label":"3","site_id":3},"right":{"leaf":true,"id":18,"label":"18","site_id":18}},"right":{"leaf":false,"id":34,"left":{"leaf":false,"id":32,"left":{"leaf":false,"id":30,"left":{"leaf":false,"id":20,"left":{"leaf":true,"id":8,"label":"8","site_id":8},"right":{"leaf":true,"id":5,"label":"5","site_id":5}},"right":{"leaf":false,"id":22,"left":{"leaf":true,"id":7,"label":"7","site_id":7},"right":{"leaf":true,"id":4,"label":"4","site_id":4}}},"right":{"leaf":false,"id":29,"left":{"leaf":true,"id":9,"label":"9","site_id":9},"right":{"leaf":true,"id":6,"label":"6","site_id":6}}},"right":{"leaf":false,"id":33,"left":{"leaf":true,"id":19,"label":"19","site_id":19},"right":{"leaf":false,"id":28,"left":{"leaf":false,"id":26,"left":{"leaf":false,"id":25,"left":{"leaf":true,"id":14,"label":"14","site_id":14},"right":{"leaf":false,"id":24,"left":{"leaf":true,"id":12,"label":"12","site_id":12},"right":{"leaf":true,"id":13,"label":"13","site_id":13}}},"right":{"leaf":true,"id":15,"label":"15","site_id":15}},"right":{"leaf":true,"id":16,"label":"16","site_id":16}}}}}},"num_sites":20,"sites":[{"x":42.96077678388528,"y":167.23476625941217,"cluster":1},{"x":61.98548107579373,"y":168.78706101357983,"cluster":1},{"x":69.55752633242594,"y":176.23771163580668,"cluster":1},{"x":110.34140056895781,"y":183.31667871106134,"cluster":1},{"x":125.19172687487114,"y":168.1395578470899,"cluster":1},{"x":127.9410411503056,"y":139.16921030945514,"cluster":1},{"x":175.02766501769244,"y":114.69951135661488,"cluster":1},{"x":201.4323392922997,"y":133.2463449275751,"cluster":1},{"x":213.78316419728196,"y":132.5218091726717,"cluster":1},{"x":206.32839083623264,"y":137.2250275914714,"cluster":1},{"x":263.3460326066019,"y":150.0,"cluster":1},{"x":263.31903168741934,"y":121.86517640473092,"cluster":1},{"x":311.04611420996946,"y":127.59500251259252,"cluster":1},{"x":295.71685928415917,"y":122.16574553966109,"cluster":1},{"x":334.3744404411359,"y":126.83032709720197,"cluster":1},{"x":365.1562268889017,"y":103.434643736449,"cluster":1},{"x":406.4273392367985,"y":131.4770376006121,"cluster":1},{"x":391.5023726620851,"y":124.83159894975756,"cluster":1},{"x":424.1839488610871,"y":122.27200475705004,"cluster":1},{"x":444.0075509018209,"y":94.67790090975078,"cluster":1}],"num_clusters":0}