{"title":"coast-n55-r7-s240351490703496978855","map_width":500,"map_height":300,"num_leaves":55,"tree":{"leaf":false,"id":108,"left":{"leaf":false,"id":107,"left":{"leaf":true,"id":28,"label":"28","site_id":28},"right":{"leaf":false,"id":102,"left":{"leaf":false,"id":100,"left":{"leaf":false,"id":90,"left":{"leaf":false,"id":87,"left":{"leaf":false,"id":85,"left":{"leaf":false,"id":84,"left":{"leaf":false,"id":58,"left":{"leaf":true,"id":40,"label":"40","site_id":40},"right":{"leaf":true,"id":24,"label":"24","site_id":24}},"right":{"leaf":true,"id":29,"label":"29","site_id":29}},"right":{"leaf":true,"id":31,"label":"31","site_id":31}},"right":{"leaf":false,"id":76,"left":{"leaf":true,"id":8,"label":"8","site_id":8},"right":{"leaf":false,"id":72,"left":{"leaf":false,"id":63,"left":{"leaf":false,"id":61,"left":{"leaf":true,"id":44,"label":"44","site_id":44},"right":{"leaf":true,"id":41,"label":"41","site_id":41}},"right":{"leaf":false,"id":60,"left":{"leaf":false,"id":57,"left":{"leaf":true,"id":47,"label":"47","site_id":47},"right":{"leaf":true,"id":46,"label":"46","site_id":46}},"right":{"leaf":true,"id":45,"label":"45","site_id":45}}},"right":{"leaf":true,"id":51,"label":"51","site_id":51}}}},"right":{"leaf":false,"id":66,"left":{"leaf":false,"id":59,"left":{"leaf":false,"id":55,"left":{"leaf":true,"id":34,"label":"34","site_id":34},"right":{"leaf":true,"id":35,"label":"35","site_id":35}},"right":{"leaf":true,"id":37,"label":"37","site_id":37}},"right":{"leaf":false,"id":65,"left":{"leaf":true,"id":39,"label":"39","site_id":39},"right":{"leaf":true,"id":32,"label":"32","site_id":32}}}},"right":{"leaf":false,"id":78,"left":{"leaf":false,"id":68,"left":{"leaf":true,"id":36,"label":"36","site_id":36},"right":{"leaf":true,"id":43,"label":"43","site_id":43}},"right":{"leaf":true,"id":30,"label":"30","site_id":30}}},"right":{"leaf":false,"id":97,"left":{"leaf":false,"id":67,"left":{"leaf":true,"id":21,"label":"21","site_id":21},"right":{"leaf":true,"id":20,"label":"20","site_id":20}},"right":{"leaf":false,"id":89,"left":{"leaf":false,"id":79,"left":{"leaf":true,"id":25,"label":"25","site_id":25},"right":{"leaf":true,"id":33,"label":"33","site_id":33}},"right":{"leaf":false,"id":86,"left":{"leaf":false,"id":64,"left":{"leaf":true,"id":9,"label":"9","site_id":9},"right":{"leaf":true,"id":11,"label":"11","site_id":11}},"right":{"leaf":false,"id":75,"left":{"leaf":true,"id":22,"label":"22","site_id":22},"right":{"leaf":true,"id":23,"label":"23","site_id":23}}}}}}},"right":{"leaf":false,"id":106,"left":{"leaf":false,"id":105,"left":{"leaf":false,"id":88,"left":{"leaf":false,"id":69,"left":{"leaf":true,"id":27,"label":"27","site_id":27},"right":{"leaf":true,"id":14,"label":"14","site_id":14}},"right":{"leaf":true,"id":19,"label":"19","site_id":19}},"right":{"leaf":false,"id":104,"left":{"leaf":false,"id":98,"left":{"leaf":false,"id":81,"left":{"leaf":true,"id":1,"label":"1","site_id":1},"right":{"leaf":true,"id":3,"label":"3","site_id":3}},"right":{"leaf":false,"id":93,"left":{"leaf":false,"id":91,"left":{"leaf":true,"id":50,"label":"50","site_id":50},"right":{"leaf":false,"id":62,"left":{"leaf":true,"id":53,"label":"53","site_id":53},"right":{"leaf":true,"id":48,"label":"48","site_id":48}}},"right":{"leaf":true,"id":0,"label":"0","site_id":0}}},"right":{"leaf":false,"id":103,"left":{"leaf":false,"id":94,"left":{"leaf":false,"id":82,"left":{"leaf":true,"id":42,"label":"42","site_id":42},"right":{"leaf":true,"id":54,"label":"54","site_id":54}},"right":{"leaf":false,"id":92,"left":{"leaf":true,"id":49,"label":"49","site_id":49},"right":{"leaf":true,"id":52,"label":"52","site_id":52}}},"right":{"leaf":false,"id":99,"left":{"leaf":false,"id":96,"left":{"leaf":false,"id":95,"left":{"leaf":false,"id":83,"left":{"leaf":false,"id":80,"left":{"leaf":true,"id":6,"label":"6","site_id":6},"right":{"leaf":false,"id":77,"left":{"leaf":true,"id":7,"label":"7","site_id":7},"right":{"leaf":true,"id":5,"label":"5","site_id":5}}},"right":{"leaf":true,"id":38,"label":"38","site_id":38}},"right":{"leaf":true,"id":17,"label":"17","site_id":17}},"right":{"leaf":false,"id":74,"left":{"leaf":true,"id":26,"label":"26","site_id":26},"right":{"leaf":false,"id":73,"left":{"leaf":true,"id":13,"label":"13","site_id":13},"right":{"leaf":false,"id":71,"left":{"leaf":true,"id":15,"label":"15","site_id":15},"right":{"leaf":true,"id":16,"label":"16","site_id":16}}}}},"right":{"leaf":true,"id":18,"label":"18","site_id":18}}}}},"right":{"leaf":false,"id":101,"left":{"leaf":false,"id":70,"left":{"leaf":true,"id":2,"label":"2","site_id":2},"right":{"leaf":true,"id":4,"label":"4","site_id":4}},"right":{"leaf":false,"id":56,"left":{"leaf":true,"id":12,"label":"12","site_id":12},"right":{"leaf":true,"id":10,"label":"10","site_id":10}}}}},"num_sites":55,"sites":[{"x":16.525735826935545,"y":102.22976498862651,"cluster":1},{"x":28.055899824606854,"y":114.30478535161397,"cluster":1},{"x":40.88289940020851,"y":106.96657612274109,"cluster":1},{"x":40.20869768319623,"y":100.61795415814568,"cluster":1},{"x":48.98717628241751,"y":100.76900749633444,"cluster":1},{"x":68.09859949474614,"y":109.95709881945027,"cluster":1},{"x":68.35817781946626,"y":97.80903003898622,"cluster":1},{"x":71.96949453724628,"y":107.8665710953315,"cluster":1},{"x":91.9215075702212,"y":110.69557341216252,"cluster":1},{"x":99.16064224435075,"y":112.04220206453365,"cluster":1},{"x":108.15468409516335,"y":118.92581120646747,"cluster":1},{"x":113.69204344650495,"y":129.23222016462825,"cluster":1},{"x":125.7722880033344,"y":139.50180583110694,"cluster":1},{"x":133.34004681255556,"y":148.4210467275574,"cluster":1},{"x":141.886915372596,"y":155.9756339142088,"cluster":1},{"x":141.51395016498157,"y":153.4539823891941,"cluster":1},{"x":145.53288814807098,"y":147.83598098299515,"cluster":1},{"x":169.4199750677674,"y":144.48586206583863,"cluster":1},{"x":168.55863487800136,"y":146.5264728480116,"cluster":1},{"x":176.85535792624952,"y":137.10919389056536,"cluster":1},{"x":178.85028345553525,"y":148.01101323783934,"cluster":1},{"x":201.36226558333618,"y":145.92179841258945,"cluster":1},{"x":210.33628878302605,"y":157.63886967714564,"cluster":1},{"x":208.07003616706368,"y":153.0159268924735,"cluster":1},{"x":214.6696705023507,"y":154.6156925222124,"cluster":1},{"x":232.2098881009916,"y":154.76641975297088,"cluster":1},{"x":243.19858203014329,"y":155.03050383203427,"cluster":1},{"x":242.06760076414346,"y":150.0,"cluster":1},{"x":252.28136289687916,"y":145.9658367970816,"cluster":1},{"x":268.97703528273365,"y":150.21123881034097,"cluster":1},{"x":266.22771997061835,"y":139.59534403138943,"cluster":1},{"x":283.7139522183732,"y":147.97670744531493,"cluster":1},{"x":279.64467498825826,"y":147.7769243941002,"cluster":1},{"x":299.79247102950626,"y":145.84048598350725,"cluster":1},{"x":303.33712317545167,"y":136.83830520109598,"cluster":1},{"x":305.9377759367502,"y":131.3814339689802,"cluster":1},{"x":328.1938322990744,"y":129.9365652103253,"cluster":1},{"x":329.5065108561271,"y":117.45141286315214,"cluster":1},{"x":330.98403865914247,"y":119.279575142141,"cluster":1},{"x":350.3713918111068,"y":120.51953608576034,"cluster":1},{"x":349.8271332972297,"y":109.27463308060959,"cluster":1},{"x":368.52040174750783,"y":98.5676881327384,"cluster":1},{"x":375.8359614389549,"y":107.47490513392148,"cluster":1},{"x":378.8380018146158,"y":102.2006674011559,"cluster":1},{"x":381.4453315711466,"y":97.0098312961081,"cluster":1},{"x":400.22878910958667,"y":85.76387500087685,"cluster":1},{"x":401.0240475501309,"y":75.77515309412846,"cluster":1},{"x":405.6591916691733,"y":65.85108794410411,"cluster":1},{"x":422.9069593078521,"y":73.55591648289054,"cluster":1},{"x":426.8996267226176,"y":71.19093053151107,"cluster":1},{"x":434.0454655268087,"y":75.92267268495445,"cluster":1},{"x":452.25744460977944,"y":82.87013253057914,"cluster":1},{"x":462.3470625380385,"y":84.10604446305399,"cluster":1},{"x":457.0036066630873,"y":78.91062151964543,"cluster":1},{"x":468.52430948840885,"y":79.41087136393956,"cluster":1}],"num_clusters":0}