{"title":"coast-n100-r5-s-6952633147197490662100","map_width":500,"map_height":300,"num_leaves":100,"tree":{"leaf":false,"id":198,"left":{"leaf":false,"id":194,"left":{"leaf":false,"id":183,"left":{"leaf":false,"id":137,"left":{"leaf":true,"id":98,"label":"98","site_id":98},"right":{"leaf":false,"id":116,"left":{"leaf":false,"id":106,"left":{"leaf":true,"id":77,"label":"77","site_id":77},"right":{"leaf":true,"id":79,"label":"79","site_id":79}},"right":{"leaf":false,"id":101,"left":{"leaf":true,"id":96,"label":"96","site_id":96},"right":{"leaf":true,"id":99,"label":"99","site_id":99}}}},"right":{"leaf":false,"id":177,"left":{"leaf":true,"id":74,"label":"74","site_id":74},"right":{"leaf":false,"id":168,"left":{"leaf":true,"id":76,"label":"76","site_id":76},"right":{"leaf":false,"id":151,"left":{"leaf":false,"id":139,"left":{"leaf":false,"id":127,"left":{"leaf":true,"id":61,"label":"61","site_id":61},"right":{"leaf":true,"id":89,"label":"89","site_id":89}},"right":{"leaf":false,"id":113,"left":{"leaf":true,"id":62,"label":"62","site_id":62},"right":{"leaf":false,"id":105,"left":{"leaf":true,"id":88,"label":"88","site_id":88},"right":{"leaf":true,"id":83,"label":"83","site_id":83}}}},"right":{"leaf":false,"id":144,"left":{"leaf":true,"id":73,"label":"73","site_id":73},"right":{"leaf":true,"id":75,"label":"75","site_id":75}}}}}},"right":{"leaf":false,"id":191,"left":{"leaf":false,"id":161,"left":{"leaf":false,"id":120,"left":{"leaf":true,"id":87,"label":"87","site_id":87},"right":{"leaf":true,"id":85,"label":"85","site_id":85}},"right":{"leaf":true,"id":84,"label":"84","site_id":84}},"right":{"leaf":true,"id":71,"label":"71","site_id":71}}},"right":{"leaf":false,"id":197,"left":{"leaf":false,"id":196,"left":{"leaf":false,"id":195,"left":{"leaf":false,"id":185,"left":{"leaf":false,"id":184,"left":{"leaf":false,"id":166,"left":{"leaf":false,"id":150,"left":{"leaf":true,"id":93,"label":"93","site_id":93},"right":{"leaf":true,"id":39,"label":"39","site_id":39}},"right":{"leaf":false,"id":138,"left":{"leaf":true,"id":92,"label":"92","site_id":92},"right":{"leaf":true,"id":90,"label":"90","site_id":90}}},"right":{"leaf":true,"id":36,"label":"36","site_id":36}},"right":{"leaf":false,"id":181,"left":{"leaf":false,"id":179,"left":{"leaf":false,"id":171,"left":{"leaf":false,"id":170,"left":{"leaf":true,"id":46,"label":"46","site_id":46},"right":{"leaf":true,"id":48,"label":"48","site_id":48}},"right":{"leaf":false,"id":167,"left":{"leaf":true,"id":63,"label":"63","site_id":63},"right":{"leaf":false,"id":146,"left":{"leaf":false,"id":145,"left":{"leaf":true,"id":52,"label":"52","site_id":52},"right":{"leaf":false,"id":142,"left":{"leaf":false,"id":141,"left":{"leaf":true,"id":58,"label":"58","site_id":58},"right":{"leaf":false,"id":102,"left":{"leaf":true,"id":54,"label":"54","site_id":54},"right":{"leaf":true,"id":41,"label":"41","site_id":41}}},"right":{"leaf":false,"id":123,"left":{"leaf":true,"id":49,"label":"49","site_id":49},"right":{"leaf":true,"id":53,"label":"53","site_id":53}}}},"right":{"leaf":false,"id":132,"left":{"leaf":true,"id":69,"label":"69","site_id":69},"right":{"leaf":true,"id":65,"label":"65","site_id":65}}}}},"right":{"leaf":false,"id":163,"left":{"leaf":false,"id":140,"left":{"leaf":true,"id":81,"label":"81","site_id":81},"right":{"leaf":false,"id":115,"left":{"leaf":true,"id":78,"label":"78","site_id":78},"right":{"leaf":true,"id":94,"label":"94","site_id":94}}},"right":{"leaf":false,"id":109,"left":{"leaf":true,"id":80,"label":"80","site_id":80},"right":{"leaf":true,"id":86,"label":"86","site_id":86}}}},"right":{"leaf":true,"id":64,"label":"64","site_id":64}}},"right":{"leaf":false,"id":193,"left":{"leaf":false,"id":189,"left":{"leaf":false,"id":187,"left":{"leaf":false,"id":129,"left":{"leaf":true,"id":47,"label":"47","site_id":47},"right":{"leaf":false,"id":118,"left":{"leaf":true,"id":31,"label":"31","site_id":31},"right":{"leaf":true,"id":28,"label":"28","site_id":28}}},"right":{"leaf":false,"id":172,"left":{"leaf":false,"id":162,"left":{"leaf":true,"id":43,"label":"43","site_id":43},"right":{"leaf":false,"id":157,"left":{"leaf":true,"id":8,"label":"8","site_id":8},"right":{"leaf":false,"id":136,"left":{"leaf":false,"id":128,"left":{"leaf":false,"id":126,"left":{"leaf":true,"id":11,"label":"11","site_id":11},"right":{"leaf":true,"id":10,"label":"10","site_id":10}},"right":{"leaf":true,"id":12,"label":"12","site_id":12}},"right":{"leaf":false,"id":124,"left":{"leaf":true,"id":5,"label":"5","site_id":5},"right":{"leaf":true,"id":6,"label":"6","site_id":6}}}}},"right":{"leaf":false,"id":164,"left":{"leaf":true,"id":3,"label":"3","site_id":3},"right":{"leaf":false,"id":122,"left":{"leaf":true,"id":7,"label":"7","site_id":7},"right":{"leaf":true,"id":0,"label":"0","site_id":0}}}}},"right":{"leaf":false,"id":169,"left":{"leaf":false,"id":158,"left":{"leaf":true,"id":32,"label":"32","site_id":32},"right":{"leaf":false,"id":108,"left":{"leaf":true,"id":97,"label":"97","site_id":97},"right":{"leaf":false,"id":103,"left":{"leaf":true,"id":13,"label":"13","site_id":13},"right":{"leaf":true,"id":1,"label":"1","site_id":1}}}},"right":{"leaf":false,"id":130,"left":{"leaf":true,"id":14,"label":"14","site_id":14},"right":{"leaf":true,"id":42,"label":"42","site_id":42}}}},"right":{"leaf":false,"id":190,"left":{"leaf":false,"id":117,"left":{"leaf":true,"id":18,"label":"18","site_id":18},"right":{"leaf":false,"id":111,"left":{"leaf":false,"id":104,"left":{"leaf":true,"id":66,"label":"66","site_id":66},"right":{"leaf":true,"id":26,"label":"26","site_id":26}},"right":{"leaf":true,"id":9,"label":"9","site_id":9}}},"right":{"leaf":false,"id":188,"left":{"leaf":false,"id":186,"left":{"leaf":false,"id":182,"left":{"leaf":false,"id":165,"left":{"leaf":false,"id":155,"left":{"leaf":true,"id":16,"label":"16","site_id":16},"right":{"leaf":false,"id":153,"left":{"leaf":false,"id":148,"left":{"leaf":true,"id":15,"label":"15","site_id":15},"right":{"leaf":true,"id":17,"label":"17","site_id":17}},"right":{"leaf":false,"id":152,"left":{"leaf":true,"id":34,"label":"34","site_id":34},"right":{"leaf":true,"id":30,"label":"30","site_id":30}}}},"right":{"leaf":false,"id":133,"left":{"leaf":false,"id":131,"left":{"leaf":true,"id":19,"label":"19","site_id":19},"right":{"leaf":true,"id":25,"label":"25","site_id":25}},"right":{"leaf":true,"id":21,"label":"21","site_id":21}}},"right":{"leaf":false,"id":110,"left":{"leaf":true,"id":22,"label":"22","site_id":22},"right":{"leaf":true,"id":20,"label":"20","site_id":20}}},"right":{"leaf":true,"id":23,"label":"23","site_id":23}},"right":{"leaf":false,"id":180,"left":{"leaf":false,"id":112,"left":{"leaf":true,"id":95,"label":"95","site_id":95},"right":{"leaf":true,"id":91,"label":"91","site_id":91}},"right":{"leaf":false,"id":178,"left":{"leaf":true,"id":2,"label":"2","site_id":2},"right":{"leaf":false,"id":159,"left":{"leaf":true,"id":27,"label":"27","site_id":27},"right":{"leaf":false,"id":156,"left":{"leaf":false,"id":100,"left":{"leaf":true,"id":29,"label":"29","site_id":29},"right":{"leaf":true,"id":24,"label":"24","site_id":24}},"right":{"leaf":true,"id":33,"label":"33","site_id":33}}}}}}}}},"right":{"leaf":false,"id":121,"left":{"leaf":true,"id":82,"label":"82","site_id":82},"right":{"leaf":true,"id":4,"label":"4","site_id":4}}},"right":{"leaf":false,"id":192,"left":{"leaf":false,"id":160,"left":{"leaf":false,"id":149,"left":{"leaf":false,"id":114,"left":{"leaf":true,"id":45,"label":"45","site_id":45},"right":{"leaf":true,"id":35,"label":"35","site_id":35}},"right":{"leaf":true,"id":72,"label":"72","site_id":72}},"right":{"leaf":false,"id":135,"left":{"leaf":true,"id":44,"label":"44","site_id":44},"right":{"leaf":true,"id":57,"label":"57","site_id":57}}},"right":{"leaf":false,"id":176,"left":{"leaf":false,"id":175,"left":{"leaf":false,"id":134,"left":{"leaf":false,"id":119,"left":{"leaf":true,"id":51,"label":"51","site_id":51},"right":{"leaf":false,"id":107,"left":{"leaf":true,"id":59,"label":"59","site_id":59},"right":{"leaf":true,"id":50,"label":"50","site_id":50}}},"right":{"leaf":true,"id":38,"label":"38","site_id":38}},"right":{"leaf":false,"id":173,"left":{"leaf":false,"id":154,"left":{"leaf":true,"id":60,"label":"60","site_id":60},"right":{"leaf":false,"id":147,"left":{"leaf":false,"id":143,"left":{"leaf":true,"id":56,"label":"56","site_id":56},"right":{"leaf":true,"id":55,"label":"55","site_id":55}},"right":{"leaf":true,"id":37,"label":"37","site_id":37}}},"right":{"leaf":true,"id":40,"label":"40","site_id":40}}},"right":{"leaf":false,"id":174,"left":{"leaf":false,"id":125,"left":{"leaf":true,"id":68,"label":"68","site_id":68},"right":{"leaf":true,"id":67,"label":"67","site_id":67}},"right":{"leaf":true,"id":70,"label":"70","site_id":70}}}}}},"num_sites":100,"sites":[{"x":17.74898156448093,"y":147.01555655691322,"cluster":1},{"x":18.88372042186065,"y":146.56009411025374,"cluster":1},{"x":27.39453829290465,"y":148.26099235896095,"cluster":1},{"x":33.39345736752856,"y":153.92974794752158,"cluster":1},{"x":39.4940280522278,"y":159.99548719900125,"cluster":1},{"x":40.59821777591078,"y":155.42884446043,"cluster":1},{"x":46.07388810970643,"y":160.389667835859,"cluster":1},{"x":52.67588874740471,"y":162.75135145468317,"cluster":1},{"x":56.679168083591854,"y":158.35573736513695,"cluster":1},{"x":62.94894213883862,"y":155.89526242539776,"cluster":1},{"x":67.36732634096842,"y":158.2933278150522,"cluster":1},{"x":73.08507409839739,"y":156.57200361786155,"cluster":1},{"x":70.95714796295611,"y":151.96048502801492,"cluster":1},{"x":77.56242817290286,"y":147.0971958523433,"cluster":1},{"x":83.11392995003092,"y":145.0422204830523,"cluster":1},{"x":89.66771093243055,"y":140.515862185059,"cluster":1},{"x":91.09685571317327,"y":138.32281181956736,"cluster":1},{"x":93.63382284666784,"y":139.10022740792442,"cluster":1},{"x":101.90075785934889,"y":133.47355863519914,"cluster":1},{"x":103.28947539979093,"y":135.91446466794693,"cluster":1},{"x":110.46513634384793,"y":130.6385528483563,"cluster":1},{"x":117.43617314123698,"y":124.91989104390372,"cluster":1},{"x":115.21237148789322,"y":122.13469855620096,"cluster":1},{"x":127.2702523598031,"y":117.14462835000633,"cluster":1},{"x":125.10319300248214,"y":115.04067740991421,"cluster":1},{"x":134.7592988025256,"y":114.02870365076865,"cluster":1},{"x":135.3698381153832,"y":115.70485713854539,"cluster":1},{"x":146.49108492674847,"y":113.74558545118856,"cluster":1},{"x":144.4131123749145,"y":116.46236085270975,"cluster":1},{"x":153.42658715220986,"y":120.73993911447914,"cluster":1},{"x":154.85246030552824,"y":116.66930043298262,"cluster":1},{"x":158.42691351689527,"y":114.45842358952345,"cluster":1},{"x":162.98737271254032,"y":119.37214739765145,"cluster":1},{"x":167.07221599273987,"y":115.39086306060966,"cluster":1},{"x":177.89477663219182,"y":112.88350519800234,"cluster":1},{"x":178.2925979165868,"y":111.03828011001987,"cluster":1},{"x":182.11520164916962,"y":107.54241229506006,"cluster":1},{"x":189.20186683409474,"y":107.79701978299694,"cluster":1},{"x":190.74577851419426,"y":109.96314862545816,"cluster":1},{"x":203.05852258868816,"y":111.94008237059859,"cluster":1},{"x":199.77537443362203,"y":118.89260363186942,"cluster":1},{"x":210.77113243195762,"y":117.75468424288871,"cluster":1},{"x":208.944625075881,"y":123.1859167537005,"cluster":1},{"x":217.78156847651448,"y":127.13417838942871,"cluster":1},{"x":225.5381578284943,"y":133.3931999481815,"cluster":1},{"x":226.53103513934667,"y":136.6114418924483,"cluster":1},{"x":233.24473753747907,"y":139.1855353746296,"cluster":1},{"x":239.66634560660296,"y":143.27845153422888,"cluster":1},{"x":238.3124236983718,"y":144.45409472389954,"cluster":1},{"x":249.8916303771916,"y":148.90836839498996,"cluster":1},{"x":249.89672374295364,"y":150.0,"cluster":1},{"x":258.3319983909131,"y":156.22103371319105,"cluster":1},{"x":262.5239374566753,"y":152.6186967940815,"cluster":1},{"x":264.3175366823099,"y":146.45408286658326,"cluster":1},{"x":266.2337139984133,"y":151.85606008186514,"cluster":1},{"x":272.2994737841129,"y":155.1701412484238,"cluster":1},{"x":281.6035431163126,"y":162.10362739675475,"cluster":1},{"x":280.674587450606,"y":162.7205652876933,"cluster":1},{"x":290.47165756497617,"y":163.56364811623655,"cluster":1},{"x":287.3986286917263,"y":164.4670127325125,"cluster":1},{"x":296.959120195131,"y":166.21549567084335,"cluster":1},{"x":303.84707412489985,"y":167.2843773205312,"cluster":1},{"x":304.0334768402483,"y":170.50344613452984,"cluster":1},{"x":314.68855434251736,"y":177.10922850499563,"cluster":1},{"x":316.8035083286049,"y":177.87792589348334,"cluster":1},{"x":315.37152019655935,"y":178.47269111763552,"cluster":1},{"x":326.41882411658554,"y":176.04815948642286,"cluster":1},{"x":333.50396440051844,"y":181.67755238043725,"cluster":1},{"x":337.96030282146813,"y":187.27593368282547,"cluster":1},{"x":338.5580722750966,"y":190.20851940982715,"cluster":1},{"x":342.6553170671361,"y":193.67515296388865,"cluster":1},{"x":344.9127084354726,"y":193.56504401922612,"cluster":1},{"x":355.32753737343285,"y":192.584241597362,"cluster":1},{"x":360.7250028732597,"y":186.7109081954939,"cluster":1},{"x":359.95485048339617,"y":192.8032432528078,"cluster":1},{"x":368.3729851079978,"y":187.3871076994486,"cluster":1},{"x":375.63440901743814,"y":192.50972195939318,"cluster":1},{"x":372.9302703617871,"y":191.48631957118852,"cluster":1},{"x":376.26283095188796,"y":195.49477351057777,"cluster":1},{"x":385.8967651920796,"y":202.18624499115012,"cluster":1},{"x":392.45034378344985,"y":197.86745686628194,"cluster":1},{"x":390.48504739720283,"y":193.77497351562317,"cluster":1},{"x":396.79204301561134,"y":194.1333300034626,"cluster":1},{"x":404.4199646463365,"y":188.30907667073572,"cluster":1},{"x":408.68353061147786,"y":193.85650105613593,"cluster":1},{"x":414.0952523458685,"y":194.68379389777363,"cluster":1},{"x":421.65674989374236,"y":197.52927264196785,"cluster":1},{"x":421.34348690761817,"y":199.49182724356845,"cluster":1},{"x":429.21860710124474,"y":204.81141032815458,"cluster":1},{"x":433.48436359753606,"y":200.19072912340047,"cluster":1},{"x":436.311696566246,"y":197.70961850078476,"cluster":1},{"x":437.43926499004044,"y":201.60846712230438,"cluster":1},{"x":443.1619012731028,"y":200.9554360121509,"cluster":1},{"x":450.482690023637,"y":200.61863736591053,"cluster":1},{"x":456.54163831955196,"y":197.46344090797263,"cluster":1},{"x":457.99254035858604,"y":192.96412528593905,"cluster":1},{"x":468.6914570351429,"y":197.71610306129162,"cluster":1},{"x":469.4346627656517,"y":200.57400008634443,"cluster":1},{"x":477.98626122864346,"y":194.01607653285785,"cluster":1},{"x":475.0671804746009,"y":200.85953236964622,"cluster":1}],"num_clusters":0}