{"title":"coast-n45-r5-s-712664548879472683445","map_width":500,"map_height":300,"num_leaves":45,"tree":{"leaf":false,"id":88,"left":{"leaf":false,"id":85,"left":{"leaf":false,"id":84,"left":{"leaf":false,"id":82,"left":{"leaf":false,"id":81,"left":{"leaf":false,"id":73,"left":{"leaf":true,"id":43,"label":"43","site_id":43},"right":{"leaf":false,"id":67,"left":{"leaf":true,"id":30,"label":"30","site_id":30},"right":{"leaf":false,"id":56,"left":{"leaf":true,"id":29,"label":"29","site_id":29},"right":{"leaf":true,"id":24,"label":"24","site_id":24}}}},"right":{"leaf":false,"id":79,"left":{"leaf":false,"id":76,"left":{"leaf":false,"id":59,"left":{"leaf":true,"id":40,"label":"40","site_id":40},"right":{"leaf":false,"id":58,"left":{"leaf":true,"id":41,"label":"41","site_id":41},"right":{"leaf":true,"id":39,"label":"39","site_id":39}}},"right":{"leaf":false,"id":72,"left":{"leaf":false,"id":45,"left":{"leaf":true,"id":16,"label":"16","site_id":16},"right":{"leaf":true,"id":36,"label":"36","site_id":36}},"right":{"leaf":false,"id":52,"left":{"leaf":true,"id":44,"label":"44","site_id":44},"right":{"leaf":true,"id":13,"label":"13","site_id":13}}}},"right":{"leaf":false,"id":65,"left":{"leaf":false,"id":62,"left":{"leaf":true,"id":34,"label":"34","site_id":34},"right":{"leaf":false,"id":53,"left":{"leaf":false,"id":47,"left":{"leaf":true,"id":42,"label":"42","site_id":42},"right":{"leaf":true,"id":28,"label":"28","site_id":28}},"right":{"leaf":false,"id":46,"left":{"leaf":true,"id":32,"label":"32","site_id":32},"right":{"leaf":true,"id":31,"label":"31","site_id":31}}}},"right":{"leaf":true,"id":25,"label":"25","site_id":25}}}},"right":{"leaf":false,"id":77,"left":{"leaf":true,"id":37,"label":"37","site_id":37},"right":{"leaf":false,"id":48,"left":{"leaf":true,"id":7,"label":"7","site_id":7},"right":{"leaf":true,"id":10,"label":"10","site_id":10}}}},"right":{"leaf":false,"id":78,"left":{"leaf":true,"id":18,"label":"18","site_id":18},"right":{"leaf":false,"id":69,"left":{"leaf":true,"id":5,"label":"5","site_id":5},"right":{"leaf":true,"id":33,"label":"33","site_id":33}}}},"right":{"leaf":false,"id":70,"left":{"leaf":false,"id":50,"left":{"leaf":true,"id":35,"label":"35","site_id":35},"right":{"leaf":true,"id":20,"label":"20","site_id":20}},"right":{"leaf":false,"id":66,"left":{"leaf":false,"id":60,"left":{"leaf":true,"id":21,"label":"21","site_id":21},"right":{"leaf":true,"id":27,"label":"27","site_id":27}},"right":{"leaf":false,"id":64,"left":{"leaf":true,"id":22,"label":"22","site_id":22},"right":{"leaf":true,"id":23,"label":"23","site_id":23}}}}},"right":{"leaf":false,"id":87,"left":{"leaf":false,"id":86,"left":{"leaf":false,"id":49,"left":{"leaf":true,"id":15,"label":"15","site_id":15},"right":{"leaf":true,"id":17,"label":"17","site_id":17}},"right":{"leaf":false,"id":80,"left":{"leaf":false,"id":71,"left":{"leaf":false,"id":54,"left":{"leaf":true,"id":12,"label":"12","site_id":12},"right":{"leaf":true,"id":19,"label":"19","site_id":19}},"right":{"leaf":false,"id":51,"left":{"leaf":true,"id":14,"label":"14","site_id":14},"right":{"leaf":true,"id":8,"label":"8","site_id":8}}},"right":{"leaf":false,"id":68,"left":{"leaf":false,"id":55,"left":{"leaf":true,"id":38,"label":"38","site_id":38},"right":{"leaf":true,"id":4,"label":"4","site_id":4}},"right":{"leaf":true,"id":26,"label":"26","site_id":26}}}},"right":{"leaf":false,"id":83,"left":{"leaf":true,"id":9,"label":"9","site_id":9},"right":{"leaf":false,"id":75,"left":{"leaf":true,"id":0,"label":"0","site_id":0},"right":{"leaf":false,"id":74,"left":{"leaf":false,"id":63,"left":{"leaf":true,"id":1,"label":"1","site_id":1},"right":{"leaf":true,"id":3,"label":"3","site_id":3}},"right":{"leaf":false,"id":61,"left":{"leaf":false,"id":57,"left":{"leaf":true,"id":11,"label":"11","site_id":11},"right":{"leaf":true,"id":6,"label":"6","site_id":6}},"right":{"leaf":true,"id":2,"label":"2","site_id":2}}}}}}},"num_sites":45,"sites":[{"x":18.896103938609585,"y":186.56503832858544,"cluster":1},{"x":30.911014761896816,"y":189.1009818101583,"cluster":1},{"x":31.291307634953064,"y":176.09952762651068,"cluster":1},{"x":59.2694399430881,"y":184.30243927761975,"cluster":1},{"x":68.07996943839696,"y":182.7813325246811,"cluster":1},{"x":66.87041474371416,"y":175.4495916963836,"cluster":1},{"x":76.67137799234986,"y":183.48072644687258,"cluster":1},{"x":99.84584672766223,"y":174.42996305357914,"cluster":1},{"x":99.8526585214868,"y":163.0726264630004,"cluster":1},{"x":114.38105503990124,"y":162.31797428511956,"cluster":1},{"x":121.88332956864494,"y":155.2563290833358,"cluster":1},{"x":138.46958056880527,"y":160.1667281289732,"cluster":1},{"x":148.49405307198032,"y":173.99602374476663,"cluster":1},{"x":149.10050303935768,"y":178.64573609108157,"cluster":1},{"x":162.97810431690706,"y":190.84529389870923,"cluster":1},{"x":178.57371179357943,"y":185.56500578665978,"cluster":1},{"x":181.38911819612562,"y":174.56340195945828,"cluster":1},{"x":190.7949608116661,"y":162.14907753139266,"cluster":1},{"x":196.90621805420753,"y":152.39190658322585,"cluster":1},{"x":210.16792789168275,"y":146.22297331193244,"cluster":1},{"x":230.0115835461836,"y":138.47942715794846,"cluster":1},{"x":226.01650299293829,"y":144.50939083800654,"cluster":1},{"x":234.68018560310426,"y":150.0,"cluster":1},{"x":245.83072881154007,"y":164.2104926890577,"cluster":1},{"x":266.3184305336026,"y":177.89573099946963,"cluster":1},{"x":267.52179336386445,"y":166.65289485249718,"cluster":1},{"x":283.85898339040455,"y":160.1523644612045,"cluster":1},{"x":292.00165447387826,"y":152.8325705264499,"cluster":1},{"x":303.03513391663535,"y":158.66088558370876,"cluster":1},{"x":306.7100182965084,"y":155.72069777573898,"cluster":1},{"x":330.050632710792,"y":155.58038593678182,"cluster":1},{"x":346.00108387497716,"y":154.3402347600401,"cluster":1},{"x":351.9819251065838,"y":164.9223438256456,"cluster":1},{"x":353.24714607841815,"y":175.41601333913644,"cluster":1},{"x":367.8888998347766,"y":170.1705624580997,"cluster":1},{"x":375.42045885856373,"y":163.76033041263156,"cluster":1},{"x":381.5788382080583,"y":166.2964000832054,"cluster":1},{"x":406.21872772208235,"y":166.98846469761813,"cluster":1},{"x":403.7212742807001,"y":177.65533663536837,"cluster":1},{"x":410.50378110359406,"y":175.37697005836105,"cluster":1},{"x":422.24523034042835,"y":184.70692083257876,"cluster":1},{"x":440.9873032485118,"y":187.82284479356636,"cluster":1},{"x":450.8104073839653,"y":196.1717179887929,"cluster":1},{"x":452.8756345460568,"y":192.69121151766726,"cluster":1},{"x":478.00168802641645,"y":185.96916137450657,"cluster":1}],"num_clusters":0}