{"title":"coast-n10-r9-s-154497081789681032410","map_width":500,"map_height":300,"num_leaves":10,"tree":{"leaf":false,"id":18,"left":{"leaf":false,"id":17,"left":{"leaf":false,"id":16,"left":{"leaf":true,"id":2,"label":"2","site_id":2},"right":{"leaf":false,"id":13,"left":{"leaf":false,"id":12,"left":{"leaf":true,"id":7,"label":"7","site_id":7},"right":{"leaf":true,"id":6,"label":"6","site_id":6}},"right":{"leaf":false,"id":10,"left":{"leaf":true,"id":9,"label":"9","site_id":9},"right":{"leaf":true,"id":8,"label":"8","site_id":8}}}},"right":{"leaf":true,"id":4,"label":"4","site_id":4}},"right":{"leaf":false,"id":15,"left":{"leaf":true,"id":0,"label":"0","site_id":0},"right":{"leaf":false,"id":14,"left":{"leaf":false,"id":11,"left":{"leaf":true,"id":3,"label":"3","site_id":3},"right":{"leaf":true,"id":1,"label":"1","site_id":1}},"right":{"leaf":true,"id":5,"label":"5","site_id":5}}}},"num_sites":10,"sites":[{"x":27.315683393313904,"y":47.81408850361662,"cluster":1},{"x":55.68401643159085,"y":32.1929436253743,"cluster":1},{"x":157.876297572018,"y":83.10933421962388,"cluster":1},{"x":122.61888776762574,"y":90.6780379938967,"cluster":1},{"x":249.9607389272002,"y":104.48176016851178,"cluster":1},{"x":252.61472269946628,"y":150.0,"cluster":1},{"x":325.61150041889056,"y":100.99464503746864,"cluster":1},{"x":375.2828014497673,"y":73.83265745123612,"cluster":1},{"x":407.43242070822333,"y":16.12259702572738,"cluster":1},{"x":405.33739947552493,"y":20.1091754112122,"cluster":1}],"num_clusters":0}