{"title":"coast-n60-r3-s837995175664961046960","map_width":500,"map_height":300,"num_leaves":60,"tree":{"leaf":false,"id":118,"left":{"leaf":false,"id":116,"left":{"leaf":false,"id":115,"left":{"leaf":false,"id":114,"left":{"leaf":false,"id":107,"left":{"leaf":false,"id":92,"left":{"leaf":true,"id":6,"label":"6","site_id":6},"right":{"leaf":false,"id":91,"left":{"leaf":false,"id":63,"left":{"leaf":false,"id":60,"left":{"leaf":true,"id":2,"label":"2","site_id":2},"right":{"leaf":true,"id":8,"label":"8","site_id":8}},"right":{"leaf":true,"id":12,"label":"12","site_id":12}},"right":{"leaf":true,"id":10,"label":"10","site_id":10}}},"right":{"leaf":true,"id":52,"label":"52","site_id":52}},"right":{"leaf":false,"id":113,"left":{"leaf":false,"id":102,"left":{"leaf":false,"id":89,"left":{"leaf":true,"id":21,"label":"21","site_id":21},"right":{"leaf":false,"id":83,"left":{"leaf":true,"id":19,"label":"19","site_id":19},"right":{"leaf":false,"id":82,"left":{"leaf":true,"id":7,"label":"7","site_id":7},"right":{"leaf":true,"id":32,"label":"32","site_id":32}}}},"right":{"leaf":false,"id":100,"left":{"leaf":false,"id":95,"left":{"leaf":true,"id":3,"label":"3","site_id":3},"right":{"leaf":true,"id":1,"label":"1","site_id":1}},"right":{"leaf":false,"id":87,"left":{"leaf":false,"id":76,"left":{"leaf":true,"id":24,"label":"24","site_id":24},"right":{"leaf":true,"id":35,"label":"35","site_id":35}},"right":{"leaf":true,"id":39,"label":"39","site_id":39}}}},"right":{"leaf":false,"id":97,"left":{"leaf":false,"id":79,"left":{"leaf":false,"id":65,"left":{"leaf":true,"id":18,"label":"18","site_id":18},"right":{"leaf":true,"id":17,"label":"17","site_id":17}},"right":{"leaf":false,"id":75,"left":{"leaf":true,"id":5,"label":"5","site_id":5},"right":{"leaf":false,"id":71,"left":{"leaf":true,"id":4,"label":"4","site_id":4},"right":{"leaf":true,"id":42,"label":"42","site_id":42}}}},"right":{"leaf":true,"id":36,"label":"36","site_id":36}}}},"right":{"leaf":false,"id":110,"left":{"leaf":false,"id":105,"left":{"leaf":false,"id":104,"left":{"leaf":true,"id":46,"label":"46","site_id":46},"right":{"leaf":false,"id":93,"left":{"leaf":true,"id":31,"label":"31","site_id":31},"right":{"leaf":true,"id":38,"label":"38","site_id":38}}},"right":{"leaf":false,"id":103,"left":{"leaf":false,"id":78,"left":{"leaf":true,"id":9,"label":"9","site_id":9},"right":{"leaf":false,"id":77,"left":{"leaf":true,"id":20,"label":"20","site_id":20},"right":{"leaf":true,"id":13,"label":"13","site_id":13}}},"right":{"leaf":false,"id":101,"left":{"leaf":false,"id":88,"left":{"leaf":true,"id":50,"label":"50","site_id":50},"right":{"leaf":false,"id":62,"left":{"leaf":true,"id":16,"label":"16","site_id":16},"right":{"leaf":true,"id":22,"label":"22","site_id":22}}},"right":{"leaf":false,"id":98,"left":{"leaf":false,"id":85,"left":{"leaf":true,"id":15,"label":"15","site_id":15},"right":{"leaf":true,"id":44,"label":"44","site_id":44}},"right":{"leaf":false,"id":96,"left":{"leaf":true,"id":56,"label":"56","site_id":56},"right":{"leaf":true,"id":0,"label":"0","site_id":0}}}}}},"right":{"leaf":false,"id":106,"left":{"leaf":false,"id":99,"left":{"leaf":false,"id":94,"left":{"leaf":false,"id":73,"left":{"leaf":false,"id":68,"left":{"leaf":true,"id":23,"label":"23","site_id":23},"right":{"leaf":true,"id":37,"label":"37","site_id":37}},"right":{"leaf":true,"id":48,"label":"48","site_id":48}},"right":{"leaf":true,"id":45,"label":"45","site_id":45}},"right":{"leaf":false,"id":84,"left":{"leaf":true,"id":11,"label":"11","site_id":11},"right":{"leaf":true,"id":40,"label":"40","site_id":40}}},"right":{"leaf":false,"id":90,"left":{"leaf":false,"id":70,"left":{"leaf":true,"id":29,"label":"29","site_id":29},"right":{"leaf":false,"id":69,"left":{"leaf":true,"id":30,"label":"30","site_id":30},"right":{"leaf":true,"id":43,"label":"43","site_id":43}}},"right":{"leaf":false,"id":86,"left":{"leaf":true,"id":33,"label":"33","site_id":33},"right":{"leaf":false,"id":67,"left":{"leaf":false,"id":61,"left":{"leaf":true,"id":26,"label":"26","site_id":26},"right":{"leaf":true,"id":34,"label":"34","site_id":34}},"right":{"leaf":true,"id":41,"label":"41","site_id":41}}}}}}},"right":{"leaf":false,"id":81,"left":{"leaf":true,"id":25,"label":"25","site_id":25},"right":{"leaf":false,"id":72,"left":{"leaf":true,"id":28,"label":"28","site_id":28},"right":{"leaf":true,"id":14,"label":"14","site_id":14}}}},"right":{"leaf":false,"id":117,"left":{"leaf":false,"id":112,"left":{"leaf":false,"id":80,"left":{"leaf":false,"id":64,"left":{"leaf":true,"id":47,"label":"47","site_id":47},"right":{"leaf":true,"id":49,"label":"49","site_id":49}},"right":{"leaf":true,"id":53,"label":"53","site_id":53}},"right":{"leaf":false,"id":108,"left":{"leaf":true,"id":54,"label":"54","site_id":54},"right":{"leaf":true,"id":55,"label":"55","site_id":55}}},"right":{"leaf":false,"id":111,"left":{"leaf":true,"id":51,"label":"51","site_id":51},"right":{"leaf":false,"id":109,"left":{"leaf":false,"id":74,"left":{"leaf":true,"id":58,"label":"58","site_id":58},"right":{"leaf":false,"id":66,"left":{"leaf":true,"id":57,"label":"57","site_id":57},"right":{"leaf":true,"id":59,"label":"59","site_id":59}}},"right":{"leaf":true,"id":27,"label":"27","site_id":27}}}}},"num_sites":60,"sites":[{"x":20.71837080176345,"y":168.04038347952957,"cluster":1},{"x":19.63786161511874,"y":162.21320508824545,"cluster":1},{"x":38.794749548789056,"y":150.71712340625476,"cluster":1},{"x":37.927598209822264,"y":160.59976330101892,"cluster":1},{"x":54.49708342401614,"y":156.23542023170327,"cluster":1},{"x":64.3618671565692,"y":151.1390153003295,"cluster":1},{"x":66.5313353750312,"y":162.17543275172955,"cluster":1},{"x":66.07187486120912,"y":157.89989040999131,"cluster":1},{"x":80.30954884426606,"y":157.5035753587052,"cluster":1},{"x":95.8629183761544,"y":162.26829218848155,"cluster":1},{"x":89.91644058673712,"y":157.64450044715343,"cluster":1},{"x":108.95343853157104,"y":158.65550114245863,"cluster":1},{"x":108.61963138175696,"y":148.17412013619116,"cluster":1},{"x":126.4520195495245,"y":150.98392928364734,"cluster":1},{"x":132.85592662025383,"y":146.5728468760851,"cluster":1},{"x":130.96014111252566,"y":151.62076690001905,"cluster":1},{"x":135.4762944595597,"y":155.80038539593107,"cluster":1},{"x":154.74651907322513,"y":165.3669336293526,"cluster":1},{"x":156.66563512435275,"y":171.924280074427,"cluster":1},{"x":169.3702926354712,"y":162.0412760668351,"cluster":1},{"x":179.6186004600189,"y":160.0883591391849,"cluster":1},{"x":181.49292235316955,"y":160.0537530340122,"cluster":1},{"x":190.28998881093898,"y":153.6828136362435,"cluster":1},{"x":190.5776580323698,"y":149.9366694069362,"cluster":1},{"x":197.22215498393012,"y":151.9346786441209,"cluster":1},{"x":203.78189571831402,"y":141.64261352163223,"cluster":1},{"x":225.3694368711427,"y":140.02821216655576,"cluster":1},{"x":232.25503275378534,"y":137.11793496364447,"cluster":1},{"x":242.0472099702717,"y":135.21905820545297,"cluster":1},{"x":242.80475761875692,"y":139.8081892247978,"cluster":1},{"x":254.1314225652989,"y":150.0,"cluster":1},{"x":259.7615808923204,"y":160.99357487016,"cluster":1},{"x":263.7732606433939,"y":168.25716655992673,"cluster":1},{"x":276.53970067390725,"y":159.7015423774328,"cluster":1},{"x":275.31650820849774,"y":154.23827844879642,"cluster":1},{"x":295.20195378408914,"y":151.017397546122,"cluster":1},{"x":298.60886760791044,"y":147.78166179758642,"cluster":1},{"x":298.18132333844807,"y":155.3885795673159,"cluster":1},{"x":311.0436830802498,"y":151.50970067346094,"cluster":1},{"x":320.56200242349286,"y":140.85491834688142,"cluster":1},{"x":326.6107762916498,"y":148.1169205922415,"cluster":1},{"x":336.65827403734556,"y":149.4189201440646,"cluster":1},{"x":345.63046799382704,"y":153.95081751579602,"cluster":1},{"x":355.95314313599397,"y":156.38654876036543,"cluster":1},{"x":364.89710412789395,"y":153.70660970250475,"cluster":1},{"x":358.36163367741966,"y":162.46245907972525,"cluster":1},{"x":379.61443442644696,"y":153.04549257578924,"cluster":1},{"x":384.6106200485941,"y":154.04871462322845,"cluster":1},{"x":395.4999589228884,"y":162.65195240607852,"cluster":1},{"x":393.52658810402704,"y":152.39412108044672,"cluster":1},{"x":400.15635435974895,"y":149.72778797439307,"cluster":1},{"x":405.7940744792347,"y":146.80933220991318,"cluster":1},{"x":414.70326654777125,"y":148.65412210863985,"cluster":1},{"x":428.9513787803753,"y":152.55510499299297,"cluster":1},{"x":431.48243626657455,"y":151.88526027330883,"cluster":1},{"x":440.53896613744854,"y":140.58470116726966,"cluster":1},{"x":445.7811496136672,"y":134.69849644634274,"cluster":1},{"x":459.4594552311887,"y":133.59573976594365,"cluster":1},{"x":471.03113388742855,"y":127.45701711755538,"cluster":1},{"x":469.1367287577182,"y":127.07788827535039,"cluster":1}],"num_clusters":0}