{"title":"coast-n10-r5-s683656850607208011810","map_width":500,"map_height":300,"num_leaves":10,"tree":{"leaf":false,"id":18,"left":{"leaf":false,"id":16,"left":{"leaf":false,"id":15,"left":{"leaf":true,"id":2,"label":"2","site_id":2},"right":{"leaf":false,"id":14,"left":{"leaf":true,"id":0,"label":"0","site_id":0},"right":{"leaf":false,"id":10,"left":{"leaf":true,"id":5,"label":"5","site_id":5},"right":{"leaf":true,"id":4,"label":"4","site_id":4}}}},"right":{"leaf":true,"id":7,"label":"7","site_id":7}},"right":{"leaf":false,"id":17,"left":{"leaf":false,"id":11,"left":{"leaf":true,"id":6,"label":"6","site_id":6},"right":{"leaf":true,"id":8,"label":"8","site_id":8}},"right":{"leaf":false,"id":13,"left":{"leaf":true,"id":1,"label":"1","site_id":1},"right":{"leaf":false,"id":12,"left":{"leaf":true,"id":9,"label":"9","site_id":9},"right":{"leaf":true,"id":3,"label":"3","site_id":3}}}}},"num_sites":10,"sites":[{"x":34.5588863744717,"y":16.743646724981662,"cluster":1},{"x":74.21379235772228,"y":47.44042522850869,"cluster":1},{"x":108.11309338550461,"y":17.882366167290286,"cluster":1},{"x":170.31477685309298,"y":63.83597164206167,"cluster":1},{"x":220.7808102868228,"y":123.85428772352618,"cluster":1},{"x":226.5834557422316,"y":150.0,"cluster":1},{"x":265.5915171485721,"y":89.24305738585247,"cluster":1},{"x":376.0707206300192,"y":47.78299191401283,"cluster":1},{"x":384.64241143931827,"y":101.1014082184061,"cluster":1},{"x":394.15359710111846,"y":72.34386661365679,"cluster":1}],"num_clusters":0}