{"title":"coast-n50-r7-s655183197984946816050","map_width":500,"map_height":300,"num_leaves":50,"tree":{"leaf":false,"id":98,"left":{"leaf":false,"id":97,"left":{"leaf":false,"id":96,"left":{"leaf":false,"id":91,"left":{"leaf":true,"id":47,"label":"47","site_id":47},"right":{"leaf":false,"id":86,"left":{"leaf":false,"id":67,"left":{"leaf":false,"id":64,"left":{"leaf":false,"id":60,"left":{"leaf":true,"id":23,"label":"23","site_id":23},"right":{"leaf":false,"id":59,"left":{"leaf":true,"id":49,"label":"49","site_id":49},"right":{"leaf":true,"id":44,"label":"44","site_id":44}}},"right":{"leaf":true,"id":39,"label":"39","site_id":39}},"right":{"leaf":false,"id":56,"left":{"leaf":true,"id":40,"label":"40","site_id":40},"right":{"leaf":true,"id":38,"label":"38","site_id":38}}},"right":{"leaf":false,"id":84,"left":{"leaf":false,"id":72,"left":{"leaf":false,"id":53,"left":{"leaf":true,"id":11,"label":"11","site_id":11},"right":{"leaf":true,"id":13,"label":"13","site_id":13}},"right":{"leaf":false,"id":65,"left":{"leaf":false,"id":57,"left":{"leaf":true,"id":3,"label":"3","site_id":3},"right":{"leaf":true,"id":7,"label":"7","site_id":7}},"right":{"leaf":true,"id":48,"label":"48","site_id":48}}},"right":{"leaf":true,"id":19,"label":"19","site_id":19}}}},"right":{"leaf":false,"id":94,"left":{"leaf":false,"id":92,"left":{"leaf":false,"id":75,"left":{"leaf":false,"id":50,"left":{"leaf":true,"id":0,"label":"0","site_id":0},"right":{"leaf":true,"id":18,"label":"18","site_id":18}},"right":{"leaf":false,"id":73,"left":{"leaf":true,"id":5,"label":"5","site_id":5},"right":{"leaf":false,"id":69,"left":{"leaf":true,"id":15,"label":"15","site_id":15},"right":{"leaf":true,"id":8,"label":"8","site_id":8}}}},"right":{"leaf":true,"id":10,"label":"10","site_id":10}},"right":{"leaf":false,"id":93,"left":{"leaf":true,"id":32,"label":"32","site_id":32},"right":{"leaf":false,"id":88,"left":{"leaf":false,"id":68,"left":{"leaf":false,"id":62,"left":{"leaf":true,"id":35,"label":"35","site_id":35},"right":{"leaf":true,"id":30,"label":"30","site_id":30}},"right":{"leaf":false,"id":52,"left":{"leaf":true,"id":37,"label":"37","site_id":37},"right":{"leaf":true,"id":28,"label":"28","site_id":28}}},"right":{"leaf":true,"id":46,"label":"46","site_id":46}}}}},"right":{"leaf":false,"id":90,"left":{"leaf":false,"id":82,"left":{"leaf":false,"id":81,"left":{"leaf":false,"id":78,"left":{"leaf":true,"id":33,"label":"33","site_id":33},"right":{"leaf":false,"id":58,"left":{"leaf":true,"id":29,"label":"29","site_id":29},"right":{"leaf":true,"id":34,"label":"34","site_id":34}}},"right":{"leaf":false,"id":80,"left":{"leaf":false,"id":51,"left":{"leaf":true,"id":21,"label":"21","site_id":21},"right":{"leaf":true,"id":27,"label":"27","site_id":27}},"right":{"leaf":false,"id":74,"left":{"leaf":false,"id":71,"left":{"leaf":true,"id":12,"label":"12","site_id":12},"right":{"leaf":true,"id":14,"label":"14","site_id":14}},"right":{"leaf":true,"id":6,"label":"6","site_id":6}}}},"right":{"leaf":false,"id":77,"left":{"leaf":false,"id":66,"left":{"leaf":false,"id":61,"left":{"leaf":true,"id":20,"label":"20","site_id":20},"right":{"leaf":true,"id":24,"label":"24","site_id":24}},"right":{"leaf":true,"id":22,"label":"22","site_id":22}},"right":{"leaf":false,"id":63,"left":{"leaf":true,"id":17,"label":"17","site_id":17},"right":{"leaf":true,"id":25,"label":"25","site_id":25}}}},"right":{"leaf":false,"id":89,"left":{"leaf":false,"id":87,"left":{"leaf":true,"id":31,"label":"31","site_id":31},"right":{"leaf":false,"id":76,"left":{"leaf":false,"id":55,"left":{"leaf":false,"id":54,"left":{"leaf":true,"id":1,"label":"1","site_id":1},"right":{"leaf":true,"id":4,"label":"4","site_id":4}},"right":{"leaf":true,"id":2,"label":"2","site_id":2}},"right":{"leaf":false,"id":70,"left":{"leaf":true,"id":45,"label":"45","site_id":45},"right":{"leaf":true,"id":43,"label":"43","site_id":43}}}},"right":{"leaf":false,"id":85,"left":{"leaf":false,"id":83,"left":{"leaf":true,"id":26,"label":"26","site_id":26},"right":{"leaf":true,"id":16,"label":"16","site_id":16}},"right":{"leaf":true,"id":9,"label":"9","site_id":9}}}}},"right":{"leaf":false,"id":95,"left":{"leaf":false,"id":79,"left":{"leaf":true,"id":41,"label":"41","site_id":41},"right":{"leaf":true,"id":42,"label":"42","site_id":42}},"right":{"leaf":true,"id":36,"label":"36","site_id":36}}},"num_sites":50,"sites":[{"x":15.123782261748481,"y":128.6956673025008,"cluster":1},{"x":31.937164384313654,"y":126.45133090120925,"cluster":1},{"x":32.26735660778958,"y":139.24369552010262,"cluster":1},{"x":54.71984954295695,"y":128.85113599727254,"cluster":1},{"x":47.451460606851725,"y":132.02648473550204,"cluster":1},{"x":67.54386793805419,"y":134.77315512643858,"cluster":1},{"x":77.54599609683174,"y":121.46650240172315,"cluster":1},{"x":90.19604071690782,"y":134.92601917346062,"cluster":1},{"x":99.71492462847095,"y":131.92353985191264,"cluster":1},{"x":107.34015441740148,"y":121.16079174682388,"cluster":1},{"x":105.92984120129,"y":126.64442889540756,"cluster":1},{"x":118.28771053165895,"y":124.87568019676964,"cluster":1},{"x":130.30009010363,"y":131.79689478691625,"cluster":1},{"x":145.2865569372868,"y":131.57689948312884,"cluster":1},{"x":150.78385175838193,"y":126.8762412248287,"cluster":1},{"x":155.35498412244476,"y":133.80253644656557,"cluster":1},{"x":170.1359136595383,"y":127.91491547251154,"cluster":1},{"x":174.39627589269145,"y":140.20635981848847,"cluster":1},{"x":190.71330575250462,"y":135.7180571805223,"cluster":1},{"x":190.56223032856593,"y":127.45802969254045,"cluster":1},{"x":203.1919643281662,"y":140.3098741551315,"cluster":1},{"x":218.1368610185198,"y":148.20528058098753,"cluster":1},{"x":219.05523314643895,"y":136.51037628687288,"cluster":1},{"x":229.88503509248994,"y":135.07073604107478,"cluster":1},{"x":244.65069572186414,"y":139.96801359544213,"cluster":1},{"x":241.12597654981104,"y":150.0,"cluster":1},{"x":263.873374810104,"y":142.46869580555844,"cluster":1},{"x":262.6341526418238,"y":153.38618621411203,"cluster":1},{"x":279.62708158661724,"y":165.2486479490176,"cluster":1},{"x":292.7045794344539,"y":161.945696873554,"cluster":1},{"x":298.2936690238108,"y":169.59828365924585,"cluster":1},{"x":300.89354062207553,"y":180.46741221546958,"cluster":1},{"x":322.4167253350258,"y":178.63021954417943,"cluster":1},{"x":328.5189527734636,"y":188.61529964185002,"cluster":1},{"x":329.11148008760927,"y":178.3664781529095,"cluster":1},{"x":336.16059845234105,"y":167.49531070834553,"cluster":1},{"x":344.86005691494273,"y":171.90864061404523,"cluster":1},{"x":353.3703427373814,"y":168.01108394497217,"cluster":1},{"x":377.75441848500697,"y":167.8786972854272,"cluster":1},{"x":379.7543550371048,"y":167.6705152038107,"cluster":1},{"x":379.8698559501601,"y":172.8468017203523,"cluster":1},{"x":404.3701593772274,"y":168.93408526264918,"cluster":1},{"x":411.2472242685452,"y":158.5852943912112,"cluster":1},{"x":424.3530040558135,"y":163.48809772468312,"cluster":1},{"x":419.6675301198147,"y":174.8707937220882,"cluster":1},{"x":436.1261452407527,"y":186.65157286420333,"cluster":1},{"x":445.4033169924976,"y":186.14195271149302,"cluster":1},{"x":446.57975295912786,"y":198.09308492075013,"cluster":1},{"x":460.6438477670772,"y":184.2955447334507,"cluster":1},{"x":480.3678537245186,"y":189.9319585035816,"cluster":1}],"num_clusters":0}