{"title":"coast-n40-r8-s-738463083501249760340","map_width":500,"map_height":300,"num_leaves":40,"tree":{"leaf":false,"id":78,"left":{"leaf":false,"id":68,"left":{"leaf":true,"id":21,"label":"21","site_id":21},"right":{"leaf":false,"id":44,"left":{"leaf":true,"id":13,"label":"13","site_id":13},"right":{"leaf":true,"id":26,"label":"26","site_id":26}}},"right":{"leaf":false,"id":77,"left":{"leaf":false,"id":71,"left":{"leaf":false,"id":70,"left":{"leaf":false,"id":66,"left":{"leaf":false,"id":64,"left":{"leaf":true,"id":35,"label":"35","site_id":35},"right":{"leaf":false,"id":56,"left":{"leaf":true,"id":28,"label":"28","site_id":28},"right":{"leaf":false,"id":47,"left":{"leaf":false,"id":45,"left":{"leaf":true,"id":23,"label":"23","site_id":23},"right":{"leaf":true,"id":37,"label":"37","site_id":37}},"right":{"leaf":true,"id":29,"label":"29","site_id":29}}}},"right":{"leaf":false,"id":65,"left":{"leaf":false,"id":63,"left":{"leaf":false,"id":62,"left":{"leaf":true,"id":22,"label":"22","site_id":22},"right":{"leaf":true,"id":19,"label":"19","site_id":19}},"right":{"leaf":false,"id":50,"left":{"leaf":true,"id":24,"label":"24","site_id":24},"right":{"leaf":false,"id":46,"left":{"leaf":true,"id":0,"label":"0","site_id":0},"right":{"leaf":true,"id":34,"label":"34","site_id":34}}}},"right":{"leaf":true,"id":25,"label":"25","site_id":25}}},"right":{"leaf":false,"id":52,"left":{"leaf":true,"id":32,"label":"32","site_id":32},"right":{"leaf":true,"id":27,"label":"27","site_id":27}}},"right":{"leaf":false,"id":60,"left":{"leaf":false,"id":53,"left":{"leaf":true,"id":18,"label":"18","site_id":18},"right":{"leaf":false,"id":41,"left":{"leaf":true,"id":15,"label":"15","site_id":15},"right":{"leaf":true,"id":14,"label":"14","site_id":14}}},"right":{"leaf":false,"id":58,"left":{"leaf":false,"id":54,"left":{"leaf":true,"id":12,"label":"12","site_id":12},"right":{"leaf":false,"id":40,"left":{"leaf":true,"id":10,"label":"10","site_id":10},"right":{"leaf":true,"id":6,"label":"6","site_id":6}}},"right":{"leaf":true,"id":9,"label":"9","site_id":9}}}},"right":{"leaf":false,"id":76,"left":{"leaf":false,"id":69,"left":{"leaf":false,"id":51,"left":{"leaf":true,"id":39,"label":"39","site_id":39},"right":{"leaf":false,"id":43,"left":{"leaf":true,"id":33,"label":"33","site_id":33},"right":{"leaf":true,"id":31,"label":"31","site_id":31}}},"right":{"leaf":false,"id":57,"left":{"leaf":true,"id":30,"label":"30","site_id":30},"right":{"leaf":false,"id":55,"left":{"leaf":true,"id":38,"label":"38","site_id":38},"right":{"leaf":true,"id":36,"label":"36","site_id":36}}}},"right":{"leaf":false,"id":75,"left":{"leaf":false,"id":61,"left":{"leaf":true,"id":3,"label":"3","site_id":3},"right":{"leaf":true,"id":1,"label":"1","site_id":1}},"right":{"leaf":false,"id":74,"left":{"leaf":false,"id":67,"left":{"leaf":false,"id":49,"left":{"leaf":true,"id":5,"label":"5","site_id":5},"right":{"leaf":false,"id":42,"left":{"leaf":true,"id":4,"label":"4","site_id":4},"right":{"leaf":true,"id":2,"label":"2","site_id":2}}},"right":{"leaf":false,"id":48,"left":{"leaf":true,"id":11,"label":"11","site_id":11},"right":{"leaf":true,"id":20,"label":"20","site_id":20}}},"right":{"leaf":false,"id":73,"left":{"leaf":false,"id":72,"left":{"leaf":true,"id":16,"label":"16","site_id":16},"right":{"leaf":true,"id":17,"label":"17","site_id":17}},"right":{"leaf":false,"id":59,"left":{"leaf":true,"id":8,"label":"8","site_id":8},"right":{"leaf":true,"id":7,"label":"7","site_id":7}}}}}}}},"num_sites":40,"sites":[{"x":30.386931766428816,"y":187.6272852289255,"cluster":1},{"x":24.903718415033847,"y":193.34433926613474,"cluster":1},{"x":47.77784078918684,"y":189.3076079843368,"cluster":1},{"x":58.093518859012576,"y":193.4593556396696,"cluster":1},{"x":69.83272306265525,"y":186.04758167552725,"cluster":1},{"x":71.37396383441812,"y":173.65182133178808,"cluster":1},{"x":85.24507079104512,"y":173.49955552009936,"cluster":1},{"x":106.75168001281021,"y":163.2712337241764,"cluster":1},{"x":107.45140955025785,"y":167.20684017108488,"cluster":1},{"x":113.86926772811829,"y":181.10561708350036,"cluster":1},{"x":126.78956516279356,"y":182.701829626227,"cluster":1},{"x":157.8719737381611,"y":165.51596663394383,"cluster":1},{"x":153.05700367265018,"y":171.25321131655673,"cluster":1},{"x":168.42193336951473,"y":180.4190371531902,"cluster":1},{"x":182.73481927219837,"y":164.54467783680388,"cluster":1},{"x":198.91397814329633,"y":181.48083220577922,"cluster":1},{"x":194.36098521212776,"y":168.00154018420207,"cluster":1},{"x":204.3839230089194,"y":164.36679410857312,"cluster":1},{"x":219.94814000254615,"y":167.45308073037774,"cluster":1},{"x":245.26201578189136,"y":161.05782187631792,"cluster":1},{"x":245.93757600503935,"y":150.0,"cluster":1},{"x":269.63826433738075,"y":153.45191596684293,"cluster":1},{"x":282.8436572033513,"y":156.70011679852138,"cluster":1},{"x":284.1610337801798,"y":151.9685135548838,"cluster":1},{"x":287.4300301049906,"y":143.956956084098,"cluster":1},{"x":314.2997647179378,"y":140.5836435094485,"cluster":1},{"x":314.64170724406387,"y":141.1639917149734,"cluster":1},{"x":340.5531684177141,"y":155.46334142546704,"cluster":1},{"x":344.8319065123111,"y":172.4587094283404,"cluster":1},{"x":343.5513479495627,"y":175.7571559699152,"cluster":1},{"x":358.5295317933864,"y":190.46627822411233,"cluster":1},{"x":387.5359589018753,"y":196.66279930779908,"cluster":1},{"x":390.09325275417467,"y":207.11907891423053,"cluster":1},{"x":393.6122031744027,"y":190.25603166821543,"cluster":1},{"x":418.89968779840314,"y":183.68954606691733,"cluster":1},{"x":419.24887906776445,"y":193.4451748770706,"cluster":1},{"x":434.8276779208787,"y":182.21863842339573,"cluster":1},{"x":444.0874351365828,"y":165.22369172998165,"cluster":1},{"x":458.55019824373716,"y":164.95002943649902,"cluster":1},{"x":463.56952832774,"y":170.93687632636693,"cluster":1}],"num_clusters":0}