{"title":"coast-n20-r8-s116276777455087656120","map_width":500,"map_height":300,"num_leaves":20,"tree":{"leaf":false,"id":38,"left":{"leaf":false,"id":31,"left":{"leaf":false,"id":27,"left":{"leaf":true,"id":19,"label":"19","site_id":19},"right":{"leaf":true,"id":18,"label":"18","site_id":18}},"right":{"leaf":false,"id":28,"left":{"leaf":false,"id":20,"left":{"leaf":true,"id":14,"label":"14","site_id":14},"right":{"leaf":true,"id":15,"label":"15","site_id":15}},"right":{"leaf":false,"id":25,"left":{"leaf":true,"id":9,"label":"9","site_id":9},"right":{"leaf":true,"id":8,"label":"8","site_id":8}}}},"right":{"leaf":false,"id":37,"left":{"leaf":false,"id":34,"left":{"leaf":false,"id":33,"left":{"leaf":true,"id":10,"label":"10","site_id":10},"right":{"leaf":false,"id":30,"left":{"leaf":true,"id":4,"label":"4","site_id":4},"right":{"leaf":true,"id":12,"label":"12","site_id":12}}},"right":{"leaf":false,"id":29,"left":{"leaf":false,"id":26,"left":{"leaf":true,"id":5,"label":"5","site_id":5},"right":{"leaf":true,"id":6,"label":"6","site_id":6}},"right":{"leaf":true,"id":11,"label":"11","site_id":11}}},"right":{"leaf":false,"id":36,"left":{"leaf":false,"id":35,"left":{"leaf":true,"id":13,"label":"13","site_id":13},"right":{"leaf":false,"id":24,"left":{"leaf":false,"id":22,"left":{"leaf":true,"id":17,"label":"17","site_id":17},"right":{"leaf":true,"id":16,"label":"16","site_id":16}},"right":{"leaf":false,"id":23,"left":{"leaf":true,"id":3,"label":"3","site_id":3},"right":{"leaf":true,"id":7,"label":"7","site_id":7}}}},"right":{"leaf":false,"id":32,"left":{"leaf":false,"id":21,"left":{"leaf":true,"id":1,"label":"1","site_id":1},"right":{"leaf":true,"id":0,"label":"0","site_id":0}},"right":{"leaf":true,"id":2,"label":"2","site_id":2}}}}},"num_sites":20,"sites":[{"x":43.10148375230102,"y":166.654791250255,"cluster":1},{"x":29.15930884214485,"y":169.19514745992723,"cluster":1},{"x":71.6727195834308,"y":178.47203071663694,"cluster":1},{"x":95.15993598098996,"y":179.1861233039547,"cluster":1},{"x":100.14573397581611,"y":199.0049850642695,"cluster":1},{"x":129.18425601645822,"y":199.88769466400026,"cluster":1},{"x":140.8703019690999,"y":227.68540690258743,"cluster":1},{"x":200.89208324379698,"y":212.39745700663752,"cluster":1},{"x":223.120204270061,"y":181.97082949513796,"cluster":1},{"x":213.08613171168548,"y":180.260662756019,"cluster":1},{"x":228.00775718603649,"y":150.0,"cluster":1},{"x":265.30758140328794,"y":120.215230605816,"cluster":1},{"x":305.1635128813924,"y":101.84432309613636,"cluster":1},{"x":312.5467315239758,"y":121.20512782023292,"cluster":1},{"x":359.6664029927285,"y":133.52704727048643,"cluster":1},{"x":362.8977347353296,"y":116.06673493968349,"cluster":1},{"x":377.3501039757312,"y":113.53700703696781,"cluster":1},{"x":427.8685854127257,"y":133.77354883159654,"cluster":1},{"x":448.0507647592042,"y":151.029823573761,"cluster":1},{"x":429.44757446502757,"y":171.39749717781288,"cluster":1}],"num_clusters":0}