{"title":"coast-n10-r0-s-497268336927145396010","map_width":500,"map_height":300,"num_leaves":10,"tree":{"leaf":false,"id":18,"left":{"leaf":false,"id":17,"left":{"leaf":true,"id":4,"label":"4","site_id":4},"right":{"leaf":false,"id":14,"left":{"leaf":false,"id":11,"left":{"leaf":true,"id":5,"label":"5","site_id":5},"right":{"leaf":true,"id":3,"label":"3","site_id":3}},"right":{"leaf":true,"id":2,"label":"2","site_id":2}}},"right":{"leaf":false,"id":16,"left":{"leaf":false,"id":13,"left":{"leaf":true,"id":6,"label":"6","site_id":6},"right":{"leaf":true,"id":9,"label":"9","site_id":9}},"right":{"leaf":false,"id":15,"left":{"leaf":false,"id":12,"left":{"leaf":true,"id":1,"label":"1","site_id":1},"right":{"leaf":true,"id":0,"label":"0","site_id":0}},"right":{"leaf":false,"id":10,"left":{"leaf":true,"id":7,"label":"7","site_id":7},"right":{"leaf":true,"id":8,"label":"8","site_id":8}}}}},"num_sites":10,"sites":[{"x":78.28847040396502,"y":111.54556875760869,"cluster":1},{"x":88.98860882292209,"y":109.84338934104963,"cluster":1},{"x":155.96133092490626,"y":166.36735586120088,"cluster":1},{"x":162.3671049854067,"y":115.6593354176616,"cluster":1},{"x":227.94225465912479,"y":165.74679916547552,"cluster":1},{"x":283.7999492430108,"y":150.0,"cluster":1},{"x":327.8239492561246,"y":193.4646907022597,"cluster":1},{"x":373.10471321514785,"y":204.70118990023732,"cluster":1},{"x":377.7301880685309,"y":156.4885607661207,"cluster":1},{"x":381.0904006666802,"y":109.45665918516085,"cluster":1}],"num_clusters":0}