{"title":"coast-n50-r8-s-311093153023081052150","map_width":500,"map_height":300,"num_leaves":50,"tree":{"leaf":false,"id":98,"left":{"leaf":false,"id":97,"left":{"leaf":false,"id":96,"left":{"leaf":false,"id":90,"left":{"leaf":false,"id":83,"left":{"leaf":false,"id":77,"left":{"leaf":false,"id":73,"left":{"leaf":true,"id":48,"label":"48","site_id":48},"right":{"leaf":true,"id":16,"label":"16","site_id":16}},"right":{"leaf":true,"id":0,"label":"0","site_id":0}},"right":{"leaf":false,"id":75,"left":{"leaf":true,"id":21,"label":"21","site_id":21},"right":{"leaf":false,"id":69,"left":{"leaf":true,"id":24,"label":"24","site_id":24},"right":{"leaf":false,"id":56,"left":{"leaf":true,"id":15,"label":"15","site_id":15},"right":{"leaf":true,"id":31,"label":"31","site_id":31}}}}},"right":{"leaf":false,"id":74,"left":{"leaf":true,"id":22,"label":"22","site_id":22},"right":{"leaf":false,"id":57,"left":{"leaf":true,"id":6,"label":"6","site_id":6},"right":{"leaf":true,"id":47,"label":"47","site_id":47}}}},"right":{"leaf":false,"id":93,"left":{"leaf":false,"id":72,"left":{"leaf":false,"id":68,"left":{"leaf":false,"id":63,"left":{"leaf":true,"id":39,"label":"39","site_id":39},"right":{"leaf":true,"id":40,"label":"40","site_id":40}},"right":{"leaf":true,"id":36,"label":"36","site_id":36}},"right":{"leaf":true,"id":37,"label":"37","site_id":37}},"right":{"leaf":false,"id":87,"left":{"leaf":false,"id":81,"left":{"leaf":true,"id":33,"label":"33","site_id":33},"right":{"leaf":true,"id":34,"label":"34","site_id":34}},"right":{"leaf":false,"id":86,"left":{"leaf":false,"id":58,"left":{"leaf":true,"id":3,"label":"3","site_id":3},"right":{"leaf":false,"id":52,"left":{"leaf":true,"id":42,"label":"42","site_id":42},"right":{"leaf":true,"id":44,"label":"44","site_id":44}}},"right":{"leaf":false,"id":71,"left":{"leaf":false,"id":54,"left":{"leaf":true,"id":32,"label":"32","site_id":32},"right":{"leaf":true,"id":49,"label":"49","site_id":49}},"right":{"leaf":true,"id":30,"label":"30","site_id":30}}}}}},"right":{"leaf":false,"id":95,"left":{"leaf":false,"id":91,"left":{"leaf":false,"id":89,"left":{"leaf":false,"id":65,"left":{"leaf":true,"id":26,"label":"26","site_id":26},"right":{"leaf":true,"id":25,"label":"25","site_id":25}},"right":{"leaf":false,"id":85,"left":{"leaf":false,"id":76,"left":{"leaf":false,"id":53,"left":{"leaf":true,"id":18,"label":"18","site_id":18},"right":{"leaf":true,"id":38,"label":"38","site_id":38}},"right":{"leaf":true,"id":29,"label":"29","site_id":29}},"right":{"leaf":false,"id":80,"left":{"leaf":false,"id":66,"left":{"leaf":true,"id":8,"label":"8","site_id":8},"right":{"leaf":true,"id":19,"label":"19","site_id":19}},"right":{"leaf":false,"id":67,"left":{"leaf":false,"id":60,"left":{"leaf":true,"id":9,"label":"9","site_id":9},"right":{"leaf":false,"id":50,"left":{"leaf":true,"id":1,"label":"1","site_id":1},"right":{"leaf":true,"id":17,"label":"17","site_id":17}}},"right":{"leaf":false,"id":61,"left":{"leaf":false,"id":55,"left":{"leaf":true,"id":11,"label":"11","site_id":11},"right":{"leaf":true,"id":2,"label":"2","site_id":2}},"right":{"leaf":true,"id":12,"label":"12","site_id":12}}}}}},"right":{"leaf":false,"id":78,"left":{"leaf":false,"id":70,"left":{"leaf":true,"id":4,"label":"4","site_id":4},"right":{"leaf":false,"id":51,"left":{"leaf":true,"id":14,"label":"14","site_id":14},"right":{"leaf":true,"id":35,"label":"35","site_id":35}}},"right":{"leaf":false,"id":64,"left":{"leaf":true,"id":23,"label":"23","site_id":23},"right":{"leaf":true,"id":20,"label":"20","site_id":20}}}},"right":{"leaf":false,"id":94,"left":{"leaf":false,"id":92,"left":{"leaf":true,"id":5,"label":"5","site_id":5},"right":{"leaf":false,"id":88,"left":{"leaf":false,"id":82,"left":{"leaf":true,"id":46,"label":"46","site_id":46},"right":{"leaf":false,"id":79,"left":{"leaf":true,"id":7,"label":"7","site_id":7},"right":{"leaf":true,"id":10,"label":"10","site_id":10}}},"right":{"leaf":false,"id":84,"left":{"leaf":true,"id":13,"label":"13","site_id":13},"right":{"leaf":true,"id":28,"label":"28","site_id":28}}}},"right":{"leaf":true,"id":27,"label":"27","site_id":27}}}},"right":{"leaf":false,"id":62,"left":{"leaf":true,"id":43,"label":"43","site_id":43},"right":{"leaf":false,"id":59,"left":{"leaf":true,"id":45,"label":"45","site_id":45},"right":{"leaf":true,"id":41,"label":"41","site_id":41}}}},"num_sites":50,"sites":[{"x":18.97707700160784,"y":162.39323619711013,"cluster":1},{"x":33.34333837864784,"y":148.940216849711,"cluster":1},{"x":46.64523819765934,"y":135.92670425543338,"cluster":1},{"x":47.72665760566324,"y":144.1346950169917,"cluster":1},{"x":60.11996292926226,"y":133.27637393266997,"cluster":1},{"x":71.56404730401212,"y":128.17107795776735,"cluster":1},{"x":67.18716961364044,"y":130.5821325201807,"cluster":1},{"x":79.65114541464311,"y":140.32002684574405,"cluster":1},{"x":94.52114783948782,"y":145.11731353978968,"cluster":1},{"x":109.40529302447425,"y":146.96695444305666,"cluster":1},{"x":104.92248091752911,"y":154.4992282684064,"cluster":1},{"x":122.88749227017196,"y":158.51181145564144,"cluster":1},{"x":132.88914262548977,"y":145.05983056236647,"cluster":1},{"x":144.33217734913157,"y":148.98927514060506,"cluster":1},{"x":152.50333486766044,"y":151.57817014251418,"cluster":1},{"x":158.2653079396973,"y":162.40796692092553,"cluster":1},{"x":164.67093962715379,"y":153.96560705503657,"cluster":1},{"x":182.31921997105056,"y":157.26883711040347,"cluster":1},{"x":176.57734018011254,"y":152.85659745351663,"cluster":1},{"x":201.78254228705717,"y":162.19300865890253,"cluster":1},{"x":212.13428250946276,"y":156.48418968772864,"cluster":1},{"x":206.23497478158973,"y":166.12534114388302,"cluster":1},{"x":227.85002092524508,"y":158.04976526627306,"cluster":1},{"x":230.52685209625693,"y":151.4208241031259,"cluster":1},{"x":233.25084600316208,"y":155.1402657361899,"cluster":1},{"x":257.934370458451,"y":150.0,"cluster":1},{"x":250.94720557030925,"y":159.23507174756182,"cluster":1},{"x":260.50789648763924,"y":153.42281342675818,"cluster":1},{"x":284.82721449007215,"y":147.58186522547464,"cluster":1},{"x":294.2658290421184,"y":153.21696388567523,"cluster":1},{"x":299.367782509635,"y":147.31061866778305,"cluster":1},{"x":302.3276766785705,"y":149.60653629367545,"cluster":1},{"x":317.26150325984844,"y":149.0986228121025,"cluster":1},{"x":325.05799276773274,"y":143.28516527718145,"cluster":1},{"x":341.8096024640333,"y":134.97821897517522,"cluster":1},{"x":349.8510074489264,"y":140.38063507636005,"cluster":1},{"x":344.9163512255701,"y":147.6446726006077,"cluster":1},{"x":366.114089780548,"y":161.12352368068707,"cluster":1},{"x":360.59895393586845,"y":162.28138646028057,"cluster":1},{"x":381.4556455630576,"y":154.07414613355667,"cluster":1},{"x":384.3959011915475,"y":152.75350469481117,"cluster":1},{"x":400.18951731347727,"y":162.61382197332864,"cluster":1},{"x":415.06224848882454,"y":168.25699264273987,"cluster":1},{"x":417.80029046308925,"y":159.1921593120563,"cluster":1},{"x":417.20699317006734,"y":162.6799649642813,"cluster":1},{"x":442.0621698431889,"y":150.15067445486747,"cluster":1},{"x":442.86133968748857,"y":136.56487620327619,"cluster":1},{"x":451.38810855213546,"y":146.7317659887536,"cluster":1},{"x":461.0964160489729,"y":159.9462434609183,"cluster":1},{"x":463.87288659143604,"y":159.33827413079868,"cluster":1}],"num_clusters":0}