{"title":"coast-n25-r7-s552801960165288819625","map_width":500,"map_height":300,"num_leaves":25,"tree":{"leaf":false,"id":48,"left":{"leaf":false,"id":47,"left":{"leaf":false,"id":45,"left":{"leaf":false,"id":40,"left":{"leaf":true,"id":4,"label":"4","site_id":4},"right":{"leaf":false,"id":28,"left":{"leaf":true,"id":2,"label":"2","site_id":2},"right":{"leaf":true,"id":1,"label":"1","site_id":1}}},"right":{"leaf":false,"id":37,"left":{"leaf":false,"id":35,"left":{"leaf":false,"id":29,"left":{"leaf":true,"id":6,"label":"6","site_id":6},"right":{"leaf":true,"id":10,"label":"10","site_id":10}},"right":{"leaf":true,"id":8,"label":"8","site_id":8}},"right":{"leaf":false,"id":36,"left":{"leaf":true,"id":11,"label":"11","site_id":11},"right":{"leaf":false,"id":34,"left":{"leaf":true,"id":12,"label":"12","site_id":12},"right":{"leaf":true,"id":9,"label":"9","site_id":9}}}}},"right":{"leaf":false,"id":46,"left":{"leaf":false,"id":43,"left":{"leaf":false,"id":25,"left":{"leaf":true,"id":7,"label":"7","site_id":7},"right":{"leaf":true,"id":0,"label":"0","site_id":0}},"right":{"leaf":true,"id":3,"label":"3","site_id":3}},"right":{"leaf":false,"id":39,"left":{"leaf":false,"id":27,"left":{"leaf":true,"id":16,"label":"16","site_id":16},"right":{"leaf":true,"id":15,"label":"15","site_id":15}},"right":{"leaf":true,"id":5,"label":"5","site_id":5}}}},"right":{"leaf":false,"id":44,"left":{"leaf":true,"id":20,"label":"20","site_id":20},"right":{"leaf":false,"id":42,"left":{"leaf":false,"id":41,"left":{"leaf":true,"id":23,"label":"23","site_id":23},"right":{"leaf":false,"id":38,"left":{"leaf":false,"id":30,"left":{"leaf":true,"id":14,"label":"14","site_id":14},"right":{"leaf":true,"id":21,"label":"21","site_id":21}},"right":{"leaf":false,"id":31,"left":{"leaf":true,"id":22,"label":"22","site_id":22},"right":{"leaf":true,"id":19,"label":"19","site_id":19}}}},"right":{"leaf":false,"id":33,"left":{"leaf":true,"id":18,"label":"18","site_id":18},"right":{"leaf":false,"id":32,"left":{"leaf":false,"id":26,"left":{"leaf":true,"id":17,"label":"17","site_id":17},"right":{"leaf":true,"id":13,"label":"13","site_id":13}},"right":{"leaf":true,"id":24,"label":"24","site_id":24}}}}}},"num_sites":25,"sites":[{"x":15.0,"y":183.02274264629972,"cluster":1},{"x":59.25397224322211,"y":177.62902921070423,"cluster":1},{"x":48.4710124997004,"y":173.4988235429987,"cluster":1},{"x":78.689170612457,"y":159.7598585673625,"cluster":1},{"x":101.77161746779352,"y":139.96332140850137,"cluster":1},{"x":106.1496020011743,"y":156.41690474508323,"cluster":1},{"x":134.5332896759051,"y":165.3004431369265,"cluster":1},{"x":163.97440636733833,"y":139.89884399070286,"cluster":1},{"x":182.3414595927099,"y":156.91536289149755,"cluster":1},{"x":186.930557858638,"y":176.12460357919306,"cluster":1},{"x":218.12291116629396,"y":169.89618226106074,"cluster":1},{"x":222.5593290199597,"y":158.8258565541819,"cluster":1},{"x":235.11128778210227,"y":150.0,"cluster":1},{"x":273.9660601389643,"y":132.7001188650783,"cluster":1},{"x":292.1634398317912,"y":117.41348994113935,"cluster":1},{"x":306.78421814795433,"y":124.18423679767531,"cluster":1},{"x":316.7296471405135,"y":113.68056771188144,"cluster":1},{"x":333.2107662780494,"y":111.52105680267849,"cluster":1},{"x":357.74753191830166,"y":96.13300550161212,"cluster":1},{"x":382.73856622611095,"y":102.28521441038332,"cluster":1},{"x":373.40042857807254,"y":84.87437985532326,"cluster":1},{"x":396.79265061595567,"y":87.41556811212396,"cluster":1},{"x":426.9214516903429,"y":100.62202272538089,"cluster":1},{"x":449.7585138948741,"y":115.73034185345799,"cluster":1},{"x":462.3793271695225,"y":111.7208401796246,"cluster":1}],"num_clusters":0}