{"title":"coast-n25-r4-s11198866638818523625","map_width":500,"map_height":300,"num_leaves":25,"tree":{"leaf":false,"id":48,"left":{"leaf":false,"id":46,"left":{"leaf":false,"id":39,"left":{"leaf":false,"id":38,"left":{"leaf":true,"id":20,"label":"20","site_id":20},"right":{"leaf":true,"id":19,"label":"19","site_id":19}},"right":{"leaf":false,"id":33,"left":{"leaf":false,"id":25,"left":{"leaf":true,"id":6,"label":"6","site_id":6},"right":{"leaf":true,"id":0,"label":"0","site_id":0}},"right":{"leaf":true,"id":21,"label":"21","site_id":21}}},"right":{"leaf":false,"id":45,"left":{"leaf":false,"id":44,"left":{"leaf":false,"id":34,"left":{"leaf":true,"id":2,"label":"2","site_id":2},"right":{"leaf":false,"id":32,"left":{"leaf":true,"id":15,"label":"15","site_id":15},"right":{"leaf":false,"id":29,"left":{"leaf":true,"id":13,"label":"13","site_id":13},"right":{"leaf":true,"id":5,"label":"5","site_id":5}}}},"right":{"leaf":false,"id":42,"left":{"leaf":false,"id":35,"left":{"leaf":true,"id":17,"label":"17","site_id":17},"right":{"leaf":true,"id":18,"label":"18","site_id":18}},"right":{"leaf":true,"id":10,"label":"10","site_id":10}}},"right":{"leaf":false,"id":43,"left":{"leaf":false,"id":31,"left":{"leaf":true,"id":23,"label":"23","site_id":23},"right":{"leaf":true,"id":24,"label":"24","site_id":24}},"right":{"leaf":false,"id":30,"left":{"leaf":true,"id":22,"label":"22","site_id":22},"right":{"leaf":true,"id":16,"label":"16","site_id":16}}}}},"right":{"leaf":false,"id":47,"left":{"leaf":false,"id":40,"left":{"leaf":false,"id":37,"left":{"leaf":false,"id":28,"left":{"leaf":true,"id":7,"label":"7","site_id":7},"right":{"leaf":true,"id":11,"label":"11","site_id":11}},"right":{"leaf":false,"id":36,"left":{"leaf":true,"id":12,"label":"12","site_id":12},"right":{"leaf":false,"id":27,"left":{"leaf":true,"id":4,"label":"4","site_id":4},"right":{"leaf":true,"id":3,"label":"3","site_id":3}}}},"right":{"leaf":false,"id":26,"left":{"leaf":true,"id":8,"label":"8","site_id":8},"right":{"leaf":true,"id":9,"label":"9","site_id":9}}},"right":{"leaf":false,"id":41,"left":{"leaf":true,"id":1,"label":"1","site_id":1},"right":{"leaf":true,"id":14,"label":"14","site_id":14}}}},"num_sites":25,"sites":[{"x":35.59377706250452,"y":86.96831630600263,"cluster":1},{"x":29.300859857120845,"y":84.27419920911181,"cluster":1},{"x":57.96841942902124,"y":69.24429682231037,"cluster":1},{"x":77.47942784219718,"y":62.560748510513676,"cluster":1},{"x":109.03539133842261,"y":59.34902628274893,"cluster":1},{"x":118.65053329959669,"y":85.4372253095016,"cluster":1},{"x":126.88137605731339,"y":77.67334111639227,"cluster":1},{"x":148.6961800423682,"y":96.84794855148193,"cluster":1},{"x":166.9941354262537,"y":110.84214888786327,"cluster":1},{"x":170.29434528784256,"y":123.84001560483767,"cluster":1},{"x":201.03848197274172,"y":135.11418980942312,"cluster":1},{"x":220.47530734835135,"y":138.9919305212441,"cluster":1},{"x":226.01867323244068,"y":150.0,"cluster":1},{"x":258.6534632835318,"y":162.91259533962838,"cluster":1},{"x":289.5308232520195,"y":142.93057117857677,"cluster":1},{"x":284.07984670585915,"y":118.24719380491749,"cluster":1},{"x":321.7932948830402,"y":99.7523123665665,"cluster":1},{"x":342.5672668851922,"y":104.82364531427308,"cluster":1},{"x":353.69959457693506,"y":84.73331945781155,"cluster":1},{"x":369.2727343511623,"y":61.66408354169044,"cluster":1},{"x":398.35036744310236,"y":78.02772182016463,"cluster":1},{"x":403.2798467840968,"y":73.07257849401273,"cluster":1},{"x":431.5807538231095,"y":60.21659275465314,"cluster":1},{"x":442.4707995524868,"y":55.12788139523796,"cluster":1},{"x":475.82865251050373,"y":64.17255445108162,"cluster":1}],"num_clusters":0}