{"title":"coast-n100-r0-s-5128016860359238732100","map_width":500,"map_height":300,"num_leaves":100,"tree":{"leaf":false,"id":198,"left":{"leaf":false,"id":192,"left":{"leaf":false,"id":189,"left":{"leaf":false,"id":184,"left":{"leaf":true,"id":14,"label":"14","site_id":14},"right":{"leaf":false,"id":178,"left":{"leaf":false,"id":175,"left":{"leaf":false,"id":162,"left":{"leaf":true,"id":45,"label":"45","site_id":45},"right":{"leaf":true,"id":94,"label":"94","site_id":94}},"right":{"leaf":false,"id":122,"left":{"leaf":true,"id":99,"label":"99","site_id":99},"right":{"leaf":true,"id":56,"label":"56","site_id":56}}},"right":{"leaf":false,"id":150,"left":{"leaf":false,"id":116,"left":{"leaf":true,"id":77,"label":"77","site_id":77},"right":{"leaf":true,"id":59,"label":"59","site_id":59}},"right":{"leaf":true,"id":68,"label":"68","site_id":68}}}},"right":{"leaf":false,"id":168,"left":{"leaf":false,"id":114,"left":{"leaf":true,"id":61,"label":"61","site_id":61},"right":{"leaf":true,"id":50,"label":"50","site_id":50}},"right":{"leaf":true,"id":55,"label":"55","site_id":55}}},"right":{"leaf":false,"id":176,"left":{"leaf":false,"id":173,"left":{"leaf":false,"id":149,"left":{"leaf":true,"id":92,"label":"92","site_id":92},"right":{"leaf":true,"id":91,"label":"91","site_id":91}},"right":{"leaf":false,"id":158,"left":{"leaf":false,"id":151,"left":{"leaf":true,"id":79,"label":"79","site_id":79},"right":{"leaf":true,"id":83,"label":"83","site_id":83}},"right":{"leaf":true,"id":90,"label":"90","site_id":90}}},"right":{"leaf":false,"id":143,"left":{"leaf":false,"id":124,"left":{"leaf":true,"id":88,"label":"88","site_id":88},"right":{"leaf":true,"id":82,"label":"82","site_id":82}},"right":{"leaf":true,"id":93,"label":"93","site_id":93}}}},"right":{"leaf":false,"id":197,"left":{"leaf":false,"id":194,"left":{"leaf":false,"id":188,"left":{"leaf":false,"id":159,"left":{"leaf":true,"id":5,"label":"5","site_id":5},"right":{"leaf":false,"id":145,"left":{"leaf":false,"id":121,"left":{"leaf":true,"id":4,"label":"4","site_id":4},"right":{"leaf":true,"id":3,"label":"3","site_id":3}},"right":{"leaf":false,"id":125,"left":{"leaf":true,"id":7,"label":"7","site_id":7},"right":{"leaf":true,"id":6,"label":"6","site_id":6}}}},"right":{"leaf":false,"id":186,"left":{"leaf":false,"id":117,"left":{"leaf":true,"id":9,"label":"9","site_id":9},"right":{"leaf":true,"id":10,"label":"10","site_id":10}},"right":{"leaf":false,"id":180,"left":{"leaf":false,"id":177,"left":{"leaf":false,"id":165,"left":{"leaf":false,"id":146,"left":{"leaf":false,"id":120,"left":{"leaf":true,"id":20,"label":"20","site_id":20},"right":{"leaf":false,"id":111,"left":{"leaf":false,"id":103,"left":{"leaf":true,"id":41,"label":"41","site_id":41},"right":{"leaf":true,"id":13,"label":"13","site_id":13}},"right":{"leaf":true,"id":29,"label":"29","site_id":29}}},"right":{"leaf":true,"id":24,"label":"24","site_id":24}},"right":{"leaf":true,"id":15,"label":"15","site_id":15}},"right":{"leaf":true,"id":35,"label":"35","site_id":35}},"right":{"leaf":false,"id":171,"left":{"leaf":false,"id":105,"left":{"leaf":true,"id":28,"label":"28","site_id":28},"right":{"leaf":true,"id":25,"label":"25","site_id":25}},"right":{"leaf":false,"id":170,"left":{"leaf":false,"id":169,"left":{"leaf":false,"id":102,"left":{"leaf":true,"id":18,"label":"18","site_id":18},"right":{"leaf":true,"id":19,"label":"19","site_id":19}},"right":{"leaf":false,"id":132,"left":{"leaf":true,"id":22,"label":"22","site_id":22},"right":{"leaf":false,"id":127,"left":{"leaf":true,"id":21,"label":"21","site_id":21},"right":{"leaf":true,"id":17,"label":"17","site_id":17}}}},"right":{"leaf":true,"id":44,"label":"44","site_id":44}}}}}},"right":{"leaf":true,"id":86,"label":"86","site_id":86}},"right":{"leaf":false,"id":196,"left":{"leaf":false,"id":195,"left":{"leaf":false,"id":147,"left":{"leaf":false,"id":104,"left":{"leaf":true,"id":52,"label":"52","site_id":52},"right":{"leaf":true,"id":51,"label":"51","site_id":51}},"right":{"leaf":true,"id":58,"label":"58","site_id":58}},"right":{"leaf":false,"id":182,"left":{"leaf":true,"id":98,"label":"98","site_id":98},"right":{"leaf":false,"id":141,"left":{"leaf":false,"id":123,"left":{"leaf":true,"id":96,"label":"96","site_id":96},"right":{"leaf":true,"id":95,"label":"95","site_id":95}},"right":{"leaf":true,"id":89,"label":"89","site_id":89}}}},"right":{"leaf":false,"id":193,"left":{"leaf":false,"id":185,"left":{"leaf":true,"id":36,"label":"36","site_id":36},"right":{"leaf":false,"id":166,"left":{"leaf":false,"id":164,"left":{"leaf":false,"id":139,"left":{"leaf":false,"id":128,"left":{"leaf":true,"id":47,"label":"47","site_id":47},"right":{"leaf":false,"id":115,"left":{"leaf":true,"id":40,"label":"40","site_id":40},"right":{"leaf":true,"id":38,"label":"38","site_id":38}}},"right":{"leaf":false,"id":126,"left":{"leaf":true,"id":37,"label":"37","site_id":37},"right":{"leaf":true,"id":42,"label":"42","site_id":42}}},"right":{"leaf":true,"id":43,"label":"43","site_id":43}},"right":{"leaf":false,"id":152,"left":{"leaf":true,"id":11,"label":"11","site_id":11},"right":{"leaf":true,"id":26,"label":"26","site_id":26}}}},"right":{"leaf":false,"id":191,"left":{"leaf":false,"id":167,"left":{"leaf":false,"id":148,"left":{"leaf":false,"id":100,"left":{"leaf":true,"id":75,"label":"75","site_id":75},"right":{"leaf":true,"id":53,"label":"53","site_id":53}},"right":{"leaf":false,"id":142,"left":{"leaf":false,"id":108,"left":{"leaf":true,"id":70,"label":"70","site_id":70},"right":{"leaf":true,"id":67,"label":"67","site_id":67}},"right":{"leaf":false,"id":130,"left":{"leaf":true,"id":80,"label":"80","site_id":80},"right":{"leaf":false,"id":107,"left":{"leaf":true,"id":46,"label":"46","site_id":46},"right":{"leaf":true,"id":49,"label":"49","site_id":49}}}}},"right":{"leaf":false,"id":134,"left":{"leaf":false,"id":106,"left":{"leaf":true,"id":1,"label":"1","site_id":1},"right":{"leaf":true,"id":2,"label":"2","site_id":2}},"right":{"leaf":true,"id":0,"label":"0","site_id":0}}},"right":{"leaf":false,"id":190,"left":{"leaf":false,"id":183,"left":{"leaf":false,"id":140,"left":{"leaf":true,"id":16,"label":"16","site_id":16},"right":{"leaf":false,"id":118,"left":{"leaf":true,"id":32,"label":"32","site_id":32},"right":{"leaf":false,"id":109,"left":{"leaf":true,"id":72,"label":"72","site_id":72},"right":{"leaf":true,"id":71,"label":"71","site_id":71}}}},"right":{"leaf":false,"id":172,"left":{"leaf":false,"id":119,"left":{"leaf":true,"id":66,"label":"66","site_id":66},"right":{"leaf":true,"id":97,"label":"97","site_id":97}},"right":{"leaf":false,"id":163,"left":{"leaf":false,"id":161,"left":{"leaf":false,"id":157,"left":{"leaf":false,"id":138,"left":{"leaf":true,"id":81,"label":"81","site_id":81},"right":{"leaf":true,"id":85,"label":"85","site_id":85}},"right":{"leaf":false,"id":156,"left":{"leaf":true,"id":12,"label":"12","site_id":12},"right":{"leaf":false,"id":137,"left":{"leaf":true,"id":62,"label":"62","site_id":62},"right":{"leaf":true,"id":65,"label":"65","site_id":65}}}},"right":{"leaf":true,"id":78,"label":"78","site_id":78}},"right":{"leaf":false,"id":155,"left":{"leaf":false,"id":131,"left":{"leaf":false,"id":113,"left":{"leaf":false,"id":110,"left":{"leaf":false,"id":101,"left":{"leaf":true,"id":63,"label":"63","site_id":63},"right":{"leaf":true,"id":39,"label":"39","site_id":39}},"right":{"leaf":true,"id":64,"label":"64","site_id":64}},"right":{"leaf":true,"id":74,"label":"74","site_id":74}},"right":{"leaf":true,"id":69,"label":"69","site_id":69}},"right":{"leaf":true,"id":31,"label":"31","site_id":31}}}}},"right":{"leaf":false,"id":187,"left":{"leaf":false,"id":179,"left":{"leaf":false,"id":160,"left":{"leaf":false,"id":153,"left":{"leaf":false,"id":129,"left":{"leaf":true,"id":33,"label":"33","site_id":33},"right":{"leaf":true,"id":34,"label":"34","site_id":34}},"right":{"leaf":true,"id":87,"label":"87","site_id":87}},"right":{"leaf":false,"id":154,"left":{"leaf":false,"id":144,"left":{"leaf":false,"id":112,"left":{"leaf":true,"id":54,"label":"54","site_id":54},"right":{"leaf":true,"id":57,"label":"57","site_id":57}},"right":{"leaf":false,"id":133,"left":{"leaf":true,"id":27,"label":"27","site_id":27},"right":{"leaf":true,"id":48,"label":"48","site_id":48}}},"right":{"leaf":false,"id":136,"left":{"leaf":true,"id":23,"label":"23","site_id":23},"right":{"leaf":true,"id":30,"label":"30","site_id":30}}}},"right":{"leaf":true,"id":73,"label":"73","site_id":73}},"right":{"leaf":false,"id":181,"left":{"leaf":true,"id":60,"label":"60","site_id":60},"right":{"leaf":false,"id":174,"left":{"leaf":false,"id":135,"left":{"leaf":true,"id":8,"label":"8","site_id":8},"right":{"leaf":true,"id":84,"label":"84","site_id":84}},"right":{"leaf":true,"id":76,"label":"76","site_id":76}}}}}}}}}},"num_sites":100,"sites":[{"x":18.306815233960446,"y":97.37982381969276,"cluster":1},{"x":24.1877022976388,"y":93.22731636246252,"cluster":1},{"x":23.74577642197474,"y":89.10579129312029,"cluster":1},{"x":32.02188261232267,"y":88.99259019722538,"cluster":1},{"x":36.214098241661524,"y":89.78687471347106,"cluster":1},{"x":43.93034759550284,"y":95.77781424704087,"cluster":1},{"x":46.64158299684339,"y":98.22827471129833,"cluster":1},{"x":46.51113471367069,"y":96.514047589033,"cluster":1},{"x":58.98623983243088,"y":101.4003930123324,"cluster":1},{"x":62.79224337016511,"y":107.43426393267558,"cluster":1},{"x":62.86916614748539,"y":110.44779028497862,"cluster":1},{"x":70.60715103288584,"y":116.18136292986208,"cluster":1},{"x":75.04286961309585,"y":121.10920977502991,"cluster":1},{"x":79.8506315563289,"y":119.70730195535798,"cluster":1},{"x":80.19316664578439,"y":117.93747327651317,"cluster":1},{"x":84.88188685803367,"y":111.91318810624148,"cluster":1},{"x":87.47565862615016,"y":109.71778384917646,"cluster":1},{"x":95.89159963589685,"y":111.76821317164986,"cluster":1},{"x":99.19657470130448,"y":117.403066736674,"cluster":1},{"x":103.42995174826301,"y":115.4443929713996,"cluster":1},{"x":108.05070349967482,"y":120.1389091275256,"cluster":1},{"x":116.35611726847134,"y":121.490309030097,"cluster":1},{"x":119.82184620325496,"y":116.34566275684386,"cluster":1},{"x":121.82766388916933,"y":112.64485991636887,"cluster":1},{"x":133.13431689936746,"y":112.63318073763853,"cluster":1},{"x":132.48766901108982,"y":105.74506154432808,"cluster":1},{"x":136.7242399589324,"y":103.31353933484853,"cluster":1},{"x":139.96580144487984,"y":107.10732599233704,"cluster":1},{"x":146.7156456955687,"y":110.88492914572267,"cluster":1},{"x":153.34105818640353,"y":116.0719946815219,"cluster":1},{"x":161.30478821744086,"y":121.15245730863907,"cluster":1},{"x":161.17915229764287,"y":124.47884300741913,"cluster":1},{"x":161.6976088825631,"y":128.78416600530682,"cluster":1},{"x":166.35548947436175,"y":135.3364583427145,"cluster":1},{"x":175.5523289963217,"y":133.84280398190916,"cluster":1},{"x":183.49104759009265,"y":140.50783259415368,"cluster":1},{"x":189.21491641268705,"y":135.19700535764227,"cluster":1},{"x":190.1666536527057,"y":142.03023841607057,"cluster":1},{"x":197.51910877163232,"y":145.37923886177762,"cluster":1},{"x":194.43217991262617,"y":142.73778365353783,"cluster":1},{"x":203.01526479265843,"y":148.96883387183786,"cluster":1},{"x":209.61656550358398,"y":143.31102262068737,"cluster":1},{"x":212.3368742398498,"y":142.06186854468845,"cluster":1},{"x":217.70561807375935,"y":143.14549944573164,"cluster":1},{"x":220.94292592155307,"y":146.145604408471,"cluster":1},{"x":228.15500446232858,"y":150.18717620855094,"cluster":1},{"x":229.76179858580255,"y":157.09316403489947,"cluster":1},{"x":235.52780476971472,"y":156.80076569874637,"cluster":1},{"x":240.26362770168174,"y":152.4379339655998,"cluster":1},{"x":249.1866146320351,"y":146.05820348116305,"cluster":1},{"x":248.82375894615583,"y":150.0,"cluster":1},{"x":255.77569338601114,"y":153.23909747948647,"cluster":1},{"x":262.1225813599995,"y":157.1452497380092,"cluster":1},{"x":260.7593733981629,"y":158.1810133318692,"cluster":1},{"x":272.8597342293171,"y":158.02880513358625,"cluster":1},{"x":269.6730012868061,"y":153.00634295845236,"cluster":1},{"x":282.31048276582715,"y":148.36392926311206,"cluster":1},{"x":284.91135722504754,"y":145.77837590738986,"cluster":1},{"x":291.51476646783675,"y":146.83457891505358,"cluster":1},{"x":296.5157024325976,"y":141.84926247306294,"cluster":1},{"x":292.9030876686218,"y":139.14023587481805,"cluster":1},{"x":303.2551105535132,"y":132.98869615821232,"cluster":1},{"x":302.37337573527964,"y":126.98722210375841,"cluster":1},{"x":306.47042238782865,"y":122.27944765210654,"cluster":1},{"x":314.7991642904478,"y":127.81999534780158,"cluster":1},{"x":315.17123139955976,"y":122.48985706774239,"cluster":1},{"x":323.26447901007054,"y":122.28036994934611,"cluster":1},{"x":326.0273002849635,"y":120.39434860419784,"cluster":1},{"x":335.9762957081554,"y":116.71999475223656,"cluster":1},{"x":335.50855529704364,"y":114.0764808054779,"cluster":1},{"x":339.09208848328603,"y":109.6995832887115,"cluster":1},{"x":348.4451163309317,"y":105.75306543269724,"cluster":1},{"x":349.77688415198975,"y":101.25093820284489,"cluster":1},{"x":353.79533423566147,"y":99.89519202051096,"cluster":1},{"x":359.44906828176636,"y":104.27754671460423,"cluster":1},{"x":363.1423219964573,"y":106.88795734854047,"cluster":1},{"x":366.7013972170815,"y":108.97316159327451,"cluster":1},{"x":372.22056960566124,"y":113.62806537646296,"cluster":1},{"x":384.7679069060619,"y":109.0047046919842,"cluster":1},{"x":380.4048377226078,"y":105.31310057769772,"cluster":1},{"x":387.0711568844785,"y":104.78028091136699,"cluster":1},{"x":398.2400960532179,"y":109.66271892669029,"cluster":1},{"x":397.6981774950948,"y":104.97057813265971,"cluster":1},{"x":399.21688850470395,"y":98.38998774629945,"cluster":1},{"x":404.86414455714277,"y":91.96326039448343,"cluster":1},{"x":409.64797945883066,"y":98.53004179356553,"cluster":1},{"x":419.9910976029065,"y":97.73624994105022,"cluster":1},{"x":419.74187038236386,"y":102.13380820327015,"cluster":1},{"x":429.8837223202605,"y":98.49484086697419,"cluster":1},{"x":434.1864491442491,"y":95.76382889795244,"cluster":1},{"x":431.7118236325604,"y":96.46158504823589,"cluster":1},{"x":442.1895557614356,"y":102.83263000297208,"cluster":1},{"x":443.0444368936188,"y":109.62600439030572,"cluster":1},{"x":446.2601485414171,"y":113.14142585807518,"cluster":1},{"x":458.7987268517151,"y":112.30722067173738,"cluster":1},{"x":463.1587707607036,"y":113.99968218734803,"cluster":1},{"x":465.4919221207318,"y":113.26241822617716,"cluster":1},{"x":469.46724748020057,"y":116.63386371772984,"cluster":1},{"x":477.53517224725965,"y":119.64574467810702,"cluster":1},{"x":482.3540184533429,"y":115.30904479615762,"cluster":1}],"num_clusters":0}