{"title":"coast-n40-r1-s41158875458245883140","map_width":500,"map_height":300,"num_leaves":40,"tree":{"leaf":false,"id":78,"left":{"leaf":false,"id":76,"left":{"leaf":false,"id":75,"left":{"leaf":false,"id":50,"left":{"leaf":true,"id":38,"label":"38","site_id":38},"right":{"leaf":true,"id":39,"label":"39","site_id":39}},"right":{"leaf":false,"id":72,"left":{"leaf":false,"id":70,"left":{"leaf":true,"id":31,"label":"31","site_id":31},"right":{"leaf":false,"id":69,"left":{"leaf":false,"id":67,"left":{"leaf":false,"id":44,"left":{"leaf":false,"id":41,"left":{"leaf":true,"id":36,"label":"36","site_id":36},"right":{"leaf":true,"id":35,"label":"35","site_id":35}},"right":{"leaf":true,"id":37,"label":"37","site_id":37}},"right":{"leaf":false,"id":59,"left":{"leaf":true,"id":27,"label":"27","site_id":27},"right":{"leaf":false,"id":46,"left":{"leaf":true,"id":33,"label":"33","site_id":33},"right":{"leaf":true,"id":22,"label":"22","site_id":22}}}},"right":{"leaf":false,"id":66,"left":{"leaf":false,"id":65,"left":{"leaf":true,"id":34,"label":"34","site_id":34},"right":{"leaf":false,"id":62,"left":{"leaf":true,"id":18,"label":"18","site_id":18},"right":{"leaf":true,"id":17,"label":"17","site_id":17}}},"right":{"leaf":false,"id":52,"left":{"leaf":true,"id":32,"label":"32","site_id":32},"right":{"leaf":true,"id":30,"label":"30","site_id":30}}}}},"right":{"leaf":false,"id":64,"left":{"leaf":true,"id":29,"label":"29","site_id":29},"right":{"leaf":true,"id":20,"label":"20","site_id":20}}}},"right":{"leaf":false,"id":55,"left":{"leaf":false,"id":40,"left":{"leaf":true,"id":23,"label":"23","site_id":23},"right":{"leaf":true,"id":16,"label":"16","site_id":16}},"right":{"leaf":true,"id":9,"label":"9","site_id":9}}},"right":{"leaf":false,"id":77,"left":{"leaf":false,"id":74,"left":{"leaf":false,"id":63,"left":{"leaf":true,"id":12,"label":"12","site_id":12},"right":{"leaf":true,"id":21,"label":"21","site_id":21}},"right":{"leaf":false,"id":73,"left":{"leaf":false,"id":57,"left":{"leaf":true,"id":11,"label":"11","site_id":11},"right":{"leaf":true,"id":19,"label":"19","site_id":19}},"right":{"leaf":false,"id":71,"left":{"leaf":false,"id":68,"left":{"leaf":false,"id":60,"left":{"leaf":false,"id":58,"left":{"leaf":false,"id":56,"left":{"leaf":true,"id":10,"label":"10","site_id":10},"right":{"leaf":true,"id":8,"label":"8","site_id":8}},"right":{"leaf":true,"id":4,"label":"4","site_id":4}},"right":{"leaf":false,"id":43,"left":{"leaf":true,"id":1,"label":"1","site_id":1},"right":{"leaf":true,"id":13,"label":"13","site_id":13}}},"right":{"leaf":false,"id":61,"left":{"leaf":false,"id":42,"left":{"leaf":true,"id":5,"label":"5","site_id":5},"right":{"leaf":true,"id":7,"label":"7","site_id":7}},"right":{"leaf":false,"id":54,"left":{"leaf":false,"id":51,"left":{"leaf":true,"id":24,"label":"24","site_id":24},"right":{"leaf":true,"id":25,"label":"25","site_id":25}},"right":{"leaf":false,"id":48,"left":{"leaf":true,"id":28,"label":"28","site_id":28},"right":{"leaf":true,"id":26,"label":"26","site_id":26}}}}},"right":{"leaf":false,"id":47,"left":{"leaf":true,"id":14,"label":"14","site_id":14},"right":{"leaf":true,"id":15,"label":"15","site_id":15}}}}},"right":{"leaf":false,"id":53,"left":{"leaf":false,"id":49,"left":{"leaf":true,"id":6,"label":"6","site_id":6},"right":{"leaf":true,"id":0,"label":"0","site_id":0}},"right":{"leaf":false,"id":45,"left":{"leaf":true,"id":2,"label":"2","site_id":2},"right":{"leaf":true,"id":3,"label":"3","site_id":3}}}}},"num_sites":40,"sites":[{"x":15.0,"y":120.35894324247928,"cluster":1},{"x":26.567727895168417,"y":120.88610724833131,"cluster":1},{"x":52.82135404846568,"y":129.10907351781827,"cluster":1},{"x":56.41707304454531,"y":126.27418533800405,"cluster":1},{"x":67.17949302145935,"y":136.10748010694795,"cluster":1},{"x":88.98672340309696,"y":135.3117008542439,"cluster":1},{"x":93.80584832876363,"y":131.02294638703046,"cluster":1},{"x":95.83638369663383,"y":114.79838462247318,"cluster":1},{"x":116.5606643426485,"y":116.82885310841671,"cluster":1},{"x":128.38194902416654,"y":132.51421673802264,"cluster":1},{"x":135.3477347963705,"y":141.21281211216254,"cluster":1},{"x":156.95677260117571,"y":136.6599864793525,"cluster":1},{"x":149.85409143608507,"y":124.52292901572451,"cluster":1},{"x":172.32375259930953,"y":124.97646167000329,"cluster":1},{"x":187.0836291121614,"y":134.89526144524632,"cluster":1},{"x":190.33794407888934,"y":127.00413065145236,"cluster":1},{"x":208.44418355021472,"y":137.56821435695358,"cluster":1},{"x":223.69705250810088,"y":143.43923671792695,"cluster":1},{"x":230.23267114267645,"y":141.93407935141346,"cluster":1},{"x":239.68747708373573,"y":154.43295852412314,"cluster":1},{"x":250.78254531192707,"y":150.0,"cluster":1},{"x":269.47472976699396,"y":140.1156183548041,"cluster":1},{"x":271.4974984683223,"y":130.2620271007039,"cluster":1},{"x":283.4432358896014,"y":131.0866050844435,"cluster":1},{"x":297.89789279701466,"y":137.60501627464436,"cluster":1},{"x":298.97800606301575,"y":136.59933525898032,"cluster":1},{"x":323.0675842420515,"y":125.76168808509922,"cluster":1},{"x":335.47068377623873,"y":131.4687854028983,"cluster":1},{"x":330.926327850129,"y":121.60298311885407,"cluster":1},{"x":342.46243921249106,"y":106.99775626606069,"cluster":1},{"x":354.68145487935374,"y":107.38014571910496,"cluster":1},{"x":377.61836706057596,"y":123.62391936685206,"cluster":1},{"x":381.93595957356195,"y":124.03709240092387,"cluster":1},{"x":397.87057520946837,"y":125.72606642332214,"cluster":1},{"x":402.55372507107245,"y":118.29061605545292,"cluster":1},{"x":425.5217946275024,"y":130.40697706648095,"cluster":1},{"x":438.1623327491955,"y":142.95351542971116,"cluster":1},{"x":447.21836760279535,"y":130.10627214377394,"cluster":1},{"x":465.47002638877416,"y":146.5022054841101,"cluster":1},{"x":471.63973124522244,"y":143.4111089235797,"cluster":1}],"num_clusters":0}