{"title":"coast-n55-r9-s-254425836142757647055","map_width":500,"map_height":300,"num_leaves":55,"tree":{"leaf":false,"id":108,"left":{"leaf":false,"id":105,"left":{"leaf":true,"id":49,"label":"49","site_id":49},"right":{"leaf":true,"id":46,"label":"46","site_id":46}},"right":{"leaf":false,"id":107,"left":{"leaf":false,"id":106,"left":{"leaf":false,"id":101,"left":{"leaf":false,"id":79,"left":{"leaf":true,"id":10,"label":"10","site_id":10},"right":{"leaf":false,"id":69,"left":{"leaf":true,"id":12,"label":"12","site_id":12},"right":{"leaf":true,"id":11,"label":"11","site_id":11}}},"right":{"leaf":false,"id":96,"left":{"leaf":false,"id":75,"left":{"leaf":false,"id":73,"left":{"leaf":false,"id":64,"left":{"leaf":true,"id":14,"label":"14","site_id":14},"right":{"leaf":true,"id":27,"label":"27","site_id":27}},"right":{"leaf":false,"id":72,"left":{"leaf":true,"id":16,"label":"16","site_id":16},"right":{"leaf":true,"id":15,"label":"15","site_id":15}}},"right":{"leaf":false,"id":66,"left":{"leaf":true,"id":7,"label":"7","site_id":7},"right":{"leaf":false,"id":61,"left":{"leaf":true,"id":5,"label":"5","site_id":5},"right":{"leaf":false,"id":59,"left":{"leaf":true,"id":6,"label":"6","site_id":6},"right":{"leaf":true,"id":8,"label":"8","site_id":8}}}}},"right":{"leaf":true,"id":13,"label":"13","site_id":13}}},"right":{"leaf":false,"id":104,"left":{"leaf":false,"id":98,"left":{"leaf":false,"id":56,"left":{"leaf":true,"id":9,"label":"9","site_id":9},"right":{"leaf":true,"id":1,"label":"1","site_id":1}},"right":{"leaf":false,"id":93,"left":{"leaf":false,"id":90,"left":{"leaf":true,"id":0,"label":"0","site_id":0},"right":{"leaf":false,"id":86,"left":{"leaf":true,"id":2,"label":"2","site_id":2},"right":{"leaf":false,"id":84,"left":{"leaf":true,"id":4,"label":"4","site_id":4},"right":{"leaf":true,"id":3,"label":"3","site_id":3}}}},"right":{"leaf":true,"id":19,"label":"19","site_id":19}}},"right":{"leaf":false,"id":102,"left":{"leaf":false,"id":100,"left":{"leaf":false,"id":87,"left":{"leaf":false,"id":70,"left":{"leaf":true,"id":37,"label":"37","site_id":37},"right":{"leaf":true,"id":38,"label":"38","site_id":38}},"right":{"leaf":false,"id":83,"left":{"leaf":true,"id":23,"label":"23","site_id":23},"right":{"leaf":true,"id":40,"label":"40","site_id":40}}},"right":{"leaf":true,"id":25,"label":"25","site_id":25}},"right":{"leaf":false,"id":99,"left":{"leaf":false,"id":94,"left":{"leaf":false,"id":82,"left":{"leaf":true,"id":35,"label":"35","site_id":35},"right":{"leaf":false,"id":55,"left":{"leaf":true,"id":31,"label":"31","site_id":31},"right":{"leaf":true,"id":24,"label":"24","site_id":24}}},"right":{"leaf":false,"id":85,"left":{"leaf":true,"id":32,"label":"32","site_id":32},"right":{"leaf":true,"id":30,"label":"30","site_id":30}}},"right":{"leaf":false,"id":95,"left":{"leaf":false,"id":67,"left":{"leaf":true,"id":22,"label":"22","site_id":22},"right":{"leaf":false,"id":63,"left":{"leaf":true,"id":33,"label":"33","site_id":33},"right":{"leaf":false,"id":62,"left":{"leaf":true,"id":36,"label":"36","site_id":36},"right":{"leaf":true,"id":26,"label":"26","site_id":26}}}},"right":{"leaf":false,"id":92,"left":{"leaf":true,"id":28,"label":"28","site_id":28},"right":{"leaf":false,"id":89,"left":{"leaf":false,"id":65,"left":{"leaf":true,"id":18,"label":"18","site_id":18},"right":{"leaf":true,"id":17,"label":"17","site_id":17}},"right":{"leaf":true,"id":52,"label":"52","site_id":52}}}}}}}},"right":{"leaf":false,"id":103,"left":{"leaf":false,"id":97,"left":{"leaf":false,"id":77,"left":{"leaf":true,"id":44,"label":"44","site_id":44},"right":{"leaf":true,"id":43,"label":"43","site_id":43}},"right":{"leaf":false,"id":88,"left":{"leaf":false,"id":81,"left":{"leaf":false,"id":58,"left":{"leaf":true,"id":34,"label":"34","site_id":34},"right":{"leaf":false,"id":57,"left":{"leaf":true,"id":39,"label":"39","site_id":39},"right":{"leaf":true,"id":45,"label":"45","site_id":45}}},"right":{"leaf":false,"id":80,"left":{"leaf":false,"id":78,"left":{"leaf":false,"id":76,"left":{"leaf":false,"id":71,"left":{"leaf":true,"id":51,"label":"51","site_id":51},"right":{"leaf":true,"id":50,"label":"50","site_id":50}},"right":{"leaf":false,"id":74,"left":{"leaf":true,"id":21,"label":"21","site_id":21},"right":{"leaf":true,"id":20,"label":"20","site_id":20}}},"right":{"leaf":false,"id":68,"left":{"leaf":false,"id":60,"left":{"leaf":true,"id":42,"label":"42","site_id":42},"right":{"leaf":true,"id":54,"label":"54","site_id":54}},"right":{"leaf":true,"id":47,"label":"47","site_id":47}}},"right":{"leaf":true,"id":48,"label":"48","site_id":48}}},"right":{"leaf":true,"id":41,"label":"41","site_id":41}}},"right":{"leaf":false,"id":91,"left":{"leaf":true,"id":53,"label":"53","site_id":53},"right":{"leaf":true,"id":29,"label":"29","site_id":29}}}}},"num_sites":55,"sites":[{"x":15.0,"y":137.59282540133768,"cluster":1},{"x":34.99067806501791,"y":134.63551771935172,"cluster":1},{"x":40.92845222027825,"y":130.184364820987,"cluster":1},{"x":36.134717317137365,"y":140.37609321366804,"cluster":1},{"x":54.0136777822,"y":144.5361091954963,"cluster":1},{"x":61.22221752709306,"y":154.43615192865514,"cluster":1},{"x":70.12429799697027,"y":143.24634397457498,"cluster":1},{"x":80.37134411809262,"y":149.4632083197396,"cluster":1},{"x":81.18970982749319,"y":151.44073691898595,"cluster":1},{"x":101.19580017529817,"y":145.81297343030627,"cluster":1},{"x":104.3633305904325,"y":138.74395246072024,"cluster":1},{"x":103.97520239343498,"y":126.66731721962418,"cluster":1},{"x":114.39282509668496,"y":128.58092045426986,"cluster":1},{"x":123.24636841151687,"y":138.25499598638675,"cluster":1},{"x":144.07043614464362,"y":149.88452135507612,"cluster":1},{"x":146.204456455542,"y":141.17804975376237,"cluster":1},{"x":154.55670354156902,"y":151.42370682837992,"cluster":1},{"x":169.83357068522986,"y":163.59544195031043,"cluster":1},{"x":173.00331846652182,"y":164.88600700532456,"cluster":1},{"x":176.91703215213437,"y":173.384266827053,"cluster":1},{"x":181.82833235494797,"y":163.4464574930667,"cluster":1},{"x":195.75406792706877,"y":166.38877875110475,"cluster":1},{"x":210.5833549788728,"y":160.6237805882912,"cluster":1},{"x":204.46573231134386,"y":148.41500606331493,"cluster":1},{"x":220.6931917153358,"y":145.72276453444843,"cluster":1},{"x":221.07202735601032,"y":144.79560303189845,"cluster":1},{"x":244.09212766302633,"y":145.30097977517275,"cluster":1},{"x":246.90672419725965,"y":150.0,"cluster":1},{"x":261.8251126365023,"y":139.69691591012506,"cluster":1},{"x":257.84578652444884,"y":137.96253670939768,"cluster":1},{"x":264.40603346355124,"y":138.61401808740277,"cluster":1},{"x":282.5886752955938,"y":126.73325944996684,"cluster":1},{"x":293.8182544762766,"y":135.66115500950198,"cluster":1},{"x":291.1092352034716,"y":136.92207817753592,"cluster":1},{"x":300.5187005512187,"y":140.63153888736977,"cluster":1},{"x":320.2385003728616,"y":142.5640588721092,"cluster":1},{"x":316.55269142590976,"y":139.10121525111452,"cluster":1},{"x":329.25397621215683,"y":132.70952786191444,"cluster":1},{"x":343.1377180397877,"y":136.74903353710314,"cluster":1},{"x":354.01755883056234,"y":143.7091772681699,"cluster":1},{"x":357.1086953806355,"y":132.04095686772007,"cluster":1},{"x":367.54713196565854,"y":141.19380549093452,"cluster":1},{"x":369.0505490606493,"y":134.99254355462762,"cluster":1},{"x":374.3431715748628,"y":146.291252515588,"cluster":1},{"x":386.1307219656867,"y":153.34915855529871,"cluster":1},{"x":392.0002322856433,"y":142.02315789256343,"cluster":1},{"x":397.7924593965753,"y":152.50260259473407,"cluster":1},{"x":420.5500477002795,"y":143.41118008376836,"cluster":1},{"x":430.42454326952856,"y":155.47951552070458,"cluster":1},{"x":423.0789902117851,"y":150.65927706234416,"cluster":1},{"x":435.5210082832682,"y":159.26249577874125,"cluster":1},{"x":441.49484802517384,"y":156.56686597495226,"cluster":1},{"x":458.6839374522981,"y":167.86810174949832,"cluster":1},{"x":458.1836092839583,"y":163.04586689544462,"cluster":1},{"x":465.29307559822325,"y":150.637288285306,"cluster":1}],"num_clusters":0}