{"title":"coast-n100-r1-s3596673253889729385100","map_width":500,"map_height":300,"num_leaves":100,"tree":{"leaf":false,"id":198,"left":{"leaf":false,"id":196,"left":{"leaf":false,"id":179,"left":{"leaf":true,"id":45,"label":"45","site_id":45},"right":{"leaf":false,"id":170,"left":{"leaf":true,"id":57,"label":"57","site_id":57},"right":{"leaf":true,"id":85,"label":"85","site_id":85}}},"right":{"leaf":false,"id":194,"left":{"leaf":false,"id":192,"left":{"leaf":false,"id":188,"left":{"leaf":false,"id":161,"left":{"leaf":false,"id":101,"left":{"leaf":true,"id":29,"label":"29","site_id":29},"right":{"leaf":true,"id":25,"label":"25","site_id":25}},"right":{"leaf":false,"id":141,"left":{"leaf":false,"id":123,"left":{"leaf":true,"id":4,"label":"4","site_id":4},"right":{"leaf":true,"id":19,"label":"19","site_id":19}},"right":{"leaf":false,"id":129,"left":{"leaf":true,"id":35,"label":"35","site_id":35},"right":{"leaf":true,"id":48,"label":"48","site_id":48}}}},"right":{"leaf":false,"id":176,"left":{"leaf":false,"id":157,"left":{"leaf":false,"id":103,"left":{"leaf":true,"id":23,"label":"23","site_id":23},"right":{"leaf":true,"id":1,"label":"1","site_id":1}},"right":{"leaf":false,"id":151,"left":{"leaf":false,"id":136,"left":{"leaf":false,"id":119,"left":{"leaf":true,"id":88,"label":"88","site_id":88},"right":{"leaf":true,"id":91,"label":"91","site_id":91}},"right":{"leaf":false,"id":120,"left":{"leaf":false,"id":113,"left":{"leaf":true,"id":22,"label":"22","site_id":22},"right":{"leaf":true,"id":50,"label":"50","site_id":50}},"right":{"leaf":true,"id":42,"label":"42","site_id":42}}},"right":{"leaf":false,"id":149,"left":{"leaf":true,"id":37,"label":"37","site_id":37},"right":{"leaf":true,"id":39,"label":"39","site_id":39}}}},"right":{"leaf":true,"id":68,"label":"68","site_id":68}}},"right":{"leaf":false,"id":189,"left":{"leaf":false,"id":182,"left":{"leaf":true,"id":60,"label":"60","site_id":60},"right":{"leaf":false,"id":168,"left":{"leaf":false,"id":139,"left":{"leaf":true,"id":97,"label":"97","site_id":97},"right":{"leaf":true,"id":98,"label":"98","site_id":98}},"right":{"leaf":true,"id":92,"label":"92","site_id":92}}},"right":{"leaf":false,"id":186,"left":{"leaf":false,"id":185,"left":{"leaf":false,"id":162,"left":{"leaf":false,"id":140,"left":{"leaf":true,"id":32,"label":"32","site_id":32},"right":{"leaf":false,"id":127,"left":{"leaf":true,"id":58,"label":"58","site_id":58},"right":{"leaf":false,"id":116,"left":{"leaf":false,"id":109,"left":{"leaf":true,"id":63,"label":"63","site_id":63},"right":{"leaf":true,"id":61,"label":"61","site_id":61}},"right":{"leaf":true,"id":62,"label":"62","site_id":62}}}},"right":{"leaf":true,"id":55,"label":"55","site_id":55}},"right":{"leaf":false,"id":184,"left":{"leaf":false,"id":117,"left":{"leaf":true,"id":31,"label":"31","site_id":31},"right":{"leaf":true,"id":16,"label":"16","site_id":16}},"right":{"leaf":false,"id":174,"left":{"leaf":false,"id":173,"left":{"leaf":true,"id":21,"label":"21","site_id":21},"right":{"leaf":false,"id":163,"left":{"leaf":false,"id":148,"left":{"leaf":true,"id":5,"label":"5","site_id":5},"right":{"leaf":false,"id":126,"left":{"leaf":true,"id":7,"label":"7","site_id":7},"right":{"leaf":true,"id":6,"label":"6","site_id":6}}},"right":{"leaf":false,"id":132,"left":{"leaf":false,"id":111,"left":{"leaf":true,"id":24,"label":"24","site_id":24},"right":{"leaf":false,"id":104,"left":{"leaf":true,"id":0,"label":"0","site_id":0},"right":{"leaf":true,"id":12,"label":"12","site_id":12}}},"right":{"leaf":false,"id":131,"left":{"leaf":false,"id":122,"left":{"leaf":true,"id":28,"label":"28","site_id":28},"right":{"leaf":true,"id":33,"label":"33","site_id":33}},"right":{"leaf":true,"id":8,"label":"8","site_id":8}}}}},"right":{"leaf":false,"id":164,"left":{"leaf":true,"id":3,"label":"3","site_id":3},"right":{"leaf":false,"id":144,"left":{"leaf":true,"id":11,"label":"11","site_id":11},"right":{"leaf":true,"id":20,"label":"20","site_id":20}}}}}},"right":{"leaf":false,"id":183,"left":{"leaf":false,"id":158,"left":{"leaf":false,"id":153,"left":{"leaf":false,"id":152,"left":{"leaf":true,"id":56,"label":"56","site_id":56},"right":{"leaf":true,"id":53,"label":"53","site_id":53}},"right":{"leaf":false,"id":135,"left":{"leaf":true,"id":36,"label":"36","site_id":36},"right":{"leaf":true,"id":49,"label":"49","site_id":49}}},"right":{"leaf":false,"id":155,"left":{"leaf":false,"id":147,"left":{"leaf":true,"id":27,"label":"27","site_id":27},"right":{"leaf":true,"id":69,"label":"69","site_id":69}},"right":{"leaf":false,"id":143,"left":{"leaf":false,"id":124,"left":{"leaf":true,"id":44,"label":"44","site_id":44},"right":{"leaf":false,"id":121,"left":{"leaf":true,"id":54,"label":"54","site_id":54},"right":{"leaf":true,"id":46,"label":"46","site_id":46}}},"right":{"leaf":false,"id":110,"left":{"leaf":true,"id":47,"label":"47","site_id":47},"right":{"leaf":true,"id":51,"label":"51","site_id":51}}}}},"right":{"leaf":false,"id":181,"left":{"leaf":false,"id":177,"left":{"leaf":true,"id":17,"label":"17","site_id":17},"right":{"leaf":false,"id":169,"left":{"leaf":false,"id":166,"left":{"leaf":true,"id":15,"label":"15","site_id":15},"right":{"leaf":false,"id":165,"left":{"leaf":true,"id":2,"label":"2","site_id":2},"right":{"leaf":false,"id":118,"left":{"leaf":false,"id":106,"left":{"leaf":true,"id":14,"label":"14","site_id":14},"right":{"leaf":true,"id":9,"label":"9","site_id":9}},"right":{"leaf":true,"id":10,"label":"10","site_id":10}}}},"right":{"leaf":false,"id":130,"left":{"leaf":true,"id":43,"label":"43","site_id":43},"right":{"leaf":true,"id":34,"label":"34","site_id":34}}}},"right":{"leaf":true,"id":18,"label":"18","site_id":18}}}}}},"right":{"leaf":false,"id":114,"left":{"leaf":true,"id":96,"label":"96","site_id":96},"right":{"leaf":true,"id":13,"label":"13","site_id":13}}}},"right":{"leaf":false,"id":197,"left":{"leaf":false,"id":195,"left":{"leaf":false,"id":134,"left":{"leaf":true,"id":26,"label":"26","site_id":26},"right":{"leaf":false,"id":128,"left":{"leaf":false,"id":100,"left":{"leaf":true,"id":40,"label":"40","site_id":40},"right":{"leaf":true,"id":41,"label":"41","site_id":41}},"right":{"leaf":true,"id":99,"label":"99","site_id":99}}},"right":{"leaf":false,"id":191,"left":{"leaf":false,"id":137,"left":{"leaf":true,"id":95,"label":"95","site_id":95},"right":{"leaf":true,"id":30,"label":"30","site_id":30}},"right":{"leaf":false,"id":187,"left":{"leaf":false,"id":167,"left":{"leaf":false,"id":156,"left":{"leaf":false,"id":112,"left":{"leaf":true,"id":80,"label":"80","site_id":80},"right":{"leaf":false,"id":105,"left":{"leaf":false,"id":102,"left":{"leaf":true,"id":67,"label":"67","site_id":67},"right":{"leaf":true,"id":59,"label":"59","site_id":59}},"right":{"leaf":true,"id":65,"label":"65","site_id":65}}},"right":{"leaf":true,"id":83,"label":"83","site_id":83}},"right":{"leaf":false,"id":159,"left":{"leaf":true,"id":75,"label":"75","site_id":75},"right":{"leaf":false,"id":154,"left":{"leaf":true,"id":77,"label":"77","site_id":77},"right":{"leaf":true,"id":73,"label":"73","site_id":73}}}},"right":{"leaf":true,"id":72,"label":"72","site_id":72}}}},"right":{"leaf":false,"id":193,"left":{"leaf":false,"id":190,"left":{"leaf":false,"id":180,"left":{"leaf":false,"id":172,"left":{"leaf":false,"id":108,"left":{"leaf":true,"id":81,"label":"81","site_id":81},"right":{"leaf":true,"id":82,"label":"82","site_id":82}},"right":{"leaf":false,"id":171,"left":{"leaf":false,"id":146,"left":{"leaf":false,"id":115,"left":{"leaf":true,"id":89,"label":"89","site_id":89},"right":{"leaf":true,"id":90,"label":"90","site_id":90}},"right":{"leaf":false,"id":145,"left":{"leaf":true,"id":94,"label":"94","site_id":94},"right":{"leaf":true,"id":78,"label":"78","site_id":78}}},"right":{"leaf":true,"id":87,"label":"87","site_id":87}}},"right":{"leaf":false,"id":142,"left":{"leaf":false,"id":107,"left":{"leaf":true,"id":52,"label":"52","site_id":52},"right":{"leaf":true,"id":38,"label":"38","site_id":38}},"right":{"leaf":true,"id":74,"label":"74","site_id":74}}},"right":{"leaf":false,"id":178,"left":{"leaf":true,"id":66,"label":"66","site_id":66},"right":{"leaf":false,"id":125,"left":{"leaf":true,"id":84,"label":"84","site_id":84},"right":{"leaf":true,"id":86,"label":"86","site_id":86}}}},"right":{"leaf":false,"id":175,"left":{"leaf":false,"id":160,"left":{"leaf":true,"id":71,"label":"71","site_id":71},"right":{"leaf":false,"id":150,"left":{"leaf":false,"id":138,"left":{"leaf":true,"id":76,"label":"76","site_id":76},"right":{"leaf":false,"id":133,"left":{"leaf":true,"id":64,"label":"64","site_id":64},"right":{"leaf":true,"id":93,"label":"93","site_id":93}}},"right":{"leaf":true,"id":70,"label":"70","site_id":70}}},"right":{"leaf":true,"id":79,"label":"79","site_id":79}}}}},"num_sites":100,"sites":[{"x":17.88958769156193,"y":138.53255638399625,"cluster":1},{"x":25.723586140382064,"y":137.3842892852186,"cluster":1},{"x":29.596283354702535,"y":140.24184430912416,"cluster":1},{"x":29.819468218895185,"y":146.54399493922554,"cluster":1},{"x":36.943586009128495,"y":146.2437135898881,"cluster":1},{"x":43.09394802755536,"y":148.6670771196823,"cluster":1},{"x":48.509080738856966,"y":149.43312055666203,"cluster":1},{"x":48.994029170899175,"y":152.06935439893576,"cluster":1},{"x":50.81467060433589,"y":151.78418169048646,"cluster":1},{"x":62.466491654799,"y":147.4587900542267,"cluster":1},{"x":62.97118476411318,"y":148.70309245338848,"cluster":1},{"x":64.27035612842383,"y":146.83148109584772,"cluster":1},{"x":69.97747826760104,"y":145.5381801122742,"cluster":1},{"x":76.21908923343565,"y":151.38389998632647,"cluster":1},{"x":78.17137559358025,"y":149.08628041828985,"cluster":1},{"x":85.37251153417252,"y":145.4368521669031,"cluster":1},{"x":94.8482767089632,"y":140.87923625300573,"cluster":1},{"x":95.43652886096845,"y":146.45914789461568,"cluster":1},{"x":100.50631458209557,"y":152.6703064463794,"cluster":1},{"x":106.40678717737468,"y":152.88814918461551,"cluster":1},{"x":112.47783777614023,"y":153.08833213239743,"cluster":1},{"x":111.93937424037948,"y":147.99219329269079,"cluster":1},{"x":121.34256458720083,"y":154.14709611020976,"cluster":1},{"x":119.72311353526423,"y":153.87493094041108,"cluster":1},{"x":131.27427639938412,"y":151.3295859386445,"cluster":1},{"x":131.1403590330027,"y":150.85662315173397,"cluster":1},{"x":136.60737907542264,"y":144.22615330436446,"cluster":1},{"x":145.47225090760577,"y":148.51638709620315,"cluster":1},{"x":145.01854505553152,"y":152.3608110192351,"cluster":1},{"x":148.63373918817962,"y":151.87898104467476,"cluster":1},{"x":159.52223039359802,"y":152.0074255271803,"cluster":1},{"x":163.47766210033814,"y":150.19178432928248,"cluster":1},{"x":169.3521982300105,"y":147.14305486533968,"cluster":1},{"x":167.46951066849655,"y":152.91255796458094,"cluster":1},{"x":170.99685691679213,"y":158.46069784053307,"cluster":1},{"x":181.48731233474496,"y":157.00688009326637,"cluster":1},{"x":182.34214471950298,"y":163.33896543778943,"cluster":1},{"x":187.59880894403665,"y":157.2014641655882,"cluster":1},{"x":191.89977924933203,"y":150.63947462036182,"cluster":1},{"x":201.98150058762238,"y":154.03908804079063,"cluster":1},{"x":199.97444406598794,"y":151.7769340082522,"cluster":1},{"x":207.05927534435054,"y":148.4943475932011,"cluster":1},{"x":213.20625112072224,"y":149.58663510453877,"cluster":1},{"x":216.1255953617717,"y":153.99220273633438,"cluster":1},{"x":225.03305833850789,"y":148.3453718601888,"cluster":1},{"x":225.64583481764612,"y":142.82158593454818,"cluster":1},{"x":231.2949986345031,"y":145.76730707956287,"cluster":1},{"x":234.12542711439312,"y":146.5375086922322,"cluster":1},{"x":236.48525944298723,"y":151.82358663898665,"cluster":1},{"x":247.96194178207654,"y":145.2422194470879,"cluster":1},{"x":246.84633435050455,"y":150.0,"cluster":1},{"x":257.87752868101654,"y":146.22728886861466,"cluster":1},{"x":260.14286368960535,"y":147.67928099863178,"cluster":1},{"x":260.54526312682964,"y":142.96000867673953,"cluster":1},{"x":266.7133033894271,"y":137.62337793785764,"cluster":1},{"x":271.4740458690396,"y":139.51193361503047,"cluster":1},{"x":280.57928453967116,"y":138.86328680885865,"cluster":1},{"x":279.37037332448267,"y":134.53895701414214,"cluster":1},{"x":285.5226211043561,"y":132.77009838860428,"cluster":1},{"x":292.656536512479,"y":128.51365206587894,"cluster":1},{"x":299.1467371878406,"y":128.97677216284023,"cluster":1},{"x":301.7793687227473,"y":125.71512851883284,"cluster":1},{"x":301.44576824039206,"y":124.05903538460056,"cluster":1},{"x":308.3647445552076,"y":119.75834517888157,"cluster":1},{"x":316.6070409829662,"y":124.49918290151909,"cluster":1},{"x":324.0094050093665,"y":122.92420464446292,"cluster":1},{"x":323.66346767764827,"y":124.74823155241394,"cluster":1},{"x":330.7390693529534,"y":129.3215451838244,"cluster":1},{"x":332.5571657665055,"y":125.39398087589548,"cluster":1},{"x":341.7875175999991,"y":130.7124126572521,"cluster":1},{"x":347.4368132388332,"y":129.473389686275,"cluster":1},{"x":345.6130718165253,"y":127.99518496428391,"cluster":1},{"x":353.41089341811477,"y":131.38559485843885,"cluster":1},{"x":357.266106055553,"y":125.53564150981556,"cluster":1},{"x":357.3168965467552,"y":131.19778868474668,"cluster":1},{"x":365.24737045391817,"y":126.87319731285227,"cluster":1},{"x":369.7414073666505,"y":120.95614403919383,"cluster":1},{"x":371.685251180395,"y":124.43365878578686,"cluster":1},{"x":384.65094103936525,"y":117.91238382546648,"cluster":1},{"x":384.8570432722018,"y":116.80141361498943,"cluster":1},{"x":385.25985887842523,"y":116.0595908141555,"cluster":1},{"x":398.82082266898743,"y":121.36947186211702,"cluster":1},{"x":400.6481291628051,"y":120.00369595434593,"cluster":1},{"x":402.62458568454144,"y":121.05542515333391,"cluster":1},{"x":408.56445321213045,"y":124.88837408155986,"cluster":1},{"x":415.91412227645804,"y":126.8580053216596,"cluster":1},{"x":416.41019941078383,"y":129.6305595268032,"cluster":1},{"x":422.0338335214938,"y":129.84813511565494,"cluster":1},{"x":424.48538871717864,"y":136.4419282246811,"cluster":1},{"x":433.9723904010918,"y":139.41753434148538,"cluster":1},{"x":440.7260104059263,"y":143.5600629923659,"cluster":1},{"x":440.89694692225544,"y":149.16693592786532,"cluster":1},{"x":444.77739596666777,"y":150.1439284983893,"cluster":1},{"x":446.93769084563866,"y":149.4392116698701,"cluster":1},{"x":455.38073099273436,"y":145.12606314187758,"cluster":1},{"x":461.305732147555,"y":151.17008716702202,"cluster":1},{"x":463.6816943225882,"y":157.08720996197928,"cluster":1},{"x":470.3713678575541,"y":154.1680080837544,"cluster":1},{"x":470.1381339539463,"y":153.14442457530072,"cluster":1},{"x":475.9357456795381,"y":159.45702421689393,"cluster":1}],"num_clusters":0}