{"title":"coast-n15-r0-s-498094578964984189615","map_width":500,"map_height":300,"num_leaves":15,"tree":{"leaf":false,"id":28,"left":{"leaf":false,"id":27,"left":{"leaf":false,"id":26,"left":{"leaf":false,"id":17,"left":{"leaf":true,"id":11,"label":"11","site_id":11},"right":{"leaf":false,"id":16,"left":{"leaf":true,"id":13,"label":"13","site_id":13},"right":{"leaf":true,"id":12,"label":"12","site_id":12}}},"right":{"leaf":true,"id":14,"label":"14","site_id":14}},"right":{"leaf":false,"id":25,"left":{"leaf":false,"id":24,"left":{"leaf":false,"id":23,"left":{"leaf":false,"id":21,"left":{"leaf":true,"id":5,"label":"5","site_id":5},"right":{"leaf":false,"id":20,"left":{"leaf":true,"id":6,"label":"6","site_id":6},"right":{"leaf":false,"id":18,"left":{"leaf":true,"id":7,"label":"7","site_id":7},"right":{"leaf":true,"id":4,"label":"4","site_id":4}}}},"right":{"leaf":false,"id":22,"left":{"leaf":true,"id":0,"label":"0","site_id":0},"right":{"leaf":false,"id":15,"left":{"leaf":true,"id":9,"label":"9","site_id":9},"right":{"leaf":true,"id":2,"label":"2","site_id":2}}}},"right":{"leaf":false,"id":19,"left":{"leaf":true,"id":8,"label":"8","site_id":8},"right":{"leaf":true,"id":10,"label":"10","site_id":10}}},"right":{"leaf":true,"id":3,"label":"3","site_id":3}}},"right":{"leaf":true,"id":1,"label":"1","site_id":1}},"num_sites":15,"sites":[{"x":41.246750766771015,"y":283.8565040186363,"cluster":1},{"x":85.26189031254596,"y":242.90893073559909,"cluster":1},{"x":88.40473879773,"y":211.98780721212827,"cluster":1},{"x":103.91920087561905,"y":240.67114340979353,"cluster":1},{"x":166.56321387361666,"y":224.1722944596134,"cluster":1},{"x":187.37274211209441,"y":211.60092097599895,"cluster":1},{"x":205.91691321155236,"y":191.3604220511935,"cluster":1},{"x":243.09504083988497,"y":150.0,"cluster":1},{"x":271.14111652337505,"y":172.3786064879152,"cluster":1},{"x":283.58492620024106,"y":157.9079022030518,"cluster":1},{"x":312.5519613097236,"y":171.50095917170822,"cluster":1},{"x":362.1183888663565,"y":138.5724701269432,"cluster":1},{"x":400.55149957372635,"y":163.93183693978577,"cluster":1},{"x":418.77671342496626,"y":173.7850189944416,"cluster":1},{"x":457.54143579216435,"y":142.67419284243513,"cluster":1}],"num_clusters":0}