{"title":"coast-n10-r4-s-334238363314468114010","map_width":500,"map_height":300,"num_leaves":10,"tree":{"leaf":false,"id":18,"left":{"leaf":false,"id":10,"left":{"leaf":true,"id":0,"label":"0","site_id":0},"right":{"leaf":true,"id":2,"label":"2","site_id":2}},"right":{"leaf":false,"id":17,"left":{"leaf":false,"id":15,"left":{"leaf":true,"id":3,"label":"3","site_id":3},"right":{"leaf":true,"id":8,"label":"8","site_id":8}},"right":{"leaf":false,"id":16,"left":{"leaf":true,"id":4,"label":"4","site_id":4},"right":{"leaf":false,"id":14,"left":{"leaf":true,"id":1,"label":"1","site_id":1},"right":{"leaf":false,"id":13,"left":{"leaf":true,"id":9,"label":"9","site_id":9},"right":{"leaf":false,"id":12,"left":{"leaf":false,"id":11,"left":{"leaf":true,"id":6,"label":"6","site_id":6},"right":{"leaf":true,"id":7,"label":"7","site_id":7}},"right":{"leaf":true,"id":5,"label":"5","site_id":5}}}}}}},"num_sites":10,"sites":[{"x":64.07492449284736,"y":155.6548910392902,"cluster":1},{"x":37.75631358594193,"y":177.98556018841165,"cluster":1},{"x":97.58966289814325,"y":169.19887264300203,"cluster":1},{"x":134.0802948380278,"y":105.34337840222119,"cluster":1},{"x":247.73981352279299,"y":140.96355461315147,"cluster":1},{"x":242.4775273673889,"y":150.0,"cluster":1},{"x":256.099027228952,"y":114.93356476673482,"cluster":1},{"x":302.3035327480612,"y":79.7743317247444,"cluster":1},{"x":404.1826705419299,"y":32.54041997745906,"cluster":1},{"x":396.0721925513546,"y":74.56247355366685,"cluster":1}],"num_clusters":0}