{"title":"coast-n35-r6-s588771264831343749135","map_width":500,"map_height":300,"num_leaves":35,"tree":{"leaf":false,"id":68,"left":{"leaf":false,"id":67,"left":{"leaf":true,"id":31,"label":"31","site_id":31},"right":{"leaf":false,"id":63,"left":{"leaf":true,"id":29,"label":"29","site_id":29},"right":{"leaf":false,"id":61,"left":{"leaf":true,"id":33,"label":"33","site_id":33},"right":{"leaf":false,"id":46,"left":{"leaf":true,"id":34,"label":"34","site_id":34},"right":{"leaf":true,"id":28,"label":"28","site_id":28}}}}},"right":{"leaf":false,"id":66,"left":{"leaf":false,"id":65,"left":{"leaf":false,"id":60,"left":{"leaf":false,"id":58,"left":{"leaf":false,"id":48,"left":{"leaf":false,"id":41,"left":{"leaf":true,"id":14,"label":"14","site_id":14},"right":{"leaf":true,"id":10,"label":"10","site_id":10}},"right":{"leaf":true,"id":12,"label":"12","site_id":12}},"right":{"leaf":false,"id":57,"left":{"leaf":true,"id":26,"label":"26","site_id":26},"right":{"leaf":true,"id":3,"label":"3","site_id":3}}},"right":{"leaf":false,"id":44,"left":{"leaf":false,"id":40,"left":{"leaf":true,"id":24,"label":"24","site_id":24},"right":{"leaf":true,"id":25,"label":"25","site_id":25}},"right":{"leaf":false,"id":39,"left":{"leaf":true,"id":30,"label":"30","site_id":30},"right":{"leaf":false,"id":37,"left":{"leaf":true,"id":22,"label":"22","site_id":22},"right":{"leaf":true,"id":32,"label":"32","site_id":32}}}}},"right":{"leaf":false,"id":64,"left":{"leaf":false,"id":62,"left":{"leaf":false,"id":59,"left":{"leaf":false,"id":56,"left":{"leaf":false,"id":53,"left":{"leaf":false,"id":47,"left":{"leaf":true,"id":27,"label":"27","site_id":27},"right":{"leaf":true,"id":23,"label":"23","site_id":23}},"right":{"leaf":true,"id":11,"label":"11","site_id":11}},"right":{"leaf":false,"id":51,"left":{"leaf":false,"id":43,"left":{"leaf":true,"id":6,"label":"6","site_id":6},"right":{"leaf":false,"id":35,"left":{"leaf":true,"id":2,"label":"2","site_id":2},"right":{"leaf":true,"id":1,"label":"1","site_id":1}}},"right":{"leaf":false,"id":50,"left":{"leaf":true,"id":4,"label":"4","site_id":4},"right":{"leaf":false,"id":45,"left":{"leaf":true,"id":0,"label":"0","site_id":0},"right":{"leaf":true,"id":9,"label":"9","site_id":9}}}}},"right":{"leaf":false,"id":55,"left":{"leaf":true,"id":13,"label":"13","site_id":13},"right":{"leaf":true,"id":15,"label":"15","site_id":15}}},"right":{"leaf":true,"id":5,"label":"5","site_id":5}},"right":{"leaf":false,"id":49,"left":{"leaf":false,"id":38,"left":{"leaf":true,"id":7,"label":"7","site_id":7},"right":{"leaf":true,"id":8,"label":"8","site_id":8}},"right":{"leaf":false,"id":36,"left":{"leaf":true,"id":17,"label":"17","site_id":17},"right":{"leaf":true,"id":18,"label":"18","site_id":18}}}}},"right":{"leaf":false,"id":54,"left":{"leaf":false,"id":52,"left":{"leaf":false,"id":42,"left":{"leaf":true,"id":20,"label":"20","site_id":20},"right":{"leaf":true,"id":21,"label":"21","site_id":21}},"right":{"leaf":true,"id":16,"label":"16","site_id":16}},"right":{"leaf":true,"id":19,"label":"19","site_id":19}}}},"num_sites":35,"sites":[{"x":15.0,"y":64.92958794773081,"cluster":1},{"x":46.99328661783383,"y":71.09366408931375,"cluster":1},{"x":53.70720860612406,"y":78.0395100375658,"cluster":1},{"x":73.4349503173852,"y":89.23377075392479,"cluster":1},{"x":82.58726616977809,"y":93.23931962918978,"cluster":1},{"x":85.25633296826821,"y":110.59021798594425,"cluster":1},{"x":88.32962937791493,"y":114.52700466785763,"cluster":1},{"x":102.11311252958244,"y":131.82890553945364,"cluster":1},{"x":124.3371582904208,"y":149.24379804807182,"cluster":1},{"x":130.45246527094952,"y":140.40004749205863,"cluster":1},{"x":148.20982966358176,"y":132.45232839652948,"cluster":1},{"x":162.46107021364512,"y":135.6794344145932,"cluster":1},{"x":173.37005244685886,"y":133.43465014037125,"cluster":1},{"x":184.42110570641262,"y":133.7202647252774,"cluster":1},{"x":193.5710515263991,"y":139.3257100847881,"cluster":1},{"x":210.3670951031544,"y":155.1460373031271,"cluster":1},{"x":241.9961704408795,"y":154.46176595146224,"cluster":1},{"x":245.1646055402863,"y":150.0,"cluster":1},{"x":246.50936492279905,"y":150.93955545068954,"cluster":1},{"x":269.4605545943886,"y":158.22531067770825,"cluster":1},{"x":289.13256563415723,"y":168.49439643428818,"cluster":1},{"x":284.24307821847026,"y":159.00863777028263,"cluster":1},{"x":320.218979385838,"y":153.04255164130117,"cluster":1},{"x":329.38238040228566,"y":140.9613733101649,"cluster":1},{"x":342.82900146433707,"y":139.48919101032445,"cluster":1},{"x":355.8503265539064,"y":122.04903138610513,"cluster":1},{"x":373.52232013191747,"y":117.16727635814468,"cluster":1},{"x":375.5299132066618,"y":107.66926152022573,"cluster":1},{"x":396.4898622754998,"y":124.14799888354138,"cluster":1},{"x":393.3301545102023,"y":137.82968891347545,"cluster":1},{"x":420.86280735079345,"y":154.57722490916086,"cluster":1},{"x":414.4824793886197,"y":151.28763531154806,"cluster":1},{"x":449.9071903385216,"y":167.76952949269327,"cluster":1},{"x":464.13452513114714,"y":158.3237818729441,"cluster":1},{"x":456.32247690793525,"y":159.3667656521226,"cluster":1}],"num_clusters":0}