{"title":"coast-n40-r5-s459637234797203645840","map_width":500,"map_height":300,"num_leaves":40,"tree":{"leaf":false,"id":78,"left":{"leaf":false,"id":77,"left":{"leaf":true,"id":29,"label":"29","site_id":29},"right":{"leaf":false,"id":68,"left":{"leaf":false,"id":61,"left":{"leaf":false,"id":59,"left":{"leaf":false,"id":56,"left":{"leaf":true,"id":26,"label":"26","site_id":26},"right":{"leaf":true,"id":27,"label":"27","site_id":27}},"right":{"leaf":false,"id":58,"left":{"leaf":false,"id":45,"left":{"leaf":true,"id":15,"label":"15","site_id":15},"right":{"leaf":false,"id":43,"left":{"leaf":true,"id":1,"label":"1","site_id":1},"right":{"leaf":true,"id":30,"label":"30","site_id":30}}},"right":{"leaf":false,"id":57,"left":{"leaf":false,"id":46,"left":{"leaf":true,"id":36,"label":"36","site_id":36},"right":{"leaf":true,"id":39,"label":"39","site_id":39}},"right":{"leaf":true,"id":37,"label":"37","site_id":37}}}},"right":{"leaf":false,"id":49,"left":{"leaf":true,"id":24,"label":"24","site_id":24},"right":{"leaf":true,"id":28,"label":"28","site_id":28}}},"right":{"leaf":false,"id":51,"left":{"leaf":true,"id":7,"label":"7","site_id":7},"right":{"leaf":true,"id":32,"label":"32","site_id":32}}}},"right":{"leaf":false,"id":76,"left":{"leaf":false,"id":75,"left":{"leaf":false,"id":73,"left":{"leaf":false,"id":64,"left":{"leaf":false,"id":48,"left":{"leaf":true,"id":34,"label":"34","site_id":34},"right":{"leaf":true,"id":35,"label":"35","site_id":35}},"right":{"leaf":false,"id":63,"left":{"leaf":true,"id":25,"label":"25","site_id":25},"right":{"leaf":true,"id":38,"label":"38","site_id":38}}},"right":{"leaf":false,"id":71,"left":{"leaf":true,"id":10,"label":"10","site_id":10},"right":{"leaf":false,"id":70,"left":{"leaf":false,"id":52,"left":{"leaf":false,"id":44,"left":{"leaf":false,"id":40,"left":{"leaf":true,"id":4,"label":"4","site_id":4},"right":{"leaf":true,"id":3,"label":"3","site_id":3}},"right":{"leaf":true,"id":5,"label":"5","site_id":5}},"right":{"leaf":true,"id":17,"label":"17","site_id":17}},"right":{"leaf":false,"id":65,"left":{"leaf":true,"id":9,"label":"9","site_id":9},"right":{"leaf":true,"id":8,"label":"8","site_id":8}}}}},"right":{"leaf":false,"id":72,"left":{"leaf":false,"id":60,"left":{"leaf":false,"id":53,"left":{"leaf":false,"id":50,"left":{"leaf":true,"id":22,"label":"22","site_id":22},"right":{"leaf":false,"id":42,"left":{"leaf":true,"id":19,"label":"19","site_id":19},"right":{"leaf":true,"id":21,"label":"21","site_id":21}}},"right":{"leaf":true,"id":23,"label":"23","site_id":23}},"right":{"leaf":true,"id":11,"label":"11","site_id":11}},"right":{"leaf":false,"id":69,"left":{"leaf":false,"id":47,"left":{"leaf":true,"id":13,"label":"13","site_id":13},"right":{"leaf":true,"id":31,"label":"31","site_id":31}},"right":{"leaf":true,"id":18,"label":"18","site_id":18}}}},"right":{"leaf":false,"id":74,"left":{"leaf":false,"id":66,"left":{"leaf":true,"id":6,"label":"6","site_id":6},"right":{"leaf":false,"id":55,"left":{"leaf":true,"id":14,"label":"14","site_id":14},"right":{"leaf":true,"id":2,"label":"2","site_id":2}}},"right":{"leaf":false,"id":67,"left":{"leaf":true,"id":16,"label":"16","site_id":16},"right":{"leaf":false,"id":62,"left":{"leaf":true,"id":33,"label":"33","site_id":33},"right":{"leaf":false,"id":54,"left":{"leaf":true,"id":0,"label":"0","site_id":0},"right":{"leaf":false,"id":41,"left":{"leaf":true,"id":12,"label":"12","site_id":12},"right":{"leaf":true,"id":20,"label":"20","site_id":20}}}}}}}},"num_sites":40,"sites":[{"x":17.708622552933253,"y":197.73367909274762,"cluster":1},{"x":25.0335588775791,"y":187.6069324396093,"cluster":1},{"x":43.27966735508076,"y":176.9347448578335,"cluster":1},{"x":52.631386876140766,"y":162.70005754324882,"cluster":1},{"x":60.52542187549432,"y":168.80999827415337,"cluster":1},{"x":77.02202108538127,"y":165.28735627552155,"cluster":1},{"x":80.584103277166,"y":176.6587380165671,"cluster":1},{"x":105.01975694682334,"y":164.94378073827832,"cluster":1},{"x":108.16355424512696,"y":177.5307750851372,"cluster":1},{"x":122.05041336613101,"y":171.82238342409866,"cluster":1},{"x":146.15863253387062,"y":182.84908244152652,"cluster":1},{"x":147.24127600306701,"y":184.92667803351435,"cluster":1},{"x":157.68658461763394,"y":192.41218797539005,"cluster":1},{"x":162.8182743810569,"y":196.47577252968978,"cluster":1},{"x":172.2755526031595,"y":179.85150291505278,"cluster":1},{"x":188.69311579908216,"y":172.6901740643478,"cluster":1},{"x":204.0630121208286,"y":170.75473870186133,"cluster":1},{"x":216.10965004307036,"y":163.02935003641613,"cluster":1},{"x":236.65509599476445,"y":155.76026212870175,"cluster":1},{"x":239.88118897086002,"y":141.73526384094203,"cluster":1},{"x":254.91262090847914,"y":150.0,"cluster":1},{"x":250.66112097182972,"y":152.60945732324984,"cluster":1},{"x":270.2992345021048,"y":144.82199634590174,"cluster":1},{"x":292.4311913592397,"y":156.8766191919705,"cluster":1},{"x":300.9818721197577,"y":155.6081261922376,"cluster":1},{"x":308.71402385165754,"y":167.61390652270123,"cluster":1},{"x":316.562844595669,"y":166.19087165337368,"cluster":1},{"x":322.4866516488739,"y":173.89204444449055,"cluster":1},{"x":335.8700852130909,"y":158.05655403020975,"cluster":1},{"x":358.93147897570657,"y":164.19862647372224,"cluster":1},{"x":358.90854177561937,"y":147.44544789631215,"cluster":1},{"x":374.02020701815997,"y":140.3183414625695,"cluster":1},{"x":382.7895789726136,"y":134.08803580079805,"cluster":1},{"x":397.8564561868222,"y":144.88222719848451,"cluster":1},{"x":400.28711902744755,"y":134.01521545934847,"cluster":1},{"x":410.95658108679015,"y":136.65964151880644,"cluster":1},{"x":430.9266711730554,"y":124.55351855415556,"cluster":1},{"x":452.540789543861,"y":136.68636504435486,"cluster":1},{"x":459.4539270434963,"y":132.12820011583534,"cluster":1},{"x":462.24494516356316,"y":126.38956948397146,"cluster":1}],"num_clusters":0}