{"title":"coast-n15-r8-s-687475332323490904715","map_width":500,"map_height":300,"num_leaves":15,"tree":{"leaf":false,"id":28,"left":{"leaf":false,"id":27,"left":{"leaf":false,"id":20,"left":{"leaf":false,"id":18,"left":{"leaf":false,"id":16,"left":{"leaf":true,"id":4,"label":"4","site_id":4},"right":{"leaf":true,"id":5,"label":"5","site_id":5}},"right":{"leaf":false,"id":17,"left":{"leaf":true,"id":3,"label":"3","site_id":3},"right":{"leaf":true,"id":7,"label":"7","site_id":7}}},"right":{"leaf":false,"id":19,"left":{"leaf":true,"id":11,"label":"11","site_id":11},"right":{"leaf":true,"id":0,"label":"0","site_id":0}}},"right":{"leaf":false,"id":26,"left":{"leaf":true,"id":10,"label":"10","site_id":10},"right":{"leaf":true,"id":12,"label":"12","site_id":12}}},"right":{"leaf":false,"id":25,"left":{"leaf":false,"id":24,"left":{"leaf":true,"id":2,"label":"2","site_id":2},"right":{"leaf":false,"id":21,"left":{"leaf":true,"id":1,"label":"1","site_id":1},"right":{"leaf":false,"id":15,"left":{"leaf":true,"id":14,"label":"14","site_id":14},"right":{"leaf":true,"id":13,"label":"13","site_id":13}}}},"right":{"leaf":false,"id":23,"left":{"leaf":false,"id":22,"left":{"leaf":true,"id":8,"label":"8","site_id":8},"right":{"leaf":true,"id":9,"label":"9","site_id":9}},"right":{"leaf":true,"id":6,"label":"6","site_id":6}}}},"num_sites":15,"sites":[{"x":58.28619532412347,"y":121.27063207713884,"cluster":1},{"x":40.89003557025612,"y":159.82587988406155,"cluster":1},{"x":106.58876252611884,"y":202.17549599175567,"cluster":1},{"x":115.99385288062663,"y":198.45704285200244,"cluster":1},{"x":171.45565626359732,"y":201.1883961925646,"cluster":1},{"x":184.51089902095865,"y":162.55168488769337,"cluster":1},{"x":206.93957531242225,"y":188.02257194103393,"cluster":1},{"x":213.61532194150948,"y":150.0,"cluster":1},{"x":279.87407034389844,"y":160.85441238268297,"cluster":1},{"x":272.7033073191505,"y":155.0967718063382,"cluster":1},{"x":309.76568926645496,"y":165.80616695740122,"cluster":1},{"x":331.6819883229884,"y":175.04733246015607,"cluster":1},{"x":382.8232051999112,"y":160.3000794746997,"cluster":1},{"x":412.05841261018713,"y":191.02173252192517,"cluster":1},{"x":436.32719631113065,"y":233.58853084504696,"cluster":1}],"num_clusters":0}