{"title":"coast-n30-r0-s-495285356208130983230","map_width":500,"map_height":300,"num_leaves":30,"tree":{"leaf":false,"id":58,"left":{"leaf":false,"id":57,"left":{"leaf":false,"id":56,"left":{"leaf":false,"id":53,"left":{"leaf":false,"id":47,"left":{"leaf":true,"id":6,"label":"6","site_id":6},"right":{"leaf":true,"id":5,"label":"5","site_id":5}},"right":{"leaf":true,"id":10,"label":"10","site_id":10}},"right":{"leaf":false,"id":49,"left":{"leaf":false,"id":42,"left":{"leaf":true,"id":0,"label":"0","site_id":0},"right":{"leaf":true,"id":1,"label":"1","site_id":1}},"right":{"leaf":false,"id":44,"left":{"leaf":true,"id":4,"label":"4","site_id":4},"right":{"leaf":false,"id":35,"left":{"leaf":false,"id":34,"left":{"leaf":true,"id":3,"label":"3","site_id":3},"right":{"leaf":true,"id":2,"label":"2","site_id":2}},"right":{"leaf":true,"id":8,"label":"8","site_id":8}}}}},"right":{"leaf":false,"id":55,"left":{"leaf":false,"id":32,"left":{"leaf":true,"id":19,"label":"19","site_id":19},"right":{"leaf":false,"id":30,"left":{"leaf":true,"id":24,"label":"24","site_id":24},"right":{"leaf":true,"id":18,"label":"18","site_id":18}}},"right":{"leaf":false,"id":52,"left":{"leaf":true,"id":21,"label":"21","site_id":21},"right":{"leaf":false,"id":51,"left":{"leaf":false,"id":48,"left":{"leaf":false,"id":45,"left":{"leaf":false,"id":43,"left":{"leaf":true,"id":26,"label":"26","site_id":26},"right":{"leaf":true,"id":27,"label":"27","site_id":27}},"right":{"leaf":false,"id":38,"left":{"leaf":true,"id":25,"label":"25","site_id":25},"right":{"leaf":false,"id":33,"left":{"leaf":true,"id":28,"label":"28","site_id":28},"right":{"leaf":true,"id":16,"label":"16","site_id":16}}}},"right":{"leaf":false,"id":46,"left":{"leaf":false,"id":36,"left":{"leaf":true,"id":15,"label":"15","site_id":15},"right":{"leaf":true,"id":14,"label":"14","site_id":14}},"right":{"leaf":true,"id":11,"label":"11","site_id":11}}},"right":{"leaf":false,"id":41,"left":{"leaf":false,"id":37,"left":{"leaf":true,"id":23,"label":"23","site_id":23},"right":{"leaf":true,"id":20,"label":"20","site_id":20}},"right":{"leaf":false,"id":40,"left":{"leaf":true,"id":29,"label":"29","site_id":29},"right":{"leaf":true,"id":12,"label":"12","site_id":12}}}}}}},"right":{"leaf":false,"id":54,"left":{"leaf":false,"id":39,"left":{"leaf":false,"id":31,"left":{"leaf":true,"id":7,"label":"7","site_id":7},"right":{"leaf":true,"id":9,"label":"9","site_id":9}},"right":{"leaf":true,"id":22,"label":"22","site_id":22}},"right":{"leaf":false,"id":50,"left":{"leaf":true,"id":13,"label":"13","site_id":13},"right":{"leaf":true,"id":17,"label":"17","site_id":17}}}},"num_sites":30,"sites":[{"x":26.39897716895767,"y":244.47425623166032,"cluster":1},{"x":45.19200054545989,"y":253.55472727213925,"cluster":1},{"x":58.359757955903326,"y":244.3353993640016,"cluster":1},{"x":58.0571375219074,"y":243.82919547948688,"cluster":1},{"x":71.20210805934153,"y":224.9423996520686,"cluster":1},{"x":95.41462186909688,"y":226.84691701814668,"cluster":1},{"x":101.16890905203272,"y":219.8538065711332,"cluster":1},{"x":125.551361309828,"y":210.4012057515715,"cluster":1},{"x":143.66659119873347,"y":189.80386530928732,"cluster":1},{"x":165.31946352653205,"y":180.06357052084783,"cluster":1},{"x":162.72897877742582,"y":157.81411596766364,"cluster":1},{"x":188.81798295953013,"y":146.1998604660444,"cluster":1},{"x":193.42198048785306,"y":158.22256779846913,"cluster":1},{"x":228.97456039508265,"y":161.07532230372263,"cluster":1},{"x":229.30049370602808,"y":159.4052567360985,"cluster":1},{"x":238.74371336339362,"y":150.0,"cluster":1},{"x":277.3531184590322,"y":148.1902911020871,"cluster":1},{"x":272.872867789174,"y":135.9788315565949,"cluster":1},{"x":288.7760170461676,"y":142.77098512956394,"cluster":1},{"x":322.82163881583085,"y":120.79243783278417,"cluster":1},{"x":312.7744352372125,"y":140.60840681598842,"cluster":1},{"x":350.99442251363325,"y":156.30844554071456,"cluster":1},{"x":358.3545635880629,"y":166.92802108463218,"cluster":1},{"x":362.7935613972942,"y":146.35975496905297,"cluster":1},{"x":400.3624098233941,"y":135.26251730639845,"cluster":1},{"x":409.6517599549892,"y":131.72015038532467,"cluster":1},{"x":402.6323277974929,"y":141.31537634316174,"cluster":1},{"x":425.6792018500193,"y":126.16873454881531,"cluster":1},{"x":444.2821624963798,"y":132.54152248129856,"cluster":1},{"x":449.26213846674045,"y":144.4181686162719,"cluster":1}],"num_clusters":0}