{"title":"coast-n15-r1-s194658859893098543015","map_width":500,"map_height":300,"num_leaves":15,"tree":{"leaf":false,"id":28,"left":{"leaf":false,"id":24,"left":{"leaf":false,"id":22,"left":{"leaf":true,"id":13,"label":"13","site_id":13},"right":{"leaf":true,"id":14,"label":"14","site_id":14}},"right":{"leaf":true,"id":0,"label":"0","site_id":0}},"right":{"leaf":false,"id":27,"left":{"leaf":false,"id":16,"left":{"leaf":true,"id":3,"label":"3","site_id":3},"right":{"leaf":true,"id":2,"label":"2","site_id":2}},"right":{"leaf":false,"id":26,"left":{"leaf":true,"id":9,"label":"9","site_id":9},"right":{"leaf":false,"id":25,"left":{"leaf":false,"id":23,"left":{"leaf":false,"id":19,"left":{"leaf":true,"id":6,"label":"6","site_id":6},"right":{"leaf":false,"id":17,"left":{"leaf":true,"id":4,"label":"4","site_id":4},"right":{"leaf":true,"id":5,"label":"5","site_id":5}}},"right":{"leaf":false,"id":21,"left":{"leaf":false,"id":15,"left":{"leaf":true,"id":7,"label":"7","site_id":7},"right":{"leaf":true,"id":1,"label":"1","site_id":1}},"right":{"leaf":false,"id":20,"left":{"leaf":true,"id":10,"label":"10","site_id":10},"right":{"leaf":false,"id":18,"left":{"leaf":true,"id":8,"label":"8","site_id":8},"right":{"leaf":true,"id":11,"label":"11","site_id":11}}}}},"right":{"leaf":true,"id":12,"label":"12","site_id":12}}}}},"num_sites":15,"sites":[{"x":57.06142571755789,"y":163.55494608166865,"cluster":1},{"x":34.33428309165922,"y":206.36460932359458,"cluster":1},{"x":84.24199788996884,"y":238.8493322111077,"cluster":1},{"x":110.14949181707262,"y":196.1284800129301,"cluster":1},{"x":159.31458955004214,"y":187.59365963234475,"cluster":1},{"x":204.18485954187253,"y":156.59451644012213,"cluster":1},{"x":189.7022514172486,"y":132.81865085732252,"cluster":1},{"x":220.96283943426351,"y":150.0,"cluster":1},{"x":268.48940177747625,"y":143.52417745733004,"cluster":1},{"x":280.83887442600656,"y":117.20648758060298,"cluster":1},{"x":299.9656921713951,"y":108.74681367754644,"cluster":1},{"x":342.4100435393918,"y":149.7949466943609,"cluster":1},{"x":376.62604080474387,"y":154.23555656452987,"cluster":1},{"x":417.6429940257514,"y":176.07347627291819,"cluster":1},{"x":446.85214409220197,"y":180.40883980549265,"cluster":1}],"num_clusters":0}