{"title":"coast-n60-r1-s-22542814012503452460","map_width":500,"map_height":300,"num_leaves":60,"tree":{"leaf":false,"id":118,"left":{"leaf":false,"id":110,"left":{"leaf":false,"id":92,"left":{"leaf":false,"id":89,"left":{"leaf":true,"id":10,"label":"10","site_id":10},"right":{"leaf":false,"id":69,"left":{"leaf":true,"id":11,"label":"11","site_id":11},"right":{"leaf":true,"id":9,"label":"9","site_id":9}}},"right":{"leaf":true,"id":8,"label":"8","site_id":8}},"right":{"leaf":false,"id":98,"left":{"leaf":false,"id":76,"left":{"leaf":true,"id":4,"label":"4","site_id":4},"right":{"leaf":true,"id":2,"label":"2","site_id":2}},"right":{"leaf":false,"id":86,"left":{"leaf":false,"id":78,"left":{"leaf":true,"id":15,"label":"15","site_id":15},"right":{"leaf":true,"id":28,"label":"28","site_id":28}},"right":{"leaf":false,"id":60,"left":{"leaf":true,"id":25,"label":"25","site_id":25},"right":{"leaf":true,"id":17,"label":"17","site_id":17}}}}},"right":{"leaf":false,"id":117,"left":{"leaf":false,"id":115,"left":{"leaf":false,"id":101,"left":{"leaf":false,"id":87,"left":{"leaf":false,"id":83,"left":{"leaf":false,"id":71,"left":{"leaf":true,"id":50,"label":"50","site_id":50},"right":{"leaf":true,"id":45,"label":"45","site_id":45}},"right":{"leaf":false,"id":80,"left":{"leaf":true,"id":49,"label":"49","site_id":49},"right":{"leaf":true,"id":51,"label":"51","site_id":51}}},"right":{"leaf":true,"id":48,"label":"48","site_id":48}},"right":{"leaf":true,"id":54,"label":"54","site_id":54}},"right":{"leaf":false,"id":106,"left":{"leaf":false,"id":74,"left":{"leaf":true,"id":56,"label":"56","site_id":56},"right":{"leaf":true,"id":47,"label":"47","site_id":47}},"right":{"leaf":true,"id":58,"label":"58","site_id":58}}},"right":{"leaf":false,"id":116,"left":{"leaf":false,"id":114,"left":{"leaf":true,"id":38,"label":"38","site_id":38},"right":{"leaf":false,"id":112,"left":{"leaf":false,"id":109,"left":{"leaf":true,"id":59,"label":"59","site_id":59},"right":{"leaf":true,"id":57,"label":"57","site_id":57}},"right":{"leaf":false,"id":99,"left":{"leaf":false,"id":88,"left":{"leaf":false,"id":67,"left":{"leaf":true,"id":20,"label":"20","site_id":20},"right":{"leaf":true,"id":16,"label":"16","site_id":16}},"right":{"leaf":false,"id":70,"left":{"leaf":true,"id":36,"label":"36","site_id":36},"right":{"leaf":true,"id":40,"label":"40","site_id":40}}},"right":{"leaf":true,"id":27,"label":"27","site_id":27}}}},"right":{"leaf":false,"id":113,"left":{"leaf":false,"id":111,"left":{"leaf":false,"id":108,"left":{"leaf":false,"id":75,"left":{"leaf":true,"id":55,"label":"55","site_id":55},"right":{"leaf":true,"id":12,"label":"12","site_id":12}},"right":{"leaf":false,"id":104,"left":{"leaf":false,"id":93,"left":{"leaf":false,"id":81,"left":{"leaf":false,"id":64,"left":{"leaf":true,"id":0,"label":"0","site_id":0},"right":{"leaf":true,"id":1,"label":"1","site_id":1}},"right":{"leaf":true,"id":29,"label":"29","site_id":29}},"right":{"leaf":false,"id":63,"left":{"leaf":true,"id":13,"label":"13","site_id":13},"right":{"leaf":true,"id":14,"label":"14","site_id":14}}},"right":{"leaf":false,"id":97,"left":{"leaf":false,"id":73,"left":{"leaf":true,"id":43,"label":"43","site_id":43},"right":{"leaf":true,"id":42,"label":"42","site_id":42}},"right":{"leaf":false,"id":72,"left":{"leaf":true,"id":44,"label":"44","site_id":44},"right":{"leaf":true,"id":41,"label":"41","site_id":41}}}}},"right":{"leaf":false,"id":95,"left":{"leaf":false,"id":62,"left":{"leaf":true,"id":33,"label":"33","site_id":33},"right":{"leaf":true,"id":23,"label":"23","site_id":23}},"right":{"leaf":false,"id":90,"left":{"leaf":false,"id":82,"left":{"leaf":true,"id":52,"label":"52","site_id":52},"right":{"leaf":true,"id":6,"label":"6","site_id":6}},"right":{"leaf":true,"id":32,"label":"32","site_id":32}}}},"right":{"leaf":false,"id":107,"left":{"leaf":true,"id":39,"label":"39","site_id":39},"right":{"leaf":false,"id":105,"left":{"leaf":false,"id":102,"left":{"leaf":false,"id":96,"left":{"leaf":true,"id":31,"label":"31","site_id":31},"right":{"leaf":true,"id":30,"label":"30","site_id":30}},"right":{"leaf":false,"id":91,"left":{"leaf":false,"id":84,"left":{"leaf":true,"id":34,"label":"34","site_id":34},"right":{"leaf":false,"id":68,"left":{"leaf":true,"id":24,"label":"24","site_id":24},"right":{"leaf":true,"id":37,"label":"37","site_id":37}}},"right":{"leaf":true,"id":35,"label":"35","site_id":35}}},"right":{"leaf":false,"id":103,"left":{"leaf":false,"id":79,"left":{"leaf":false,"id":66,"left":{"leaf":false,"id":65,"left":{"leaf":true,"id":7,"label":"7","site_id":7},"right":{"leaf":true,"id":3,"label":"3","site_id":3}},"right":{"leaf":true,"id":26,"label":"26","site_id":26}},"right":{"leaf":true,"id":53,"label":"53","site_id":53}},"right":{"leaf":false,"id":100,"left":{"leaf":false,"id":85,"left":{"leaf":false,"id":61,"left":{"leaf":true,"id":5,"label":"5","site_id":5},"right":{"leaf":true,"id":46,"label":"46","site_id":46}},"right":{"leaf":true,"id":19,"label":"19","site_id":19}},"right":{"leaf":false,"id":94,"left":{"leaf":false,"id":77,"left":{"leaf":true,"id":21,"label":"21","site_id":21},"right":{"leaf":true,"id":22,"label":"22","site_id":22}},"right":{"leaf":true,"id":18,"label":"18","site_id":18}}}}}}}}}},"num_sites":60,"sites":[{"x":21.85048680410785,"y":147.78169422411688,"cluster":1},{"x":19.076446078167876,"y":150.5682093811673,"cluster":1},{"x":41.724076421019944,"y":151.72878381884755,"cluster":1},{"x":48.37313852312029,"y":146.69717047069187,"cluster":1},{"x":43.21344417852236,"y":149.5941118171428,"cluster":1},{"x":55.9961824170895,"y":140.3316785502263,"cluster":1},{"x":64.44898248399068,"y":131.5908509829234,"cluster":1},{"x":69.88549568188971,"y":131.35748935895373,"cluster":1},{"x":80.06695173858992,"y":131.96113274618773,"cluster":1},{"x":91.5605268225439,"y":140.47541241600277,"cluster":1},{"x":100.58943558157591,"y":143.49169081888553,"cluster":1},{"x":96.6201139818558,"y":144.5537013437256,"cluster":1},{"x":118.15800904681959,"y":156.03899103429964,"cluster":1},{"x":114.23738258546739,"y":155.31318251795295,"cluster":1},{"x":132.25196011675158,"y":150.74698216197842,"cluster":1},{"x":129.64150577452395,"y":140.255270017964,"cluster":1},{"x":136.22300144742374,"y":143.80545179666157,"cluster":1},{"x":149.5942156972675,"y":147.1836007170981,"cluster":1},{"x":162.65211106127344,"y":155.50413392762997,"cluster":1},{"x":158.4089939876863,"y":164.6062029141425,"cluster":1},{"x":177.90982816904287,"y":158.9441906880233,"cluster":1},{"x":184.51631170982867,"y":156.06388518507757,"cluster":1},{"x":185.9079979294173,"y":159.38859263111058,"cluster":1},{"x":194.5075299600913,"y":152.70554154080108,"cluster":1},{"x":206.80704234185004,"y":153.53080522553466,"cluster":1},{"x":205.3793935167466,"y":150.6927720651381,"cluster":1},{"x":221.00610972452947,"y":153.21397230755704,"cluster":1},{"x":223.97732015673486,"y":153.24529948152633,"cluster":1},{"x":227.3757431394121,"y":153.438037785404,"cluster":1},{"x":247.45984281772422,"y":156.08289650259505,"cluster":1},{"x":246.27974870158843,"y":150.0,"cluster":1},{"x":250.48000567664076,"y":150.8584437350533,"cluster":1},{"x":264.7453461974112,"y":152.5793319085194,"cluster":1},{"x":270.88797749621097,"y":151.1580980059597,"cluster":1},{"x":279.6739034286381,"y":159.3865769231792,"cluster":1},{"x":294.8203293370326,"y":165.0775330859675,"cluster":1},{"x":302.9463502803518,"y":154.84502300584225,"cluster":1},{"x":303.94311017038393,"y":158.27471810439056,"cluster":1},{"x":312.56827348115974,"y":149.302213476733,"cluster":1},{"x":311.73084768929,"y":160.76900005294914,"cluster":1},{"x":334.6350519416325,"y":161.63752117360366,"cluster":1},{"x":339.2818713191575,"y":160.09565525081698,"cluster":1},{"x":346.417873864137,"y":156.54996057259956,"cluster":1},{"x":345.87898901613295,"y":156.26881266493032,"cluster":1},{"x":359.00138801881036,"y":149.38537842398046,"cluster":1},{"x":369.89427311453716,"y":148.284531774483,"cluster":1},{"x":366.14332116234306,"y":155.02594568501348,"cluster":1},{"x":375.2295059952173,"y":148.22743851287822,"cluster":1},{"x":390.6649630390482,"y":146.44612209638495,"cluster":1},{"x":393.772628835492,"y":142.5884357903572,"cluster":1},{"x":406.80521597088637,"y":133.8466196459644,"cluster":1},{"x":406.1221129085065,"y":122.33749584964411,"cluster":1},{"x":417.6067246523367,"y":111.91515409189084,"cluster":1},{"x":425.74334862958625,"y":117.38156847792082,"cluster":1},{"x":433.21529934430805,"y":111.95354838468484,"cluster":1},{"x":444.90934996101913,"y":102.79785084097075,"cluster":1},{"x":449.5058635598848,"y":98.86431197020357,"cluster":1},{"x":464.5161513880538,"y":98.03645094193513,"cluster":1},{"x":470.10499064396004,"y":88.00764387708114,"cluster":1},{"x":473.01514446389996,"y":88.69607230733419,"cluster":1}],"num_clusters":0}