{"title":"coast-n50-r6-s893574904322973080750","map_width":500,"map_height":300,"num_leaves":50,"tree":{"leaf":false,"id":98,"left":{"leaf":false,"id":97,"left":{"leaf":false,"id":96,"left":{"leaf":false,"id":93,"left":{"leaf":false,"id":87,"left":{"leaf":false,"id":78,"left":{"leaf":false,"id":60,"left":{"leaf":true,"id":48,"label":"48","site_id":48},"right":{"leaf":false,"id":54,"left":{"leaf":true,"id":43,"label":"43","site_id":43},"right":{"leaf":true,"id":44,"label":"44","site_id":44}}},"right":{"leaf":false,"id":52,"left":{"leaf":true,"id":46,"label":"46","site_id":46},"right":{"leaf":true,"id":45,"label":"45","site_id":45}}},"right":{"leaf":false,"id":80,"left":{"leaf":true,"id":39,"label":"39","site_id":39},"right":{"leaf":false,"id":79,"left":{"leaf":true,"id":32,"label":"32","site_id":32},"right":{"leaf":false,"id":77,"left":{"leaf":false,"id":59,"left":{"leaf":true,"id":34,"label":"34","site_id":34},"right":{"leaf":false,"id":58,"left":{"leaf":true,"id":30,"label":"30","site_id":30},"right":{"leaf":true,"id":31,"label":"31","site_id":31}}},"right":{"leaf":false,"id":67,"left":{"leaf":true,"id":16,"label":"16","site_id":16},"right":{"leaf":true,"id":37,"label":"37","site_id":37}}}}}},"right":{"leaf":false,"id":62,"left":{"leaf":false,"id":51,"left":{"leaf":true,"id":40,"label":"40","site_id":40},"right":{"leaf":true,"id":47,"label":"47","site_id":47}},"right":{"leaf":true,"id":24,"label":"24","site_id":24}}},"right":{"leaf":false,"id":74,"left":{"leaf":true,"id":27,"label":"27","site_id":27},"right":{"leaf":false,"id":64,"left":{"leaf":true,"id":6,"label":"6","site_id":6},"right":{"leaf":false,"id":53,"left":{"leaf":true,"id":17,"label":"17","site_id":17},"right":{"leaf":true,"id":7,"label":"7","site_id":7}}}}},"right":{"leaf":false,"id":72,"left":{"leaf":true,"id":25,"label":"25","site_id":25},"right":{"leaf":false,"id":71,"left":{"leaf":true,"id":23,"label":"23","site_id":23},"right":{"leaf":false,"id":63,"left":{"leaf":true,"id":22,"label":"22","site_id":22},"right":{"leaf":true,"id":26,"label":"26","site_id":26}}}}},"right":{"leaf":false,"id":95,"left":{"leaf":false,"id":82,"left":{"leaf":false,"id":70,"left":{"leaf":false,"id":68,"left":{"leaf":true,"id":0,"label":"0","site_id":0},"right":{"leaf":true,"id":1,"label":"1","site_id":1}},"right":{"leaf":true,"id":2,"label":"2","site_id":2}},"right":{"leaf":true,"id":15,"label":"15","site_id":15}},"right":{"leaf":false,"id":94,"left":{"leaf":false,"id":90,"left":{"leaf":false,"id":89,"left":{"leaf":false,"id":86,"left":{"leaf":false,"id":85,"left":{"leaf":true,"id":41,"label":"41","site_id":41},"right":{"leaf":false,"id":75,"left":{"leaf":false,"id":73,"left":{"leaf":true,"id":33,"label":"33","site_id":33},"right":{"leaf":true,"id":35,"label":"35","site_id":35}},"right":{"leaf":false,"id":69,"left":{"leaf":false,"id":50,"left":{"leaf":true,"id":28,"label":"28","site_id":28},"right":{"leaf":true,"id":29,"label":"29","site_id":29}},"right":{"leaf":true,"id":38,"label":"38","site_id":38}}}},"right":{"leaf":false,"id":84,"left":{"leaf":false,"id":65,"left":{"leaf":true,"id":5,"label":"5","site_id":5},"right":{"leaf":true,"id":19,"label":"19","site_id":19}},"right":{"leaf":true,"id":18,"label":"18","site_id":18}}},"right":{"leaf":false,"id":88,"left":{"leaf":false,"id":55,"left":{"leaf":true,"id":49,"label":"49","site_id":49},"right":{"leaf":true,"id":4,"label":"4","site_id":4}},"right":{"leaf":true,"id":21,"label":"21","site_id":21}}},"right":{"leaf":true,"id":20,"label":"20","site_id":20}},"right":{"leaf":false,"id":92,"left":{"leaf":false,"id":81,"left":{"leaf":false,"id":76,"left":{"leaf":false,"id":66,"left":{"leaf":true,"id":42,"label":"42","site_id":42},"right":{"leaf":true,"id":10,"label":"10","site_id":10}},"right":{"leaf":false,"id":61,"left":{"leaf":true,"id":12,"label":"12","site_id":12},"right":{"leaf":false,"id":56,"left":{"leaf":true,"id":13,"label":"13","site_id":13},"right":{"leaf":true,"id":11,"label":"11","site_id":11}}}},"right":{"leaf":true,"id":14,"label":"14","site_id":14}},"right":{"leaf":false,"id":91,"left":{"leaf":false,"id":83,"left":{"leaf":true,"id":8,"label":"8","site_id":8},"right":{"leaf":true,"id":3,"label":"3","site_id":3}},"right":{"leaf":false,"id":57,"left":{"leaf":true,"id":9,"label":"9","site_id":9},"right":{"leaf":true,"id":36,"label":"36","site_id":36}}}}}}},"num_sites":50,"sites":[{"x":15.564602878249087,"y":188.57443516844822,"cluster":1},{"x":21.99047184120935,"y":198.12482540586706,"cluster":1},{"x":44.622134368916136,"y":205.93568894870265,"cluster":1},{"x":44.7809007848805,"y":205.78188928398683,"cluster":1},{"x":65.2065346257288,"y":207.86243639148566,"cluster":1},{"x":60.344199341380516,"y":206.686176553798,"cluster":1},{"x":81.88755012725747,"y":219.10197471697242,"cluster":1},{"x":79.43005643673223,"y":218.2728697203501,"cluster":1},{"x":95.16810979845394,"y":230.6600635151206,"cluster":1},{"x":106.1854516581028,"y":236.09291874292654,"cluster":1},{"x":119.65155416763133,"y":226.4069841614173,"cluster":1},{"x":121.31434456069378,"y":238.45331271890424,"cluster":1},{"x":137.70571431535248,"y":231.36214650274388,"cluster":1},{"x":133.0909894529805,"y":220.3927577405264,"cluster":1},{"x":147.4748234612482,"y":209.90806527455143,"cluster":1},{"x":151.0635279961357,"y":202.72960193480418,"cluster":1},{"x":174.41923568422746,"y":189.78089429228055,"cluster":1},{"x":169.3743751073456,"y":176.12503963422435,"cluster":1},{"x":190.1169826356698,"y":168.42221302028247,"cluster":1},{"x":187.97522793563508,"y":168.64642005305657,"cluster":1},{"x":211.54749094919794,"y":178.64468605294147,"cluster":1},{"x":214.92924210584908,"y":169.79746871771874,"cluster":1},{"x":225.31998808560525,"y":158.78800908062811,"cluster":1},{"x":240.74838771112047,"y":171.61705671447925,"cluster":1},{"x":248.21988254568078,"y":158.9875161073801,"cluster":1},{"x":242.54001980501678,"y":150.0,"cluster":1},{"x":250.60294376787985,"y":141.35892057024506,"cluster":1},{"x":274.24966578310966,"y":128.28850944312492,"cluster":1},{"x":273.9776153708381,"y":138.8217289618499,"cluster":1},{"x":285.1726962794075,"y":146.0967652359312,"cluster":1},{"x":288.9330057983329,"y":153.42898229808873,"cluster":1},{"x":303.0535020984944,"y":163.72408847057935,"cluster":1},{"x":322.20793106449497,"y":176.8859334616546,"cluster":1},{"x":329.3942765479734,"y":165.75269889100218,"cluster":1},{"x":341.1206310739624,"y":167.15787263530527,"cluster":1},{"x":334.5594942932587,"y":167.96765940454412,"cluster":1},{"x":346.0911283621287,"y":179.9034465046333,"cluster":1},{"x":361.1003514833408,"y":184.99700129070465,"cluster":1},{"x":374.42844154987955,"y":173.47500042303255,"cluster":1},{"x":380.0889136149167,"y":161.20809619344848,"cluster":1},{"x":394.4111297129541,"y":148.7883796162084,"cluster":1},{"x":397.97445410019816,"y":157.96963527408917,"cluster":1},{"x":409.75898919650245,"y":149.81807414578128,"cluster":1},{"x":414.20876287772535,"y":141.10399247038384,"cluster":1},{"x":428.9921820412429,"y":141.52576885810987,"cluster":1},{"x":443.274495539876,"y":149.40542718534215,"cluster":1},{"x":452.0300167127692,"y":150.91191491553488,"cluster":1},{"x":451.7284152961721,"y":138.602365747681,"cluster":1},{"x":467.62129824337745,"y":126.43950541311662,"cluster":1},{"x":476.96139964905313,"y":131.29186439291468,"cluster":1}],"num_clusters":0}