{"title":"coast-n45-r4-s474124355055620593945","map_width":500,"map_height":300,"num_leaves":45,"tree":{"leaf":false,"id":88,"left":{"leaf":false,"id":87,"left":{"leaf":false,"id":85,"left":{"leaf":false,"id":81,"left":{"leaf":false,"id":68,"left":{"leaf":true,"id":11,"label":"11","site_id":11},"right":{"leaf":true,"id":5,"label":"5","site_id":5}},"right":{"leaf":false,"id":74,"left":{"leaf":true,"id":37,"label":"37","site_id":37},"right":{"leaf":false,"id":71,"left":{"leaf":true,"id":21,"label":"21","site_id":21},"right":{"leaf":false,"id":70,"left":{"leaf":true,"id":19,"label":"19","site_id":19},"right":{"leaf":false,"id":60,"left":{"leaf":false,"id":51,"left":{"leaf":true,"id":7,"label":"7","site_id":7},"right":{"leaf":true,"id":22,"label":"22","site_id":22}},"right":{"leaf":true,"id":14,"label":"14","site_id":14}}}}}},"right":{"leaf":false,"id":84,"left":{"leaf":false,"id":77,"left":{"leaf":true,"id":32,"label":"32","site_id":32},"right":{"leaf":true,"id":30,"label":"30","site_id":30}},"right":{"leaf":false,"id":72,"left":{"leaf":false,"id":64,"left":{"leaf":true,"id":18,"label":"18","site_id":18},"right":{"leaf":false,"id":58,"left":{"leaf":true,"id":17,"label":"17","site_id":17},"right":{"leaf":true,"id":23,"label":"23","site_id":23}}},"right":{"leaf":false,"id":66,"left":{"leaf":false,"id":45,"left":{"leaf":true,"id":12,"label":"12","site_id":12},"right":{"leaf":true,"id":13,"label":"13","site_id":13}},"right":{"leaf":false,"id":62,"left":{"leaf":false,"id":59,"left":{"leaf":true,"id":24,"label":"24","site_id":24},"right":{"leaf":false,"id":57,"left":{"leaf":false,"id":52,"left":{"leaf":true,"id":26,"label":"26","site_id":26},"right":{"leaf":true,"id":25,"label":"25","site_id":25}},"right":{"leaf":true,"id":16,"label":"16","site_id":16}}},"right":{"leaf":true,"id":20,"label":"20","site_id":20}}}}}},"right":{"leaf":false,"id":86,"left":{"leaf":false,"id":83,"left":{"leaf":false,"id":79,"left":{"leaf":false,"id":61,"left":{"leaf":true,"id":38,"label":"38","site_id":38},"right":{"leaf":false,"id":49,"left":{"leaf":true,"id":36,"label":"36","site_id":36},"right":{"leaf":false,"id":47,"left":{"leaf":true,"id":43,"label":"43","site_id":43},"right":{"leaf":true,"id":42,"label":"42","site_id":42}}}},"right":{"leaf":true,"id":29,"label":"29","site_id":29}},"right":{"leaf":false,"id":82,"left":{"leaf":false,"id":78,"left":{"leaf":false,"id":54,"left":{"leaf":true,"id":31,"label":"31","site_id":31},"right":{"leaf":true,"id":35,"label":"35","site_id":35}},"right":{"leaf":false,"id":76,"left":{"leaf":false,"id":69,"left":{"leaf":true,"id":41,"label":"41","site_id":41},"right":{"leaf":false,"id":65,"left":{"leaf":true,"id":40,"label":"40","site_id":40},"right":{"leaf":true,"id":39,"label":"39","site_id":39}}},"right":{"leaf":false,"id":75,"left":{"leaf":false,"id":46,"left":{"leaf":true,"id":10,"label":"10","site_id":10},"right":{"leaf":true,"id":8,"label":"8","site_id":8}},"right":{"leaf":false,"id":67,"left":{"leaf":true,"id":15,"label":"15","site_id":15},"right":{"leaf":false,"id":55,"left":{"leaf":true,"id":4,"label":"4","site_id":4},"right":{"leaf":true,"id":6,"label":"6","site_id":6}}}}}},"right":{"leaf":false,"id":63,"left":{"leaf":true,"id":9,"label":"9","site_id":9},"right":{"leaf":true,"id":44,"label":"44","site_id":44}}}},"right":{"leaf":false,"id":73,"left":{"leaf":false,"id":56,"left":{"leaf":true,"id":28,"label":"28","site_id":28},"right":{"leaf":true,"id":33,"label":"33","site_id":33}},"right":{"leaf":false,"id":48,"left":{"leaf":true,"id":34,"label":"34","site_id":34},"right":{"leaf":true,"id":27,"label":"27","site_id":27}}}}},"right":{"leaf":false,"id":80,"left":{"leaf":false,"id":53,"left":{"leaf":true,"id":1,"label":"1","site_id":1},"right":{"leaf":false,"id":50,"left":{"leaf":true,"id":3,"label":"3","site_id":3},"right":{"leaf":true,"id":2,"label":"2","site_id":2}}},"right":{"leaf":true,"id":0,"label":"0","site_id":0}}},"num_sites":45,"sites":[{"x":26.668632977938287,"y":192.19899805929487,"cluster":1},{"x":32.9558957342217,"y":187.43922652826933,"cluster":1},{"x":41.52574865887677,"y":184.26334919649463,"cluster":1},{"x":44.602076797140946,"y":180.69140285015644,"cluster":1},{"x":70.20522236947708,"y":177.63710293035726,"cluster":1},{"x":70.7114279172763,"y":179.31560041182212,"cluster":1},{"x":89.33186469344855,"y":188.47406104379542,"cluster":1},{"x":82.60691546105876,"y":175.7909450904043,"cluster":1},{"x":103.70282307134862,"y":185.08877531323475,"cluster":1},{"x":114.34600131944866,"y":174.4974132014999,"cluster":1},{"x":118.04090107701482,"y":159.60184448081318,"cluster":1},{"x":126.70449097127701,"y":174.11451048149374,"cluster":1},{"x":152.51390424170876,"y":180.11312731723453,"cluster":1},{"x":146.39058859508287,"y":177.0727978286416,"cluster":1},{"x":162.2094930164079,"y":180.75782634571019,"cluster":1},{"x":172.47020473690642,"y":171.90548033759333,"cluster":1},{"x":179.9952986330671,"y":176.71186580011715,"cluster":1},{"x":189.5702676230969,"y":181.69200356856328,"cluster":1},{"x":208.83249208718178,"y":174.52375983813187,"cluster":1},{"x":213.08092967470418,"y":184.96459971408547,"cluster":1},{"x":233.14343811453654,"y":173.9409838192661,"cluster":1},{"x":229.3479119266679,"y":160.21157401721223,"cluster":1},{"x":248.90024482441285,"y":150.0,"cluster":1},{"x":253.2656438518199,"y":155.8207820964515,"cluster":1},{"x":274.1568401434017,"y":165.58251770621217,"cluster":1},{"x":274.77857581350383,"y":159.87849180754014,"cluster":1},{"x":279.0151244488004,"y":168.75828808307008,"cluster":1},{"x":298.77944047387666,"y":170.65123509687174,"cluster":1},{"x":303.1190382030045,"y":180.5931106907759,"cluster":1},{"x":307.3415345157788,"y":174.75242124898386,"cluster":1},{"x":321.179434635,"y":176.85212557352693,"cluster":1},{"x":339.1463347470357,"y":180.68822340307105,"cluster":1},{"x":338.16890493541894,"y":168.3586268009553,"cluster":1},{"x":355.6645987771351,"y":176.31585238285874,"cluster":1},{"x":368.8853266672715,"y":176.52646655666592,"cluster":1},{"x":380.7284142704515,"y":161.77656009892954,"cluster":1},{"x":391.3765309560179,"y":176.16674782522654,"cluster":1},{"x":407.7917445980936,"y":170.54323484049533,"cluster":1},{"x":402.2288133595638,"y":180.70952564388475,"cluster":1},{"x":413.0124784106522,"y":191.85373949418428,"cluster":1},{"x":425.02760942367706,"y":192.18835379953254,"cluster":1},{"x":432.0310655305067,"y":178.65690628504856,"cluster":1},{"x":453.7379416312512,"y":169.5520404637673,"cluster":1},{"x":457.25121163408403,"y":164.2664435267902,"cluster":1},{"x":467.6949651547289,"y":159.87300386768516,"cluster":1}],"num_clusters":0}