{"title":"coast-n55-r2-s872657247018607149055","map_width":500,"map_height":300,"num_leaves":55,"tree":{"leaf":false,"id":108,"left":{"leaf":false,"id":107,"left":{"leaf":false,"id":94,"left":{"leaf":false,"id":93,"left":{"leaf":false,"id":90,"left":{"leaf":true,"id":16,"label":"16","site_id":16},"right":{"leaf":true,"id":47,"label":"47","site_id":47}},"right":{"leaf":false,"id":82,"left":{"leaf":true,"id":42,"label":"42","site_id":42},"right":{"leaf":false,"id":70,"left":{"leaf":true,"id":36,"label":"36","site_id":36},"right":{"leaf":true,"id":39,"label":"39","site_id":39}}}},"right":{"leaf":true,"id":34,"label":"34","site_id":34}},"right":{"leaf":false,"id":106,"left":{"leaf":false,"id":66,"left":{"leaf":true,"id":2,"label":"2","site_id":2},"right":{"leaf":true,"id":15,"label":"15","site_id":15}},"right":{"leaf":false,"id":105,"left":{"leaf":false,"id":104,"left":{"leaf":false,"id":103,"left":{"leaf":false,"id":98,"left":{"leaf":true,"id":8,"label":"8","site_id":8},"right":{"leaf":false,"id":87,"left":{"leaf":false,"id":83,"left":{"leaf":true,"id":5,"label":"5","site_id":5},"right":{"leaf":true,"id":6,"label":"6","site_id":6}},"right":{"leaf":false,"id":77,"left":{"leaf":true,"id":38,"label":"38","site_id":38},"right":{"leaf":false,"id":58,"left":{"leaf":true,"id":4,"label":"4","site_id":4},"right":{"leaf":true,"id":18,"label":"18","site_id":18}}}}},"right":{"leaf":false,"id":102,"left":{"leaf":false,"id":89,"left":{"leaf":false,"id":79,"left":{"leaf":false,"id":73,"left":{"leaf":true,"id":7,"label":"7","site_id":7},"right":{"leaf":true,"id":3,"label":"3","site_id":3}},"right":{"leaf":true,"id":11,"label":"11","site_id":11}},"right":{"leaf":false,"id":74,"left":{"leaf":true,"id":0,"label":"0","site_id":0},"right":{"leaf":true,"id":1,"label":"1","site_id":1}}},"right":{"leaf":false,"id":97,"left":{"leaf":false,"id":84,"left":{"leaf":false,"id":59,"left":{"leaf":true,"id":13,"label":"13","site_id":13},"right":{"leaf":true,"id":25,"label":"25","site_id":25}},"right":{"leaf":false,"id":67,"left":{"leaf":true,"id":22,"label":"22","site_id":22},"right":{"leaf":true,"id":17,"label":"17","site_id":17}}},"right":{"leaf":true,"id":21,"label":"21","site_id":21}}}},"right":{"leaf":true,"id":48,"label":"48","site_id":48}},"right":{"leaf":false,"id":99,"left":{"leaf":false,"id":92,"left":{"leaf":true,"id":10,"label":"10","site_id":10},"right":{"leaf":false,"id":75,"left":{"leaf":false,"id":71,"left":{"leaf":true,"id":19,"label":"19","site_id":19},"right":{"leaf":true,"id":20,"label":"20","site_id":20}},"right":{"leaf":true,"id":23,"label":"23","site_id":23}}},"right":{"leaf":false,"id":96,"left":{"leaf":true,"id":12,"label":"12","site_id":12},"right":{"leaf":false,"id":85,"left":{"leaf":false,"id":80,"left":{"leaf":false,"id":64,"left":{"leaf":false,"id":61,"left":{"leaf":true,"id":26,"label":"26","site_id":26},"right":{"leaf":false,"id":57,"left":{"leaf":true,"id":30,"label":"30","site_id":30},"right":{"leaf":true,"id":29,"label":"29","site_id":29}}},"right":{"leaf":true,"id":28,"label":"28","site_id":28}},"right":{"leaf":false,"id":68,"left":{"leaf":false,"id":56,"left":{"leaf":true,"id":40,"label":"40","site_id":40},"right":{"leaf":true,"id":43,"label":"43","site_id":43}},"right":{"leaf":true,"id":27,"label":"27","site_id":27}}},"right":{"leaf":false,"id":76,"left":{"leaf":true,"id":14,"label":"14","site_id":14},"right":{"leaf":false,"id":60,"left":{"leaf":true,"id":33,"label":"33","site_id":33},"right":{"leaf":true,"id":9,"label":"9","site_id":9}}}}}}}}},"right":{"leaf":false,"id":101,"left":{"leaf":false,"id":95,"left":{"leaf":false,"id":86,"left":{"leaf":false,"id":78,"left":{"leaf":false,"id":63,"left":{"leaf":true,"id":50,"label":"50","site_id":50},"right":{"leaf":true,"id":49,"label":"49","site_id":49}},"right":{"leaf":false,"id":72,"left":{"leaf":true,"id":32,"label":"32","site_id":32},"right":{"leaf":true,"id":45,"label":"45","site_id":45}}},"right":{"leaf":true,"id":41,"label":"41","site_id":41}},"right":{"leaf":true,"id":37,"label":"37","site_id":37}},"right":{"leaf":false,"id":100,"left":{"leaf":false,"id":91,"left":{"leaf":true,"id":51,"label":"51","site_id":51},"right":{"leaf":false,"id":88,"left":{"leaf":false,"id":65,"left":{"leaf":false,"id":62,"left":{"leaf":true,"id":53,"label":"53","site_id":53},"right":{"leaf":false,"id":55,"left":{"leaf":true,"id":54,"label":"54","site_id":54},"right":{"leaf":true,"id":52,"label":"52","site_id":52}}},"right":{"leaf":true,"id":44,"label":"44","site_id":44}},"right":{"leaf":true,"id":46,"label":"46","site_id":46}}},"right":{"leaf":false,"id":81,"left":{"leaf":false,"id":69,"left":{"leaf":true,"id":35,"label":"35","site_id":35},"right":{"leaf":true,"id":24,"label":"24","site_id":24}},"right":{"leaf":true,"id":31,"label":"31","site_id":31}}}}},"num_sites":55,"sites":[{"x":16.822522195119337,"y":242.526215045284,"cluster":1},{"x":20.513716863266666,"y":233.0957679964908,"cluster":1},{"x":32.225685556833604,"y":222.85236360903784,"cluster":1},{"x":47.75345882921664,"y":225.31889800955105,"cluster":1},{"x":56.554679683776804,"y":231.1284536614269,"cluster":1},{"x":53.28003710424659,"y":226.16722672875486,"cluster":1},{"x":74.53710054940274,"y":218.61562628742735,"cluster":1},{"x":85.94077430386335,"y":212.54299898480323,"cluster":1},{"x":87.61521993002914,"y":203.18915258735308,"cluster":1},{"x":88.27178061498904,"y":192.30113439702228,"cluster":1},{"x":94.76165808061043,"y":183.57808622995069,"cluster":1},{"x":103.55237078082857,"y":172.79028887264428,"cluster":1},{"x":126.52211543394363,"y":169.8650245534318,"cluster":1},{"x":132.306315558037,"y":166.2793765645963,"cluster":1},{"x":144.8927678095503,"y":153.9865464258784,"cluster":1},{"x":140.1033293718773,"y":149.603548798502,"cluster":1},{"x":145.13057078618482,"y":145.76882235335927,"cluster":1},{"x":159.4115661062661,"y":140.6372724875347,"cluster":1},{"x":176.01320519904553,"y":151.58767092733842,"cluster":1},{"x":185.88130301056205,"y":153.7381256349158,"cluster":1},{"x":194.71039018495813,"y":150.4598105237389,"cluster":1},{"x":200.8840415540398,"y":148.58816058054964,"cluster":1},{"x":196.1528537007544,"y":159.75842492677413,"cluster":1},{"x":215.73803264728542,"y":148.48073033146764,"cluster":1},{"x":217.51396991932342,"y":143.12501985976684,"cluster":1},{"x":223.4286037871286,"y":134.94813089728603,"cluster":1},{"x":242.27636339835314,"y":138.47915686674764,"cluster":1},{"x":248.4465749264316,"y":150.0,"cluster":1},{"x":252.44746966281528,"y":157.76420615454367,"cluster":1},{"x":265.8645280802129,"y":162.764286175991,"cluster":1},{"x":266.8087610962711,"y":162.358754285014,"cluster":1},{"x":287.0208119519815,"y":151.840964138247,"cluster":1},{"x":292.3395502730112,"y":154.38397945652284,"cluster":1},{"x":297.7271130992235,"y":151.2912473971011,"cluster":1},{"x":310.4376697377319,"y":160.66869035785982,"cluster":1},{"x":314.9858067388032,"y":172.82249085105738,"cluster":1},{"x":316.88311721127735,"y":176.46277986005802,"cluster":1},{"x":335.31033586561153,"y":179.07138390276836,"cluster":1},{"x":342.4301986980322,"y":168.97582624242173,"cluster":1},{"x":345.1465157983285,"y":169.93515501238673,"cluster":1},{"x":351.36740833331856,"y":159.63786551873423,"cluster":1},{"x":367.23157778650216,"y":151.69362062507517,"cluster":1},{"x":370.8062778512359,"y":148.0353294622489,"cluster":1},{"x":372.77079475083855,"y":149.6798040121052,"cluster":1},{"x":394.3408436909278,"y":138.4486212893549,"cluster":1},{"x":402.81801563018547,"y":131.2003564459079,"cluster":1},{"x":410.9238508508234,"y":141.8600339346607,"cluster":1},{"x":409.9528767150291,"y":153.5179712349055,"cluster":1},{"x":414.8768471068603,"y":151.04813033713845,"cluster":1},{"x":423.69992134879476,"y":151.5325418024119,"cluster":1},{"x":434.2856899171139,"y":157.85142570335677,"cluster":1},{"x":445.108578601724,"y":158.51677970437564,"cluster":1},{"x":461.0719848292503,"y":157.58687553711252,"cluster":1},{"x":459.9212603549419,"y":149.43222426976305,"cluster":1},{"x":465.4990812435939,"y":156.79052383285,"cluster":1}],"num_clusters":0}