{"title":"coast-n25-r9-s-54568327436604417925","map_width":500,"map_height":300,"num_leaves":25,"tree":{"leaf":false,"id":48,"left":{"leaf":false,"id":47,"left":{"leaf":false,"id":46,"left":{"leaf":false,"id":31,"left":{"leaf":true,"id":17,"label":"17","site_id":17},"right":{"leaf":false,"id":30,"left":{"leaf":true,"id":16,"label":"16","site_id":16},"right":{"leaf":true,"id":14,"label":"14","site_id":14}}},"right":{"leaf":false,"id":44,"left":{"leaf":true,"id":19,"label":"19","site_id":19},"right":{"leaf":false,"id":37,"left":{"leaf":false,"id":35,"left":{"leaf":true,"id":24,"label":"24","site_id":24},"right":{"leaf":true,"id":10,"label":"10","site_id":10}},"right":{"leaf":false,"id":27,"left":{"leaf":true,"id":18,"label":"18","site_id":18},"right":{"leaf":true,"id":20,"label":"20","site_id":20}}}}},"right":{"leaf":false,"id":39,"left":{"leaf":false,"id":29,"left":{"leaf":true,"id":22,"label":"22","site_id":22},"right":{"leaf":true,"id":23,"label":"23","site_id":23}},"right":{"leaf":true,"id":21,"label":"21","site_id":21}}},"right":{"leaf":false,"id":45,"left":{"leaf":false,"id":41,"left":{"leaf":true,"id":12,"label":"12","site_id":12},"right":{"leaf":true,"id":11,"label":"11","site_id":11}},"right":{"leaf":false,"id":43,"left":{"leaf":true,"id":6,"label":"6","site_id":6},"right":{"leaf":false,"id":42,"left":{"leaf":false,"id":40,"left":{"leaf":false,"id":28,"left":{"leaf":true,"id":13,"label":"13","site_id":13},"right":{"leaf":true,"id":0,"label":"0","site_id":0}},"right":{"leaf":false,"id":36,"left":{"leaf":true,"id":5,"label":"5","site_id":5},"right":{"leaf":false,"id":33,"left":{"leaf":true,"id":9,"label":"9","site_id":9},"right":{"leaf":false,"id":26,"left":{"leaf":true,"id":8,"label":"8","site_id":8},"right":{"leaf":true,"id":3,"label":"3","site_id":3}}}}},"right":{"leaf":false,"id":38,"left":{"leaf":false,"id":32,"left":{"leaf":false,"id":25,"left":{"leaf":true,"id":2,"label":"2","site_id":2},"right":{"leaf":true,"id":7,"label":"7","site_id":7}},"right":{"leaf":true,"id":4,"label":"4","site_id":4}},"right":{"leaf":false,"id":34,"left":{"leaf":true,"id":1,"label":"1","site_id":1},"right":{"leaf":true,"id":15,"label":"15","site_id":15}}}}}}},"num_sites":25,"sites":[{"x":15.0,"y":156.70297450158404,"cluster":1},{"x":38.407007775391584,"y":145.3881434553058,"cluster":1},{"x":76.33372434545855,"y":147.84726262074577,"cluster":1},{"x":95.16042067042585,"y":159.2437885008922,"cluster":1},{"x":106.68576339089167,"y":132.68234702490523,"cluster":1},{"x":109.69765241541056,"y":157.10283371708064,"cluster":1},{"x":130.6871207829048,"y":157.61487336600152,"cluster":1},{"x":132.63955888603363,"y":151.97305120388663,"cluster":1},{"x":165.80347682638126,"y":168.61884739984058,"cluster":1},{"x":172.15371250482332,"y":150.23037375733458,"cluster":1},{"x":209.06678788762918,"y":150.44552647290863,"cluster":1},{"x":230.24542648581337,"y":137.72836587358282,"cluster":1},{"x":246.73022322937712,"y":150.0,"cluster":1},{"x":254.96133330267654,"y":173.45017073853046,"cluster":1},{"x":281.3181611923571,"y":189.7244518446138,"cluster":1},{"x":309.0043083615496,"y":164.34454853334634,"cluster":1},{"x":299.5089994955963,"y":139.1389912264579,"cluster":1},{"x":313.5648880582948,"y":143.3464994737503,"cluster":1},{"x":351.5303226276332,"y":161.83465617606961,"cluster":1},{"x":368.940191752553,"y":163.28316836732526,"cluster":1},{"x":377.55053185130936,"y":151.12886874293076,"cluster":1},{"x":421.6827769066051,"y":124.20392404167038,"cluster":1},{"x":435.6182896061417,"y":128.0168531812474,"cluster":1},{"x":452.2617028717017,"y":152.28778317968505,"cluster":1},{"x":443.41883713005666,"y":175.41474438539754,"cluster":1}],"num_clusters":0}