{"title":"coast-n20-r4-s285957370637543723220","map_width":500,"map_height":300,"num_leaves":20,"tree":{"leaf":false,"id":38,"left":{"leaf":false,"id":37,"left":{"leaf":false,"id":36,"left":{"leaf":false,"id":32,"left":{"leaf":false,"id":29,"left":{"leaf":true,"id":16,"label":"16","site_id":16},"right":{"leaf":true,"id":17,"label":"17","site_id":17}},"right":{"leaf":false,"id":28,"left":{"leaf":false,"id":23,"left":{"leaf":true,"id":19,"label":"19","site_id":19},"right":{"leaf":true,"id":18,"label":"18","site_id":18}},"right":{"leaf":true,"id":6,"label":"6","site_id":6}}},"right":{"leaf":false,"id":35,"left":{"leaf":false,"id":26,"left":{"leaf":true,"id":1,"label":"1","site_id":1},"right":{"leaf":false,"id":25,"left":{"leaf":true,"id":7,"label":"7","site_id":7},"right":{"leaf":false,"id":22,"left":{"leaf":false,"id":21,"left":{"leaf":true,"id":15,"label":"15","site_id":15},"right":{"leaf":true,"id":13,"label":"13","site_id":13}},"right":{"leaf":true,"id":8,"label":"8","site_id":8}}}},"right":{"leaf":false,"id":24,"left":{"leaf":true,"id":9,"label":"9","site_id":9},"right":{"leaf":false,"id":20,"left":{"leaf":true,"id":14,"label":"14","site_id":14},"right":{"leaf":true,"id":11,"label":"11","site_id":11}}}}},"right":{"leaf":false,"id":34,"left":{"leaf":false,"id":33,"left":{"leaf":true,"id":2,"label":"2","site_id":2},"right":{"leaf":true,"id":5,"label":"5","site_id":5}},"right":{"leaf":true,"id":12,"label":"12","site_id":12}}},"right":{"leaf":false,"id":31,"left":{"leaf":true,"id":3,"label":"3","site_id":3},"right":{"leaf":false,"id":30,"left":{"leaf":true,"id":4,"label":"4","site_id":4},"right":{"leaf":false,"id":27,"left":{"leaf":true,"id":0,"label":"0","site_id":0},"right":{"leaf":true,"id":10,"label":"10","site_id":10}}}}},"num_sites":20,"sites":[{"x":39.91522076150619,"y":179.89560810173248,"cluster":1},{"x":51.71943646273987,"y":152.8779434449772,"cluster":1},{"x":83.47238941202691,"y":175.6694998295901,"cluster":1},{"x":102.55675087907647,"y":157.33837613322805,"cluster":1},{"x":108.44640212066706,"y":172.48523453429524,"cluster":1},{"x":122.04671801353174,"y":148.69158408845368,"cluster":1},{"x":175.5482251860802,"y":133.01885821090775,"cluster":1},{"x":172.5713038265387,"y":166.11531383124364,"cluster":1},{"x":223.05268782985348,"y":172.46974010065597,"cluster":1},{"x":249.98271391131533,"y":142.79225040009186,"cluster":1},{"x":229.1372331678382,"y":150.0,"cluster":1},{"x":254.2937028911522,"y":183.26999676187214,"cluster":1},{"x":272.44475855282496,"y":168.53484920181418,"cluster":1},{"x":338.4748379715819,"y":176.35198273742824,"cluster":1},{"x":324.5891229807282,"y":157.62278414611518,"cluster":1},{"x":356.0620002535049,"y":132.18610985004725,"cluster":1},{"x":397.6157938872722,"y":104.04829660920558,"cluster":1},{"x":425.69697696273994,"y":75.06743962229288,"cluster":1},{"x":435.6392059514374,"y":71.805192973549,"cluster":1},{"x":452.669212190564,"y":62.38150884249339,"cluster":1}],"num_clusters":0}