{"title":"coast-n55-r6-s695416515879407690755","map_width":500,"map_height":300,"num_leaves":55,"tree":{"leaf":false,"id":108,"left":{"leaf":false,"id":60,"left":{"leaf":true,"id":40,"label":"40","site_id":40},"right":{"leaf":true,"id":39,"label":"39","site_id":39}},"right":{"leaf":false,"id":107,"left":{"leaf":false,"id":106,"left":{"leaf":false,"id":105,"left":{"leaf":false,"id":101,"left":{"leaf":false,"id":97,"left":{"leaf":false,"id":82,"left":{"leaf":false,"id":59,"left":{"leaf":true,"id":26,"label":"26","site_id":26},"right":{"leaf":true,"id":36,"label":"36","site_id":36}},"right":{"leaf":false,"id":62,"left":{"leaf":true,"id":12,"label":"12","site_id":12},"right":{"leaf":true,"id":52,"label":"52","site_id":52}}},"right":{"leaf":false,"id":72,"left":{"leaf":false,"id":70,"left":{"leaf":false,"id":58,"left":{"leaf":true,"id":3,"label":"3","site_id":3},"right":{"leaf":true,"id":18,"label":"18","site_id":18}},"right":{"leaf":true,"id":19,"label":"19","site_id":19}},"right":{"leaf":true,"id":20,"label":"20","site_id":20}}},"right":{"leaf":true,"id":13,"label":"13","site_id":13}},"right":{"leaf":false,"id":104,"left":{"leaf":false,"id":103,"left":{"leaf":false,"id":66,"left":{"leaf":true,"id":22,"label":"22","site_id":22},"right":{"leaf":true,"id":27,"label":"27","site_id":27}},"right":{"leaf":false,"id":99,"left":{"leaf":false,"id":94,"left":{"leaf":false,"id":89,"left":{"leaf":false,"id":88,"left":{"leaf":false,"id":74,"left":{"leaf":false,"id":57,"left":{"leaf":true,"id":1,"label":"1","site_id":1},"right":{"leaf":true,"id":0,"label":"0","site_id":0}},"right":{"leaf":true,"id":4,"label":"4","site_id":4}},"right":{"leaf":false,"id":87,"left":{"leaf":false,"id":81,"left":{"leaf":true,"id":38,"label":"38","site_id":38},"right":{"leaf":true,"id":25,"label":"25","site_id":25}},"right":{"leaf":false,"id":86,"left":{"leaf":false,"id":84,"left":{"leaf":false,"id":77,"left":{"leaf":false,"id":68,"left":{"leaf":true,"id":24,"label":"24","site_id":24},"right":{"leaf":false,"id":67,"left":{"leaf":true,"id":29,"label":"29","site_id":29},"right":{"leaf":true,"id":33,"label":"33","site_id":33}}},"right":{"leaf":false,"id":71,"left":{"leaf":true,"id":42,"label":"42","site_id":42},"right":{"leaf":true,"id":31,"label":"31","site_id":31}}},"right":{"leaf":false,"id":78,"left":{"leaf":true,"id":16,"label":"16","site_id":16},"right":{"leaf":true,"id":44,"label":"44","site_id":44}}},"right":{"leaf":false,"id":85,"left":{"leaf":false,"id":79,"left":{"leaf":true,"id":34,"label":"34","site_id":34},"right":{"leaf":false,"id":69,"left":{"leaf":true,"id":37,"label":"37","site_id":37},"right":{"leaf":true,"id":32,"label":"32","site_id":32}}},"right":{"leaf":true,"id":21,"label":"21","site_id":21}}}}},"right":{"leaf":true,"id":23,"label":"23","site_id":23}},"right":{"leaf":true,"id":14,"label":"14","site_id":14}},"right":{"leaf":false,"id":96,"left":{"leaf":false,"id":80,"left":{"leaf":true,"id":28,"label":"28","site_id":28},"right":{"leaf":true,"id":30,"label":"30","site_id":30}},"right":{"leaf":false,"id":92,"left":{"leaf":false,"id":83,"left":{"leaf":true,"id":50,"label":"50","site_id":50},"right":{"leaf":false,"id":55,"left":{"leaf":true,"id":49,"label":"49","site_id":49},"right":{"leaf":true,"id":48,"label":"48","site_id":48}}},"right":{"leaf":true,"id":53,"label":"53","site_id":53}}}}},"right":{"leaf":false,"id":95,"left":{"leaf":false,"id":93,"left":{"leaf":true,"id":9,"label":"9","site_id":9},"right":{"leaf":false,"id":61,"left":{"leaf":true,"id":11,"label":"11","site_id":11},"right":{"leaf":true,"id":5,"label":"5","site_id":5}}},"right":{"leaf":false,"id":91,"left":{"leaf":true,"id":10,"label":"10","site_id":10},"right":{"leaf":false,"id":76,"left":{"leaf":false,"id":73,"left":{"leaf":false,"id":65,"left":{"leaf":true,"id":6,"label":"6","site_id":6},"right":{"leaf":true,"id":2,"label":"2","site_id":2}},"right":{"leaf":false,"id":64,"left":{"leaf":false,"id":63,"left":{"leaf":true,"id":15,"label":"15","site_id":15},"right":{"leaf":true,"id":17,"label":"17","site_id":17}},"right":{"leaf":true,"id":7,"label":"7","site_id":7}}},"right":{"leaf":true,"id":8,"label":"8","site_id":8}}}}}},"right":{"leaf":true,"id":45,"label":"45","site_id":45}},"right":{"leaf":false,"id":102,"left":{"leaf":true,"id":51,"label":"51","site_id":51},"right":{"leaf":false,"id":100,"left":{"leaf":true,"id":43,"label":"43","site_id":43},"right":{"leaf":false,"id":98,"left":{"leaf":false,"id":90,"left":{"leaf":false,"id":56,"left":{"leaf":true,"id":46,"label":"46","site_id":46},"right":{"leaf":true,"id":47,"label":"47","site_id":47}},"right":{"leaf":false,"id":75,"left":{"leaf":true,"id":54,"label":"54","site_id":54},"right":{"leaf":true,"id":35,"label":"35","site_id":35}}},"right":{"leaf":true,"id":41,"label":"41","site_id":41}}}}}},"num_sites":55,"sites":[{"x":27.010917168666953,"y":150.1567364509323,"cluster":1},{"x":31.063940338133857,"y":140.69742705072466,"cluster":1},{"x":37.11375719302562,"y":137.3536766026793,"cluster":1},{"x":51.610452495424916,"y":131.0743810646334,"cluster":1},{"x":44.58502701467968,"y":140.6982756140968,"cluster":1},{"x":63.08382107867002,"y":150.08798434886734,"cluster":1},{"x":62.07973361288683,"y":161.42261933846873,"cluster":1},{"x":74.4154716045605,"y":171.4492366838167,"cluster":1},{"x":88.06961144858822,"y":159.43229417758056,"cluster":1},{"x":98.22222578958025,"y":159.8421256090716,"cluster":1},{"x":109.11355311109112,"y":153.26267638235353,"cluster":1},{"x":106.063629337307,"y":141.12536599179538,"cluster":1},{"x":113.28702813771936,"y":151.5218369957555,"cluster":1},{"x":125.76314540750049,"y":162.0754722111237,"cluster":1},{"x":141.83259472514126,"y":159.9846295180074,"cluster":1},{"x":151.87511000900756,"y":163.0045160442172,"cluster":1},{"x":159.21452639920116,"y":161.57598686893525,"cluster":1},{"x":160.198306404563,"y":160.42362891763918,"cluster":1},{"x":171.69918524295161,"y":155.96596169114616,"cluster":1},{"x":185.66376955871,"y":153.53328747517816,"cluster":1},{"x":183.01745079069855,"y":162.15491677328404,"cluster":1},{"x":191.44474017283684,"y":154.86643498358794,"cluster":1},{"x":211.4813063773899,"y":146.36423522434742,"cluster":1},{"x":208.2370741313141,"y":158.28146366214315,"cluster":1},{"x":225.24172793953983,"y":162.03693258574216,"cluster":1},{"x":232.3772175901492,"y":153.89712368459234,"cluster":1},{"x":234.69299524837706,"y":141.69347081487484,"cluster":1},{"x":250.17658355373047,"y":150.0,"cluster":1},{"x":251.05329884863005,"y":161.23171923060627,"cluster":1},{"x":270.8648491686499,"y":167.67067962588908,"cluster":1},{"x":263.93031932477777,"y":179.65747783400008,"cluster":1},{"x":278.133737502798,"y":176.03153560773814,"cluster":1},{"x":289.2281542948886,"y":174.43298352885927,"cluster":1},{"x":304.06841792622834,"y":166.84982341465215,"cluster":1},{"x":304.53954653575266,"y":166.0344082811664,"cluster":1},{"x":312.5629935619654,"y":166.61772926746457,"cluster":1},{"x":317.9126735517004,"y":165.1690714605804,"cluster":1},{"x":321.4738066321061,"y":156.64209168693372,"cluster":1},{"x":330.2776204944699,"y":150.4637827552306,"cluster":1},{"x":340.3858234641965,"y":143.13723354078041,"cluster":1},{"x":354.49344422193633,"y":141.52001087272566,"cluster":1},{"x":369.516175748036,"y":151.07333111702278,"cluster":1},{"x":369.7215003811614,"y":157.8928287280939,"cluster":1},{"x":380.2483551294438,"y":170.4347717572192,"cluster":1},{"x":394.81314741139545,"y":162.29204099931394,"cluster":1},{"x":396.5902417432061,"y":162.92431462059344,"cluster":1},{"x":397.1135882294332,"y":170.91926657480226,"cluster":1},{"x":408.1383927718245,"y":182.07601346573537,"cluster":1},{"x":427.23899452737516,"y":186.67106536678747,"cluster":1},{"x":432.06525642563923,"y":187.84062450518843,"cluster":1},{"x":436.14258699074804,"y":192.608860790875,"cluster":1},{"x":454.3479908578914,"y":197.03402122013154,"cluster":1},{"x":449.14291300651894,"y":203.43219063996887,"cluster":1},{"x":455.8847479188955,"y":211.3630913644945,"cluster":1},{"x":468.8096929081531,"y":199.7294774788083,"cluster":1}],"num_clusters":0}