{"title":"coast-n10-r3-s450316838846545360110","map_width":500,"map_height":300,"num_leaves":10,"tree":{"leaf":false,"id":18,"left":{"leaf":false,"id":17,"left":{"leaf":false,"id":14,"left":{"leaf":false,"id":13,"left":{"leaf":true,"id":4,"label":"4","site_id":4},"right":{"leaf":false,"id":12,"left":{"leaf":true,"id":7,"label":"7","site_id":7},"right":{"leaf":false,"id":11,"left":{"leaf":true,"id":9,"label":"9","site_id":9},"right":{"leaf":true,"id":2,"label":"2","site_id":2}}}},"right":{"leaf":false,"id":10,"left":{"leaf":true,"id":8,"label":"8","site_id":8},"right":{"leaf":true,"id":0,"label":"0","site_id":0}}},"right":{"leaf":false,"id":16,"left":{"leaf":false,"id":15,"left":{"leaf":true,"id":3,"label":"3","site_id":3},"right":{"leaf":true,"id":6,"label":"6","site_id":6}},"right":{"leaf":true,"id":5,"label":"5","site_id":5}}},"right":{"leaf":true,"id":1,"label":"1","site_id":1}},"num_sites":10,"sites":[{"x":17.808636492370876,"y":211.48679429794242,"cluster":1},{"x":75.18727962824846,"y":166.1420744642312,"cluster":1},{"x":117.85514346388736,"y":154.9651193259742,"cluster":1},{"x":135.25960245178334,"y":115.39137044082057,"cluster":1},{"x":164.81543635992995,"y":161.49784081204183,"cluster":1},{"x":283.39659735871413,"y":150.0,"cluster":1},{"x":272.0671316021625,"y":186.44024464228366,"cluster":1},{"x":301.6256622129633,"y":160.84026496052618,"cluster":1},{"x":402.8965278609532,"y":144.38829553960974,"cluster":1},{"x":419.27550706937114,"y":81.8194378006213,"cluster":1}],"num_clusters":0}