{"title":"coast-n30-r8-s869041135196913902030","map_width":500,"map_height":300,"num_leaves":30,"tree":{"leaf":false,"id":58,"left":{"leaf":false,"id":40,"left":{"leaf":true,"id":0,"label":"0","site_id":0},"right":{"leaf":false,"id":31,"left":{"leaf":true,"id":4,"label":"4","site_id":4},"right":{"leaf":true,"id":5,"label":"5","site_id":5}}},"right":{"leaf":false,"id":57,"left":{"leaf":false,"id":55,"left":{"leaf":false,"id":53,"left":{"leaf":false,"id":51,"left":{"leaf":false,"id":43,"left":{"leaf":true,"id":3,"label":"3","site_id":3},"right":{"leaf":true,"id":1,"label":"1","site_id":1}},"right":{"leaf":false,"id":50,"left":{"leaf":true,"id":16,"label":"16","site_id":16},"right":{"leaf":false,"id":47,"left":{"leaf":true,"id":17,"label":"17","site_id":17},"right":{"leaf":false,"id":30,"left":{"leaf":true,"id":19,"label":"19","site_id":19},"right":{"leaf":true,"id":14,"label":"14","site_id":14}}}}},"right":{"leaf":false,"id":48,"left":{"leaf":false,"id":44,"left":{"leaf":false,"id":42,"left":{"leaf":true,"id":11,"label":"11","site_id":11},"right":{"leaf":false,"id":41,"left":{"leaf":false,"id":39,"left":{"leaf":true,"id":28,"label":"28","site_id":28},"right":{"leaf":false,"id":36,"left":{"leaf":false,"id":32,"left":{"leaf":true,"id":18,"label":"18","site_id":18},"right":{"leaf":true,"id":2,"label":"2","site_id":2}},"right":{"leaf":true,"id":10,"label":"10","site_id":10}}},"right":{"leaf":true,"id":6,"label":"6","site_id":6}}},"right":{"leaf":false,"id":33,"left":{"leaf":true,"id":12,"label":"12","site_id":12},"right":{"leaf":true,"id":13,"label":"13","site_id":13}}},"right":{"leaf":false,"id":34,"left":{"leaf":true,"id":8,"label":"8","site_id":8},"right":{"leaf":true,"id":9,"label":"9","site_id":9}}}},"right":{"leaf":false,"id":54,"left":{"leaf":true,"id":7,"label":"7","site_id":7},"right":{"leaf":true,"id":15,"label":"15","site_id":15}}},"right":{"leaf":false,"id":56,"left":{"leaf":false,"id":49,"left":{"leaf":false,"id":37,"left":{"leaf":true,"id":23,"label":"23","site_id":23},"right":{"leaf":true,"id":21,"label":"21","site_id":21}},"right":{"leaf":false,"id":46,"left":{"leaf":true,"id":20,"label":"20","site_id":20},"right":{"leaf":true,"id":22,"label":"22","site_id":22}}},"right":{"leaf":false,"id":52,"left":{"leaf":false,"id":38,"left":{"leaf":false,"id":35,"left":{"leaf":true,"id":26,"label":"26","site_id":26},"right":{"leaf":true,"id":27,"label":"27","site_id":27}},"right":{"leaf":true,"id":29,"label":"29","site_id":29}},"right":{"leaf":false,"id":45,"left":{"leaf":true,"id":24,"label":"24","site_id":24},"right":{"leaf":true,"id":25,"label":"25","site_id":25}}}}}},"num_sites":30,"sites":[{"x":20.511176361385616,"y":160.57761140607866,"cluster":1},{"x":34.65362396226602,"y":148.9297645077816,"cluster":1},{"x":59.144751626000506,"y":131.90746544288334,"cluster":1},{"x":53.914007071441674,"y":152.6944648369555,"cluster":1},{"x":86.96621927830243,"y":147.09596634364013,"cluster":1},{"x":101.69119134065369,"y":166.56929725737976,"cluster":1},{"x":114.69021706741206,"y":174.24243086713795,"cluster":1},{"x":126.91841374696534,"y":153.30706380873355,"cluster":1},{"x":144.81503822211968,"y":145.68974034107745,"cluster":1},{"x":157.88139255667915,"y":153.14541272061138,"cluster":1},{"x":169.27022976666956,"y":159.16056248253685,"cluster":1},{"x":179.51574692777098,"y":173.10121326280162,"cluster":1},{"x":190.46662105592165,"y":174.0484651855221,"cluster":1},{"x":234.5054272841493,"y":155.5290146320031,"cluster":1},{"x":237.89039960176876,"y":163.17340622328553,"cluster":1},{"x":247.09736576088244,"y":150.0,"cluster":1},{"x":274.8365699996107,"y":158.20451309261503,"cluster":1},{"x":279.796570925237,"y":141.62009264846074,"cluster":1},{"x":287.69353572622833,"y":137.5751833125552,"cluster":1},{"x":321.01193875833826,"y":119.89335557234611,"cluster":1},{"x":331.9125587113561,"y":108.25867514752765,"cluster":1},{"x":339.79483989600743,"y":111.62310113553457,"cluster":1},{"x":359.22309290546787,"y":116.33087808966899,"cluster":1},{"x":367.9288047785659,"y":104.5294780534657,"cluster":1},{"x":372.2028150229821,"y":124.6127238426568,"cluster":1},{"x":391.26657672046804,"y":140.71555275300167,"cluster":1},{"x":424.978578155354,"y":137.38781541689474,"cluster":1},{"x":427.6495191555995,"y":139.95071329273873,"cluster":1},{"x":455.6457981499969,"y":117.68938128542055,"cluster":1},{"x":467.19699064724705,"y":131.97658782165166,"cluster":1}],"num_clusters":0}