{"title":"coast-n30-r1-s411860533369203808830","map_width":500,"map_height":300,"num_leaves":30,"tree":{"leaf":false,"id":58,"left":{"leaf":false,"id":49,"left":{"leaf":false,"id":34,"left":{"leaf":true,"id":22,"label":"22","site_id":22},"right":{"leaf":true,"id":8,"label":"8","site_id":8}},"right":{"leaf":true,"id":12,"label":"12","site_id":12}},"right":{"leaf":false,"id":57,"left":{"leaf":false,"id":56,"left":{"leaf":true,"id":23,"label":"23","site_id":23},"right":{"leaf":false,"id":39,"left":{"leaf":false,"id":35,"left":{"leaf":true,"id":26,"label":"26","site_id":26},"right":{"leaf":true,"id":24,"label":"24","site_id":24}},"right":{"leaf":true,"id":25,"label":"25","site_id":25}}},"right":{"leaf":false,"id":55,"left":{"leaf":false,"id":51,"left":{"leaf":false,"id":48,"left":{"leaf":true,"id":18,"label":"18","site_id":18},"right":{"leaf":true,"id":9,"label":"9","site_id":9}},"right":{"leaf":false,"id":43,"left":{"leaf":false,"id":42,"left":{"leaf":true,"id":15,"label":"15","site_id":15},"right":{"leaf":false,"id":31,"left":{"leaf":true,"id":5,"label":"5","site_id":5},"right":{"leaf":false,"id":30,"left":{"leaf":true,"id":7,"label":"7","site_id":7},"right":{"leaf":true,"id":3,"label":"3","site_id":3}}}},"right":{"leaf":false,"id":33,"left":{"leaf":true,"id":10,"label":"10","site_id":10},"right":{"leaf":false,"id":32,"left":{"leaf":true,"id":29,"label":"29","site_id":29},"right":{"leaf":true,"id":16,"label":"16","site_id":16}}}}},"right":{"leaf":false,"id":54,"left":{"leaf":false,"id":53,"left":{"leaf":false,"id":47,"left":{"leaf":true,"id":0,"label":"0","site_id":0},"right":{"leaf":false,"id":38,"left":{"leaf":false,"id":37,"left":{"leaf":true,"id":14,"label":"14","site_id":14},"right":{"leaf":true,"id":13,"label":"13","site_id":13}},"right":{"leaf":true,"id":11,"label":"11","site_id":11}}},"right":{"leaf":false,"id":52,"left":{"leaf":false,"id":46,"left":{"leaf":true,"id":17,"label":"17","site_id":17},"right":{"leaf":false,"id":44,"left":{"leaf":false,"id":41,"left":{"leaf":true,"id":20,"label":"20","site_id":20},"right":{"leaf":true,"id":21,"label":"21","site_id":21}},"right":{"leaf":false,"id":36,"left":{"leaf":true,"id":28,"label":"28","site_id":28},"right":{"leaf":true,"id":27,"label":"27","site_id":27}}}},"right":{"leaf":true,"id":19,"label":"19","site_id":19}}},"right":{"leaf":false,"id":50,"left":{"leaf":true,"id":2,"label":"2","site_id":2},"right":{"leaf":false,"id":45,"left":{"leaf":true,"id":6,"label":"6","site_id":6},"right":{"leaf":false,"id":40,"left":{"leaf":true,"id":4,"label":"4","site_id":4},"right":{"leaf":true,"id":1,"label":"1","site_id":1}}}}}}}},"num_sites":30,"sites":[{"x":17.508759890852104,"y":206.95922242415054,"cluster":1},{"x":41.914023539967275,"y":205.03028607064252,"cluster":1},{"x":48.47201316591459,"y":200.38444624560165,"cluster":1},{"x":58.82483481046798,"y":200.2782234539764,"cluster":1},{"x":86.6523622776568,"y":190.83201044870145,"cluster":1},{"x":110.55016608045948,"y":192.04077017706533,"cluster":1},{"x":106.4131534719638,"y":169.52791750475808,"cluster":1},{"x":123.1841319586292,"y":186.99838689249307,"cluster":1},{"x":154.14092604413702,"y":171.4440551879552,"cluster":1},{"x":152.84265636517878,"y":160.2726492041593,"cluster":1},{"x":170.84672374776477,"y":179.2489182873767,"cluster":1},{"x":186.36960413574332,"y":168.2703731258811,"cluster":1},{"x":213.37204245536628,"y":152.14663744106718,"cluster":1},{"x":215.0174845683269,"y":153.5597621508626,"cluster":1},{"x":226.6249087959164,"y":135.73610368650697,"cluster":1},{"x":261.7924425079196,"y":150.0,"cluster":1},{"x":277.98122056317436,"y":129.9077844673476,"cluster":1},{"x":285.14032083113125,"y":152.5054772577209,"cluster":1},{"x":303.09511615826176,"y":131.02015149811157,"cluster":1},{"x":313.22112390922814,"y":135.95931998980222,"cluster":1},{"x":331.0138989441573,"y":136.94196242313436,"cluster":1},{"x":336.77488779524225,"y":135.2708600386439,"cluster":1},{"x":348.1830723520512,"y":148.68030476942005,"cluster":1},{"x":382.9896480511506,"y":169.00997755280207,"cluster":1},{"x":399.53963531751543,"y":148.39339944569102,"cluster":1},{"x":406.7201488723402,"y":142.82060748261333,"cluster":1},{"x":408.6825250317407,"y":156.18662315085447,"cluster":1},{"x":431.59230234411154,"y":168.7161302580698,"cluster":1},{"x":435.2636034378659,"y":154.84998033219458,"cluster":1},{"x":472.5873690851329,"y":155.01719688436927,"cluster":1}],"num_clusters":0}