{"title":"coast-n60-r6-s-768073227827482454360","map_width":500,"map_height":300,"num_leaves":60,"tree":{"leaf":false,"id":118,"left":{"leaf":false,"id":117,"left":{"leaf":false,"id":113,"left":{"leaf":false,"id":109,"left":{"leaf":false,"id":100,"left":{"leaf":false,"id":66,"left":{"leaf":true,"id":57,"label":"57","site_id":57},"right":{"leaf":true,"id":49,"label":"49","site_id":49}},"right":{"leaf":false,"id":72,"left":{"leaf":true,"id":52,"label":"52","site_id":52},"right":{"leaf":false,"id":63,"left":{"leaf":true,"id":44,"label":"44","site_id":44},"right":{"leaf":true,"id":58,"label":"58","site_id":58}}}},"right":{"leaf":true,"id":50,"label":"50","site_id":50}},"right":{"leaf":false,"id":99,"left":{"leaf":false,"id":85,"left":{"leaf":false,"id":62,"left":{"leaf":true,"id":21,"label":"21","site_id":21},"right":{"leaf":true,"id":20,"label":"20","site_id":20}},"right":{"leaf":false,"id":79,"left":{"leaf":true,"id":7,"label":"7","site_id":7},"right":{"leaf":true,"id":34,"label":"34","site_id":34}}},"right":{"leaf":false,"id":76,"left":{"leaf":true,"id":25,"label":"25","site_id":25},"right":{"leaf":false,"id":69,"left":{"leaf":true,"id":14,"label":"14","site_id":14},"right":{"leaf":true,"id":9,"label":"9","site_id":9}}}}},"right":{"leaf":false,"id":112,"left":{"leaf":false,"id":108,"left":{"leaf":false,"id":91,"left":{"leaf":true,"id":26,"label":"26","site_id":26},"right":{"leaf":true,"id":28,"label":"28","site_id":28}},"right":{"leaf":false,"id":102,"left":{"leaf":true,"id":22,"label":"22","site_id":22},"right":{"leaf":true,"id":31,"label":"31","site_id":31}}},"right":{"leaf":false,"id":111,"left":{"leaf":false,"id":107,"left":{"leaf":false,"id":78,"left":{"leaf":false,"id":60,"left":{"leaf":true,"id":24,"label":"24","site_id":24},"right":{"leaf":true,"id":18,"label":"18","site_id":18}},"right":{"leaf":false,"id":67,"left":{"leaf":true,"id":15,"label":"15","site_id":15},"right":{"leaf":true,"id":16,"label":"16","site_id":16}}},"right":{"leaf":true,"id":23,"label":"23","site_id":23}},"right":{"leaf":false,"id":110,"left":{"leaf":false,"id":93,"left":{"leaf":false,"id":65,"left":{"leaf":true,"id":17,"label":"17","site_id":17},"right":{"leaf":true,"id":27,"label":"27","site_id":27}},"right":{"leaf":false,"id":80,"left":{"leaf":true,"id":36,"label":"36","site_id":36},"right":{"leaf":false,"id":75,"left":{"leaf":true,"id":29,"label":"29","site_id":29},"right":{"leaf":true,"id":37,"label":"37","site_id":37}}}},"right":{"leaf":true,"id":6,"label":"6","site_id":6}}}}},"right":{"leaf":false,"id":116,"left":{"leaf":false,"id":106,"left":{"leaf":false,"id":105,"left":{"leaf":false,"id":83,"left":{"leaf":true,"id":48,"label":"48","site_id":48},"right":{"leaf":false,"id":61,"left":{"leaf":true,"id":32,"label":"32","site_id":32},"right":{"leaf":true,"id":30,"label":"30","site_id":30}}},"right":{"leaf":false,"id":104,"left":{"leaf":true,"id":42,"label":"42","site_id":42},"right":{"leaf":false,"id":96,"left":{"leaf":false,"id":89,"left":{"leaf":true,"id":39,"label":"39","site_id":39},"right":{"leaf":true,"id":33,"label":"33","site_id":33}},"right":{"leaf":true,"id":40,"label":"40","site_id":40}}}},"right":{"leaf":false,"id":101,"left":{"leaf":false,"id":98,"left":{"leaf":false,"id":95,"left":{"leaf":false,"id":86,"left":{"leaf":true,"id":59,"label":"59","site_id":59},"right":{"leaf":true,"id":12,"label":"12","site_id":12}},"right":{"leaf":false,"id":82,"left":{"leaf":false,"id":70,"left":{"leaf":true,"id":35,"label":"35","site_id":35},"right":{"leaf":true,"id":47,"label":"47","site_id":47}},"right":{"leaf":true,"id":43,"label":"43","site_id":43}}},"right":{"leaf":false,"id":81,"left":{"leaf":false,"id":64,"left":{"leaf":true,"id":38,"label":"38","site_id":38},"right":{"leaf":true,"id":45,"label":"45","site_id":45}},"right":{"leaf":true,"id":41,"label":"41","site_id":41}}},"right":{"leaf":false,"id":97,"left":{"leaf":false,"id":77,"left":{"leaf":true,"id":55,"label":"55","site_id":55},"right":{"leaf":false,"id":68,"left":{"leaf":true,"id":53,"label":"53","site_id":53},"right":{"leaf":true,"id":56,"label":"56","site_id":56}}},"right":{"leaf":false,"id":94,"left":{"leaf":false,"id":88,"left":{"leaf":true,"id":54,"label":"54","site_id":54},"right":{"leaf":true,"id":51,"label":"51","site_id":51}},"right":{"leaf":true,"id":46,"label":"46","site_id":46}}}}},"right":{"leaf":false,"id":115,"left":{"leaf":false,"id":114,"left":{"leaf":false,"id":92,"left":{"leaf":false,"id":84,"left":{"leaf":false,"id":73,"left":{"leaf":true,"id":2,"label":"2","site_id":2},"right":{"leaf":false,"id":71,"left":{"leaf":true,"id":4,"label":"4","site_id":4},"right":{"leaf":true,"id":5,"label":"5","site_id":5}}},"right":{"leaf":true,"id":3,"label":"3","site_id":3}},"right":{"leaf":false,"id":90,"left":{"leaf":true,"id":19,"label":"19","site_id":19},"right":{"leaf":true,"id":8,"label":"8","site_id":8}}},"right":{"leaf":false,"id":87,"left":{"leaf":true,"id":1,"label":"1","site_id":1},"right":{"leaf":true,"id":0,"label":"0","site_id":0}}},"right":{"leaf":false,"id":103,"left":{"leaf":false,"id":74,"left":{"leaf":true,"id":13,"label":"13","site_id":13},"right":{"leaf":true,"id":11,"label":"11","site_id":11}},"right":{"leaf":true,"id":10,"label":"10","site_id":10}}}}},"num_sites":60,"sites":[{"x":19.005713759711977,"y":137.19696690841187,"cluster":1},{"x":28.208389780691075,"y":144.83208214907313,"cluster":1},{"x":37.94056261754319,"y":145.51175040066934,"cluster":1},{"x":47.627873477492734,"y":151.09824184707253,"cluster":1},{"x":47.9129033928981,"y":142.00414042098004,"cluster":1},{"x":54.55657106032421,"y":147.95260399276543,"cluster":1},{"x":62.49248000153968,"y":152.16202061696978,"cluster":1},{"x":78.63878989752163,"y":148.29606917875896,"cluster":1},{"x":87.50968261324142,"y":148.7794448108287,"cluster":1},{"x":91.21701882736564,"y":143.88259431118288,"cluster":1},{"x":89.96472779655501,"y":148.77623123529276,"cluster":1},{"x":104.75077793771912,"y":149.7501236707844,"cluster":1},{"x":113.3496076418626,"y":143.93245495601207,"cluster":1},{"x":120.11806667130296,"y":137.74731168732626,"cluster":1},{"x":120.75170504949375,"y":137.00222222499193,"cluster":1},{"x":131.90507355511278,"y":133.35882239864162,"cluster":1},{"x":141.02048249204168,"y":132.05568060977478,"cluster":1},{"x":150.7582908709974,"y":136.00575364907854,"cluster":1},{"x":159.5456377218989,"y":138.6653347185685,"cluster":1},{"x":158.77923798276203,"y":141.1380802693454,"cluster":1},{"x":167.90122631664926,"y":131.70767278009774,"cluster":1},{"x":181.20016382593667,"y":123.88990597575335,"cluster":1},{"x":181.02297963957062,"y":119.61758476557881,"cluster":1},{"x":193.86032741919152,"y":122.68755687850945,"cluster":1},{"x":197.81090949568528,"y":127.99662053900614,"cluster":1},{"x":210.91208199784757,"y":137.34507309702025,"cluster":1},{"x":218.72953676924962,"y":136.3237285569738,"cluster":1},{"x":224.18401006201066,"y":136.97766390315934,"cluster":1},{"x":228.8781970268253,"y":144.93616213364626,"cluster":1},{"x":248.85423715847276,"y":151.07561628851613,"cluster":1},{"x":245.51145254864153,"y":150.0,"cluster":1},{"x":265.09570048451184,"y":155.19991146915646,"cluster":1},{"x":265.1725773677949,"y":163.594548746542,"cluster":1},{"x":277.45840270571387,"y":174.93415485701573,"cluster":1},{"x":278.23813910803034,"y":163.55623987031996,"cluster":1},{"x":293.10134410653245,"y":156.45156363948766,"cluster":1},{"x":302.2239240742537,"y":152.83513593349105,"cluster":1},{"x":299.27344915639924,"y":146.77229379390945,"cluster":1},{"x":307.33476263630024,"y":150.74900340622,"cluster":1},{"x":324.93402659710944,"y":148.04074933073176,"cluster":1},{"x":325.58314522134657,"y":138.25765320430614,"cluster":1},{"x":335.1246236028136,"y":132.72673719599575,"cluster":1},{"x":343.3386796562685,"y":131.4873728618712,"cluster":1},{"x":356.42296371960293,"y":140.94794301319004,"cluster":1},{"x":355.4212876690601,"y":133.72006014094225,"cluster":1},{"x":359.3464371501556,"y":127.51907049820704,"cluster":1},{"x":376.4267217394403,"y":129.77041814547374,"cluster":1},{"x":380.52009844619545,"y":122.10348229143453,"cluster":1},{"x":391.543048458661,"y":131.10104590846825,"cluster":1},{"x":389.06809118275635,"y":125.19875767164754,"cluster":1},{"x":408.8404651666304,"y":114.54644077873442,"cluster":1},{"x":415.62347265136594,"y":119.75792809915033,"cluster":1},{"x":419.59519040222193,"y":129.68410858375137,"cluster":1},{"x":431.13234972855247,"y":135.79545615886195,"cluster":1},{"x":436.9456264629644,"y":131.20057279417549,"cluster":1},{"x":442.73561100706274,"y":128.4633024276968,"cluster":1},{"x":446.026034711434,"y":120.1289472502956,"cluster":1},{"x":451.7252873477435,"y":114.34617261449002,"cluster":1},{"x":463.1127381361764,"y":121.144442312188,"cluster":1},{"x":473.97131035578667,"y":121.3147571762171,"cluster":1}],"num_clusters":0}