{"title":"coast-n55-r8-s316210478714771972555","map_width":500,"map_height":300,"num_leaves":55,"tree":{"leaf":false,"id":108,"left":{"leaf":false,"id":107,"left":{"leaf":false,"id":104,"left":{"leaf":false,"id":82,"left":{"leaf":true,"id":31,"label":"31","site_id":31},"right":{"leaf":true,"id":23,"label":"23","site_id":23}},"right":{"leaf":false,"id":103,"left":{"leaf":false,"id":102,"left":{"leaf":false,"id":88,"left":{"leaf":true,"id":25,"label":"25","site_id":25},"right":{"leaf":false,"id":87,"left":{"leaf":false,"id":61,"left":{"leaf":true,"id":41,"label":"41","site_id":41},"right":{"leaf":true,"id":35,"label":"35","site_id":35}},"right":{"leaf":false,"id":67,"left":{"leaf":true,"id":11,"label":"11","site_id":11},"right":{"leaf":true,"id":9,"label":"9","site_id":9}}}},"right":{"leaf":false,"id":81,"left":{"leaf":false,"id":70,"left":{"leaf":true,"id":13,"label":"13","site_id":13},"right":{"leaf":false,"id":66,"left":{"leaf":true,"id":14,"label":"14","site_id":14},"right":{"leaf":true,"id":37,"label":"37","site_id":37}}},"right":{"leaf":false,"id":80,"left":{"leaf":true,"id":28,"label":"28","site_id":28},"right":{"leaf":true,"id":27,"label":"27","site_id":27}}}},"right":{"leaf":false,"id":98,"left":{"leaf":false,"id":89,"left":{"leaf":true,"id":22,"label":"22","site_id":22},"right":{"leaf":true,"id":5,"label":"5","site_id":5}},"right":{"leaf":false,"id":96,"left":{"leaf":false,"id":86,"left":{"leaf":true,"id":4,"label":"4","site_id":4},"right":{"leaf":false,"id":69,"left":{"leaf":false,"id":55,"left":{"leaf":true,"id":1,"label":"1","site_id":1},"right":{"leaf":true,"id":3,"label":"3","site_id":3}},"right":{"leaf":true,"id":10,"label":"10","site_id":10}}},"right":{"leaf":false,"id":95,"left":{"leaf":true,"id":12,"label":"12","site_id":12},"right":{"leaf":false,"id":64,"left":{"leaf":true,"id":21,"label":"21","site_id":21},"right":{"leaf":false,"id":56,"left":{"leaf":true,"id":26,"label":"26","site_id":26},"right":{"leaf":true,"id":24,"label":"24","site_id":24}}}}}}}},"right":{"leaf":false,"id":105,"left":{"leaf":false,"id":101,"left":{"leaf":false,"id":100,"left":{"leaf":false,"id":94,"left":{"leaf":true,"id":32,"label":"32","site_id":32},"right":{"leaf":false,"id":85,"left":{"leaf":true,"id":33,"label":"33","site_id":33},"right":{"leaf":true,"id":40,"label":"40","site_id":40}}},"right":{"leaf":false,"id":68,"left":{"leaf":true,"id":36,"label":"36","site_id":36},"right":{"leaf":true,"id":34,"label":"34","site_id":34}}},"right":{"leaf":true,"id":6,"label":"6","site_id":6}},"right":{"leaf":false,"id":75,"left":{"leaf":false,"id":73,"left":{"leaf":true,"id":30,"label":"30","site_id":30},"right":{"leaf":true,"id":50,"label":"50","site_id":50}},"right":{"leaf":true,"id":39,"label":"39","site_id":39}}}},"right":{"leaf":false,"id":106,"left":{"leaf":false,"id":93,"left":{"leaf":false,"id":91,"left":{"leaf":false,"id":74,"left":{"leaf":false,"id":57,"left":{"leaf":true,"id":7,"label":"7","site_id":7},"right":{"leaf":true,"id":8,"label":"8","site_id":8}},"right":{"leaf":true,"id":29,"label":"29","site_id":29}},"right":{"leaf":true,"id":15,"label":"15","site_id":15}},"right":{"leaf":false,"id":90,"left":{"leaf":false,"id":65,"left":{"leaf":false,"id":62,"left":{"leaf":false,"id":59,"left":{"leaf":true,"id":52,"label":"52","site_id":52},"right":{"leaf":true,"id":53,"label":"53","site_id":53}},"right":{"leaf":true,"id":38,"label":"38","site_id":38}},"right":{"leaf":false,"id":63,"left":{"leaf":true,"id":51,"label":"51","site_id":51},"right":{"leaf":false,"id":58,"left":{"leaf":true,"id":46,"label":"46","site_id":46},"right":{"leaf":true,"id":42,"label":"42","site_id":42}}}},"right":{"leaf":false,"id":84,"left":{"leaf":false,"id":83,"left":{"leaf":true,"id":54,"label":"54","site_id":54},"right":{"leaf":false,"id":79,"left":{"leaf":false,"id":77,"left":{"leaf":true,"id":47,"label":"47","site_id":47},"right":{"leaf":true,"id":49,"label":"49","site_id":49}},"right":{"leaf":false,"id":71,"left":{"leaf":true,"id":45,"label":"45","site_id":45},"right":{"leaf":true,"id":44,"label":"44","site_id":44}}}},"right":{"leaf":true,"id":48,"label":"48","site_id":48}}}},"right":{"leaf":false,"id":99,"left":{"leaf":true,"id":43,"label":"43","site_id":43},"right":{"leaf":false,"id":97,"left":{"leaf":false,"id":92,"left":{"leaf":false,"id":60,"left":{"leaf":true,"id":18,"label":"18","site_id":18},"right":{"leaf":true,"id":20,"label":"20","site_id":20}},"right":{"leaf":false,"id":78,"left":{"leaf":true,"id":19,"label":"19","site_id":19},"right":{"leaf":false,"id":72,"left":{"leaf":true,"id":2,"label":"2","site_id":2},"right":{"leaf":true,"id":16,"label":"16","site_id":16}}}},"right":{"leaf":false,"id":76,"left":{"leaf":true,"id":0,"label":"0","site_id":0},"right":{"leaf":true,"id":17,"label":"17","site_id":17}}}}}},"num_sites":55,"sites":[{"x":15.0,"y":187.1936719075597,"cluster":1},{"x":26.636459125516527,"y":188.99441374486352,"cluster":1},{"x":34.66947388960635,"y":179.5235394247929,"cluster":1},{"x":50.016230741925625,"y":176.67089605076868,"cluster":1},{"x":58.520373130761385,"y":182.80453868312853,"cluster":1},{"x":57.95544081267018,"y":192.46596619274868,"cluster":1},{"x":70.88747637857858,"y":195.85399147490773,"cluster":1},{"x":83.05073915804154,"y":187.03969102117264,"cluster":1},{"x":80.99630883428816,"y":181.10607761373095,"cluster":1},{"x":102.49508033830654,"y":190.37522833369843,"cluster":1},{"x":106.14912777789604,"y":186.7585321786728,"cluster":1},{"x":108.35881253520597,"y":197.01401389168572,"cluster":1},{"x":121.74744610384091,"y":187.43536384587838,"cluster":1},{"x":120.66621581592456,"y":193.33547793476305,"cluster":1},{"x":140.66473170496548,"y":203.30499756470675,"cluster":1},{"x":147.06935508900332,"y":215.81069281203045,"cluster":1},{"x":157.6516242050608,"y":217.57828836105162,"cluster":1},{"x":160.62868526341953,"y":218.72541892138042,"cluster":1},{"x":170.32659242871856,"y":212.42085974770092,"cluster":1},{"x":183.9565028343036,"y":203.88927591298102,"cluster":1},{"x":184.6854359383799,"y":204.05060874051222,"cluster":1},{"x":198.5464470553444,"y":193.34686767532006,"cluster":1},{"x":206.11736887763203,"y":181.18674613353977,"cluster":1},{"x":211.5323385562662,"y":168.97455909501724,"cluster":1},{"x":216.5128436151405,"y":166.33110380668498,"cluster":1},{"x":235.86925693071348,"y":163.57014205079471,"cluster":1},{"x":234.34012298075422,"y":160.272007353021,"cluster":1},{"x":251.97671555991468,"y":150.0,"cluster":1},{"x":254.3995562807089,"y":151.64848336149964,"cluster":1},{"x":254.94115274852035,"y":161.60928518846262,"cluster":1},{"x":267.68378993657166,"y":158.63866685596128,"cluster":1},{"x":273.88599759903167,"y":151.68486802583027,"cluster":1},{"x":283.8222606562794,"y":151.85539568655219,"cluster":1},{"x":297.1028051242412,"y":161.24126212772583,"cluster":1},{"x":312.77095474357117,"y":151.58149998669992,"cluster":1},{"x":318.8517051010308,"y":161.08253757477797,"cluster":1},{"x":314.9574684995938,"y":158.4574767778277,"cluster":1},{"x":332.2187690030313,"y":158.6683601542098,"cluster":1},{"x":340.9904634863447,"y":150.74629608432795,"cluster":1},{"x":352.2930655034098,"y":146.93491693398937,"cluster":1},{"x":352.671083980522,"y":151.73397509527896,"cluster":1},{"x":356.859166238837,"y":160.98247544450675,"cluster":1},{"x":379.3584497280542,"y":149.80748875252635,"cluster":1},{"x":381.89766312415156,"y":161.44130801782825,"cluster":1},{"x":388.9838401014833,"y":156.64971572234305,"cluster":1},{"x":392.5201234602151,"y":168.34844410045153,"cluster":1},{"x":399.9757813323734,"y":166.17880364172214,"cluster":1},{"x":414.63269080804383,"y":156.97956079290654,"cluster":1},{"x":426.0313502007536,"y":154.39291076461734,"cluster":1},{"x":434.5938965152765,"y":145.1036785509289,"cluster":1},{"x":432.76673723847676,"y":138.1343438494484,"cluster":1},{"x":445.0973725203933,"y":128.22442075286648,"cluster":1},{"x":451.79540510716856,"y":135.9466954513104,"cluster":1},{"x":462.9768692641413,"y":133.4461435654004,"cluster":1},{"x":475.5229423319644,"y":126.26449790118286,"cluster":1}],"num_clusters":0}