{"title":"coast-n100-r3-s-4087044595004343727100","map_width":500,"map_height":300,"num_leaves":100,"tree":{"leaf":false,"id":198,"left":{"leaf":false,"id":197,"left":{"leaf":false,"id":196,"left":{"leaf":false,"id":192,"left":{"leaf":false,"id":188,"left":{"leaf":false,"id":173,"left":{"leaf":false,"id":141,"left":{"leaf":true,"id":19,"label":"19","site_id":19},"right":{"leaf":true,"id":37,"label":"37","site_id":37}},"right":{"leaf":true,"id":21,"label":"21","site_id":21}},"right":{"leaf":true,"id":5,"label":"5","site_id":5}},"right":{"leaf":false,"id":131,"left":{"leaf":true,"id":58,"label":"58","site_id":58},"right":{"leaf":true,"id":27,"label":"27","site_id":27}}},"right":{"leaf":false,"id":189,"left":{"leaf":false,"id":179,"left":{"leaf":false,"id":157,"left":{"leaf":true,"id":14,"label":"14","site_id":14},"right":{"leaf":false,"id":101,"left":{"leaf":true,"id":1,"label":"1","site_id":1},"right":{"leaf":true,"id":6,"label":"6","site_id":6}}},"right":{"leaf":false,"id":164,"left":{"leaf":false,"id":149,"left":{"leaf":true,"id":11,"label":"11","site_id":11},"right":{"leaf":true,"id":9,"label":"9","site_id":9}},"right":{"leaf":false,"id":156,"left":{"leaf":false,"id":118,"left":{"leaf":true,"id":8,"label":"8","site_id":8},"right":{"leaf":true,"id":4,"label":"4","site_id":4}},"right":{"leaf":false,"id":132,"left":{"leaf":true,"id":2,"label":"2","site_id":2},"right":{"leaf":false,"id":108,"left":{"leaf":true,"id":22,"label":"22","site_id":22},"right":{"leaf":true,"id":0,"label":"0","site_id":0}}}}}},"right":{"leaf":false,"id":153,"left":{"leaf":false,"id":116,"left":{"leaf":true,"id":15,"label":"15","site_id":15},"right":{"leaf":true,"id":13,"label":"13","site_id":13}},"right":{"leaf":true,"id":12,"label":"12","site_id":12}}}},"right":{"leaf":false,"id":195,"left":{"leaf":false,"id":177,"left":{"leaf":true,"id":68,"label":"68","site_id":68},"right":{"leaf":false,"id":142,"left":{"leaf":true,"id":35,"label":"35","site_id":35},"right":{"leaf":false,"id":138,"left":{"leaf":true,"id":30,"label":"30","site_id":30},"right":{"leaf":false,"id":122,"left":{"leaf":true,"id":38,"label":"38","site_id":38},"right":{"leaf":true,"id":34,"label":"34","site_id":34}}}}},"right":{"leaf":false,"id":193,"left":{"leaf":false,"id":191,"left":{"leaf":false,"id":129,"left":{"leaf":true,"id":94,"label":"94","site_id":94},"right":{"leaf":true,"id":64,"label":"64","site_id":64}},"right":{"leaf":false,"id":176,"left":{"leaf":false,"id":175,"left":{"leaf":false,"id":174,"left":{"leaf":false,"id":121,"left":{"leaf":true,"id":63,"label":"63","site_id":63},"right":{"leaf":true,"id":66,"label":"66","site_id":66}},"right":{"leaf":false,"id":167,"left":{"leaf":false,"id":148,"left":{"leaf":false,"id":146,"left":{"leaf":false,"id":117,"left":{"leaf":true,"id":42,"label":"42","site_id":42},"right":{"leaf":true,"id":62,"label":"62","site_id":62}},"right":{"leaf":true,"id":45,"label":"45","site_id":45}},"right":{"leaf":true,"id":46,"label":"46","site_id":46}},"right":{"leaf":false,"id":158,"left":{"leaf":true,"id":60,"label":"60","site_id":60},"right":{"leaf":false,"id":144,"left":{"leaf":true,"id":89,"label":"89","site_id":89},"right":{"leaf":true,"id":32,"label":"32","site_id":32}}}}},"right":{"leaf":false,"id":139,"left":{"leaf":false,"id":127,"left":{"leaf":true,"id":88,"label":"88","site_id":88},"right":{"leaf":true,"id":3,"label":"3","site_id":3}},"right":{"leaf":false,"id":124,"left":{"leaf":true,"id":50,"label":"50","site_id":50},"right":{"leaf":true,"id":47,"label":"47","site_id":47}}}},"right":{"leaf":false,"id":154,"left":{"leaf":false,"id":133,"left":{"leaf":false,"id":123,"left":{"leaf":true,"id":78,"label":"78","site_id":78},"right":{"leaf":true,"id":83,"label":"83","site_id":83}},"right":{"leaf":false,"id":119,"left":{"leaf":true,"id":53,"label":"53","site_id":53},"right":{"leaf":true,"id":69,"label":"69","site_id":69}}},"right":{"leaf":true,"id":82,"label":"82","site_id":82}}}},"right":{"leaf":false,"id":186,"left":{"leaf":false,"id":185,"left":{"leaf":false,"id":180,"left":{"leaf":false,"id":162,"left":{"leaf":true,"id":43,"label":"43","site_id":43},"right":{"leaf":false,"id":150,"left":{"leaf":true,"id":23,"label":"23","site_id":23},"right":{"leaf":true,"id":26,"label":"26","site_id":26}}},"right":{"leaf":true,"id":31,"label":"31","site_id":31}},"right":{"leaf":false,"id":169,"left":{"leaf":true,"id":39,"label":"39","site_id":39},"right":{"leaf":false,"id":166,"left":{"leaf":true,"id":36,"label":"36","site_id":36},"right":{"leaf":true,"id":44,"label":"44","site_id":44}}}},"right":{"leaf":false,"id":183,"left":{"leaf":false,"id":178,"left":{"leaf":false,"id":165,"left":{"leaf":false,"id":161,"left":{"leaf":false,"id":160,"left":{"leaf":true,"id":51,"label":"51","site_id":51},"right":{"leaf":true,"id":49,"label":"49","site_id":49}},"right":{"leaf":false,"id":152,"left":{"leaf":true,"id":28,"label":"28","site_id":28},"right":{"leaf":false,"id":113,"left":{"leaf":true,"id":65,"label":"65","site_id":65},"right":{"leaf":false,"id":107,"left":{"leaf":true,"id":18,"label":"18","site_id":18},"right":{"leaf":false,"id":106,"left":{"leaf":true,"id":25,"label":"25","site_id":25},"right":{"leaf":true,"id":16,"label":"16","site_id":16}}}}}},"right":{"leaf":false,"id":105,"left":{"leaf":true,"id":96,"label":"96","site_id":96},"right":{"leaf":true,"id":7,"label":"7","site_id":7}}},"right":{"leaf":false,"id":159,"left":{"leaf":false,"id":151,"left":{"leaf":false,"id":136,"left":{"leaf":true,"id":48,"label":"48","site_id":48},"right":{"leaf":true,"id":20,"label":"20","site_id":20}},"right":{"leaf":false,"id":143,"left":{"leaf":true,"id":73,"label":"73","site_id":73},"right":{"leaf":false,"id":110,"left":{"leaf":false,"id":100,"left":{"leaf":true,"id":10,"label":"10","site_id":10},"right":{"leaf":true,"id":33,"label":"33","site_id":33}},"right":{"leaf":false,"id":104,"left":{"leaf":true,"id":54,"label":"54","site_id":54},"right":{"leaf":true,"id":17,"label":"17","site_id":17}}}}},"right":{"leaf":false,"id":126,"left":{"leaf":true,"id":71,"label":"71","site_id":71},"right":{"leaf":false,"id":112,"left":{"leaf":true,"id":85,"label":"85","site_id":85},"right":{"leaf":true,"id":79,"label":"79","site_id":79}}}}},"right":{"leaf":false,"id":130,"left":{"leaf":true,"id":86,"label":"86","site_id":86},"right":{"leaf":false,"id":115,"left":{"leaf":false,"id":103,"left":{"leaf":true,"id":40,"label":"40","site_id":40},"right":{"leaf":true,"id":41,"label":"41","site_id":41}},"right":{"leaf":true,"id":24,"label":"24","site_id":24}}}}}}}},"right":{"leaf":false,"id":194,"left":{"leaf":false,"id":190,"left":{"leaf":false,"id":172,"left":{"leaf":false,"id":168,"left":{"leaf":false,"id":155,"left":{"leaf":true,"id":67,"label":"67","site_id":67},"right":{"leaf":true,"id":59,"label":"59","site_id":59}},"right":{"leaf":false,"id":163,"left":{"leaf":true,"id":92,"label":"92","site_id":92},"right":{"leaf":false,"id":147,"left":{"leaf":false,"id":137,"left":{"leaf":false,"id":134,"left":{"leaf":true,"id":52,"label":"52","site_id":52},"right":{"leaf":true,"id":80,"label":"80","site_id":80}},"right":{"leaf":true,"id":61,"label":"61","site_id":61}},"right":{"leaf":false,"id":128,"left":{"leaf":true,"id":56,"label":"56","site_id":56},"right":{"leaf":false,"id":109,"left":{"leaf":true,"id":90,"label":"90","site_id":90},"right":{"leaf":true,"id":29,"label":"29","site_id":29}}}}}},"right":{"leaf":true,"id":70,"label":"70","site_id":70}},"right":{"leaf":false,"id":187,"left":{"leaf":false,"id":181,"left":{"leaf":false,"id":111,"left":{"leaf":true,"id":76,"label":"76","site_id":76},"right":{"leaf":true,"id":75,"label":"75","site_id":75}},"right":{"leaf":false,"id":170,"left":{"leaf":false,"id":125,"left":{"leaf":true,"id":72,"label":"72","site_id":72},"right":{"leaf":true,"id":74,"label":"74","site_id":74}},"right":{"leaf":false,"id":145,"left":{"leaf":false,"id":135,"left":{"leaf":true,"id":84,"label":"84","site_id":84},"right":{"leaf":false,"id":114,"left":{"leaf":true,"id":57,"label":"57","site_id":57},"right":{"leaf":true,"id":55,"label":"55","site_id":55}}},"right":{"leaf":true,"id":77,"label":"77","site_id":77}}}},"right":{"leaf":false,"id":184,"left":{"leaf":false,"id":102,"left":{"leaf":true,"id":91,"label":"91","site_id":91},"right":{"leaf":true,"id":93,"label":"93","site_id":93}},"right":{"leaf":true,"id":87,"label":"87","site_id":87}}}},"right":{"leaf":false,"id":182,"left":{"leaf":true,"id":95,"label":"95","site_id":95},"right":{"leaf":false,"id":171,"left":{"leaf":false,"id":140,"left":{"leaf":false,"id":120,"left":{"leaf":true,"id":97,"label":"97","site_id":97},"right":{"leaf":true,"id":99,"label":"99","site_id":99}},"right":{"leaf":true,"id":98,"label":"98","site_id":98}},"right":{"leaf":true,"id":81,"label":"81","site_id":81}}}}},"num_sites":100,"sites":[{"x":15.965354008353556,"y":132.8543308740751,"cluster":1},{"x":20.827203384015803,"y":135.80720828692824,"cluster":1},{"x":27.197190499811835,"y":142.74709121013166,"cluster":1},{"x":31.353140747657267,"y":147.98786134354108,"cluster":1},{"x":37.19201291425267,"y":148.6316564268821,"cluster":1},{"x":40.50118292519703,"y":144.17794512157428,"cluster":1},{"x":45.31819576396501,"y":145.86278701392013,"cluster":1},{"x":54.03457807672251,"y":148.6555714061835,"cluster":1},{"x":53.92013083300708,"y":153.65772590391276,"cluster":1},{"x":56.18538815449487,"y":154.42822151206434,"cluster":1},{"x":61.240497598062696,"y":149.61478190175774,"cluster":1},{"x":64.60001190366985,"y":146.1655757279233,"cluster":1},{"x":70.49515559985913,"y":149.22806895973375,"cluster":1},{"x":79.41343955075705,"y":149.16412601653712,"cluster":1},{"x":81.72974746555451,"y":143.45527279375415,"cluster":1},{"x":89.70683164200912,"y":145.7927774194368,"cluster":1},{"x":90.37547098841127,"y":139.23357523782406,"cluster":1},{"x":98.51260322572973,"y":139.1015583546501,"cluster":1},{"x":100.68183715007657,"y":132.5276106225164,"cluster":1},{"x":108.40591024599196,"y":129.66845529144354,"cluster":1},{"x":110.06344098281528,"y":133.66239292770769,"cluster":1},{"x":116.94526896689301,"y":135.78122195226095,"cluster":1},{"x":122.90301572658841,"y":140.8343422343346,"cluster":1},{"x":121.38308350126621,"y":144.05295830684133,"cluster":1},{"x":129.18860894656603,"y":140.08735593754375,"cluster":1},{"x":134.67982625725148,"y":135.65203524237202,"cluster":1},{"x":138.85519994851094,"y":142.4059914294419,"cluster":1},{"x":145.51714465108182,"y":137.7490507921649,"cluster":1},{"x":149.10460740770714,"y":141.12042628737922,"cluster":1},{"x":151.46604505426,"y":134.70168449500096,"cluster":1},{"x":159.75039516019032,"y":135.8905030679636,"cluster":1},{"x":157.9942810610254,"y":134.59291904169652,"cluster":1},{"x":167.30065983503283,"y":135.13651818034887,"cluster":1},{"x":170.65400882961345,"y":135.6679100723894,"cluster":1},{"x":174.88538275460567,"y":138.90225323529526,"cluster":1},{"x":177.12505929115045,"y":136.4046475965519,"cluster":1},{"x":189.0865649123052,"y":138.44749829057673,"cluster":1},{"x":186.82264491520647,"y":136.49291326178943,"cluster":1},{"x":192.2355252082038,"y":141.35979055340815,"cluster":1},{"x":200.94918011978586,"y":137.3153589906687,"cluster":1},{"x":204.49391641159534,"y":140.86535724895998,"cluster":1},{"x":208.530256079956,"y":145.44310745296113,"cluster":1},{"x":212.13656076763598,"y":151.91750320003916,"cluster":1},{"x":213.8911429536767,"y":150.75231098478991,"cluster":1},{"x":222.38398065836688,"y":151.91270156225036,"cluster":1},{"x":226.13509269239782,"y":150.0029289248594,"cluster":1},{"x":235.68631303260207,"y":155.63991881579807,"cluster":1},{"x":237.9041651746786,"y":150.348868163651,"cluster":1},{"x":242.6810723476471,"y":152.92166946217085,"cluster":1},{"x":241.30697335933075,"y":150.4541949980963,"cluster":1},{"x":252.60684728328187,"y":150.0,"cluster":1},{"x":255.21695925457897,"y":149.397239412118,"cluster":1},{"x":259.60839810729163,"y":151.12323195289082,"cluster":1},{"x":265.5053246363156,"y":148.42847393023953,"cluster":1},{"x":266.4984984401175,"y":145.68827538875493,"cluster":1},{"x":277.6430457063928,"y":151.56262537437365,"cluster":1},{"x":278.3718102933705,"y":145.65298578786326,"cluster":1},{"x":280.58494658695304,"y":143.81006935123548,"cluster":1},{"x":288.58916716256897,"y":146.71021589584993,"cluster":1},{"x":287.38706557180893,"y":150.1541809134607,"cluster":1},{"x":296.4167063325879,"y":153.89208724977541,"cluster":1},{"x":298.6498781856614,"y":149.0906153244192,"cluster":1},{"x":306.64036263968416,"y":142.2852991382349,"cluster":1},{"x":314.9587588330953,"y":148.5065233715071,"cluster":1},{"x":313.6472029701698,"y":144.37817587148652,"cluster":1},{"x":322.6178649578273,"y":147.18998122042606,"cluster":1},{"x":322.879779715939,"y":150.86009733751584,"cluster":1},{"x":328.99056671031553,"y":150.08019021804995,"cluster":1},{"x":337.22026067950765,"y":143.75686235736626,"cluster":1},{"x":341.67954588048946,"y":142.13382607256662,"cluster":1},{"x":339.89121129192534,"y":138.5999657393573,"cluster":1},{"x":349.810223216904,"y":142.73627827131853,"cluster":1},{"x":354.3511326518853,"y":147.57324532067997,"cluster":1},{"x":358.04851455194455,"y":144.05438222033763,"cluster":1},{"x":359.7750867069553,"y":150.652390621822,"cluster":1},{"x":367.73645887372794,"y":145.80122681051603,"cluster":1},{"x":373.5320800929989,"y":149.45653582155407,"cluster":1},{"x":377.1297034045595,"y":144.43903174333116,"cluster":1},{"x":382.3095019946804,"y":141.66462092761486,"cluster":1},{"x":387.619198669002,"y":142.88834879535582,"cluster":1},{"x":391.68087478454214,"y":140.28351463537294,"cluster":1},{"x":398.5324575759059,"y":142.2140500508013,"cluster":1},{"x":396.7463796103716,"y":137.4283541478643,"cluster":1},{"x":405.33069017964925,"y":132.98728998403624,"cluster":1},{"x":406.8571738660959,"y":130.82369786568853,"cluster":1},{"x":409.7583815456092,"y":135.31546669096966,"cluster":1},{"x":418.3408771870459,"y":136.5974368973629,"cluster":1},{"x":421.3304741833629,"y":137.3181500816835,"cluster":1},{"x":429.3341830723053,"y":132.40264623655247,"cluster":1},{"x":433.63132916787765,"y":138.59636979774604,"cluster":1},{"x":440.68912750014033,"y":141.17650999665778,"cluster":1},{"x":440.7683196836423,"y":136.83957330549,"cluster":1},{"x":449.13099867331164,"y":142.37038213273482,"cluster":1},{"x":446.90031831798694,"y":137.42368816960246,"cluster":1},{"x":458.1602302262909,"y":139.2105133175859,"cluster":1},{"x":461.5427211669555,"y":140.83242610152868,"cluster":1},{"x":461.7048681303088,"y":141.2646998913706,"cluster":1},{"x":473.1640749033226,"y":136.68329416153182,"cluster":1},{"x":472.8098089513656,"y":133.9303693993468,"cluster":1},{"x":478.0140918523985,"y":133.72162861816852,"cluster":1}],"num_clusters":0}