{"title":"coast-n40-r2-s828838576448427128840","map_width":500,"map_height":300,"num_leaves":40,"tree":{"leaf":false,"id":78,"left":{"leaf":false,"id":76,"left":{"leaf":false,"id":75,"left":{"leaf":false,"id":73,"left":{"leaf":false,"id":72,"left":{"leaf":true,"id":4,"label":"4","site_id":4},"right":{"leaf":false,"id":69,"left":{"leaf":true,"id":26,"label":"26","site_id":26},"right":{"leaf":false,"id":66,"left":{"leaf":true,"id":25,"label":"25","site_id":25},"right":{"leaf":false,"id":64,"left":{"leaf":false,"id":50,"left":{"leaf":true,"id":31,"label":"31","site_id":31},"right":{"leaf":true,"id":29,"label":"29","site_id":29}},"right":{"leaf":false,"id":63,"left":{"leaf":true,"id":28,"label":"28","site_id":28},"right":{"leaf":true,"id":30,"label":"30","site_id":30}}}}}},"right":{"leaf":true,"id":21,"label":"21","site_id":21}},"right":{"leaf":false,"id":52,"left":{"leaf":true,"id":24,"label":"24","site_id":24},"right":{"leaf":true,"id":23,"label":"23","site_id":23}}},"right":{"leaf":false,"id":62,"left":{"leaf":false,"id":54,"left":{"leaf":true,"id":35,"label":"35","site_id":35},"right":{"leaf":false,"id":48,"left":{"leaf":false,"id":42,"left":{"leaf":true,"id":38,"label":"38","site_id":38},"right":{"leaf":true,"id":36,"label":"36","site_id":36}},"right":{"leaf":true,"id":22,"label":"22","site_id":22}}},"right":{"leaf":false,"id":59,"left":{"leaf":false,"id":47,"left":{"leaf":false,"id":43,"left":{"leaf":true,"id":39,"label":"39","site_id":39},"right":{"leaf":true,"id":27,"label":"27","site_id":27}},"right":{"leaf":true,"id":34,"label":"34","site_id":34}},"right":{"leaf":true,"id":33,"label":"33","site_id":33}}}},"right":{"leaf":false,"id":77,"left":{"leaf":false,"id":65,"left":{"leaf":false,"id":57,"left":{"leaf":false,"id":56,"left":{"leaf":false,"id":49,"left":{"leaf":true,"id":20,"label":"20","site_id":20},"right":{"leaf":true,"id":19,"label":"19","site_id":19}},"right":{"leaf":false,"id":45,"left":{"leaf":true,"id":6,"label":"6","site_id":6},"right":{"leaf":true,"id":32,"label":"32","site_id":32}}},"right":{"leaf":true,"id":18,"label":"18","site_id":18}},"right":{"leaf":false,"id":61,"left":{"leaf":true,"id":13,"label":"13","site_id":13},"right":{"leaf":true,"id":16,"label":"16","site_id":16}}},"right":{"leaf":false,"id":74,"left":{"leaf":false,"id":58,"left":{"leaf":true,"id":1,"label":"1","site_id":1},"right":{"leaf":true,"id":0,"label":"0","site_id":0}},"right":{"leaf":false,"id":71,"left":{"leaf":false,"id":68,"left":{"leaf":false,"id":60,"left":{"leaf":false,"id":46,"left":{"leaf":true,"id":3,"label":"3","site_id":3},"right":{"leaf":true,"id":2,"label":"2","site_id":2}},"right":{"leaf":false,"id":55,"left":{"leaf":false,"id":44,"left":{"leaf":true,"id":12,"label":"12","site_id":12},"right":{"leaf":true,"id":10,"label":"10","site_id":10}},"right":{"leaf":true,"id":11,"label":"11","site_id":11}}},"right":{"leaf":true,"id":7,"label":"7","site_id":7}},"right":{"leaf":false,"id":70,"left":{"leaf":false,"id":67,"left":{"leaf":false,"id":41,"left":{"leaf":true,"id":15,"label":"15","site_id":15},"right":{"leaf":true,"id":14,"label":"14","site_id":14}},"right":{"leaf":false,"id":53,"left":{"leaf":false,"id":51,"left":{"leaf":true,"id":17,"label":"17","site_id":17},"right":{"leaf":false,"id":40,"left":{"leaf":true,"id":5,"label":"5","site_id":5},"right":{"leaf":true,"id":8,"label":"8","site_id":8}}},"right":{"leaf":true,"id":9,"label":"9","site_id":9}}},"right":{"leaf":true,"id":37,"label":"37","site_id":37}}}}}},"num_sites":40,"sites":[{"x":15.0,"y":173.38883262196447,"cluster":1},{"x":30.08520403725667,"y":169.664693605399,"cluster":1},{"x":34.36007531759678,"y":156.43469248503735,"cluster":1},{"x":50.61614552690982,"y":145.7281297168519,"cluster":1},{"x":58.935880535005154,"y":140.9955860320532,"cluster":1},{"x":69.5697496088201,"y":153.4653698424144,"cluster":1},{"x":84.52007723571326,"y":166.4384637818017,"cluster":1},{"x":97.29015464200283,"y":153.08870248440343,"cluster":1},{"x":116.24987052816559,"y":163.505529825523,"cluster":1},{"x":131.38852516595782,"y":151.9061495265741,"cluster":1},{"x":124.44012450099497,"y":149.0992984990486,"cluster":1},{"x":150.6430503604351,"y":154.92613854111158,"cluster":1},{"x":160.23010691469966,"y":158.5788365173805,"cluster":1},{"x":178.18487196969318,"y":155.23989120383754,"cluster":1},{"x":186.81101986905816,"y":140.29017329542944,"cluster":1},{"x":190.94986786787106,"y":139.8471734728377,"cluster":1},{"x":194.63853700447203,"y":143.09341791447594,"cluster":1},{"x":215.6436823875196,"y":138.83517745214584,"cluster":1},{"x":238.36055665837816,"y":140.79129476784288,"cluster":1},{"x":237.77697039666597,"y":154.17425172928543,"cluster":1},{"x":246.28613803318177,"y":150.0,"cluster":1},{"x":261.2541012505307,"y":152.36723680629777,"cluster":1},{"x":261.56912185371965,"y":136.6845942195714,"cluster":1},{"x":274.10583511206465,"y":119.68395799057608,"cluster":1},{"x":293.8082442703864,"y":132.75054354489598,"cluster":1},{"x":316.53468956557515,"y":139.6663115304856,"cluster":1},{"x":313.44418285880135,"y":135.1759433821522,"cluster":1},{"x":327.27561707098516,"y":147.5142223483307,"cluster":1},{"x":335.45979513386686,"y":145.19822802109266,"cluster":1},{"x":360.9574325339042,"y":151.88296743427097,"cluster":1},{"x":368.54283058264207,"y":141.16092028439473,"cluster":1},{"x":375.85018050613206,"y":138.94627573343666,"cluster":1},{"x":385.9768587828446,"y":137.71721701967851,"cluster":1},{"x":406.1908347935925,"y":129.80112019576478,"cluster":1},{"x":406.5658309302103,"y":126.4972973838363,"cluster":1},{"x":429.7766819952283,"y":119.32191279164346,"cluster":1},{"x":431.1776783623158,"y":112.57188516327341,"cluster":1},{"x":446.3502302135771,"y":114.35158087822246,"cluster":1},{"x":452.7823112651436,"y":108.00998497367797,"cluster":1},{"x":469.1077657983815,"y":119.72069198770262,"cluster":1}],"num_clusters":0}