{"title":"coast-n100-r4-s-7035447845658785470100","map_width":500,"map_height":300,"num_leaves":100,"tree":{"leaf":false,"id":198,"left":{"leaf":false,"id":197,"left":{"leaf":true,"id":99,"label":"99","site_id":99},"right":{"leaf":false,"id":194,"left":{"leaf":false,"id":189,"left":{"leaf":false,"id":186,"left":{"leaf":false,"id":173,"left":{"leaf":true,"id":28,"label":"28","site_id":28},"right":{"leaf":true,"id":34,"label":"34","site_id":34}},"right":{"leaf":false,"id":177,"left":{"leaf":false,"id":170,"left":{"leaf":false,"id":130,"left":{"leaf":true,"id":24,"label":"24","site_id":24},"right":{"leaf":true,"id":39,"label":"39","site_id":39}},"right":{"leaf":false,"id":104,"left":{"leaf":true,"id":13,"label":"13","site_id":13},"right":{"leaf":true,"id":22,"label":"22","site_id":22}}},"right":{"leaf":false,"id":124,"left":{"leaf":true,"id":32,"label":"32","site_id":32},"right":{"leaf":true,"id":31,"label":"31","site_id":31}}}},"right":{"leaf":false,"id":188,"left":{"leaf":false,"id":183,"left":{"leaf":false,"id":167,"left":{"leaf":false,"id":166,"left":{"leaf":true,"id":20,"label":"20","site_id":20},"right":{"leaf":false,"id":137,"left":{"leaf":true,"id":46,"label":"46","site_id":46},"right":{"leaf":false,"id":129,"left":{"leaf":true,"id":14,"label":"14","site_id":14},"right":{"leaf":false,"id":102,"left":{"leaf":true,"id":10,"label":"10","site_id":10},"right":{"leaf":true,"id":11,"label":"11","site_id":11}}}}},"right":{"leaf":false,"id":151,"left":{"leaf":false,"id":121,"left":{"leaf":true,"id":7,"label":"7","site_id":7},"right":{"leaf":true,"id":9,"label":"9","site_id":9}},"right":{"leaf":false,"id":140,"left":{"leaf":true,"id":38,"label":"38","site_id":38},"right":{"leaf":true,"id":19,"label":"19","site_id":19}}}},"right":{"leaf":false,"id":176,"left":{"leaf":false,"id":163,"left":{"leaf":false,"id":147,"left":{"leaf":true,"id":16,"label":"16","site_id":16},"right":{"leaf":true,"id":17,"label":"17","site_id":17}},"right":{"leaf":true,"id":21,"label":"21","site_id":21}},"right":{"leaf":true,"id":2,"label":"2","site_id":2}}},"right":{"leaf":false,"id":178,"left":{"leaf":false,"id":168,"left":{"leaf":false,"id":162,"left":{"leaf":false,"id":154,"left":{"leaf":false,"id":136,"left":{"leaf":true,"id":5,"label":"5","site_id":5},"right":{"leaf":true,"id":4,"label":"4","site_id":4}},"right":{"leaf":false,"id":117,"left":{"leaf":true,"id":15,"label":"15","site_id":15},"right":{"leaf":true,"id":12,"label":"12","site_id":12}}},"right":{"leaf":false,"id":158,"left":{"leaf":false,"id":119,"left":{"leaf":true,"id":3,"label":"3","site_id":3},"right":{"leaf":true,"id":0,"label":"0","site_id":0}},"right":{"leaf":true,"id":1,"label":"1","site_id":1}}},"right":{"leaf":true,"id":18,"label":"18","site_id":18}},"right":{"leaf":false,"id":133,"left":{"leaf":true,"id":23,"label":"23","site_id":23},"right":{"leaf":false,"id":120,"left":{"leaf":false,"id":114,"left":{"leaf":false,"id":108,"left":{"leaf":true,"id":30,"label":"30","site_id":30},"right":{"leaf":true,"id":26,"label":"26","site_id":26}},"right":{"leaf":true,"id":6,"label":"6","site_id":6}},"right":{"leaf":true,"id":8,"label":"8","site_id":8}}}}}},"right":{"leaf":false,"id":187,"left":{"leaf":false,"id":175,"left":{"leaf":false,"id":165,"left":{"leaf":true,"id":74,"label":"74","site_id":74},"right":{"leaf":false,"id":156,"left":{"leaf":false,"id":100,"left":{"leaf":true,"id":40,"label":"40","site_id":40},"right":{"leaf":true,"id":53,"label":"53","site_id":53}},"right":{"leaf":true,"id":50,"label":"50","site_id":50}}},"right":{"leaf":true,"id":35,"label":"35","site_id":35}},"right":{"leaf":false,"id":185,"left":{"leaf":false,"id":152,"left":{"leaf":false,"id":134,"left":{"leaf":true,"id":41,"label":"41","site_id":41},"right":{"leaf":false,"id":127,"left":{"leaf":true,"id":44,"label":"44","site_id":44},"right":{"leaf":true,"id":36,"label":"36","site_id":36}}},"right":{"leaf":true,"id":52,"label":"52","site_id":52}},"right":{"leaf":false,"id":161,"left":{"leaf":true,"id":42,"label":"42","site_id":42},"right":{"leaf":true,"id":37,"label":"37","site_id":37}}}}}},"right":{"leaf":false,"id":196,"left":{"leaf":false,"id":195,"left":{"leaf":false,"id":180,"left":{"leaf":false,"id":171,"left":{"leaf":false,"id":107,"left":{"leaf":true,"id":58,"label":"58","site_id":58},"right":{"leaf":true,"id":45,"label":"45","site_id":45}},"right":{"leaf":true,"id":49,"label":"49","site_id":49}},"right":{"leaf":false,"id":157,"left":{"leaf":false,"id":143,"left":{"leaf":false,"id":109,"left":{"leaf":false,"id":101,"left":{"leaf":true,"id":33,"label":"33","site_id":33},"right":{"leaf":true,"id":85,"label":"85","site_id":85}},"right":{"leaf":true,"id":48,"label":"48","site_id":48}},"right":{"leaf":true,"id":55,"label":"55","site_id":55}},"right":{"leaf":false,"id":118,"left":{"leaf":false,"id":111,"left":{"leaf":true,"id":29,"label":"29","site_id":29},"right":{"leaf":true,"id":27,"label":"27","site_id":27}},"right":{"leaf":true,"id":43,"label":"43","site_id":43}}}},"right":{"leaf":false,"id":193,"left":{"leaf":false,"id":174,"left":{"leaf":false,"id":169,"left":{"leaf":false,"id":131,"left":{"leaf":true,"id":70,"label":"70","site_id":70},"right":{"leaf":false,"id":125,"left":{"leaf":true,"id":72,"label":"72","site_id":72},"right":{"leaf":true,"id":67,"label":"67","site_id":67}}},"right":{"leaf":false,"id":153,"left":{"leaf":true,"id":47,"label":"47","site_id":47},"right":{"leaf":true,"id":94,"label":"94","site_id":94}}},"right":{"leaf":false,"id":123,"left":{"leaf":true,"id":93,"label":"93","site_id":93},"right":{"leaf":false,"id":106,"left":{"leaf":true,"id":56,"label":"56","site_id":56},"right":{"leaf":true,"id":57,"label":"57","site_id":57}}}},"right":{"leaf":false,"id":192,"left":{"leaf":false,"id":190,"left":{"leaf":false,"id":182,"left":{"leaf":false,"id":160,"left":{"leaf":false,"id":159,"left":{"leaf":false,"id":144,"left":{"leaf":true,"id":89,"label":"89","site_id":89},"right":{"leaf":false,"id":139,"left":{"leaf":false,"id":110,"left":{"leaf":true,"id":60,"label":"60","site_id":60},"right":{"leaf":true,"id":59,"label":"59","site_id":59}},"right":{"leaf":false,"id":122,"left":{"leaf":false,"id":112,"left":{"leaf":true,"id":91,"label":"91","site_id":91},"right":{"leaf":true,"id":25,"label":"25","site_id":25}},"right":{"leaf":true,"id":61,"label":"61","site_id":61}}}},"right":{"leaf":true,"id":63,"label":"63","site_id":63}},"right":{"leaf":false,"id":132,"left":{"leaf":true,"id":62,"label":"62","site_id":62},"right":{"leaf":true,"id":64,"label":"64","site_id":64}}},"right":{"leaf":false,"id":126,"left":{"leaf":true,"id":69,"label":"69","site_id":69},"right":{"leaf":true,"id":75,"label":"75","site_id":75}}},"right":{"leaf":false,"id":184,"left":{"leaf":false,"id":164,"left":{"leaf":true,"id":78,"label":"78","site_id":78},"right":{"leaf":false,"id":138,"left":{"leaf":false,"id":105,"left":{"leaf":false,"id":103,"left":{"leaf":true,"id":83,"label":"83","site_id":83},"right":{"leaf":true,"id":77,"label":"77","site_id":77}},"right":{"leaf":true,"id":81,"label":"81","site_id":81}},"right":{"leaf":false,"id":128,"left":{"leaf":true,"id":79,"label":"79","site_id":79},"right":{"leaf":false,"id":116,"left":{"leaf":true,"id":84,"label":"84","site_id":84},"right":{"leaf":true,"id":73,"label":"73","site_id":73}}}}},"right":{"leaf":false,"id":181,"left":{"leaf":true,"id":96,"label":"96","site_id":96},"right":{"leaf":false,"id":155,"left":{"leaf":false,"id":150,"left":{"leaf":true,"id":87,"label":"87","site_id":87},"right":{"leaf":false,"id":145,"left":{"leaf":true,"id":98,"label":"98","site_id":98},"right":{"leaf":true,"id":97,"label":"97","site_id":97}}},"right":{"leaf":true,"id":95,"label":"95","site_id":95}}}}},"right":{"leaf":false,"id":149,"left":{"leaf":false,"id":148,"left":{"leaf":true,"id":65,"label":"65","site_id":65},"right":{"leaf":false,"id":115,"left":{"leaf":true,"id":68,"label":"68","site_id":68},"right":{"leaf":true,"id":66,"label":"66","site_id":66}}},"right":{"leaf":false,"id":141,"left":{"leaf":false,"id":135,"left":{"leaf":true,"id":76,"label":"76","site_id":76},"right":{"leaf":true,"id":71,"label":"71","site_id":71}},"right":{"leaf":true,"id":51,"label":"51","site_id":51}}}}}},"right":{"leaf":false,"id":191,"left":{"leaf":true,"id":80,"label":"80","site_id":80},"right":{"leaf":false,"id":179,"left":{"leaf":false,"id":172,"left":{"leaf":false,"id":113,"left":{"leaf":true,"id":92,"label":"92","site_id":92},"right":{"leaf":true,"id":88,"label":"88","site_id":88}},"right":{"leaf":false,"id":142,"left":{"leaf":true,"id":82,"label":"82","site_id":82},"right":{"leaf":true,"id":86,"label":"86","site_id":86}}},"right":{"leaf":false,"id":146,"left":{"leaf":true,"id":54,"label":"54","site_id":54},"right":{"leaf":true,"id":90,"label":"90","site_id":90}}}}}},"num_sites":100,"sites":[{"x":20.185491304989988,"y":153.39192889621555,"cluster":1},{"x":23.554335663042934,"y":156.15806598232675,"cluster":1},{"x":25.07907025710663,"y":156.2114895989412,"cluster":1},{"x":28.98692008742863,"y":149.87255401976208,"cluster":1},{"x":37.04959103544945,"y":151.19105869446548,"cluster":1},{"x":36.74071054952004,"y":146.65331693574032,"cluster":1},{"x":44.15230865084784,"y":149.42488697467442,"cluster":1},{"x":49.15169287990782,"y":151.41724970639729,"cluster":1},{"x":51.67115626541227,"y":146.8175038966406,"cluster":1},{"x":56.376199197257435,"y":140.2919135065229,"cluster":1},{"x":67.9561869900132,"y":143.30300655913607,"cluster":1},{"x":68.61571986414727,"y":144.8907518157308,"cluster":1},{"x":70.98505237404198,"y":139.5964186168942,"cluster":1},{"x":77.42200074718718,"y":140.45945874505384,"cluster":1},{"x":81.41711504076135,"y":142.28756528978442,"cluster":1},{"x":83.45371867167619,"y":144.27054294955948,"cluster":1},{"x":87.73244545095137,"y":149.7947976272207,"cluster":1},{"x":97.7128376160422,"y":145.26459578249595,"cluster":1},{"x":102.62132686440283,"y":144.48289855142696,"cluster":1},{"x":105.58710467447888,"y":148.42699731023535,"cluster":1},{"x":108.76994353902697,"y":141.8622836323556,"cluster":1},{"x":118.66301840085463,"y":144.71952845400648,"cluster":1},{"x":118.72608990599566,"y":139.01865922076948,"cluster":1},{"x":123.01035785892964,"y":133.18862154953666,"cluster":1},{"x":132.56709363769937,"y":132.3897711685542,"cluster":1},{"x":130.29820586468168,"y":131.72273049263782,"cluster":1},{"x":136.51285315156326,"y":125.91327690156847,"cluster":1},{"x":144.91735870242474,"y":129.20167242566015,"cluster":1},{"x":144.06595162109812,"y":128.70261657530426,"cluster":1},{"x":151.95390888227132,"y":123.61444712270026,"cluster":1},{"x":157.19902775830673,"y":129.0634861528378,"cluster":1},{"x":163.5343013777482,"y":125.5110649063531,"cluster":1},{"x":163.95274413766109,"y":121.68294245839364,"cluster":1},{"x":166.5625434213106,"y":119.25297793948053,"cluster":1},{"x":172.9595884762221,"y":125.33075595051054,"cluster":1},{"x":177.26672082375242,"y":130.4712234441086,"cluster":1},{"x":185.61980256307115,"y":132.73509198341418,"cluster":1},{"x":190.85561650952246,"y":127.72533582846,"cluster":1},{"x":197.4271030392052,"y":130.75325037734933,"cluster":1},{"x":202.73320003853988,"y":125.42406334666404,"cluster":1},{"x":201.72095431518355,"y":132.32668212175926,"cluster":1},{"x":206.2174240934154,"y":130.91747539455508,"cluster":1},{"x":211.70746790757548,"y":132.35258495501424,"cluster":1},{"x":219.63260615086404,"y":132.13009147745356,"cluster":1},{"x":219.1987702531538,"y":132.94619669989575,"cluster":1},{"x":225.54802917172324,"y":139.0375343416882,"cluster":1},{"x":227.52933750256983,"y":145.7245315229722,"cluster":1},{"x":232.9113942240887,"y":148.93404535766803,"cluster":1},{"x":245.15437753505432,"y":143.02729903824638,"cluster":1},{"x":245.00504435119805,"y":148.86549561491853,"cluster":1},{"x":246.09458384669531,"y":150.0,"cluster":1},{"x":253.7409788128729,"y":149.68975217766382,"cluster":1},{"x":258.324831362605,"y":151.34277317413478,"cluster":1},{"x":261.20857836319993,"y":146.97798439582073,"cluster":1},{"x":264.8775195436008,"y":140.11735658825285,"cluster":1},{"x":276.2582283696669,"y":133.88022239198452,"cluster":1},{"x":274.236757729803,"y":134.19310594786478,"cluster":1},{"x":278.58151695135007,"y":135.29301948144942,"cluster":1},{"x":290.40604118715845,"y":135.85992949879227,"cluster":1},{"x":290.99021047212443,"y":132.41799930064752,"cluster":1},{"x":297.3465937476094,"y":136.03422988831437,"cluster":1},{"x":303.1627455680336,"y":131.32125579685166,"cluster":1},{"x":308.55346126174305,"y":136.09566236523546,"cluster":1},{"x":312.87096099341215,"y":139.74728026737804,"cluster":1},{"x":312.2568755868779,"y":141.80956445696162,"cluster":1},{"x":316.9894545509897,"y":147.73085292641375,"cluster":1},{"x":319.8159633343656,"y":147.5370900784226,"cluster":1},{"x":333.2375403262813,"y":141.25244867860025,"cluster":1},{"x":330.09808087299825,"y":145.4390432394777,"cluster":1},{"x":339.937241674303,"y":146.36263528929106,"cluster":1},{"x":346.8528300336395,"y":148.88487417130042,"cluster":1},{"x":349.88449072567283,"y":150.06261379417214,"cluster":1},{"x":354.7407575553156,"y":152.8834760278166,"cluster":1},{"x":358.89423686214525,"y":147.98069927370307,"cluster":1},{"x":362.1047742521793,"y":143.87403629022464,"cluster":1},{"x":369.84050380037934,"y":139.03369021809849,"cluster":1},{"x":372.4398092002679,"y":145.5981147948055,"cluster":1},{"x":373.4235374502173,"y":145.77792796337675,"cluster":1},{"x":383.1123408618655,"y":146.45446425144993,"cluster":1},{"x":383.79849882950487,"y":150.83043424294834,"cluster":1},{"x":388.2344006589985,"y":149.98456791851424,"cluster":1},{"x":395.01854732122155,"y":156.44873648476383,"cluster":1},{"x":394.5530905929516,"y":153.3696122687637,"cluster":1},{"x":403.8284305441336,"y":154.879451515881,"cluster":1},{"x":407.81773406578594,"y":150.53866641141383,"cluster":1},{"x":410.9146552170599,"y":152.8384802688917,"cluster":1},{"x":414.5313871033075,"y":146.80038795974295,"cluster":1},{"x":420.6987623147864,"y":153.0466428297974,"cluster":1},{"x":430.8889667701549,"y":153.6482286776585,"cluster":1},{"x":435.4521533530468,"y":152.3531127757431,"cluster":1},{"x":433.5218853190567,"y":148.0798014125874,"cluster":1},{"x":444.70093669967264,"y":144.01713794662865,"cluster":1},{"x":446.9413616500263,"y":148.5289965707595,"cluster":1},{"x":453.82705313171226,"y":145.27325281373206,"cluster":1},{"x":453.5999641538202,"y":146.42291442958444,"cluster":1},{"x":456.02157114395095,"y":141.40839663738103,"cluster":1},{"x":460.37412052776307,"y":143.4407607926835,"cluster":1},{"x":467.49032011292957,"y":147.66609076539626,"cluster":1},{"x":469.3276891761825,"y":141.55351598269857,"cluster":1},{"x":481.13851884017873,"y":140.07973272974326,"cluster":1}],"num_clusters":0}