{"title":"coast-n10-r1-s475562223698946603610","map_width":500,"map_height":300,"num_leaves":10,"tree":{"leaf":false,"id":18,"left":{"leaf":false,"id":17,"left":{"leaf":false,"id":16,"left":{"leaf":true,"id":6,"label":"6","site_id":6},"right":{"leaf":false,"id":10,"left":{"leaf":true,"id":7,"label":"7","site_id":7},"right":{"leaf":true,"id":8,"label":"8","site_id":8}}},"right":{"leaf":true,"id":9,"label":"9","site_id":9}},"right":{"leaf":false,"id":15,"left":{"leaf":false,"id":14,"left":{"leaf":false,"id":13,"left":{"leaf":true,"id":1,"label":"1","site_id":1},"right":{"leaf":true,"id":3,"label":"3","site_id":3}},"right":{"leaf":false,"id":11,"left":{"leaf":true,"id":0,"label":"0","site_id":0},"right":{"leaf":true,"id":4,"label":"4","site_id":4}}},"right":{"leaf":false,"id":12,"left":{"leaf":true,"id":2,"label":"2","site_id":2},"right":{"leaf":true,"id":5,"label":"5","site_id":5}}}},"num_sites":10,"sites":[{"x":15.0,"y":159.9370442925212,"cluster":1},{"x":69.67787310420717,"y":172.3571449150238,"cluster":1},{"x":83.88338219062535,"y":176.1643782953737,"cluster":1},{"x":139.96506218481935,"y":209.919397825687,"cluster":1},{"x":205.0809008294488,"y":192.00261603072244,"cluster":1},{"x":259.0973317877721,"y":150.0,"cluster":1},{"x":323.008724117702,"y":111.42796562409644,"cluster":1},{"x":315.6683328428238,"y":165.43595635240757,"cluster":1},{"x":342.27052197191585,"y":184.2557561930344,"cluster":1},{"x":453.15309236204394,"y":212.48536436201454,"cluster":1}],"num_clusters":0}