{"title":"cluster-n10-c3-r9-s-1544970817896810324","map_width":500,"map_height":300,"num_leaves":10,"tree":{"leaf":false,"id":18,"left":{"leaf":false,"id":17,"left":{"leaf":false,"id":11,"left":{"leaf":false,"id":10,"left":{"leaf":true,"id":0,"label":"0","site_id":0},"right":{"leaf":true,"id":1,"label":"1","site_id":1}},"right":{"leaf":true,"id":2,"label":"2","site_id":2}},"right":{"leaf":false,"id":13,"left":{"leaf":false,"id":12,"left":{"leaf":true,"id":5,"label":"5","site_id":5},"right":{"leaf":true,"id":3,"label":"3","site_id":3}},"right":{"leaf":true,"id":4,"label":"4","site_id":4}}},"right":{"leaf":false,"id":16,"left":{"leaf":false,"id":15,"left":{"leaf":false,"id":14,"left":{"leaf":true,"id":7,"label":"7","site_id":7},"right":{"leaf":true,"id":6,"label":"6","site_id":6}},"right":{"leaf":true,"id":9,"label":"9","site_id":9}},"right":{"leaf":true,"id":8,"label":"8","site_id":8}}},"num_sites":10,"sites":[{"x":174.86800451236653,"y":249.47356108930785,"cluster":0},{"x":300.7561667422011,"y":245.3238575465689,"cluster":0},{"x":179.6676348560606,"y":189.73651513627954,"cluster":0},{"x":172.65344423659178,"y":57.33081434704093,"cluster":1},{"x":35.68154953166365,"y":74.09999831112317,"cluster":1},{"x":104.23846506084259,"y":86.38500623171848,"cluster":1},{"x":319.88410142887324,"y":134.34553912429413,"cluster":2},{"x":346.0798993055341,"y":89.62935709946815,"cluster":2},{"x":455.96961726248264,"y":30.000104620847704,"cluster":2},{"x":314.2250372311739,"y":75.74520620415583,"cluster":2}],"num_clusters":3}