{"title":"cluster-n55-c7-r9-s-2544258361427576470","map_width":500,"map_height":300,"num_leaves":55,"tree":{"leaf":false,"id":108,"left":{"leaf":false,"id":106,"left":{"leaf":false,"id":105,"left":{"leaf":false,"id":64,"left":{"leaf":true,"id":10,"label":"10","site_id":10},"right":{"leaf":false,"id":63,"left":{"leaf":false,"id":62,"left":{"leaf":false,"id":61,"left":{"leaf":false,"id":60,"left":{"leaf":true,"id":11,"label":"11","site_id":11},"right":{"leaf":true,"id":6,"label":"6","site_id":6}},"right":{"leaf":false,"id":59,"left":{"leaf":true,"id":8,"label":"8","site_id":8},"right":{"leaf":true,"id":7,"label":"7","site_id":7}}},"right":{"leaf":true,"id":5,"label":"5","site_id":5}},"right":{"leaf":true,"id":9,"label":"9","site_id":9}}},"right":{"leaf":false,"id":103,"left":{"leaf":false,"id":78,"left":{"leaf":false,"id":77,"left":{"leaf":false,"id":75,"left":{"leaf":false,"id":73,"left":{"leaf":true,"id":21,"label":"21","site_id":21},"right":{"leaf":true,"id":26,"label":"26","site_id":26}},"right":{"leaf":false,"id":74,"left":{"leaf":true,"id":24,"label":"24","site_id":24},"right":{"leaf":false,"id":72,"left":{"leaf":true,"id":20,"label":"20","site_id":20},"right":{"leaf":true,"id":27,"label":"27","site_id":27}}}},"right":{"leaf":true,"id":22,"label":"22","site_id":22}},"right":{"leaf":false,"id":76,"left":{"leaf":true,"id":23,"label":"23","site_id":23},"right":{"leaf":true,"id":25,"label":"25","site_id":25}}},"right":{"leaf":false,"id":58,"left":{"leaf":false,"id":55,"left":{"leaf":true,"id":0,"label":"0","site_id":0},"right":{"leaf":true,"id":2,"label":"2","site_id":2}},"right":{"leaf":false,"id":57,"left":{"leaf":true,"id":4,"label":"4","site_id":4},"right":{"leaf":false,"id":56,"left":{"leaf":true,"id":1,"label":"1","site_id":1},"right":{"leaf":true,"id":3,"label":"3","site_id":3}}}}}},"right":{"leaf":false,"id":102,"left":{"leaf":false,"id":100,"left":{"leaf":false,"id":97,"left":{"leaf":true,"id":44,"label":"44","site_id":44},"right":{"leaf":true,"id":53,"label":"53","site_id":53}},"right":{"leaf":false,"id":99,"left":{"leaf":true,"id":45,"label":"45","site_id":45},"right":{"leaf":false,"id":96,"left":{"leaf":false,"id":95,"left":{"leaf":false,"id":93,"left":{"leaf":true,"id":48,"label":"48","site_id":48},"right":{"leaf":true,"id":50,"label":"50","site_id":50}},"right":{"leaf":true,"id":54,"label":"54","site_id":54}},"right":{"leaf":true,"id":47,"label":"47","site_id":47}}}},"right":{"leaf":false,"id":101,"left":{"leaf":false,"id":98,"left":{"leaf":true,"id":52,"label":"52","site_id":52},"right":{"leaf":false,"id":94,"left":{"leaf":true,"id":46,"label":"46","site_id":46},"right":{"leaf":true,"id":51,"label":"51","site_id":51}}},"right":{"leaf":true,"id":49,"label":"49","site_id":49}}}},"right":{"leaf":false,"id":107,"left":{"leaf":false,"id":104,"left":{"leaf":false,"id":92,"left":{"leaf":false,"id":91,"left":{"leaf":false,"id":90,"left":{"leaf":true,"id":42,"label":"42","site_id":42},"right":{"leaf":true,"id":40,"label":"40","site_id":40}},"right":{"leaf":false,"id":89,"left":{"leaf":true,"id":38,"label":"38","site_id":38},"right":{"leaf":true,"id":41,"label":"41","site_id":41}}},"right":{"leaf":false,"id":88,"left":{"leaf":true,"id":43,"label":"43","site_id":43},"right":{"leaf":true,"id":39,"label":"39","site_id":39}}},"right":{"leaf":false,"id":87,"left":{"leaf":false,"id":86,"left":{"leaf":false,"id":85,"left":{"leaf":false,"id":81,"left":{"leaf":true,"id":33,"label":"33","site_id":33},"right":{"leaf":true,"id":34,"label":"34","site_id":34}},"right":{"leaf":false,"id":79,"left":{"leaf":true,"id":29,"label":"29","site_id":29},"right":{"leaf":true,"id":31,"label":"31","site_id":31}}},"right":{"leaf":false,"id":84,"left":{"leaf":false,"id":83,"left":{"leaf":false,"id":82,"left":{"leaf":true,"id":35,"label":"35","site_id":35},"right":{"leaf":true,"id":32,"label":"32","site_id":32}},"right":{"leaf":false,"id":80,"left":{"leaf":true,"id":30,"label":"30","site_id":30},"right":{"leaf":true,"id":28,"label":"28","site_id":28}}},"right":{"leaf":true,"id":37,"label":"37","site_id":37}}},"right":{"leaf":true,"id":36,"label":"36","site_id":36}}},"right":{"leaf":false,"id":71,"left":{"leaf":false,"id":70,"left":{"leaf":true,"id":19,"label":"19","site_id":19},"right":{"leaf":false,"id":69,"left":{"leaf":false,"id":68,"left":{"leaf":true,"id":16,"label":"16","site_id":16},"right":{"leaf":true,"id":13,"label":"13","site_id":13}},"right":{"leaf":false,"id":66,"left":{"leaf":true,"id":12,"label":"12","site_id":12},"right":{"leaf":false,"id":65,"left":{"leaf":true,"id":14,"label":"14","site_id":14},"right":{"leaf":true,"id":15,"label":"15","site_id":15}}}}},"right":{"leaf":false,"id":67,"left":{"leaf":true,"id":18,"label":"18","site_id":18},"right":{"leaf":true,"id":17,"label":"17","site_id":17}}}}},"num_sites":55,"sites":[{"x":206.42854486221978,"y":216.43011708992663,"cluster":0},{"x":176.21681924845254,"y":190.71752555541693,"cluster":0},{"x":222.68845003467527,"y":205.18300411807962,"cluster":0},{"x":174.83454979084357,"y":166.30787032253335,"cluster":0},{"x":162.69591182185624,"y":183.90238734597796,"cluster":0},{"x":203.57428885763946,"y":31.744796568416163,"cluster":1},{"x":254.63246814995622,"y":82.38100355338989,"cluster":1},{"x":223.8239760006367,"y":42.343977356731735,"cluster":1},{"x":194.07870907687118,"y":91.29568629263261,"cluster":1},{"x":262.97858835357545,"y":51.45788207386297,"cluster":1},{"x":262.23323400328957,"y":132.9310039976657,"cluster":1},{"x":225.42950069983567,"y":74.95684177860073,"cluster":1},{"x":423.28753072858757,"y":244.7831869341363,"cluster":2},{"x":443.09148826071925,"y":186.3357770557705,"cluster":2},{"x":446.41726167990674,"y":235.71971889921178,"cluster":2},{"x":406.4299264263363,"y":217.31016998210347,"cluster":2},{"x":467.0341692786957,"y":211.34284448791394,"cluster":2},{"x":407.7633715975332,"y":203.83930988307375,"cluster":2},{"x":440.08364085923034,"y":252.92446307886252,"cluster":2},{"x":384.95276697844116,"y":181.97150471812293,"cluster":2},{"x":90.40253022783207,"y":47.039218036376184,"cluster":3},{"x":167.51682916330162,"y":72.74928247185645,"cluster":3},{"x":128.7135294938982,"y":56.398270120294306,"cluster":3},{"x":98.53915151787871,"y":105.33897771440564,"cluster":3},{"x":143.92652805673214,"y":66.78070743867568,"cluster":3},{"x":95.65764740828175,"y":111.74861268014533,"cluster":3},{"x":160.28928886027836,"y":98.51644006354567,"cluster":3},{"x":110.68150224593793,"y":53.2630604182067,"cluster":3},{"x":411.5763911639863,"y":89.36736947203973,"cluster":4},{"x":430.6200328385493,"y":69.43561932522283,"cluster":4},{"x":406.6884959682563,"y":146.05610148997135,"cluster":4},{"x":439.68357798452354,"y":81.11326740417445,"cluster":4},{"x":411.89753480274874,"y":97.59056031234985,"cluster":4},{"x":416.7197512431797,"y":44.14849701003851,"cluster":4},{"x":483.2490811304601,"y":128.51255315388633,"cluster":4},{"x":400.3636470596041,"y":156.8402434773079,"cluster":4},{"x":452.9525128828628,"y":161.2524569575821,"cluster":4},{"x":466.5495495992886,"y":51.080847310551256,"cluster":4},{"x":199.19809036770874,"y":227.77739258927636,"cluster":5},{"x":134.41892302687822,"y":188.89692616000997,"cluster":5},{"x":131.2043647274314,"y":205.2100073320756,"cluster":5},{"x":199.86603933009235,"y":195.88392336017026,"cluster":5},{"x":140.3860543229613,"y":222.88335416737561,"cluster":5},{"x":167.51672545708755,"y":164.67459238534016,"cluster":5},{"x":413.25045307298797,"y":182.6959559267003,"cluster":6},{"x":295.5524387751907,"y":214.75980196236318,"cluster":6},{"x":421.7720901717812,"y":124.98626364195076,"cluster":6},{"x":370.7731752698796,"y":243.2928110070548,"cluster":6},{"x":340.37468339412237,"y":245.51024178572783,"cluster":6},{"x":361.5793249176338,"y":153.44487650842393,"cluster":6},{"x":324.56263775888294,"y":232.9631011320694,"cluster":6},{"x":383.1226237263353,"y":119.78969951339661,"cluster":6},{"x":399.255283732983,"y":122.07241263810451,"cluster":6},{"x":425.3833276397685,"y":254.6058005582571,"cluster":6},{"x":309.1819051336024,"y":190.4374991768587,"cluster":6}],"num_clusters":7}