{"title":"cluster-n100-c12-r5-s-6952633147197490662","map_width":500,"map_height":300,"num_leaves":100,"tree":{"leaf":false,"id":198,"left":{"leaf":false,"id":192,"left":{"leaf":false,"id":187,"left":{"leaf":false,"id":182,"left":{"leaf":true,"id":99,"label":"99","site_id":99},"right":{"leaf":true,"id":92,"label":"92","site_id":92}},"right":{"leaf":false,"id":186,"left":{"leaf":false,"id":184,"left":{"leaf":true,"id":98,"label":"98","site_id":98},"right":{"leaf":false,"id":183,"left":{"leaf":true,"id":93,"label":"93","site_id":93},"right":{"leaf":false,"id":181,"left":{"leaf":true,"id":97,"label":"97","site_id":97},"right":{"leaf":true,"id":95,"label":"95","site_id":95}}}},"right":{"leaf":false,"id":185,"left":{"leaf":true,"id":94,"label":"94","site_id":94},"right":{"leaf":true,"id":96,"label":"96","site_id":96}}}},"right":{"leaf":false,"id":124,"left":{"leaf":true,"id":24,"label":"24","site_id":24},"right":{"leaf":false,"id":123,"left":{"leaf":false,"id":122,"left":{"leaf":false,"id":118,"left":{"leaf":true,"id":25,"label":"25","site_id":25},"right":{"leaf":true,"id":22,"label":"22","site_id":22}},"right":{"leaf":true,"id":26,"label":"26","site_id":26}},"right":{"leaf":false,"id":121,"left":{"leaf":false,"id":120,"left":{"leaf":false,"id":117,"left":{"leaf":true,"id":23,"label":"23","site_id":23},"right":{"leaf":true,"id":28,"label":"28","site_id":28}},"right":{"leaf":true,"id":20,"label":"20","site_id":20}},"right":{"leaf":false,"id":119,"left":{"leaf":true,"id":27,"label":"27","site_id":27},"right":{"leaf":true,"id":21,"label":"21","site_id":21}}}}}},"right":{"leaf":false,"id":197,"left":{"leaf":false,"id":196,"left":{"leaf":false,"id":194,"left":{"leaf":false,"id":138,"left":{"leaf":false,"id":137,"left":{"leaf":false,"id":135,"left":{"leaf":false,"id":134,"left":{"leaf":false,"id":132,"left":{"leaf":true,"id":39,"label":"39","site_id":39},"right":{"leaf":true,"id":42,"label":"42","site_id":42}},"right":{"leaf":true,"id":36,"label":"36","site_id":36}},"right":{"leaf":false,"id":133,"left":{"leaf":true,"id":38,"label":"38","site_id":38},"right":{"leaf":true,"id":43,"label":"43","site_id":43}}},"right":{"leaf":false,"id":136,"left":{"leaf":true,"id":37,"label":"37","site_id":37},"right":{"leaf":true,"id":41,"label":"41","site_id":41}}},"right":{"leaf":false,"id":131,"left":{"leaf":true,"id":40,"label":"40","site_id":40},"right":{"leaf":true,"id":44,"label":"44","site_id":44}}},"right":{"leaf":false,"id":191,"left":{"leaf":false,"id":189,"left":{"leaf":false,"id":145,"left":{"leaf":false,"id":144,"left":{"leaf":true,"id":52,"label":"52","site_id":52},"right":{"leaf":false,"id":141,"left":{"leaf":true,"id":45,"label":"45","site_id":45},"right":{"leaf":true,"id":51,"label":"51","site_id":51}}},"right":{"leaf":false,"id":143,"left":{"leaf":false,"id":142,"left":{"leaf":true,"id":50,"label":"50","site_id":50},"right":{"leaf":false,"id":140,"left":{"leaf":true,"id":47,"label":"47","site_id":47},"right":{"leaf":true,"id":46,"label":"46","site_id":46}}},"right":{"leaf":false,"id":139,"left":{"leaf":true,"id":48,"label":"48","site_id":48},"right":{"leaf":true,"id":49,"label":"49","site_id":49}}}},"right":{"leaf":false,"id":116,"left":{"leaf":false,"id":115,"left":{"leaf":true,"id":16,"label":"16","site_id":16},"right":{"leaf":false,"id":114,"left":{"leaf":true,"id":17,"label":"17","site_id":17},"right":{"leaf":true,"id":18,"label":"18","site_id":18}}},"right":{"leaf":true,"id":19,"label":"19","site_id":19}}},"right":{"leaf":false,"id":180,"left":{"leaf":true,"id":85,"label":"85","site_id":85},"right":{"leaf":false,"id":179,"left":{"leaf":false,"id":178,"left":{"leaf":false,"id":174,"left":{"leaf":true,"id":88,"label":"88","site_id":88},"right":{"leaf":true,"id":83,"label":"83","site_id":83}},"right":{"leaf":false,"id":177,"left":{"leaf":true,"id":86,"label":"86","site_id":86},"right":{"leaf":false,"id":176,"left":{"leaf":false,"id":173,"left":{"leaf":true,"id":89,"label":"89","site_id":89},"right":{"leaf":true,"id":84,"label":"84","site_id":84}},"right":{"leaf":false,"id":175,"left":{"leaf":true,"id":90,"label":"90","site_id":90},"right":{"leaf":true,"id":91,"label":"91","site_id":91}}}}},"right":{"leaf":true,"id":87,"label":"87","site_id":87}}}}},"right":{"leaf":false,"id":113,"left":{"leaf":false,"id":111,"left":{"leaf":true,"id":12,"label":"12","site_id":12},"right":{"leaf":true,"id":7,"label":"7","site_id":7}},"right":{"leaf":false,"id":112,"left":{"leaf":false,"id":110,"left":{"leaf":false,"id":109,"left":{"leaf":true,"id":11,"label":"11","site_id":11},"right":{"leaf":false,"id":108,"left":{"leaf":true,"id":9,"label":"9","site_id":9},"right":{"leaf":true,"id":10,"label":"10","site_id":10}}},"right":{"leaf":true,"id":13,"label":"13","site_id":13}},"right":{"leaf":false,"id":107,"left":{"leaf":true,"id":15,"label":"15","site_id":15},"right":{"leaf":false,"id":106,"left":{"leaf":true,"id":14,"label":"14","site_id":14},"right":{"leaf":true,"id":8,"label":"8","site_id":8}}}}}},"right":{"leaf":false,"id":195,"left":{"leaf":false,"id":172,"left":{"leaf":false,"id":171,"left":{"leaf":false,"id":170,"left":{"leaf":false,"id":168,"left":{"leaf":true,"id":81,"label":"81","site_id":81},"right":{"leaf":true,"id":74,"label":"74","site_id":74}},"right":{"leaf":false,"id":166,"left":{"leaf":false,"id":164,"left":{"leaf":true,"id":80,"label":"80","site_id":80},"right":{"leaf":true,"id":77,"label":"77","site_id":77}},"right":{"leaf":true,"id":75,"label":"75","site_id":75}}},"right":{"leaf":false,"id":169,"left":{"leaf":true,"id":82,"label":"82","site_id":82},"right":{"leaf":true,"id":78,"label":"78","site_id":78}}},"right":{"leaf":false,"id":167,"left":{"leaf":true,"id":73,"label":"73","site_id":73},"right":{"leaf":false,"id":165,"left":{"leaf":true,"id":76,"label":"76","site_id":76},"right":{"leaf":true,"id":79,"label":"79","site_id":79}}}},"right":{"leaf":false,"id":193,"left":{"leaf":false,"id":190,"left":{"leaf":false,"id":105,"left":{"leaf":false,"id":104,"left":{"leaf":false,"id":103,"left":{"leaf":false,"id":102,"left":{"leaf":true,"id":0,"label":"0","site_id":0},"right":{"leaf":true,"id":5,"label":"5","site_id":5}},"right":{"leaf":false,"id":101,"left":{"leaf":false,"id":100,"left":{"leaf":true,"id":6,"label":"6","site_id":6},"right":{"leaf":true,"id":3,"label":"3","site_id":3}},"right":{"leaf":true,"id":1,"label":"1","site_id":1}}},"right":{"leaf":true,"id":4,"label":"4","site_id":4}},"right":{"leaf":true,"id":2,"label":"2","site_id":2}},"right":{"leaf":false,"id":163,"left":{"leaf":false,"id":162,"left":{"leaf":false,"id":158,"left":{"leaf":true,"id":71,"label":"71","site_id":71},"right":{"leaf":true,"id":70,"label":"70","site_id":70}},"right":{"leaf":false,"id":161,"left":{"leaf":true,"id":72,"label":"72","site_id":72},"right":{"leaf":false,"id":160,"left":{"leaf":false,"id":159,"left":{"leaf":true,"id":66,"label":"66","site_id":66},"right":{"leaf":false,"id":157,"left":{"leaf":true,"id":65,"label":"65","site_id":65},"right":{"leaf":true,"id":68,"label":"68","site_id":68}}},"right":{"leaf":true,"id":69,"label":"69","site_id":69}}}},"right":{"leaf":true,"id":67,"label":"67","site_id":67}}},"right":{"leaf":false,"id":188,"left":{"leaf":false,"id":156,"left":{"leaf":false,"id":155,"left":{"leaf":false,"id":147,"left":{"leaf":true,"id":55,"label":"55","site_id":55},"right":{"leaf":false,"id":146,"left":{"leaf":true,"id":59,"label":"59","site_id":59},"right":{"leaf":true,"id":62,"label":"62","site_id":62}}},"right":{"leaf":false,"id":149,"left":{"leaf":true,"id":63,"label":"63","site_id":63},"right":{"leaf":true,"id":54,"label":"54","site_id":54}}},"right":{"leaf":false,"id":154,"left":{"leaf":true,"id":53,"label":"53","site_id":53},"right":{"leaf":false,"id":153,"left":{"leaf":false,"id":152,"left":{"leaf":false,"id":151,"left":{"leaf":true,"id":56,"label":"56","site_id":56},"right":{"leaf":true,"id":58,"label":"58","site_id":58}},"right":{"leaf":true,"id":57,"label":"57","site_id":57}},"right":{"leaf":false,"id":150,"left":{"leaf":true,"id":61,"label":"61","site_id":61},"right":{"leaf":false,"id":148,"left":{"leaf":true,"id":60,"label":"60","site_id":60},"right":{"leaf":true,"id":64,"label":"64","site_id":64}}}}}},"right":{"leaf":false,"id":130,"left":{"leaf":false,"id":129,"left":{"leaf":false,"id":128,"left":{"leaf":true,"id":32,"label":"32","site_id":32},"right":{"leaf":false,"id":127,"left":{"leaf":true,"id":33,"label":"33","site_id":33},"right":{"leaf":false,"id":126,"left":{"leaf":false,"id":125,"left":{"leaf":true,"id":34,"label":"34","site_id":34},"right":{"leaf":true,"id":31,"label":"31","site_id":31}},"right":{"leaf":true,"id":30,"label":"30","site_id":30}}}},"right":{"leaf":true,"id":29,"label":"29","site_id":29}},"right":{"leaf":true,"id":35,"label":"35","site_id":35}}}}}}},"num_sites":100,"sites":[{"x":68.59495449658057,"y":273.8328663835978,"cluster":0},{"x":74.16957035867375,"y":264.92280516504064,"cluster":0},{"x":77.23137396258689,"y":238.2312297496773,"cluster":0},{"x":66.2883383633566,"y":247.55679827419826,"cluster":0},{"x":56.227268548342444,"y":273.7820797642032,"cluster":0},{"x":86.2802320616792,"y":284.5260247666098,"cluster":0},{"x":39.13565027487421,"y":273.73305754642405,"cluster":0},{"x":236.24888219229933,"y":104.71273813315469,"cluster":1},{"x":232.24140356075077,"y":130.30453657845015,"cluster":1},{"x":220.84476755324977,"y":146.5616406683422,"cluster":1},{"x":213.708103516372,"y":169.25111361157818,"cluster":1},{"x":212.04505882732045,"y":158.01662800901292,"cluster":1},{"x":187.24658301135193,"y":139.4446216032794,"cluster":1},{"x":202.8618674206797,"y":162.9275220112558,"cluster":1},{"x":221.4109565176936,"y":135.27336359139042,"cluster":1},{"x":194.9254651999144,"y":144.4595457093539,"cluster":1},{"x":409.0756436757265,"y":53.49782621523615,"cluster":2},{"x":386.9369872037036,"y":47.44442343663684,"cluster":2},{"x":414.1286085115471,"y":55.901064319211436,"cluster":2},{"x":413.0261508862983,"y":42.99260235655886,"cluster":2},{"x":141.87383760438357,"y":198.2288984024831,"cluster":3},{"x":88.84455506988681,"y":153.50421021055573,"cluster":3},{"x":106.60631901464593,"y":176.60772244965523,"cluster":3},{"x":130.26769836158715,"y":180.9490016132848,"cluster":3},{"x":144.0516793541803,"y":174.78385656078922,"cluster":3},{"x":88.59561443282016,"y":211.75614821055566,"cluster":3},{"x":92.65076470163415,"y":167.5900430437109,"cluster":3},{"x":96.96834733417583,"y":163.47580573626715,"cluster":3},{"x":126.15681893900785,"y":168.692496108743,"cluster":3},{"x":163.28244731461334,"y":203.9861663985449,"cluster":4},{"x":136.4798601126114,"y":184.94830536739795,"cluster":4},{"x":140.89408256801073,"y":193.51165031688262,"cluster":4},{"x":150.00218704334424,"y":176.09712506503652,"cluster":4},{"x":179.85451471628497,"y":189.31981540562333,"cluster":4},{"x":180.51208024730363,"y":168.26982839662944,"cluster":4},{"x":160.66009169081792,"y":158.38601584821723,"cluster":4},{"x":323.1435304553791,"y":72.74653968273321,"cluster":5},{"x":356.4510079633344,"y":81.90031537009767,"cluster":5},{"x":302.4339510012345,"y":129.7906124311447,"cluster":5},{"x":333.89292660900907,"y":65.78331439165015,"cluster":5},{"x":362.7503134989507,"y":113.59404004801996,"cluster":5},{"x":317.30849550758245,"y":77.94537414136765,"cluster":5},{"x":329.03807185049493,"y":77.06512087293154,"cluster":5},{"x":314.3553428963097,"y":99.53075653262447,"cluster":5},{"x":311.8822285048602,"y":109.78561225131713,"cluster":5},{"x":341.5367986862791,"y":115.97591564356453,"cluster":6},{"x":329.2586326003207,"y":126.67656066408477,"cluster":6},{"x":300.265114720073,"y":165.49426563163243,"cluster":6},{"x":289.8823282330861,"y":147.78572574194706,"cluster":6},{"x":327.4355457212806,"y":134.11248550698093,"cluster":6},{"x":297.72260957069426,"y":113.10939008841862,"cluster":6},{"x":327.5999952862619,"y":109.08922221943946,"cluster":6},{"x":349.8762005777326,"y":149.0958339317041,"cluster":6},{"x":202.38201778057433,"y":111.6952143534952,"cluster":7},{"x":147.13290254541567,"y":19.426115868407265,"cluster":7},{"x":212.16901831996384,"y":89.70492408685548,"cluster":7},{"x":178.7810980483865,"y":97.27261468270407,"cluster":7},{"x":131.66507144612248,"y":75.6593746695075,"cluster":7},{"x":131.66641638404948,"y":42.610711074866316,"cluster":7},{"x":163.54050356629094,"y":21.73546382598952,"cluster":7},{"x":137.95378453661544,"y":62.161197204907445,"cluster":7},{"x":195.23726222386273,"y":46.466427863092164,"cluster":7},{"x":155.64091021305222,"y":40.57490171633688,"cluster":7},{"x":141.8512816318312,"y":55.29994125447829,"cluster":7},{"x":123.39025811693716,"y":20.379966618999724,"cluster":7},{"x":361.69352606016065,"y":165.36003462491925,"cluster":8},{"x":360.7679392008217,"y":154.01293673595373,"cluster":8},{"x":315.34460771725367,"y":149.21345534894112,"cluster":8},{"x":350.0583734597524,"y":160.661133737789,"cluster":8},{"x":350.032333662265,"y":133.62553721779358,"cluster":8},{"x":367.993571830596,"y":148.99016564009662,"cluster":8},{"x":314.4972693465343,"y":124.25953014879553,"cluster":8},{"x":329.87829447859207,"y":157.23637109934026,"cluster":8},{"x":73.5970071198012,"y":147.05937123360033,"cluster":9},{"x":49.80083242532985,"y":135.31518184114444,"cluster":9},{"x":29.900430793305116,"y":150.11199195513515,"cluster":9},{"x":49.47586838452369,"y":184.66760674770646,"cluster":9},{"x":45.07046934320297,"y":165.63891860463818,"cluster":9},{"x":26.475204262197067,"y":110.89752359353515,"cluster":9},{"x":32.3192364659215,"y":136.80414731815173,"cluster":9},{"x":48.02756768857912,"y":152.31951005052827,"cluster":9},{"x":16.47594749924788,"y":112.70464860263013,"cluster":9},{"x":41.12389911937729,"y":122.52018021344003,"cluster":9},{"x":334.00424932409214,"y":196.16399486965287,"cluster":10},{"x":294.69198077192016,"y":264.4706528188944,"cluster":10},{"x":319.0479149732466,"y":232.07700669750437,"cluster":10},{"x":303.0180216263104,"y":213.61903963370386,"cluster":10},{"x":294.36706546535845,"y":221.76075233589714,"cluster":10},{"x":295.02703932009626,"y":202.68867379731583,"cluster":10},{"x":309.127578540969,"y":264.8464835454204,"cluster":10},{"x":281.127028599401,"y":216.2681899802602,"cluster":10},{"x":312.5557218413873,"y":217.74799718189828,"cluster":10},{"x":291.7449098354541,"y":91.75035024992543,"cluster":11},{"x":260.05618898254835,"y":48.079102446475915,"cluster":11},{"x":280.3248311474482,"y":47.65636821834999,"cluster":11},{"x":265.2085062980115,"y":98.35745986531596,"cluster":11},{"x":271.75360036020584,"y":83.80883666647239,"cluster":11},{"x":307.05440311552513,"y":48.55381322432275,"cluster":11},{"x":306.61438131095935,"y":71.41441982063353,"cluster":11},{"x":302.81568118541566,"y":96.09373712890547,"cluster":11}],"num_clusters":12}