{"title":"cluster-n45-c6-r9-s-4542833444194141465","map_width":500,"map_height":300,"num_leaves":45,"tree":{"leaf":false,"id":88,"left":{"leaf":false,"id":87,"left":{"leaf":false,"id":86,"left":{"leaf":false,"id":71,"left":{"leaf":false,"id":66,"left":{"leaf":true,"id":27,"label":"27","site_id":27},"right":{"leaf":true,"id":24,"label":"24","site_id":24}},"right":{"leaf":false,"id":70,"left":{"leaf":false,"id":69,"left":{"leaf":true,"id":28,"label":"28","site_id":28},"right":{"leaf":true,"id":26,"label":"26","site_id":26}},"right":{"leaf":false,"id":68,"left":{"leaf":true,"id":29,"label":"29","site_id":29},"right":{"leaf":false,"id":67,"left":{"leaf":true,"id":30,"label":"30","site_id":30},"right":{"leaf":true,"id":25,"label":"25","site_id":25}}}}},"right":{"leaf":false,"id":85,"left":{"leaf":false,"id":58,"left":{"leaf":false,"id":57,"left":{"leaf":true,"id":12,"label":"12","site_id":12},"right":{"leaf":false,"id":56,"left":{"leaf":true,"id":14,"label":"14","site_id":14},"right":{"leaf":false,"id":55,"left":{"leaf":true,"id":15,"label":"15","site_id":15},"right":{"leaf":true,"id":13,"label":"13","site_id":13}}}},"right":{"leaf":false,"id":54,"left":{"leaf":true,"id":10,"label":"10","site_id":10},"right":{"leaf":true,"id":11,"label":"11","site_id":11}}},"right":{"leaf":false,"id":53,"left":{"leaf":false,"id":51,"left":{"leaf":false,"id":49,"left":{"leaf":true,"id":0,"label":"0","site_id":0},"right":{"leaf":false,"id":45,"left":{"leaf":true,"id":3,"label":"3","site_id":3},"right":{"leaf":true,"id":1,"label":"1","site_id":1}}},"right":{"leaf":false,"id":48,"left":{"leaf":true,"id":7,"label":"7","site_id":7},"right":{"leaf":false,"id":47,"left":{"leaf":false,"id":46,"left":{"leaf":true,"id":2,"label":"2","site_id":2},"right":{"leaf":true,"id":9,"label":"9","site_id":9}},"right":{"leaf":true,"id":4,"label":"4","site_id":4}}}},"right":{"leaf":false,"id":52,"left":{"leaf":true,"id":5,"label":"5","site_id":5},"right":{"leaf":false,"id":50,"left":{"leaf":true,"id":8,"label":"8","site_id":8},"right":{"leaf":true,"id":6,"label":"6","site_id":6}}}}}},"right":{"leaf":false,"id":84,"left":{"leaf":false,"id":80,"left":{"leaf":true,"id":31,"label":"31","site_id":31},"right":{"leaf":false,"id":79,"left":{"leaf":false,"id":78,"left":{"leaf":false,"id":73,"left":{"leaf":true,"id":40,"label":"40","site_id":40},"right":{"leaf":true,"id":34,"label":"34","site_id":34}},"right":{"leaf":false,"id":75,"left":{"leaf":true,"id":33,"label":"33","site_id":33},"right":{"leaf":true,"id":36,"label":"36","site_id":36}}},"right":{"leaf":false,"id":77,"left":{"leaf":false,"id":74,"left":{"leaf":true,"id":39,"label":"39","site_id":39},"right":{"leaf":true,"id":37,"label":"37","site_id":37}},"right":{"leaf":false,"id":76,"left":{"leaf":false,"id":72,"left":{"leaf":true,"id":38,"label":"38","site_id":38},"right":{"leaf":true,"id":32,"label":"32","site_id":32}},"right":{"leaf":true,"id":35,"label":"35","site_id":35}}}}},"right":{"leaf":false,"id":65,"left":{"leaf":false,"id":64,"left":{"leaf":false,"id":63,"left":{"leaf":true,"id":21,"label":"21","site_id":21},"right":{"leaf":true,"id":16,"label":"16","site_id":16}},"right":{"leaf":true,"id":18,"label":"18","site_id":18}},"right":{"leaf":false,"id":62,"left":{"leaf":false,"id":61,"left":{"leaf":false,"id":60,"left":{"leaf":false,"id":59,"left":{"leaf":true,"id":17,"label":"17","site_id":17},"right":{"leaf":true,"id":23,"label":"23","site_id":23}},"right":{"leaf":true,"id":20,"label":"20","site_id":20}},"right":{"leaf":true,"id":19,"label":"19","site_id":19}},"right":{"leaf":true,"id":22,"label":"22","site_id":22}}}}},"right":{"leaf":false,"id":83,"left":{"leaf":false,"id":82,"left":{"leaf":true,"id":42,"label":"42","site_id":42},"right":{"leaf":true,"id":43,"label":"43","site_id":43}},"right":{"leaf":false,"id":81,"left":{"leaf":true,"id":41,"label":"41","site_id":41},"right":{"leaf":true,"id":44,"label":"44","site_id":44}}}},"num_sites":45,"sites":[{"x":264.5601233977738,"y":110.19854771744554,"cluster":0},{"x":289.80909847743305,"y":113.08184536734824,"cluster":0},{"x":412.6043987976485,"y":84.78417000663538,"cluster":0},{"x":350.3797874625809,"y":128.1308976144383,"cluster":0},{"x":244.17992218765937,"y":88.05029285211835,"cluster":0},{"x":371.5266516051495,"y":22.05286797309388,"cluster":0},{"x":409.42514195474575,"y":117.0823148659887,"cluster":0},{"x":300.15321731197264,"y":125.77954157426853,"cluster":0},{"x":416.6616445723364,"y":32.89020566158722,"cluster":0},{"x":308.93804265474176,"y":116.47866966800449,"cluster":0},{"x":46.69543017638281,"y":270.1506967717535,"cluster":1},{"x":86.23785444619682,"y":275.9342190315308,"cluster":1},{"x":68.7998939097202,"y":262.78531564613877,"cluster":1},{"x":66.29216640215225,"y":207.12327981491566,"cluster":1},{"x":71.14612512742028,"y":222.90991273103876,"cluster":1},{"x":32.32686466025737,"y":207.91193122239707,"cluster":1},{"x":176.32520386069143,"y":217.72901619710268,"cluster":2},{"x":178.6980305058318,"y":279.55741032138184,"cluster":2},{"x":148.12791029701208,"y":237.43537139413513,"cluster":2},{"x":267.96209983597277,"y":217.93738409235905,"cluster":2},{"x":166.40500780322284,"y":273.35801749620066,"cluster":2},{"x":202.0169320103086,"y":220.62996531275945,"cluster":2},{"x":182.71238381647015,"y":256.8931682526188,"cluster":2},{"x":137.5992792654547,"y":269.74133424860474,"cluster":2},{"x":272.983905036129,"y":61.19249886793142,"cluster":3},{"x":319.5806549113422,"y":105.62204139577338,"cluster":3},{"x":316.2980874260726,"y":110.29275133842364,"cluster":3},{"x":276.7702373241272,"y":170.12220189367488,"cluster":3},{"x":321.7484868520656,"y":141.0301098945611,"cluster":3},{"x":273.30661227619555,"y":113.20342801902264,"cluster":3},{"x":316.6046237723109,"y":98.22534927186935,"cluster":3},{"x":145.38150687337313,"y":55.606154509697554,"cluster":4},{"x":106.08635372343227,"y":28.048974884035566,"cluster":4},{"x":207.96174699634415,"y":79.82567938286536,"cluster":4},{"x":227.21573835365177,"y":163.51184713255032,"cluster":4},{"x":120.25088361042489,"y":27.13345938710482,"cluster":4},{"x":184.59563400875047,"y":154.04857931917525,"cluster":4},{"x":200.5684984564233,"y":157.78270307958329,"cluster":4},{"x":109.37366454773091,"y":21.245761167829798,"cluster":4},{"x":145.5714215795041,"y":156.9295949542057,"cluster":4},{"x":171.23305540119017,"y":106.45369407708331,"cluster":4},{"x":398.3045267053696,"y":258.2362118332784,"cluster":5},{"x":440.9388068332485,"y":235.97905318427317,"cluster":5},{"x":389.5692496915056,"y":241.00280497860717,"cluster":5},{"x":381.63620878522204,"y":263.4823667197864,"cluster":5}],"num_clusters":6}