{"title":"cluster-n100-c12-r0-s-5128016860359238732","map_width":500,"map_height":300,"num_leaves":100,"tree":{"leaf":false,"id":198,"left":{"leaf":false,"id":194,"left":{"leaf":false,"id":188,"left":{"leaf":false,"id":151,"left":{"leaf":false,"id":150,"left":{"leaf":true,"id":53,"label":"53","site_id":53},"right":{"leaf":false,"id":147,"left":{"leaf":true,"id":58,"label":"58","site_id":58},"right":{"leaf":true,"id":54,"label":"54","site_id":54}}},"right":{"leaf":false,"id":149,"left":{"leaf":true,"id":55,"label":"55","site_id":55},"right":{"leaf":false,"id":148,"left":{"leaf":true,"id":52,"label":"52","site_id":52},"right":{"leaf":false,"id":146,"left":{"leaf":true,"id":57,"label":"57","site_id":57},"right":{"leaf":true,"id":56,"label":"56","site_id":56}}}}},"right":{"leaf":false,"id":179,"left":{"leaf":false,"id":177,"left":{"leaf":false,"id":174,"left":{"leaf":true,"id":88,"label":"88","site_id":88},"right":{"leaf":true,"id":87,"label":"87","site_id":87}},"right":{"leaf":false,"id":176,"left":{"leaf":true,"id":86,"label":"86","site_id":86},"right":{"leaf":true,"id":85,"label":"85","site_id":85}}},"right":{"leaf":false,"id":178,"left":{"leaf":false,"id":175,"left":{"leaf":true,"id":89,"label":"89","site_id":89},"right":{"leaf":true,"id":83,"label":"83","site_id":83}},"right":{"leaf":false,"id":173,"left":{"leaf":true,"id":84,"label":"84","site_id":84},"right":{"leaf":true,"id":90,"label":"90","site_id":90}}}}},"right":{"leaf":false,"id":190,"left":{"leaf":false,"id":115,"left":{"leaf":false,"id":111,"left":{"leaf":false,"id":110,"left":{"leaf":true,"id":13,"label":"13","site_id":13},"right":{"leaf":false,"id":109,"left":{"leaf":false,"id":108,"left":{"leaf":true,"id":12,"label":"12","site_id":12},"right":{"leaf":true,"id":8,"label":"8","site_id":8}},"right":{"leaf":true,"id":10,"label":"10","site_id":10}}},"right":{"leaf":true,"id":11,"label":"11","site_id":11}},"right":{"leaf":false,"id":114,"left":{"leaf":false,"id":113,"left":{"leaf":false,"id":107,"left":{"leaf":true,"id":15,"label":"15","site_id":15},"right":{"leaf":true,"id":16,"label":"16","site_id":16}},"right":{"leaf":true,"id":14,"label":"14","site_id":14}},"right":{"leaf":false,"id":112,"left":{"leaf":true,"id":9,"label":"9","site_id":9},"right":{"leaf":true,"id":17,"label":"17","site_id":17}}}},"right":{"leaf":false,"id":131,"left":{"leaf":false,"id":130,"left":{"leaf":false,"id":125,"left":{"leaf":true,"id":33,"label":"33","site_id":33},"right":{"leaf":true,"id":31,"label":"31","site_id":31}},"right":{"leaf":false,"id":129,"left":{"leaf":false,"id":128,"left":{"leaf":true,"id":30,"label":"30","site_id":30},"right":{"leaf":false,"id":127,"left":{"leaf":true,"id":28,"label":"28","site_id":28},"right":{"leaf":true,"id":34,"label":"34","site_id":34}}},"right":{"leaf":false,"id":126,"left":{"leaf":true,"id":35,"label":"35","site_id":35},"right":{"leaf":true,"id":32,"label":"32","site_id":32}}}},"right":{"leaf":true,"id":29,"label":"29","site_id":29}}}},"right":{"leaf":false,"id":197,"left":{"leaf":false,"id":196,"left":{"leaf":false,"id":195,"left":{"leaf":false,"id":189,"left":{"leaf":false,"id":138,"left":{"leaf":false,"id":136,"left":{"leaf":false,"id":135,"left":{"leaf":false,"id":132,"left":{"leaf":true,"id":36,"label":"36","site_id":36},"right":{"leaf":true,"id":42,"label":"42","site_id":42}},"right":{"leaf":false,"id":134,"left":{"leaf":true,"id":39,"label":"39","site_id":39},"right":{"leaf":false,"id":133,"left":{"leaf":true,"id":41,"label":"41","site_id":41},"right":{"leaf":true,"id":43,"label":"43","site_id":43}}}},"right":{"leaf":true,"id":37,"label":"37","site_id":37}},"right":{"leaf":false,"id":137,"left":{"leaf":true,"id":40,"label":"40","site_id":40},"right":{"leaf":true,"id":38,"label":"38","site_id":38}}},"right":{"leaf":false,"id":106,"left":{"leaf":false,"id":104,"left":{"leaf":false,"id":103,"left":{"leaf":false,"id":101,"left":{"leaf":true,"id":4,"label":"4","site_id":4},"right":{"leaf":false,"id":100,"left":{"leaf":true,"id":3,"label":"3","site_id":3},"right":{"leaf":true,"id":0,"label":"0","site_id":0}}},"right":{"leaf":true,"id":6,"label":"6","site_id":6}},"right":{"leaf":true,"id":2,"label":"2","site_id":2}},"right":{"leaf":false,"id":105,"left":{"leaf":true,"id":1,"label":"1","site_id":1},"right":{"leaf":false,"id":102,"left":{"leaf":true,"id":7,"label":"7","site_id":7},"right":{"leaf":true,"id":5,"label":"5","site_id":5}}}}},"right":{"leaf":false,"id":193,"left":{"leaf":false,"id":172,"left":{"leaf":false,"id":170,"left":{"leaf":true,"id":79,"label":"79","site_id":79},"right":{"leaf":true,"id":78,"label":"78","site_id":78}},"right":{"leaf":false,"id":171,"left":{"leaf":false,"id":167,"left":{"leaf":true,"id":76,"label":"76","site_id":76},"right":{"leaf":true,"id":80,"label":"80","site_id":80}},"right":{"leaf":false,"id":169,"left":{"leaf":false,"id":168,"left":{"leaf":true,"id":77,"label":"77","site_id":77},"right":{"leaf":true,"id":82,"label":"82","site_id":82}},"right":{"leaf":true,"id":81,"label":"81","site_id":81}}}},"right":{"leaf":false,"id":145,"left":{"leaf":false,"id":143,"left":{"leaf":true,"id":49,"label":"49","site_id":49},"right":{"leaf":false,"id":141,"left":{"leaf":false,"id":140,"left":{"leaf":true,"id":46,"label":"46","site_id":46},"right":{"leaf":false,"id":139,"left":{"leaf":true,"id":51,"label":"51","site_id":51},"right":{"leaf":true,"id":47,"label":"47","site_id":47}}},"right":{"leaf":true,"id":44,"label":"44","site_id":44}}},"right":{"leaf":false,"id":144,"left":{"leaf":true,"id":45,"label":"45","site_id":45},"right":{"leaf":false,"id":142,"left":{"leaf":true,"id":48,"label":"48","site_id":48},"right":{"leaf":true,"id":50,"label":"50","site_id":50}}}}}},"right":{"leaf":false,"id":159,"left":{"leaf":false,"id":158,"left":{"leaf":false,"id":156,"left":{"leaf":false,"id":152,"left":{"leaf":true,"id":62,"label":"62","site_id":62},"right":{"leaf":true,"id":65,"label":"65","site_id":65}},"right":{"leaf":true,"id":63,"label":"63","site_id":63}},"right":{"leaf":false,"id":154,"left":{"leaf":true,"id":59,"label":"59","site_id":59},"right":{"leaf":true,"id":67,"label":"67","site_id":67}}},"right":{"leaf":false,"id":157,"left":{"leaf":false,"id":153,"left":{"leaf":true,"id":64,"label":"64","site_id":64},"right":{"leaf":true,"id":66,"label":"66","site_id":66}},"right":{"leaf":false,"id":155,"left":{"leaf":true,"id":61,"label":"61","site_id":61},"right":{"leaf":true,"id":60,"label":"60","site_id":60}}}}},"right":{"leaf":false,"id":192,"left":{"leaf":false,"id":166,"left":{"leaf":false,"id":165,"left":{"leaf":false,"id":164,"left":{"leaf":true,"id":69,"label":"69","site_id":69},"right":{"leaf":false,"id":163,"left":{"leaf":false,"id":162,"left":{"leaf":true,"id":71,"label":"71","site_id":71},"right":{"leaf":true,"id":70,"label":"70","site_id":70}},"right":{"leaf":true,"id":68,"label":"68","site_id":68}}},"right":{"leaf":true,"id":74,"label":"74","site_id":74}},"right":{"leaf":false,"id":161,"left":{"leaf":true,"id":72,"label":"72","site_id":72},"right":{"leaf":false,"id":160,"left":{"leaf":true,"id":75,"label":"75","site_id":75},"right":{"leaf":true,"id":73,"label":"73","site_id":73}}}},"right":{"leaf":false,"id":191,"left":{"leaf":false,"id":187,"left":{"leaf":false,"id":186,"left":{"leaf":false,"id":182,"left":{"leaf":false,"id":181,"left":{"leaf":true,"id":93,"label":"93","site_id":93},"right":{"leaf":true,"id":97,"label":"97","site_id":97}},"right":{"leaf":false,"id":180,"left":{"leaf":true,"id":91,"label":"91","site_id":91},"right":{"leaf":true,"id":98,"label":"98","site_id":98}}},"right":{"leaf":false,"id":184,"left":{"leaf":true,"id":96,"label":"96","site_id":96},"right":{"leaf":true,"id":94,"label":"94","site_id":94}}},"right":{"leaf":false,"id":185,"left":{"leaf":false,"id":183,"left":{"leaf":true,"id":92,"label":"92","site_id":92},"right":{"leaf":true,"id":99,"label":"99","site_id":99}},"right":{"leaf":true,"id":95,"label":"95","site_id":95}}},"right":{"leaf":false,"id":124,"left":{"leaf":false,"id":123,"left":{"leaf":true,"id":19,"label":"19","site_id":19},"right":{"leaf":false,"id":122,"left":{"leaf":false,"id":121,"left":{"leaf":true,"id":21,"label":"21","site_id":21},"right":{"leaf":false,"id":119,"left":{"leaf":false,"id":116,"left":{"leaf":true,"id":20,"label":"20","site_id":20},"right":{"leaf":true,"id":18,"label":"18","site_id":18}},"right":{"leaf":true,"id":26,"label":"26","site_id":26}}},"right":{"leaf":true,"id":23,"label":"23","site_id":23}}},"right":{"leaf":false,"id":120,"left":{"leaf":false,"id":118,"left":{"leaf":true,"id":25,"label":"25","site_id":25},"right":{"leaf":false,"id":117,"left":{"leaf":true,"id":27,"label":"27","site_id":27},"right":{"leaf":true,"id":22,"label":"22","site_id":22}}},"right":{"leaf":true,"id":24,"label":"24","site_id":24}}}}}}},"num_sites":100,"sites":[{"x":258.1023889673212,"y":50.16808032071028,"cluster":0},{"x":233.42284553655006,"y":18.915230090453278,"cluster":0},{"x":221.61277923178065,"y":63.46703596288131,"cluster":0},{"x":260.02792576200386,"y":58.57185183556739,"cluster":0},{"x":259.8172795822262,"y":64.57474057933052,"cluster":0},{"x":245.7348974265957,"y":46.76988850810845,"cluster":0},{"x":241.72433613707562,"y":59.228955232192654,"cluster":0},{"x":242.31686258533824,"y":28.471857601304382,"cluster":0},{"x":376.36532358768767,"y":135.26147882463567,"cluster":1},{"x":332.0112199885628,"y":156.94233262915918,"cluster":1},{"x":319.47192068880037,"y":167.466099913195,"cluster":1},{"x":309.2111206188484,"y":164.52138487080398,"cluster":1},{"x":359.96255346158955,"y":125.17957953571579,"cluster":1},{"x":348.74565322672606,"y":142.5475833797219,"cluster":1},{"x":322.00068414990426,"y":136.15706709432564,"cluster":1},{"x":380.20336027585546,"y":157.99809094544545,"cluster":1},{"x":368.0875261085672,"y":163.86131424426864,"cluster":1},{"x":343.696035219007,"y":173.1965462590294,"cluster":1},{"x":448.95575764943374,"y":256.78960288294445,"cluster":2},{"x":459.6904738057494,"y":270.26550893267256,"cluster":2},{"x":433.1346392014963,"y":224.563952951974,"cluster":2},{"x":453.69290602334195,"y":274.47427768038943,"cluster":2},{"x":418.5884144260967,"y":228.10767581829649,"cluster":2},{"x":425.4843181376202,"y":272.0482536475698,"cluster":2},{"x":456.8684972479084,"y":257.87626937742345,"cluster":2},{"x":437.1595257740007,"y":234.53994798796109,"cluster":2},{"x":442.5330106971151,"y":254.07923982445692,"cluster":2},{"x":404.17550132636774,"y":246.6581250866454,"cluster":2},{"x":239.40979612763076,"y":119.7718460629911,"cluster":3},{"x":261.014335129179,"y":82.06326811880862,"cluster":3},{"x":217.28943016640258,"y":122.94333279964687,"cluster":3},{"x":264.36606991821645,"y":134.05861487457372,"cluster":3},{"x":229.84958049698224,"y":125.6297957586324,"cluster":3},{"x":264.06539937102934,"y":103.42018453897632,"cluster":3},{"x":244.59211025913478,"y":124.79968982371466,"cluster":3},{"x":262.6596473917154,"y":141.9137834171154,"cluster":3},{"x":86.23567490784028,"y":188.17260192446545,"cluster":4},{"x":60.35969333330128,"y":192.90431182185418,"cluster":4},{"x":88.43339524775512,"y":158.28977289559316,"cluster":4},{"x":111.58040492700124,"y":155.85731362419378,"cluster":4},{"x":105.62211328653613,"y":158.19775863336056,"cluster":4},{"x":114.47121619067806,"y":174.98748545308882,"cluster":4},{"x":81.60608212209038,"y":195.92497976990697,"cluster":4},{"x":90.31471364937458,"y":166.91477049402727,"cluster":4},{"x":111.44722394330174,"y":79.90238811230454,"cluster":5},{"x":111.2490690102913,"y":55.05144491220149,"cluster":5},{"x":130.42719107505627,"y":80.7802941950126,"cluster":5},{"x":99.37436006978032,"y":92.50563975103944,"cluster":5},{"x":88.1194412771771,"y":62.89064467787203,"cluster":5},{"x":137.3322295643144,"y":94.16391753330592,"cluster":5},{"x":128.21718496397247,"y":68.19655272720364,"cluster":5},{"x":117.60959296152365,"y":97.32509303029425,"cluster":5},{"x":340.2342221644766,"y":257.09062590095095,"cluster":6},{"x":342.77887038670167,"y":241.97131424418174,"cluster":6},{"x":304.06418757526154,"y":264.6482653453199,"cluster":6},{"x":292.38258932654145,"y":277.766884742023,"cluster":6},{"x":326.42308882530523,"y":280.6182878014512,"cluster":6},{"x":311.28214967296367,"y":275.0162259354278,"cluster":6},{"x":295.4034278482659,"y":237.13738537786662,"cluster":6},{"x":281.7750045467125,"y":73.28706923272199,"cluster":7},{"x":281.40692597733636,"y":39.42095413705496,"cluster":7},{"x":312.2624965854373,"y":92.82054330851518,"cluster":7},{"x":288.47975937181803,"y":79.03876406505563,"cluster":7},{"x":301.85343903593906,"y":65.81462516469517,"cluster":7},{"x":258.1706707282242,"y":59.907404432355634,"cluster":7},{"x":299.962162551759,"y":78.61787337246281,"cluster":7},{"x":292.56246125270195,"y":49.176700602474206,"cluster":7},{"x":245.7137106268423,"y":44.89546000245099,"cluster":7},{"x":435.96631214139234,"y":87.19687391753536,"cluster":8},{"x":482.0295674786844,"y":112.62677221849022,"cluster":8},{"x":454.51952280094315,"y":115.21963813487511,"cluster":8},{"x":473.76652064803125,"y":120.83593722051509,"cluster":8},{"x":445.0841357489095,"y":129.26548260255538,"cluster":8},{"x":449.365727578259,"y":139.69436851775282,"cluster":8},{"x":448.8075805816922,"y":133.26269385166427,"cluster":8},{"x":437.3671100061428,"y":132.2945432249211,"cluster":8},{"x":111.88514356261192,"y":49.780854668505654,"cluster":9},{"x":92.41046597887136,"y":18.68209877172591,"cluster":9},{"x":102.30591782522127,"y":16.945114210414317,"cluster":9},{"x":124.54482927806595,"y":24.574753265241938,"cluster":9},{"x":94.3482826045165,"y":49.33180271601316,"cluster":9},{"x":92.4126631233928,"y":42.49318297589456,"cluster":9},{"x":83.23994170600295,"y":35.80585230963601,"cluster":9},{"x":304.48462389374504,"y":111.29294452568595,"cluster":10},{"x":249.44175739397247,"y":108.44738461008357,"cluster":10},{"x":244.87940276291798,"y":111.57260769935449,"cluster":10},{"x":270.2698898571512,"y":107.36736283138112,"cluster":10},{"x":265.319969043845,"y":130.60092709310553,"cluster":10},{"x":262.24904557917785,"y":97.24072152487985,"cluster":10},{"x":301.6653231683189,"y":130.16253824029366,"cluster":10},{"x":247.91361295683203,"y":144.1434148664795,"cluster":10},{"x":411.5337790046257,"y":134.44001281838678,"cluster":11},{"x":435.52123696106025,"y":172.767540959401,"cluster":11},{"x":471.6477783863769,"y":146.69324012570772,"cluster":11},{"x":434.05117190625964,"y":143.84641529427094,"cluster":11},{"x":425.2549489772262,"y":140.96511088195567,"cluster":11},{"x":417.50239466491007,"y":160.97991577168477,"cluster":11},{"x":413.634817146097,"y":123.68197391668579,"cluster":11},{"x":459.888902100945,"y":139.13526906778512,"cluster":11},{"x":411.2120886175142,"y":148.83342890927793,"cluster":11}],"num_clusters":12}