{"title":"cluster-n90-c11-r8-s-8266873220921157988","map_width":500,"map_height":300,"num_leaves":90,"tree":{"leaf":false,"id":178,"left":{"leaf":false,"id":171,"left":{"leaf":false,"id":170,"left":{"leaf":false,"id":122,"left":{"leaf":false,"id":121,"left":{"leaf":false,"id":120,"left":{"leaf":false,"id":119,"left":{"leaf":true,"id":30,"label":"30","site_id":30},"right":{"leaf":false,"id":117,"left":{"leaf":true,"id":33,"label":"33","site_id":33},"right":{"leaf":true,"id":32,"label":"32","site_id":32}}},"right":{"leaf":false,"id":118,"left":{"leaf":true,"id":35,"label":"35","site_id":35},"right":{"leaf":true,"id":34,"label":"34","site_id":34}}},"right":{"leaf":true,"id":37,"label":"37","site_id":37}},"right":{"leaf":false,"id":116,"left":{"leaf":true,"id":31,"label":"31","site_id":31},"right":{"leaf":true,"id":36,"label":"36","site_id":36}}},"right":{"leaf":false,"id":168,"left":{"leaf":false,"id":167,"left":{"leaf":false,"id":165,"left":{"leaf":true,"id":85,"label":"85","site_id":85},"right":{"leaf":false,"id":163,"left":{"leaf":true,"id":86,"label":"86","site_id":86},"right":{"leaf":false,"id":162,"left":{"leaf":false,"id":161,"left":{"leaf":true,"id":82,"label":"82","site_id":82},"right":{"leaf":true,"id":87,"label":"87","site_id":87}},"right":{"leaf":true,"id":88,"label":"88","site_id":88}}}},"right":{"leaf":false,"id":164,"left":{"leaf":true,"id":81,"label":"81","site_id":81},"right":{"leaf":true,"id":83,"label":"83","site_id":83}}},"right":{"leaf":false,"id":166,"left":{"leaf":true,"id":84,"label":"84","site_id":84},"right":{"leaf":true,"id":89,"label":"89","site_id":89}}}},"right":{"leaf":false,"id":169,"left":{"leaf":false,"id":107,"left":{"leaf":false,"id":106,"left":{"leaf":true,"id":20,"label":"20","site_id":20},"right":{"leaf":true,"id":17,"label":"17","site_id":17}},"right":{"leaf":false,"id":105,"left":{"leaf":true,"id":18,"label":"18","site_id":18},"right":{"leaf":false,"id":104,"left":{"leaf":false,"id":101,"left":{"leaf":true,"id":19,"label":"19","site_id":19},"right":{"leaf":true,"id":13,"label":"13","site_id":13}},"right":{"leaf":false,"id":103,"left":{"leaf":false,"id":102,"left":{"leaf":true,"id":14,"label":"14","site_id":14},"right":{"leaf":true,"id":15,"label":"15","site_id":15}},"right":{"leaf":true,"id":16,"label":"16","site_id":16}}}}},"right":{"leaf":false,"id":100,"left":{"leaf":false,"id":99,"left":{"leaf":false,"id":98,"left":{"leaf":true,"id":11,"label":"11","site_id":11},"right":{"leaf":false,"id":97,"left":{"leaf":true,"id":7,"label":"7","site_id":7},"right":{"leaf":true,"id":8,"label":"8","site_id":8}}},"right":{"leaf":false,"id":96,"left":{"leaf":true,"id":6,"label":"6","site_id":6},"right":{"leaf":true,"id":9,"label":"9","site_id":9}}},"right":{"leaf":false,"id":95,"left":{"leaf":true,"id":12,"label":"12","site_id":12},"right":{"leaf":true,"id":10,"label":"10","site_id":10}}}}},"right":{"leaf":false,"id":177,"left":{"leaf":false,"id":174,"left":{"leaf":false,"id":140,"left":{"leaf":true,"id":54,"label":"54","site_id":54},"right":{"leaf":false,"id":139,"left":{"leaf":true,"id":53,"label":"53","site_id":53},"right":{"leaf":false,"id":138,"left":{"leaf":false,"id":137,"left":{"leaf":false,"id":136,"left":{"leaf":true,"id":55,"label":"55","site_id":55},"right":{"leaf":true,"id":57,"label":"57","site_id":57}},"right":{"leaf":true,"id":58,"label":"58","site_id":58}},"right":{"leaf":true,"id":56,"label":"56","site_id":56}}}},"right":{"leaf":false,"id":135,"left":{"leaf":false,"id":134,"left":{"leaf":false,"id":133,"left":{"leaf":true,"id":48,"label":"48","site_id":48},"right":{"leaf":false,"id":130,"left":{"leaf":true,"id":52,"label":"52","site_id":52},"right":{"leaf":true,"id":46,"label":"46","site_id":46}}},"right":{"leaf":true,"id":47,"label":"47","site_id":47}},"right":{"leaf":false,"id":132,"left":{"leaf":true,"id":51,"label":"51","site_id":51},"right":{"leaf":false,"id":131,"left":{"leaf":true,"id":50,"label":"50","site_id":50},"right":{"leaf":true,"id":49,"label":"49","site_id":49}}}}},"right":{"leaf":false,"id":176,"left":{"leaf":false,"id":129,"left":{"leaf":false,"id":123,"left":{"leaf":true,"id":38,"label":"38","site_id":38},"right":{"leaf":true,"id":39,"label":"39","site_id":39}},"right":{"leaf":false,"id":128,"left":{"leaf":false,"id":126,"left":{"leaf":true,"id":41,"label":"41","site_id":41},"right":{"leaf":true,"id":42,"label":"42","site_id":42}},"right":{"leaf":false,"id":127,"left":{"leaf":false,"id":125,"left":{"leaf":true,"id":43,"label":"43","site_id":43},"right":{"leaf":true,"id":44,"label":"44","site_id":44}},"right":{"leaf":false,"id":124,"left":{"leaf":true,"id":40,"label":"40","site_id":40},"right":{"leaf":true,"id":45,"label":"45","site_id":45}}}}},"right":{"leaf":false,"id":175,"left":{"leaf":false,"id":173,"left":{"leaf":false,"id":172,"left":{"leaf":false,"id":147,"left":{"leaf":true,"id":66,"label":"66","site_id":66},"right":{"leaf":false,"id":146,"left":{"leaf":true,"id":62,"label":"62","site_id":62},"right":{"leaf":false,"id":145,"left":{"leaf":true,"id":61,"label":"61","site_id":61},"right":{"leaf":false,"id":144,"left":{"leaf":false,"id":142,"left":{"leaf":true,"id":64,"label":"64","site_id":64},"right":{"leaf":true,"id":59,"label":"59","site_id":59}},"right":{"leaf":false,"id":143,"left":{"leaf":true,"id":60,"label":"60","site_id":60},"right":{"leaf":false,"id":141,"left":{"leaf":true,"id":63,"label":"63","site_id":63},"right":{"leaf":true,"id":65,"label":"65","site_id":65}}}}}}},"right":{"leaf":false,"id":160,"left":{"leaf":false,"id":159,"left":{"leaf":false,"id":157,"left":{"leaf":false,"id":153,"left":{"leaf":true,"id":67,"label":"67","site_id":67},"right":{"leaf":false,"id":152,"left":{"leaf":true,"id":79,"label":"79","site_id":79},"right":{"leaf":false,"id":151,"left":{"leaf":true,"id":75,"label":"75","site_id":75},"right":{"leaf":false,"id":150,"left":{"leaf":true,"id":71,"label":"71","site_id":71},"right":{"leaf":true,"id":70,"label":"70","site_id":70}}}}},"right":{"leaf":true,"id":76,"label":"76","site_id":76}},"right":{"leaf":false,"id":154,"left":{"leaf":true,"id":78,"label":"78","site_id":78},"right":{"leaf":false,"id":148,"left":{"leaf":true,"id":73,"label":"73","site_id":73},"right":{"leaf":true,"id":74,"label":"74","site_id":74}}}},"right":{"leaf":false,"id":158,"left":{"leaf":false,"id":156,"left":{"leaf":false,"id":155,"left":{"leaf":true,"id":69,"label":"69","site_id":69},"right":{"leaf":false,"id":149,"left":{"leaf":true,"id":68,"label":"68","site_id":68},"right":{"leaf":true,"id":77,"label":"77","site_id":77}}},"right":{"leaf":true,"id":72,"label":"72","site_id":72}},"right":{"leaf":true,"id":80,"label":"80","site_id":80}}}},"right":{"leaf":false,"id":94,"left":{"leaf":false,"id":93,"left":{"leaf":false,"id":92,"left":{"leaf":false,"id":91,"left":{"leaf":true,"id":1,"label":"1","site_id":1},"right":{"leaf":true,"id":3,"label":"3","site_id":3}},"right":{"leaf":true,"id":4,"label":"4","site_id":4}},"right":{"leaf":false,"id":90,"left":{"leaf":true,"id":5,"label":"5","site_id":5},"right":{"leaf":true,"id":0,"label":"0","site_id":0}}},"right":{"leaf":true,"id":2,"label":"2","site_id":2}}},"right":{"leaf":false,"id":115,"left":{"leaf":false,"id":114,"left":{"leaf":false,"id":113,"left":{"leaf":true,"id":23,"label":"23","site_id":23},"right":{"leaf":false,"id":111,"left":{"leaf":false,"id":110,"left":{"leaf":false,"id":109,"left":{"leaf":true,"id":26,"label":"26","site_id":26},"right":{"leaf":false,"id":108,"left":{"leaf":true,"id":24,"label":"24","site_id":24},"right":{"leaf":true,"id":22,"label":"22","site_id":22}}},"right":{"leaf":true,"id":21,"label":"21","site_id":21}},"right":{"leaf":true,"id":25,"label":"25","site_id":25}}},"right":{"leaf":true,"id":27,"label":"27","site_id":27}},"right":{"leaf":false,"id":112,"left":{"leaf":true,"id":28,"label":"28","site_id":28},"right":{"leaf":true,"id":29,"label":"29","site_id":29}}}}}}},"num_sites":90,"sites":[{"x":417.01250767268976,"y":137.47678275491387,"cluster":0},{"x":394.83721656709747,"y":142.7960315358958,"cluster":0},{"x":406.3398633200192,"y":121.46785794171242,"cluster":0},{"x":408.5309616793086,"y":153.01871851711485,"cluster":0},{"x":416.0490414187396,"y":173.76308544144035,"cluster":0},{"x":426.4695074031,"y":168.5738050591848,"cluster":0},{"x":206.9781520122861,"y":229.17124784529994,"cluster":1},{"x":155.09504620961934,"y":236.57479600378645,"cluster":1},{"x":196.19130058995756,"y":225.7139516455905,"cluster":1},{"x":209.29300291806103,"y":250.35888574930226,"cluster":1},{"x":212.02915757669365,"y":199.27277367359216,"cluster":1},{"x":175.72670237695974,"y":201.37058082813903,"cluster":1},{"x":161.62427572465194,"y":234.38371440862295,"cluster":1},{"x":180.28403152270783,"y":161.18991545583518,"cluster":2},{"x":195.88782281941096,"y":214.86712622025857,"cluster":2},{"x":205.5278331127755,"y":164.44624888504842,"cluster":2},{"x":156.5664376146126,"y":176.6398876369669,"cluster":2},{"x":145.45676770023454,"y":182.39629700630516,"cluster":2},{"x":189.57990311447656,"y":158.81785599376036,"cluster":2},{"x":195.85399422080738,"y":182.98698605197774,"cluster":2},{"x":174.27846845012039,"y":156.09311419853037,"cluster":2},{"x":216.1258823691729,"y":197.11695637223113,"cluster":3},{"x":189.6702686540297,"y":182.5756604293536,"cluster":3},{"x":244.3763001514456,"y":226.752216077479,"cluster":3},{"x":201.26410933791223,"y":189.55844159529983,"cluster":3},{"x":180.23967272801272,"y":207.80648929994265,"cluster":3},{"x":189.36055228325628,"y":201.54655366816073,"cluster":3},{"x":169.64268202120476,"y":240.90466561889525,"cluster":3},{"x":223.34521518483217,"y":249.1643163159327,"cluster":3},{"x":230.37971843301895,"y":261.06909176714333,"cluster":3},{"x":293.52208578627415,"y":22.41588536250175,"cluster":4},{"x":246.64481309450565,"y":28.396696128018572,"cluster":4},{"x":299.4917670042136,"y":33.740901377871836,"cluster":4},{"x":281.1917838053583,"y":23.63087945366889,"cluster":4},{"x":276.2334407592129,"y":40.28278347963146,"cluster":4},{"x":292.7190690173357,"y":45.40597640206836,"cluster":4},{"x":243.32021156694964,"y":47.65189170499303,"cluster":4},{"x":273.9933292219262,"y":62.53677996716636,"cluster":4},{"x":22.862120284813713,"y":67.0355409662092,"cluster":5},{"x":79.35665469894849,"y":16.988458839072884,"cluster":5},{"x":73.94514658845384,"y":42.4762917480535,"cluster":5},{"x":34.233225443009964,"y":25.86659284539415,"cluster":5},{"x":79.05945117259459,"y":55.71067140968164,"cluster":5},{"x":47.821649195532615,"y":58.28644404319326,"cluster":5},{"x":60.942593698416275,"y":53.55088755253956,"cluster":5},{"x":57.627627760053564,"y":22.204899258697587,"cluster":5},{"x":61.13380393278493,"y":169.7205578183661,"cluster":6},{"x":55.09210278240177,"y":157.70523583870084,"cluster":6},{"x":65.13113224976111,"y":177.19045633480226,"cluster":6},{"x":94.8335364016198,"y":162.89328322744998,"cluster":6},{"x":51.102971324520574,"y":174.64891715016174,"cluster":6},{"x":72.03205978528311,"y":191.97307769199597,"cluster":6},{"x":68.3208991084972,"y":170.8613107048464,"cluster":6},{"x":65.33817745973019,"y":256.7341993006457,"cluster":7},{"x":67.62404442179654,"y":221.40703528201172,"cluster":7},{"x":49.7605535094405,"y":252.50449259259628,"cluster":7},{"x":27.671187244054238,"y":224.5795879980273,"cluster":7},{"x":50.50905928446279,"y":234.90253867592324,"cluster":7},{"x":33.311136538660506,"y":226.2096179590095,"cluster":7},{"x":419.5093658847866,"y":189.0117955538073,"cluster":8},{"x":472.6393116236454,"y":191.08334418628834,"cluster":8},{"x":471.31497664725754,"y":207.49557787060408,"cluster":8},{"x":443.12712743144994,"y":176.79401496424333,"cluster":8},{"x":473.5945100424518,"y":166.02547776449074,"cluster":8},{"x":444.86659712782284,"y":193.129952896428,"cluster":8},{"x":462.7955460363437,"y":227.02665081538692,"cluster":8},{"x":421.87332065053323,"y":184.24686019650164,"cluster":8},{"x":414.5289061897711,"y":259.14781422846704,"cluster":9},{"x":478.12948498204213,"y":260.3501915933253,"cluster":9},{"x":476.3799360869434,"y":223.96838512375848,"cluster":9},{"x":394.3285748892172,"y":237.91346861529536,"cluster":9},{"x":442.33189815531813,"y":258.3094376641725,"cluster":9},{"x":383.78058205336794,"y":224.6779203444033,"cluster":9},{"x":380.03735069965046,"y":255.1402404816679,"cluster":9},{"x":389.5445371101276,"y":233.10453169753953,"cluster":9},{"x":447.7124233893185,"y":228.51502698442016,"cluster":9},{"x":377.47188687245483,"y":278.76086769720587,"cluster":9},{"x":483.57670498311506,"y":262.8593287282697,"cluster":9},{"x":415.96601004562456,"y":280.2235673064903,"cluster":9},{"x":428.389603933581,"y":241.41619633208532,"cluster":9},{"x":444.0895364934851,"y":263.4988796278325,"cluster":9},{"x":395.2083424018498,"y":38.139363627612646,"cluster":10},{"x":421.3260560081678,"y":64.99049310983595,"cluster":10},{"x":385.8486625021127,"y":46.449860437233205,"cluster":10},{"x":371.2018388764981,"y":25.862289789072044,"cluster":10},{"x":387.54911803404264,"y":19.633928348533786,"cluster":10},{"x":432.2848912565765,"y":63.95385805712006,"cluster":10},{"x":408.5073916921505,"y":31.610608121996016,"cluster":10},{"x":390.0202692651554,"y":30.592545085122257,"cluster":10},{"x":376.03771736721274,"y":35.9009585870076,"cluster":10}],"num_clusters":11}