{"title":"cluster-n80-c10-r6-s2839676257692111471","map_width":500,"map_height":300,"num_leaves":80,"tree":{"leaf":false,"id":158,"left":{"leaf":false,"id":155,"left":{"leaf":false,"id":154,"left":{"leaf":false,"id":151,"left":{"leaf":false,"id":114,"left":{"leaf":false,"id":113,"left":{"leaf":false,"id":112,"left":{"leaf":false,"id":111,"left":{"leaf":true,"id":35,"label":"35","site_id":35},"right":{"leaf":false,"id":109,"left":{"leaf":false,"id":107,"left":{"leaf":true,"id":39,"label":"39","site_id":39},"right":{"leaf":true,"id":34,"label":"34","site_id":34}},"right":{"leaf":false,"id":106,"left":{"leaf":true,"id":33,"label":"33","site_id":33},"right":{"leaf":true,"id":29,"label":"29","site_id":29}}}},"right":{"leaf":false,"id":110,"left":{"leaf":true,"id":38,"label":"38","site_id":38},"right":{"leaf":true,"id":31,"label":"31","site_id":31}}},"right":{"leaf":true,"id":36,"label":"36","site_id":36}},"right":{"leaf":false,"id":108,"left":{"leaf":true,"id":32,"label":"32","site_id":32},"right":{"leaf":false,"id":105,"left":{"leaf":true,"id":37,"label":"37","site_id":37},"right":{"leaf":true,"id":30,"label":"30","site_id":30}}}},"right":{"leaf":false,"id":122,"left":{"leaf":false,"id":120,"left":{"leaf":true,"id":42,"label":"42","site_id":42},"right":{"leaf":true,"id":43,"label":"43","site_id":43}},"right":{"leaf":false,"id":121,"left":{"leaf":false,"id":119,"left":{"leaf":false,"id":115,"left":{"leaf":true,"id":41,"label":"41","site_id":41},"right":{"leaf":true,"id":44,"label":"44","site_id":44}},"right":{"leaf":false,"id":118,"left":{"leaf":true,"id":46,"label":"46","site_id":46},"right":{"leaf":true,"id":48,"label":"48","site_id":48}}},"right":{"leaf":false,"id":117,"left":{"leaf":false,"id":116,"left":{"leaf":true,"id":45,"label":"45","site_id":45},"right":{"leaf":true,"id":40,"label":"40","site_id":40}},"right":{"leaf":true,"id":47,"label":"47","site_id":47}}}}},"right":{"leaf":false,"id":152,"left":{"leaf":false,"id":136,"left":{"leaf":true,"id":64,"label":"64","site_id":64},"right":{"leaf":false,"id":135,"left":{"leaf":false,"id":134,"left":{"leaf":false,"id":133,"left":{"leaf":true,"id":63,"label":"63","site_id":63},"right":{"leaf":false,"id":132,"left":{"leaf":false,"id":131,"left":{"leaf":true,"id":61,"label":"61","site_id":61},"right":{"leaf":true,"id":59,"label":"59","site_id":59}},"right":{"leaf":true,"id":60,"label":"60","site_id":60}}},"right":{"leaf":true,"id":62,"label":"62","site_id":62}},"right":{"leaf":true,"id":58,"label":"58","site_id":58}}},"right":{"leaf":false,"id":130,"left":{"leaf":false,"id":129,"left":{"leaf":false,"id":128,"left":{"leaf":false,"id":124,"left":{"leaf":true,"id":52,"label":"52","site_id":52},"right":{"leaf":true,"id":51,"label":"51","site_id":51}},"right":{"leaf":false,"id":127,"left":{"leaf":true,"id":57,"label":"57","site_id":57},"right":{"leaf":true,"id":50,"label":"50","site_id":50}}},"right":{"leaf":false,"id":126,"left":{"leaf":true,"id":49,"label":"49","site_id":49},"right":{"leaf":false,"id":125,"left":{"leaf":true,"id":56,"label":"56","site_id":56},"right":{"leaf":false,"id":123,"left":{"leaf":true,"id":54,"label":"54","site_id":54},"right":{"leaf":true,"id":55,"label":"55","site_id":55}}}}},"right":{"leaf":true,"id":53,"label":"53","site_id":53}}}},"right":{"leaf":false,"id":150,"left":{"leaf":false,"id":92,"left":{"leaf":false,"id":91,"left":{"leaf":false,"id":90,"left":{"leaf":false,"id":89,"left":{"leaf":true,"id":13,"label":"13","site_id":13},"right":{"leaf":true,"id":14,"label":"14","site_id":14}},"right":{"leaf":true,"id":10,"label":"10","site_id":10}},"right":{"leaf":false,"id":88,"left":{"leaf":true,"id":12,"label":"12","site_id":12},"right":{"leaf":true,"id":11,"label":"11","site_id":11}}},"right":{"leaf":true,"id":9,"label":"9","site_id":9}},"right":{"leaf":false,"id":149,"left":{"leaf":false,"id":148,"left":{"leaf":true,"id":78,"label":"78","site_id":78},"right":{"leaf":false,"id":144,"left":{"leaf":true,"id":72,"label":"72","site_id":72},"right":{"leaf":true,"id":75,"label":"75","site_id":75}}},"right":{"leaf":false,"id":147,"left":{"leaf":true,"id":73,"label":"73","site_id":73},"right":{"leaf":false,"id":146,"left":{"leaf":false,"id":143,"left":{"leaf":true,"id":74,"label":"74","site_id":74},"right":{"leaf":true,"id":76,"label":"76","site_id":76}},"right":{"leaf":false,"id":145,"left":{"leaf":true,"id":79,"label":"79","site_id":79},"right":{"leaf":true,"id":77,"label":"77","site_id":77}}}}}}},"right":{"leaf":false,"id":157,"left":{"leaf":false,"id":156,"left":{"leaf":false,"id":104,"left":{"leaf":false,"id":103,"left":{"leaf":false,"id":100,"left":{"leaf":true,"id":26,"label":"26","site_id":26},"right":{"leaf":false,"id":99,"left":{"leaf":true,"id":24,"label":"24","site_id":24},"right":{"leaf":true,"id":23,"label":"23","site_id":23}}},"right":{"leaf":false,"id":102,"left":{"leaf":false,"id":101,"left":{"leaf":true,"id":27,"label":"27","site_id":27},"right":{"leaf":true,"id":22,"label":"22","site_id":22}},"right":{"leaf":true,"id":25,"label":"25","site_id":25}}},"right":{"leaf":true,"id":28,"label":"28","site_id":28}},"right":{"leaf":false,"id":142,"left":{"leaf":false,"id":141,"left":{"leaf":false,"id":140,"left":{"leaf":false,"id":139,"left":{"leaf":true,"id":67,"label":"67","site_id":67},"right":{"leaf":false,"id":138,"left":{"leaf":true,"id":68,"label":"68","site_id":68},"right":{"leaf":false,"id":137,"left":{"leaf":true,"id":66,"label":"66","site_id":66},"right":{"leaf":true,"id":65,"label":"65","site_id":65}}}},"right":{"leaf":true,"id":69,"label":"69","site_id":69}},"right":{"leaf":true,"id":70,"label":"70","site_id":70}},"right":{"leaf":true,"id":71,"label":"71","site_id":71}}},"right":{"leaf":false,"id":153,"left":{"leaf":false,"id":87,"left":{"leaf":true,"id":8,"label":"8","site_id":8},"right":{"leaf":false,"id":86,"left":{"leaf":false,"id":85,"left":{"leaf":false,"id":83,"left":{"leaf":true,"id":2,"label":"2","site_id":2},"right":{"leaf":true,"id":5,"label":"5","site_id":5}},"right":{"leaf":false,"id":82,"left":{"leaf":false,"id":80,"left":{"leaf":true,"id":4,"label":"4","site_id":4},"right":{"leaf":true,"id":0,"label":"0","site_id":0}},"right":{"leaf":false,"id":81,"left":{"leaf":true,"id":6,"label":"6","site_id":6},"right":{"leaf":true,"id":3,"label":"3","site_id":3}}}},"right":{"leaf":false,"id":84,"left":{"leaf":true,"id":7,"label":"7","site_id":7},"right":{"leaf":true,"id":1,"label":"1","site_id":1}}}},"right":{"leaf":false,"id":98,"left":{"leaf":false,"id":97,"left":{"leaf":false,"id":96,"left":{"leaf":false,"id":95,"left":{"leaf":true,"id":21,"label":"21","site_id":21},"right":{"leaf":true,"id":15,"label":"15","site_id":15}},"right":{"leaf":true,"id":18,"label":"18","site_id":18}},"right":{"leaf":false,"id":94,"left":{"leaf":true,"id":19,"label":"19","site_id":19},"right":{"leaf":false,"id":93,"left":{"leaf":true,"id":20,"label":"20","site_id":20},"right":{"leaf":true,"id":16,"label":"16","site_id":16}}}},"right":{"leaf":true,"id":17,"label":"17","site_id":17}}}}},"num_sites":80,"sites":[{"x":355.17996562977544,"y":28.085224439796463,"cluster":0},{"x":360.4259447228178,"y":29.00797438639156,"cluster":0},{"x":299.4704447654427,"y":82.92495452734099,"cluster":0},{"x":336.713987886501,"y":45.30054720641655,"cluster":0},{"x":341.20682105368184,"y":36.016841898419905,"cluster":0},{"x":316.43932297785085,"y":69.40521199247962,"cluster":0},{"x":345.81625342172345,"y":52.16542569184105,"cluster":0},{"x":334.83977951524264,"y":75.41562853351107,"cluster":0},{"x":313.4280782964612,"y":112.17840644206828,"cluster":0},{"x":138.0068494120332,"y":245.71254994759488,"cluster":1},{"x":144.4019563792474,"y":202.67345617609104,"cluster":1},{"x":194.09292141629982,"y":208.2886754147811,"cluster":1},{"x":164.89472671953908,"y":232.31889901636913,"cluster":1},{"x":148.97527984519942,"y":223.32142998086275,"cluster":1},{"x":141.1715263722619,"y":188.77944742401087,"cluster":1},{"x":143.52980680863786,"y":52.56997267199441,"cluster":2},{"x":196.26531566508675,"y":74.63151017661997,"cluster":2},{"x":181.3751607382123,"y":15.570542939802305,"cluster":2},{"x":180.46864629711476,"y":56.954774599596405,"cluster":2},{"x":176.67409262149332,"y":41.718105628291845,"cluster":2},{"x":175.53155776459636,"y":36.16413558635511,"cluster":2},{"x":152.87560035237345,"y":21.775600300193126,"cluster":2},{"x":209.10594425506613,"y":27.14535511852701,"cluster":3},{"x":236.61470896894667,"y":68.7824327969994,"cluster":3},{"x":238.4581469094505,"y":55.45246778375829,"cluster":3},{"x":208.9039867850968,"y":70.98582574875233,"cluster":3},{"x":223.20042615849712,"y":24.93091084821983,"cluster":3},{"x":180.63131172303784,"y":49.08967522910761,"cluster":3},{"x":200.6614297192962,"y":42.941051592791325,"cluster":3},{"x":392.935887671077,"y":241.1974872674235,"cluster":4},{"x":367.1585884647573,"y":216.2470809677528,"cluster":4},{"x":365.31035010396846,"y":181.46900123540965,"cluster":4},{"x":336.8603425562905,"y":181.33616836564664,"cluster":4},{"x":402.84163472596424,"y":253.9206613189817,"cluster":4},{"x":413.3536879774581,"y":250.12606340512065,"cluster":4},{"x":402.56873359640383,"y":247.24911638199393,"cluster":4},{"x":336.1263345697852,"y":219.22324404134528,"cluster":4},{"x":354.88934600068507,"y":256.1672921288606,"cluster":4},{"x":401.34096751291116,"y":183.138299331906,"cluster":4},{"x":380.1313196064879,"y":253.68385515631482,"cluster":4},{"x":40.96034707970838,"y":241.93600158501744,"cluster":5},{"x":45.54253019375822,"y":258.20701490487977,"cluster":5},{"x":106.56807299945379,"y":199.0391156332609,"cluster":5},{"x":57.79853618851276,"y":204.94418121725568,"cluster":5},{"x":53.12811326434067,"y":280.48571771483597,"cluster":5},{"x":78.59643745589294,"y":272.7761846341285,"cluster":5},{"x":79.51394604112537,"y":195.72935207665893,"cluster":5},{"x":56.48022111176007,"y":251.39647968522485,"cluster":5},{"x":87.50280541198529,"y":229.31168320276862,"cluster":5},{"x":317.84702044696786,"y":211.5218618829033,"cluster":6},{"x":293.52358034883343,"y":208.96009473088048,"cluster":6},{"x":296.1828136570374,"y":234.21955064168137,"cluster":6},{"x":321.0268817154523,"y":284.5317549834215,"cluster":6},{"x":275.3714305622523,"y":245.51990399947664,"cluster":6},{"x":275.42199001075164,"y":258.7460520822369,"cluster":6},{"x":288.36790189382117,"y":236.74292306753824,"cluster":6},{"x":296.8127089045772,"y":250.03931176095983,"cluster":6},{"x":286.4360320644277,"y":271.6555966699794,"cluster":6},{"x":172.21869203259578,"y":113.54486541376484,"cluster":7},{"x":180.58029546211884,"y":89.52023430352034,"cluster":7},{"x":162.7248770976125,"y":118.85284660202775,"cluster":7},{"x":192.81043891126416,"y":72.22216814697154,"cluster":7},{"x":146.46470424796837,"y":78.63820580849733,"cluster":7},{"x":158.2934330142259,"y":89.39495460896501,"cluster":7},{"x":187.36729548396252,"y":114.01356781316439,"cluster":7},{"x":97.12340991583373,"y":214.75265668646063,"cluster":8},{"x":129.883182310464,"y":252.16777184878987,"cluster":8},{"x":95.43184425725566,"y":273.43670400978255,"cluster":8},{"x":124.00077915053582,"y":252.54843391310368,"cluster":8},{"x":93.61726327868041,"y":253.74670583754215,"cluster":8},{"x":119.75878851544643,"y":273.7982353811227,"cluster":8},{"x":98.4975666375848,"y":235.84869911103343,"cluster":8},{"x":220.62710154687406,"y":109.3692731789494,"cluster":9},{"x":241.44527444799579,"y":32.892895220611315,"cluster":9},{"x":201.93778199428283,"y":99.47051466420106,"cluster":9},{"x":240.09101584583263,"y":82.51282204043962,"cluster":9},{"x":233.20097880999478,"y":61.90279353132109,"cluster":9},{"x":267.0483907220888,"y":42.15026394111331,"cluster":9},{"x":267.11351754755657,"y":77.56778540389675,"cluster":9},{"x":238.60007003752244,"y":106.4893503288286,"cluster":9}],"num_clusters":10}