{"title":"cluster-n55-c7-r1-s8520181221404153971","map_width":500,"map_height":300,"num_leaves":55,"tree":{"leaf":false,"id":108,"left":{"leaf":false,"id":105,"left":{"leaf":false,"id":104,"left":{"leaf":false,"id":78,"left":{"leaf":false,"id":76,"left":{"leaf":false,"id":74,"left":{"leaf":true,"id":24,"label":"24","site_id":24},"right":{"leaf":false,"id":70,"left":{"leaf":true,"id":21,"label":"21","site_id":21},"right":{"leaf":true,"id":19,"label":"19","site_id":19}}},"right":{"leaf":false,"id":75,"left":{"leaf":true,"id":17,"label":"17","site_id":17},"right":{"leaf":true,"id":18,"label":"18","site_id":18}}},"right":{"leaf":false,"id":77,"left":{"leaf":true,"id":26,"label":"26","site_id":26},"right":{"leaf":false,"id":73,"left":{"leaf":true,"id":20,"label":"20","site_id":20},"right":{"leaf":false,"id":72,"left":{"leaf":false,"id":71,"left":{"leaf":true,"id":23,"label":"23","site_id":23},"right":{"leaf":true,"id":22,"label":"22","site_id":22}},"right":{"leaf":true,"id":25,"label":"25","site_id":25}}}}},"right":{"leaf":false,"id":103,"left":{"leaf":false,"id":95,"left":{"leaf":false,"id":92,"left":{"leaf":true,"id":41,"label":"41","site_id":41},"right":{"leaf":true,"id":46,"label":"46","site_id":46}},"right":{"leaf":false,"id":94,"left":{"leaf":false,"id":91,"left":{"leaf":true,"id":44,"label":"44","site_id":44},"right":{"leaf":true,"id":43,"label":"43","site_id":43}},"right":{"leaf":false,"id":93,"left":{"leaf":true,"id":45,"label":"45","site_id":45},"right":{"leaf":true,"id":42,"label":"42","site_id":42}}}},"right":{"leaf":false,"id":69,"left":{"leaf":false,"id":64,"left":{"leaf":true,"id":11,"label":"11","site_id":11},"right":{"leaf":true,"id":8,"label":"8","site_id":8}},"right":{"leaf":false,"id":68,"left":{"leaf":false,"id":65,"left":{"leaf":true,"id":14,"label":"14","site_id":14},"right":{"leaf":true,"id":9,"label":"9","site_id":9}},"right":{"leaf":false,"id":67,"left":{"leaf":false,"id":66,"left":{"leaf":true,"id":15,"label":"15","site_id":15},"right":{"leaf":false,"id":61,"left":{"leaf":true,"id":7,"label":"7","site_id":7},"right":{"leaf":true,"id":13,"label":"13","site_id":13}}},"right":{"leaf":false,"id":63,"left":{"leaf":true,"id":16,"label":"16","site_id":16},"right":{"leaf":false,"id":62,"left":{"leaf":true,"id":10,"label":"10","site_id":10},"right":{"leaf":true,"id":12,"label":"12","site_id":12}}}}}}}},"right":{"leaf":false,"id":85,"left":{"leaf":false,"id":84,"left":{"leaf":false,"id":83,"left":{"leaf":false,"id":81,"left":{"leaf":true,"id":31,"label":"31","site_id":31},"right":{"leaf":false,"id":80,"left":{"leaf":false,"id":79,"left":{"leaf":true,"id":27,"label":"27","site_id":27},"right":{"leaf":true,"id":29,"label":"29","site_id":29}},"right":{"leaf":true,"id":28,"label":"28","site_id":28}}},"right":{"leaf":true,"id":33,"label":"33","site_id":33}},"right":{"leaf":true,"id":34,"label":"34","site_id":34}},"right":{"leaf":false,"id":82,"left":{"leaf":true,"id":30,"label":"30","site_id":30},"right":{"leaf":true,"id":32,"label":"32","site_id":32}}}},"right":{"leaf":false,"id":107,"left":{"leaf":false,"id":60,"left":{"leaf":false,"id":58,"left":{"leaf":true,"id":6,"label":"6","site_id":6},"right":{"leaf":true,"id":1,"label":"1","site_id":1}},"right":{"leaf":false,"id":59,"left":{"leaf":true,"id":5,"label":"5","site_id":5},"right":{"leaf":false,"id":57,"left":{"leaf":false,"id":56,"left":{"leaf":true,"id":4,"label":"4","site_id":4},"right":{"leaf":true,"id":3,"label":"3","site_id":3}},"right":{"leaf":false,"id":55,"left":{"leaf":true,"id":2,"label":"2","site_id":2},"right":{"leaf":true,"id":0,"label":"0","site_id":0}}}}},"right":{"leaf":false,"id":106,"left":{"leaf":false,"id":90,"left":{"leaf":false,"id":86,"left":{"leaf":true,"id":38,"label":"38","site_id":38},"right":{"leaf":true,"id":40,"label":"40","site_id":40}},"right":{"leaf":false,"id":89,"left":{"leaf":false,"id":88,"left":{"leaf":false,"id":87,"left":{"leaf":true,"id":39,"label":"39","site_id":39},"right":{"leaf":true,"id":36,"label":"36","site_id":36}},"right":{"leaf":true,"id":37,"label":"37","site_id":37}},"right":{"leaf":true,"id":35,"label":"35","site_id":35}}},"right":{"leaf":false,"id":102,"left":{"leaf":false,"id":101,"left":{"leaf":false,"id":100,"left":{"leaf":false,"id":98,"left":{"leaf":false,"id":97,"left":{"leaf":true,"id":53,"label":"53","site_id":53},"right":{"leaf":true,"id":47,"label":"47","site_id":47}},"right":{"leaf":true,"id":54,"label":"54","site_id":54}},"right":{"leaf":true,"id":49,"label":"49","site_id":49}},"right":{"leaf":false,"id":99,"left":{"leaf":false,"id":96,"left":{"leaf":true,"id":52,"label":"52","site_id":52},"right":{"leaf":true,"id":51,"label":"51","site_id":51}},"right":{"leaf":true,"id":48,"label":"48","site_id":48}}},"right":{"leaf":true,"id":50,"label":"50","site_id":50}}}}},"num_sites":55,"sites":[{"x":233.95513958468618,"y":80.41307025920526,"cluster":0},{"x":187.44475573667768,"y":102.75146802818735,"cluster":0},{"x":227.7699034004719,"y":76.42427914150304,"cluster":0},{"x":237.82419984709,"y":37.58634007830344,"cluster":0},{"x":222.98429388675711,"y":30.910947509417547,"cluster":0},{"x":232.42629404949847,"y":68.86175997016183,"cluster":0},{"x":231.12125103673583,"y":99.1920479478528,"cluster":0},{"x":368.18959147048344,"y":206.27643759488222,"cluster":1},{"x":393.31974750869756,"y":179.6606554720929,"cluster":1},{"x":440.47039650457214,"y":233.32173783132907,"cluster":1},{"x":408.373294281792,"y":227.8580666932894,"cluster":1},{"x":385.67376973629484,"y":116.03724805743202,"cluster":1},{"x":381.8952682859519,"y":157.84131931071835,"cluster":1},{"x":403.89741051547713,"y":208.83777114238296,"cluster":1},{"x":430.9159347669034,"y":125.20390214200773,"cluster":1},{"x":372.4618575712894,"y":219.37174963267768,"cluster":1},{"x":447.56319011802,"y":166.5545256421755,"cluster":1},{"x":469.9365359380063,"y":67.64035197790633,"cluster":2},{"x":446.17679483305943,"y":116.76312134268315,"cluster":2},{"x":390.9234173787307,"y":127.10067311553145,"cluster":2},{"x":388.01362481914634,"y":150.26374572401335,"cluster":2},{"x":483.65595123965204,"y":114.99915711278412,"cluster":2},{"x":400.8489933364155,"y":40.66487823272874,"cluster":2},{"x":451.0612067319516,"y":41.28401894087456,"cluster":2},{"x":412.0539873635877,"y":180.79890259723268,"cluster":2},{"x":459.11864325889513,"y":97.72290046529214,"cluster":2},{"x":473.34786710287744,"y":178.45119389987752,"cluster":2},{"x":92.90736427422414,"y":230.9396506454578,"cluster":3},{"x":100.38479196425189,"y":194.55187454036457,"cluster":3},{"x":104.41995600814971,"y":230.27580022366587,"cluster":3},{"x":136.8258306967623,"y":247.5978607518558,"cluster":3},{"x":62.5243830047984,"y":163.8203651640885,"cluster":3},{"x":91.97385170055118,"y":258.1746170108321,"cluster":3},{"x":114.59646045165272,"y":202.80814538170347,"cluster":3},{"x":122.74109533019521,"y":206.38473048848198,"cluster":3},{"x":22.3961839380069,"y":145.19074674169974,"cluster":4},{"x":50.38827693551176,"y":148.84708221329984,"cluster":4},{"x":50.02431466135181,"y":111.30174129942705,"cluster":4},{"x":73.75680576147418,"y":78.5363250628161,"cluster":4},{"x":50.75212384538165,"y":139.00629918378783,"cluster":4},{"x":40.556078968635646,"y":82.5365099624533,"cluster":4},{"x":442.33110276040634,"y":98.21756172365028,"cluster":5},{"x":370.48122756238166,"y":115.15108949519886,"cluster":5},{"x":380.59330654757287,"y":47.59825589073182,"cluster":5},{"x":404.2340467878864,"y":86.91222154433706,"cluster":5},{"x":401.10051768397096,"y":66.9408973483612,"cluster":5},{"x":422.45748737908264,"y":76.68851150169175,"cluster":5},{"x":369.677535294386,"y":42.3856300243059,"cluster":6},{"x":327.4072238179259,"y":36.01183556460595,"cluster":6},{"x":330.7051926848429,"y":53.80786671551,"cluster":6},{"x":342.67911768641176,"y":134.2577366052744,"cluster":6},{"x":345.2633998494163,"y":113.27239653820573,"cluster":6},{"x":369.95504548560154,"y":73.48453280637804,"cluster":6},{"x":337.5245792088857,"y":57.546005180047544,"cluster":6},{"x":288.44723881063203,"y":34.370463699885484,"cluster":6}],"num_clusters":7}