{"title":"cluster-n65-c8-r7-s1132486012048478692","map_width":500,"map_height":300,"num_leaves":65,"tree":{"leaf":false,"id":128,"left":{"leaf":false,"id":127,"left":{"leaf":false,"id":125,"left":{"leaf":false,"id":123,"left":{"leaf":false,"id":113,"left":{"leaf":true,"id":51,"label":"51","site_id":51},"right":{"leaf":false,"id":112,"left":{"leaf":false,"id":111,"left":{"leaf":false,"id":109,"left":{"leaf":true,"id":55,"label":"55","site_id":55},"right":{"leaf":true,"id":53,"label":"53","site_id":53}},"right":{"leaf":true,"id":52,"label":"52","site_id":52}},"right":{"leaf":false,"id":110,"left":{"leaf":true,"id":54,"label":"54","site_id":54},"right":{"leaf":false,"id":108,"left":{"leaf":true,"id":49,"label":"49","site_id":49},"right":{"leaf":true,"id":50,"label":"50","site_id":50}}}}},"right":{"leaf":false,"id":98,"left":{"leaf":false,"id":97,"left":{"leaf":true,"id":37,"label":"37","site_id":37},"right":{"leaf":false,"id":96,"left":{"leaf":false,"id":94,"left":{"leaf":true,"id":33,"label":"33","site_id":33},"right":{"leaf":true,"id":34,"label":"34","site_id":34}},"right":{"leaf":true,"id":36,"label":"36","site_id":36}}},"right":{"leaf":false,"id":95,"left":{"leaf":false,"id":93,"left":{"leaf":true,"id":35,"label":"35","site_id":35},"right":{"leaf":true,"id":38,"label":"38","site_id":38}},"right":{"leaf":true,"id":32,"label":"32","site_id":32}}}},"right":{"leaf":false,"id":124,"left":{"leaf":false,"id":107,"left":{"leaf":false,"id":102,"left":{"leaf":true,"id":48,"label":"48","site_id":48},"right":{"leaf":true,"id":44,"label":"44","site_id":44}},"right":{"leaf":false,"id":106,"left":{"leaf":false,"id":105,"left":{"leaf":false,"id":104,"left":{"leaf":true,"id":40,"label":"40","site_id":40},"right":{"leaf":false,"id":101,"left":{"leaf":true,"id":39,"label":"39","site_id":39},"right":{"leaf":true,"id":42,"label":"42","site_id":42}}},"right":{"leaf":false,"id":103,"left":{"leaf":false,"id":100,"left":{"leaf":false,"id":99,"left":{"leaf":true,"id":41,"label":"41","site_id":41},"right":{"leaf":true,"id":43,"label":"43","site_id":43}},"right":{"leaf":true,"id":45,"label":"45","site_id":45}},"right":{"leaf":true,"id":47,"label":"47","site_id":47}}},"right":{"leaf":true,"id":46,"label":"46","site_id":46}}},"right":{"leaf":false,"id":69,"left":{"leaf":false,"id":68,"left":{"leaf":false,"id":67,"left":{"leaf":true,"id":5,"label":"5","site_id":5},"right":{"leaf":true,"id":2,"label":"2","site_id":2}},"right":{"leaf":true,"id":1,"label":"1","site_id":1}},"right":{"leaf":false,"id":66,"left":{"leaf":false,"id":65,"left":{"leaf":true,"id":3,"label":"3","site_id":3},"right":{"leaf":true,"id":0,"label":"0","site_id":0}},"right":{"leaf":true,"id":4,"label":"4","site_id":4}}}}},"right":{"leaf":false,"id":126,"left":{"leaf":false,"id":121,"left":{"leaf":false,"id":120,"left":{"leaf":true,"id":56,"label":"56","site_id":56},"right":{"leaf":false,"id":119,"left":{"leaf":false,"id":115,"left":{"leaf":true,"id":61,"label":"61","site_id":61},"right":{"leaf":true,"id":62,"label":"62","site_id":62}},"right":{"leaf":false,"id":114,"left":{"leaf":true,"id":57,"label":"57","site_id":57},"right":{"leaf":true,"id":59,"label":"59","site_id":59}}}},"right":{"leaf":false,"id":118,"left":{"leaf":false,"id":117,"left":{"leaf":true,"id":58,"label":"58","site_id":58},"right":{"leaf":false,"id":116,"left":{"leaf":true,"id":64,"label":"64","site_id":64},"right":{"leaf":true,"id":63,"label":"63","site_id":63}}},"right":{"leaf":true,"id":60,"label":"60","site_id":60}}},"right":{"leaf":false,"id":122,"left":{"leaf":false,"id":79,"left":{"leaf":false,"id":78,"left":{"leaf":false,"id":77,"left":{"leaf":false,"id":76,"left":{"leaf":true,"id":14,"label":"14","site_id":14},"right":{"leaf":true,"id":9,"label":"9","site_id":9}},"right":{"leaf":false,"id":70,"left":{"leaf":true,"id":12,"label":"12","site_id":12},"right":{"leaf":true,"id":11,"label":"11","site_id":11}}},"right":{"leaf":false,"id":75,"left":{"leaf":false,"id":71,"left":{"leaf":true,"id":16,"label":"16","site_id":16},"right":{"leaf":true,"id":8,"label":"8","site_id":8}},"right":{"leaf":false,"id":74,"left":{"leaf":false,"id":73,"left":{"leaf":true,"id":6,"label":"6","site_id":6},"right":{"leaf":false,"id":72,"left":{"leaf":true,"id":15,"label":"15","site_id":15},"right":{"leaf":true,"id":10,"label":"10","site_id":10}}},"right":{"leaf":true,"id":7,"label":"7","site_id":7}}}},"right":{"leaf":true,"id":13,"label":"13","site_id":13}},"right":{"leaf":false,"id":92,"left":{"leaf":true,"id":27,"label":"27","site_id":27},"right":{"leaf":false,"id":91,"left":{"leaf":false,"id":90,"left":{"leaf":false,"id":87,"left":{"leaf":true,"id":25,"label":"25","site_id":25},"right":{"leaf":true,"id":29,"label":"29","site_id":29}},"right":{"leaf":true,"id":26,"label":"26","site_id":26}},"right":{"leaf":false,"id":89,"left":{"leaf":false,"id":88,"left":{"leaf":true,"id":28,"label":"28","site_id":28},"right":{"leaf":true,"id":30,"label":"30","site_id":30}},"right":{"leaf":true,"id":31,"label":"31","site_id":31}}}}}}},"right":{"leaf":false,"id":86,"left":{"leaf":false,"id":85,"left":{"leaf":false,"id":84,"left":{"leaf":false,"id":83,"left":{"leaf":false,"id":82,"left":{"leaf":true,"id":19,"label":"19","site_id":19},"right":{"leaf":true,"id":18,"label":"18","site_id":18}},"right":{"leaf":false,"id":80,"left":{"leaf":true,"id":20,"label":"20","site_id":20},"right":{"leaf":true,"id":21,"label":"21","site_id":21}}},"right":{"leaf":true,"id":17,"label":"17","site_id":17}},"right":{"leaf":true,"id":22,"label":"22","site_id":22}},"right":{"leaf":false,"id":81,"left":{"leaf":true,"id":24,"label":"24","site_id":24},"right":{"leaf":true,"id":23,"label":"23","site_id":23}}}},"num_sites":65,"sites":[{"x":250.52144502301127,"y":66.54020273366046,"cluster":0},{"x":287.3307235397144,"y":16.857218811290245,"cluster":0},{"x":302.81111349808,"y":30.98185402497562,"cluster":0},{"x":262.6934602661287,"y":61.154925079621776,"cluster":0},{"x":273.59844434992084,"y":54.0671641802371,"cluster":0},{"x":280.25592864969184,"y":58.47954148634186,"cluster":0},{"x":106.66317042305909,"y":153.08104359621785,"cluster":1},{"x":159.4784621770419,"y":138.14649291982687,"cluster":1},{"x":183.80412057901728,"y":170.66582895011726,"cluster":1},{"x":137.5895397389599,"y":197.1932373604165,"cluster":1},{"x":225.18108166718548,"y":170.99490125346833,"cluster":1},{"x":209.81416539758567,"y":120.02289853430943,"cluster":1},{"x":180.60603664120995,"y":137.25489033118524,"cluster":1},{"x":195.43060160738673,"y":184.1871486794323,"cluster":1},{"x":201.6219422892485,"y":196.8087211552296,"cluster":1},{"x":95.4697829662602,"y":123.06642308703229,"cluster":1},{"x":109.85791261439206,"y":116.38111657040236,"cluster":1},{"x":427.01145947206913,"y":77.79682582428985,"cluster":2},{"x":452.96604676616874,"y":97.44172479812057,"cluster":2},{"x":406.9974009789969,"y":64.2407841605797,"cluster":2},{"x":422.4005001184728,"y":99.03890132905593,"cluster":2},{"x":436.61964033852706,"y":71.19122110920296,"cluster":2},{"x":418.2127427961386,"y":44.233326037626654,"cluster":2},{"x":462.77390154173406,"y":38.643352171801006,"cluster":2},{"x":469.9888412056569,"y":77.89722676142624,"cluster":2},{"x":215.4222044278632,"y":247.62056489681603,"cluster":3},{"x":225.8799007306518,"y":253.2288232073865,"cluster":3},{"x":221.5109890142749,"y":263.6504337350155,"cluster":3},{"x":231.26034689844911,"y":228.25677126701032,"cluster":3},{"x":230.45340116031662,"y":217.7223594010735,"cluster":3},{"x":243.4906696665815,"y":209.41971541867863,"cluster":3},{"x":253.4601832174835,"y":208.12973505236297,"cluster":3},{"x":70.34448794829451,"y":41.028676533841235,"cluster":4},{"x":128.5256174534977,"y":51.98961171940393,"cluster":4},{"x":114.22875961123545,"y":75.07597724403126,"cluster":4},{"x":81.12073873270866,"y":80.60630898537129,"cluster":4},{"x":115.68771054897198,"y":85.8868741496964,"cluster":4},{"x":141.69096789521925,"y":38.846620917772405,"cluster":4},{"x":79.1251501304052,"y":45.29132950854204,"cluster":4},{"x":324.2593241374568,"y":40.11446643702271,"cluster":5},{"x":207.32375056827863,"y":81.48945110533006,"cluster":5},{"x":307.3510895203852,"y":43.85968280804459,"cluster":5},{"x":320.7082956344336,"y":78.20560183105134,"cluster":5},{"x":294.5107045248982,"y":109.04725318367738,"cluster":5},{"x":217.69838175406653,"y":23.869330330429868,"cluster":5},{"x":244.5270025827886,"y":110.79050553725489,"cluster":5},{"x":247.17928380615285,"y":96.17166118075244,"cluster":5},{"x":262.58922032488886,"y":70.40272514343546,"cluster":5},{"x":221.17127713776375,"y":45.60776045392523,"cluster":5},{"x":107.33654938074179,"y":255.8402286020773,"cluster":6},{"x":121.81181821730944,"y":221.66573956480664,"cluster":6},{"x":82.0615249436279,"y":207.6434073454892,"cluster":6},{"x":95.39710680358593,"y":266.51184415278004,"cluster":6},{"x":45.04409322498866,"y":261.71227890266255,"cluster":6},{"x":124.12560496181766,"y":211.45284995867064,"cluster":6},{"x":42.55842960983959,"y":217.20967192346237,"cluster":6},{"x":321.95819253698124,"y":251.81231660760662,"cluster":7},{"x":270.474996470963,"y":192.25167441240436,"cluster":7},{"x":305.37234958439996,"y":263.33054930544904,"cluster":7},{"x":345.6437659974968,"y":215.84444786961348,"cluster":7},{"x":332.99939480475314,"y":220.999309836964,"cluster":7},{"x":264.8100343096563,"y":238.94821864183598,"cluster":7},{"x":330.52516661629375,"y":192.61151935586517,"cluster":7},{"x":280.4416864300043,"y":243.95097877612488,"cluster":7},{"x":278.30591162536183,"y":238.67264202795505,"cluster":7}],"num_clusters":8}