{"title":"cluster-n10-c3-r3-s4503168388465453601","map_width":500,"map_height":300,"num_leaves":10,"tree":{"leaf":false,"id":18,"left":{"leaf":false,"id":13,"left":{"leaf":true,"id":4,"label":"4","site_id":4},"right":{"leaf":false,"id":12,"left":{"leaf":true,"id":5,"label":"5","site_id":5},"right":{"leaf":true,"id":3,"label":"3","site_id":3}}},"right":{"leaf":false,"id":17,"left":{"leaf":false,"id":11,"left":{"leaf":true,"id":0,"label":"0","site_id":0},"right":{"leaf":false,"id":10,"left":{"leaf":true,"id":1,"label":"1","site_id":1},"right":{"leaf":true,"id":2,"label":"2","site_id":2}}},"right":{"leaf":false,"id":16,"left":{"leaf":false,"id":14,"left":{"leaf":true,"id":8,"label":"8","site_id":8},"right":{"leaf":true,"id":9,"label":"9","site_id":9}},"right":{"leaf":false,"id":15,"left":{"leaf":true,"id":6,"label":"6","site_id":6},"right":{"leaf":true,"id":7,"label":"7","site_id":7}}}}},"num_sites":10,"sites":[{"x":436.3095812620909,"y":166.19968254258038,"cluster":0},{"x":340.279875280601,"y":168.3222704091374,"cluster":0},{"x":369.9946587280309,"y":123.00079654977623,"cluster":0},{"x":22.54269866662804,"y":212.95464370884102,"cluster":1},{"x":179.52650233448873,"y":109.0917175561854,"cluster":1},{"x":128.32524053726604,"y":165.57024438983984,"cluster":1},{"x":454.9246029692183,"y":176.63525620657688,"cluster":2},{"x":363.8455278155005,"y":174.2532867187236,"cluster":2},{"x":228.08223583987876,"y":19.071625728930513,"cluster":2},{"x":264.00097451960136,"y":173.46302268289628,"cluster":2}],"num_clusters":3}