{"title":"cluster-n35-c5-r1-s9157198120406614623","map_width":500,"map_height":300,"num_leaves":35,"tree":{"leaf":false,"id":68,"left":{"leaf":false,"id":67,"left":{"leaf":false,"id":49,"left":{"leaf":false,"id":48,"left":{"leaf":false,"id":47,"left":{"leaf":true,"id":16,"label":"16","site_id":16},"right":{"leaf":true,"id":10,"label":"10","site_id":10}},"right":{"leaf":false,"id":46,"left":{"leaf":true,"id":11,"label":"11","site_id":11},"right":{"leaf":false,"id":45,"left":{"leaf":true,"id":14,"label":"14","site_id":14},"right":{"leaf":false,"id":44,"left":{"leaf":true,"id":12,"label":"12","site_id":12},"right":{"leaf":true,"id":13,"label":"13","site_id":13}}}}},"right":{"leaf":true,"id":15,"label":"15","site_id":15}},"right":{"leaf":false,"id":65,"left":{"leaf":false,"id":58,"left":{"leaf":false,"id":56,"left":{"leaf":true,"id":23,"label":"23","site_id":23},"right":{"leaf":false,"id":55,"left":{"leaf":true,"id":26,"label":"26","site_id":26},"right":{"leaf":true,"id":25,"label":"25","site_id":25}}},"right":{"leaf":false,"id":57,"left":{"leaf":false,"id":54,"left":{"leaf":true,"id":27,"label":"27","site_id":27},"right":{"leaf":true,"id":22,"label":"22","site_id":22}},"right":{"leaf":true,"id":24,"label":"24","site_id":24}}},"right":{"leaf":false,"id":64,"left":{"leaf":true,"id":32,"label":"32","site_id":32},"right":{"leaf":false,"id":63,"left":{"leaf":false,"id":61,"left":{"leaf":true,"id":33,"label":"33","site_id":33},"right":{"leaf":false,"id":59,"left":{"leaf":true,"id":28,"label":"28","site_id":28},"right":{"leaf":true,"id":34,"label":"34","site_id":34}}},"right":{"leaf":false,"id":62,"left":{"leaf":true,"id":31,"label":"31","site_id":31},"right":{"leaf":false,"id":60,"left":{"leaf":true,"id":30,"label":"30","site_id":30},"right":{"leaf":true,"id":29,"label":"29","site_id":29}}}}}}},"right":{"leaf":false,"id":66,"left":{"leaf":false,"id":53,"left":{"leaf":true,"id":18,"label":"18","site_id":18},"right":{"leaf":false,"id":52,"left":{"leaf":false,"id":51,"left":{"leaf":true,"id":20,"label":"20","site_id":20},"right":{"leaf":false,"id":50,"left":{"leaf":true,"id":21,"label":"21","site_id":21},"right":{"leaf":true,"id":19,"label":"19","site_id":19}}},"right":{"leaf":true,"id":17,"label":"17","site_id":17}}},"right":{"leaf":false,"id":43,"left":{"leaf":false,"id":42,"left":{"leaf":false,"id":40,"left":{"leaf":false,"id":39,"left":{"leaf":false,"id":38,"left":{"leaf":true,"id":8,"label":"8","site_id":8},"right":{"leaf":true,"id":5,"label":"5","site_id":5}},"right":{"leaf":false,"id":37,"left":{"leaf":true,"id":2,"label":"2","site_id":2},"right":{"leaf":true,"id":3,"label":"3","site_id":3}}},"right":{"leaf":false,"id":36,"left":{"leaf":true,"id":9,"label":"9","site_id":9},"right":{"leaf":true,"id":7,"label":"7","site_id":7}}},"right":{"leaf":false,"id":41,"left":{"leaf":true,"id":0,"label":"0","site_id":0},"right":{"leaf":true,"id":1,"label":"1","site_id":1}}},"right":{"leaf":false,"id":35,"left":{"leaf":true,"id":4,"label":"4","site_id":4},"right":{"leaf":true,"id":6,"label":"6","site_id":6}}}}},"num_sites":35,"sites":[{"x":244.79558441201783,"y":91.79518822607537,"cluster":0},{"x":236.68959917313094,"y":245.84847837787177,"cluster":0},{"x":230.84119449134175,"y":154.15284959491305,"cluster":0},{"x":166.05388446193444,"y":102.0771205957621,"cluster":0},{"x":125.53579696244287,"y":226.43396509219002,"cluster":0},{"x":171.92795092010522,"y":254.82679633125537,"cluster":0},{"x":184.42189924938478,"y":86.94644636162424,"cluster":0},{"x":132.97434986316142,"y":214.26830910829133,"cluster":0},{"x":64.75223869934943,"y":154.84730350488292,"cluster":0},{"x":191.7983645514782,"y":155.58802975340933,"cluster":0},{"x":217.14521412533784,"y":194.72237796221933,"cluster":1},{"x":316.00020217941744,"y":202.489277917224,"cluster":1},{"x":260.7731109928384,"y":192.93937759607746,"cluster":1},{"x":245.65214992396247,"y":203.8885300407097,"cluster":1},{"x":254.26688303800637,"y":282.0350349124525,"cluster":1},{"x":290.5195374485051,"y":200.18588582643653,"cluster":1},{"x":207.26899138286154,"y":217.294044331536,"cluster":1},{"x":27.335312509703712,"y":169.46694360579463,"cluster":2},{"x":22.283489981027593,"y":74.90722159809285,"cluster":2},{"x":109.30195852978639,"y":96.69677127508258,"cluster":2},{"x":98.97666571935254,"y":72.12294888921696,"cluster":2},{"x":55.01217465227727,"y":141.49458620475073,"cluster":2},{"x":375.2033637711762,"y":207.66858337932666,"cluster":3},{"x":313.9419101204008,"y":250.48686828640788,"cluster":3},{"x":361.55651514258926,"y":227.77901087820038,"cluster":3},{"x":351.5491574830394,"y":193.54855213450236,"cluster":3},{"x":347.12417189164097,"y":236.33884766064978,"cluster":3},{"x":254.57529294806488,"y":203.78683600375706,"cluster":3},{"x":255.56195950237057,"y":44.9463409203458,"cluster":4},{"x":210.19588461000777,"y":47.557428273864346,"cluster":4},{"x":284.41031253926843,"y":60.287601120333065,"cluster":4},{"x":185.7910437160313,"y":69.77189490283192,"cluster":4},{"x":302.25833112085536,"y":88.51764505237341,"cluster":4},{"x":262.18266621853655,"y":71.24718176534398,"cluster":4},{"x":229.26821336975019,"y":55.85062322249442,"cluster":4}],"num_clusters":5}