{"title":"cluster-n20-c4-r7-s-8770407399242165048","map_width":500,"map_height":300,"num_leaves":20,"tree":{"leaf":false,"id":38,"left":{"leaf":false,"id":35,"left":{"leaf":false,"id":34,"left":{"leaf":false,"id":33,"left":{"leaf":true,"id":16,"label":"16","site_id":16},"right":{"leaf":false,"id":32,"left":{"leaf":true,"id":18,"label":"18","site_id":18},"right":{"leaf":true,"id":17,"label":"17","site_id":17}}},"right":{"leaf":true,"id":15,"label":"15","site_id":15}},"right":{"leaf":true,"id":19,"label":"19","site_id":19}},"right":{"leaf":false,"id":37,"left":{"leaf":false,"id":36,"left":{"leaf":false,"id":27,"left":{"leaf":false,"id":26,"left":{"leaf":true,"id":8,"label":"8","site_id":8},"right":{"leaf":true,"id":7,"label":"7","site_id":7}},"right":{"leaf":false,"id":25,"left":{"leaf":true,"id":6,"label":"6","site_id":6},"right":{"leaf":true,"id":9,"label":"9","site_id":9}}},"right":{"leaf":false,"id":24,"left":{"leaf":false,"id":23,"left":{"leaf":false,"id":20,"left":{"leaf":true,"id":5,"label":"5","site_id":5},"right":{"leaf":true,"id":1,"label":"1","site_id":1}},"right":{"leaf":true,"id":0,"label":"0","site_id":0}},"right":{"leaf":false,"id":22,"left":{"leaf":true,"id":3,"label":"3","site_id":3},"right":{"leaf":false,"id":21,"left":{"leaf":true,"id":2,"label":"2","site_id":2},"right":{"leaf":true,"id":4,"label":"4","site_id":4}}}}},"right":{"leaf":false,"id":31,"left":{"leaf":false,"id":30,"left":{"leaf":false,"id":28,"left":{"leaf":true,"id":13,"label":"13","site_id":13},"right":{"leaf":true,"id":10,"label":"10","site_id":10}},"right":{"leaf":true,"id":12,"label":"12","site_id":12}},"right":{"leaf":false,"id":29,"left":{"leaf":true,"id":14,"label":"14","site_id":14},"right":{"leaf":true,"id":11,"label":"11","site_id":11}}}}},"num_sites":20,"sites":[{"x":326.6844427530025,"y":152.52919172331022,"cluster":0},{"x":276.89986148832554,"y":71.0826443488323,"cluster":0},{"x":292.3155319484999,"y":47.22167780554116,"cluster":0},{"x":311.8874926807555,"y":119.95825997556071,"cluster":0},{"x":343.6636526055096,"y":70.9163606161088,"cluster":0},{"x":260.9432361704983,"y":149.777766709106,"cluster":0},{"x":386.91268772609567,"y":203.08784724929427,"cluster":1},{"x":306.3729629050878,"y":190.1639652968524,"cluster":1},{"x":328.6644487552159,"y":85.45409550407275,"cluster":1},{"x":415.51792438589985,"y":118.25913235066811,"cluster":1},{"x":410.9598053576656,"y":139.26015134958732,"cluster":2},{"x":326.78280862382985,"y":168.02898353511932,"cluster":2},{"x":428.2980049560997,"y":175.6092716575984,"cluster":2},{"x":417.5256658543147,"y":143.03231852304407,"cluster":2},{"x":333.57547735500583,"y":160.4685099172849,"cluster":2},{"x":305.97253994147513,"y":45.57317238885662,"cluster":3},{"x":226.91496930516783,"y":105.2513556523165,"cluster":3},{"x":297.58967715146093,"y":30.829622834794826,"cluster":3},{"x":255.5201835276449,"y":48.09105816762677,"cluster":3},{"x":317.0551306087959,"y":31.864683917097587,"cluster":3}],"num_clusters":4}