{"title":"cluster-n60-c8-r8-s-3993173920434438202","map_width":500,"map_height":300,"num_leaves":60,"tree":{"leaf":false,"id":118,"left":{"leaf":false,"id":105,"left":{"leaf":false,"id":104,"left":{"leaf":false,"id":101,"left":{"leaf":true,"id":50,"label":"50","site_id":50},"right":{"leaf":true,"id":51,"label":"51","site_id":51}},"right":{"leaf":false,"id":103,"left":{"leaf":true,"id":52,"label":"52","site_id":52},"right":{"leaf":true,"id":48,"label":"48","site_id":48}}},"right":{"leaf":false,"id":102,"left":{"leaf":true,"id":49,"label":"49","site_id":49},"right":{"leaf":true,"id":47,"label":"47","site_id":47}}},"right":{"leaf":false,"id":117,"left":{"leaf":false,"id":95,"left":{"leaf":false,"id":94,"left":{"leaf":false,"id":89,"left":{"leaf":true,"id":37,"label":"37","site_id":37},"right":{"leaf":true,"id":33,"label":"33","site_id":33}},"right":{"leaf":false,"id":93,"left":{"leaf":false,"id":90,"left":{"leaf":true,"id":40,"label":"40","site_id":40},"right":{"leaf":true,"id":36,"label":"36","site_id":36}},"right":{"leaf":false,"id":91,"left":{"leaf":true,"id":32,"label":"32","site_id":32},"right":{"leaf":false,"id":87,"left":{"leaf":true,"id":38,"label":"38","site_id":38},"right":{"leaf":true,"id":35,"label":"35","site_id":35}}}}},"right":{"leaf":false,"id":92,"left":{"leaf":false,"id":88,"left":{"leaf":true,"id":34,"label":"34","site_id":34},"right":{"leaf":true,"id":39,"label":"39","site_id":39}},"right":{"leaf":true,"id":31,"label":"31","site_id":31}}},"right":{"leaf":false,"id":116,"left":{"leaf":false,"id":113,"left":{"leaf":false,"id":74,"left":{"leaf":false,"id":71,"left":{"leaf":true,"id":14,"label":"14","site_id":14},"right":{"leaf":true,"id":12,"label":"12","site_id":12}},"right":{"leaf":false,"id":73,"left":{"leaf":false,"id":72,"left":{"leaf":true,"id":13,"label":"13","site_id":13},"right":{"leaf":true,"id":15,"label":"15","site_id":15}},"right":{"leaf":false,"id":70,"left":{"leaf":true,"id":11,"label":"11","site_id":11},"right":{"leaf":true,"id":16,"label":"16","site_id":16}}}},"right":{"leaf":false,"id":82,"left":{"leaf":false,"id":81,"left":{"leaf":false,"id":80,"left":{"leaf":false,"id":79,"left":{"leaf":false,"id":78,"left":{"leaf":true,"id":21,"label":"21","site_id":21},"right":{"leaf":true,"id":23,"label":"23","site_id":23}},"right":{"leaf":true,"id":19,"label":"19","site_id":19}},"right":{"leaf":false,"id":77,"left":{"leaf":true,"id":22,"label":"22","site_id":22},"right":{"leaf":false,"id":76,"left":{"leaf":false,"id":75,"left":{"leaf":true,"id":25,"label":"25","site_id":25},"right":{"leaf":true,"id":17,"label":"17","site_id":17}},"right":{"leaf":true,"id":20,"label":"20","site_id":20}}}},"right":{"leaf":true,"id":24,"label":"24","site_id":24}},"right":{"leaf":true,"id":18,"label":"18","site_id":18}}},"right":{"leaf":false,"id":115,"left":{"leaf":false,"id":114,"left":{"leaf":false,"id":86,"left":{"leaf":true,"id":26,"label":"26","site_id":26},"right":{"leaf":false,"id":85,"left":{"leaf":true,"id":28,"label":"28","site_id":28},"right":{"leaf":false,"id":84,"left":{"leaf":false,"id":83,"left":{"leaf":true,"id":27,"label":"27","site_id":27},"right":{"leaf":true,"id":29,"label":"29","site_id":29}},"right":{"leaf":true,"id":30,"label":"30","site_id":30}}}},"right":{"leaf":false,"id":112,"left":{"leaf":false,"id":100,"left":{"leaf":false,"id":99,"left":{"leaf":false,"id":97,"left":{"leaf":true,"id":46,"label":"46","site_id":46},"right":{"leaf":true,"id":44,"label":"44","site_id":44}},"right":{"leaf":true,"id":45,"label":"45","site_id":45}},"right":{"leaf":false,"id":98,"left":{"leaf":true,"id":42,"label":"42","site_id":42},"right":{"leaf":false,"id":96,"left":{"leaf":true,"id":41,"label":"41","site_id":41},"right":{"leaf":true,"id":43,"label":"43","site_id":43}}}},"right":{"leaf":false,"id":111,"left":{"leaf":false,"id":110,"left":{"leaf":false,"id":109,"left":{"leaf":true,"id":57,"label":"57","site_id":57},"right":{"leaf":false,"id":107,"left":{"leaf":false,"id":106,"left":{"leaf":true,"id":54,"label":"54","site_id":54},"right":{"leaf":true,"id":55,"label":"55","site_id":55}},"right":{"leaf":true,"id":53,"label":"53","site_id":53}}},"right":{"leaf":false,"id":108,"left":{"leaf":true,"id":59,"label":"59","site_id":59},"right":{"leaf":true,"id":56,"label":"56","site_id":56}}},"right":{"leaf":true,"id":58,"label":"58","site_id":58}}}},"right":{"leaf":false,"id":69,"left":{"leaf":false,"id":67,"left":{"leaf":false,"id":65,"left":{"leaf":false,"id":62,"left":{"leaf":false,"id":60,"left":{"leaf":true,"id":8,"label":"8","site_id":8},"right":{"leaf":true,"id":9,"label":"9","site_id":9}},"right":{"leaf":false,"id":61,"left":{"leaf":true,"id":1,"label":"1","site_id":1},"right":{"leaf":true,"id":2,"label":"2","site_id":2}}},"right":{"leaf":true,"id":10,"label":"10","site_id":10}},"right":{"leaf":false,"id":66,"left":{"leaf":false,"id":64,"left":{"leaf":true,"id":0,"label":"0","site_id":0},"right":{"leaf":true,"id":6,"label":"6","site_id":6}},"right":{"leaf":false,"id":63,"left":{"leaf":true,"id":4,"label":"4","site_id":4},"right":{"leaf":true,"id":5,"label":"5","site_id":5}}}},"right":{"leaf":false,"id":68,"left":{"leaf":true,"id":7,"label":"7","site_id":7},"right":{"leaf":true,"id":3,"label":"3","site_id":3}}}}}}},"num_sites":60,"sites":[{"x":266.91694306311376,"y":179.33364927782227,"cluster":0},{"x":280.5657460137124,"y":240.59942301195528,"cluster":0},{"x":350.9433691210432,"y":207.27821643582914,"cluster":0},{"x":335.39819892609074,"y":214.58732819861243,"cluster":0},{"x":236.4316279447795,"y":217.73264653163378,"cluster":0},{"x":331.00138178484667,"y":211.63751720987395,"cluster":0},{"x":285.79084524312145,"y":229.68795983475763,"cluster":0},{"x":342.19230657639514,"y":171.16212201205914,"cluster":0},{"x":237.047625268159,"y":261.7053929302328,"cluster":0},{"x":230.46794866977046,"y":244.7392016545683,"cluster":0},{"x":302.3421572943107,"y":256.6012206697444,"cluster":0},{"x":365.95437539450995,"y":168.8115851322523,"cluster":1},{"x":401.4357944592012,"y":101.97977965220073,"cluster":1},{"x":363.4916956244541,"y":143.34047742833116,"cluster":1},{"x":401.7238556583755,"y":108.49833645144007,"cluster":1},{"x":388.03398920812964,"y":136.66400539628566,"cluster":1},{"x":393.9878501872423,"y":122.56471490274278,"cluster":1},{"x":206.46374517540397,"y":263.34893864020603,"cluster":2},{"x":246.60867512635818,"y":205.5638694815961,"cluster":2},{"x":269.92551929408705,"y":273.4533200426386,"cluster":2},{"x":211.55035024455438,"y":212.44795672892332,"cluster":2},{"x":194.36557038389182,"y":276.305429991476,"cluster":2},{"x":272.73345932414077,"y":266.0243155557005,"cluster":2},{"x":185.65933054445296,"y":198.0498697528447,"cluster":2},{"x":213.69585151517754,"y":201.1485829962911,"cluster":2},{"x":222.99910329542664,"y":214.71803639117698,"cluster":2},{"x":101.74411942963934,"y":96.6960099022981,"cluster":3},{"x":67.96492104114205,"y":40.241746133610626,"cluster":3},{"x":98.19048022839291,"y":68.00384746455418,"cluster":3},{"x":63.99299006637577,"y":47.52574420901276,"cluster":3},{"x":62.03677856540247,"y":62.27402333891354,"cluster":3},{"x":248.46463043004428,"y":46.89854070116836,"cluster":4},{"x":287.437977401826,"y":128.3369569937087,"cluster":4},{"x":197.00382768071378,"y":75.04346991419182,"cluster":4},{"x":201.05432301989455,"y":54.006415853508,"cluster":4},{"x":302.8836564734253,"y":116.80531692648657,"cluster":4},{"x":313.2314039394993,"y":154.4521089834011,"cluster":4},{"x":229.24116779716604,"y":146.6846073636617,"cluster":4},{"x":276.7599516767977,"y":172.29176574516322,"cluster":4},{"x":257.104131375637,"y":105.31133746222638,"cluster":4},{"x":248.1294825162646,"y":154.75968823249548,"cluster":4},{"x":311.9214831486956,"y":40.747039258208844,"cluster":5},{"x":340.9017365527541,"y":71.29715624882921,"cluster":5},{"x":384.0403350854739,"y":60.181933765317154,"cluster":5},{"x":364.486842922887,"y":21.183240426885675,"cluster":5},{"x":362.2726747504225,"y":50.491947240636605,"cluster":5},{"x":332.25566502252633,"y":37.94491191007941,"cluster":5},{"x":395.58575491870397,"y":169.64300723036536,"cluster":6},{"x":387.9234014550881,"y":123.55994628725597,"cluster":6},{"x":388.32079427262465,"y":181.91498054721552,"cluster":6},{"x":328.7358221938377,"y":153.49320041770835,"cluster":6},{"x":376.3299852971187,"y":156.86491968085048,"cluster":6},{"x":346.78197348711353,"y":155.29453603977578,"cluster":6},{"x":419.39969477993486,"y":48.96428422064085,"cluster":7},{"x":442.6232809256411,"y":34.062525239997726,"cluster":7},{"x":419.14366324614355,"y":68.20120397311246,"cluster":7},{"x":413.50077212242945,"y":74.00272690434393,"cluster":7},{"x":455.78173555250754,"y":15.040264476967401,"cluster":7},{"x":376.1177834209133,"y":73.09106135696702,"cluster":7},{"x":384.1289638680766,"y":49.583703671902555,"cluster":7}],"num_clusters":8}