{"title":"cluster-n15-c3-r0-s-4980945789649841896","map_width":500,"map_height":300,"num_leaves":15,"tree":{"leaf":false,"id":28,"left":{"leaf":false,"id":27,"left":{"leaf":false,"id":26,"left":{"leaf":false,"id":25,"left":{"leaf":false,"id":24,"left":{"leaf":true,"id":10,"label":"10","site_id":10},"right":{"leaf":true,"id":14,"label":"14","site_id":14}},"right":{"leaf":false,"id":23,"left":{"leaf":true,"id":13,"label":"13","site_id":13},"right":{"leaf":true,"id":12,"label":"12","site_id":12}}},"right":{"leaf":true,"id":11,"label":"11","site_id":11}},"right":{"leaf":false,"id":22,"left":{"leaf":false,"id":21,"left":{"leaf":false,"id":19,"left":{"leaf":true,"id":9,"label":"9","site_id":9},"right":{"leaf":true,"id":6,"label":"6","site_id":6}},"right":{"leaf":true,"id":7,"label":"7","site_id":7}},"right":{"leaf":false,"id":20,"left":{"leaf":true,"id":8,"label":"8","site_id":8},"right":{"leaf":true,"id":5,"label":"5","site_id":5}}}},"right":{"leaf":false,"id":18,"left":{"leaf":false,"id":17,"left":{"leaf":true,"id":2,"label":"2","site_id":2},"right":{"leaf":false,"id":16,"left":{"leaf":false,"id":15,"left":{"leaf":true,"id":0,"label":"0","site_id":0},"right":{"leaf":true,"id":1,"label":"1","site_id":1}},"right":{"leaf":true,"id":4,"label":"4","site_id":4}}},"right":{"leaf":true,"id":3,"label":"3","site_id":3}}},"num_sites":15,"sites":[{"x":30.39610936368914,"y":174.82936442261575,"cluster":0},{"x":60.14989479674659,"y":90.91053969574159,"cluster":0},{"x":114.88697434729713,"y":172.21747672852115,"cluster":0},{"x":106.79817058522511,"y":265.78408684722655,"cluster":0},{"x":92.50416450149075,"y":177.57934229975038,"cluster":0},{"x":420.55769680041794,"y":100.42284500010638,"cluster":1},{"x":438.5722730862445,"y":143.96793000954185,"cluster":1},{"x":411.6548447719197,"y":87.41641925580069,"cluster":1},{"x":447.70481535836245,"y":218.49217751785613,"cluster":1},{"x":274.6897560618036,"y":155.4385239019358,"cluster":1},{"x":384.7697035828163,"y":52.94717091864601,"cluster":2},{"x":334.59191520622176,"y":164.67912402763005,"cluster":2},{"x":381.59960263617,"y":85.33426487806528,"cluster":2},{"x":390.5664248720962,"y":81.17089633233829,"cluster":2},{"x":386.45463966755926,"y":132.06074102924543,"cluster":2}],"num_clusters":3}