{"title":"cluster-n20-c4-r2-s-3802826258271402066","map_width":500,"map_height":300,"num_leaves":20,"tree":{"leaf":false,"id":38,"left":{"leaf":false,"id":32,"left":{"leaf":false,"id":28,"left":{"leaf":true,"id":14,"label":"14","site_id":14},"right":{"leaf":true,"id":11,"label":"11","site_id":11}},"right":{"leaf":false,"id":31,"left":{"leaf":false,"id":30,"left":{"leaf":false,"id":27,"left":{"leaf":true,"id":13,"label":"13","site_id":13},"right":{"leaf":true,"id":15,"label":"15","site_id":15}},"right":{"leaf":true,"id":12,"label":"12","site_id":12}},"right":{"leaf":false,"id":29,"left":{"leaf":true,"id":10,"label":"10","site_id":10},"right":{"leaf":true,"id":9,"label":"9","site_id":9}}}},"right":{"leaf":false,"id":37,"left":{"leaf":false,"id":23,"left":{"leaf":false,"id":21,"left":{"leaf":false,"id":20,"left":{"leaf":true,"id":0,"label":"0","site_id":0},"right":{"leaf":true,"id":4,"label":"4","site_id":4}},"right":{"leaf":true,"id":1,"label":"1","site_id":1}},"right":{"leaf":false,"id":22,"left":{"leaf":true,"id":2,"label":"2","site_id":2},"right":{"leaf":true,"id":3,"label":"3","site_id":3}}},"right":{"leaf":false,"id":36,"left":{"leaf":false,"id":35,"left":{"leaf":false,"id":34,"left":{"leaf":false,"id":33,"left":{"leaf":true,"id":19,"label":"19","site_id":19},"right":{"leaf":true,"id":16,"label":"16","site_id":16}},"right":{"leaf":true,"id":17,"label":"17","site_id":17}},"right":{"leaf":true,"id":18,"label":"18","site_id":18}},"right":{"leaf":false,"id":26,"left":{"leaf":true,"id":5,"label":"5","site_id":5},"right":{"leaf":false,"id":25,"left":{"leaf":true,"id":8,"label":"8","site_id":8},"right":{"leaf":false,"id":24,"left":{"leaf":true,"id":7,"label":"7","site_id":7},"right":{"leaf":true,"id":6,"label":"6","site_id":6}}}}}}},"num_sites":20,"sites":[{"x":90.99007373681098,"y":171.52318204486792,"cluster":0},{"x":19.89512657572117,"y":126.93674619912099,"cluster":0},{"x":118.69444280543631,"y":268.1980727298618,"cluster":0},{"x":53.25097298561191,"y":260.1919074084597,"cluster":0},{"x":49.006056514223374,"y":244.33944489946614,"cluster":0},{"x":419.58057927563345,"y":175.53073382840017,"cluster":1},{"x":319.59897610584045,"y":173.38909918665618,"cluster":1},{"x":417.3958270541169,"y":98.01494980943951,"cluster":1},{"x":315.0396541491019,"y":153.12826844398634,"cluster":1},{"x":36.92926252965273,"y":153.68451109530366,"cluster":2},{"x":180.35206856551412,"y":97.05931306682464,"cluster":2},{"x":213.28040743110702,"y":201.1051083348561,"cluster":2},{"x":52.86083963005508,"y":66.13404687765149,"cluster":2},{"x":137.04827126425332,"y":101.92729809828867,"cluster":2},{"x":230.5960629494209,"y":245.0200348461414,"cluster":2},{"x":78.39082986766181,"y":16.214567908712752,"cluster":2},{"x":276.705169258137,"y":273.48484560029425,"cluster":3},{"x":288.51751473000263,"y":176.10295640293754,"cluster":3},{"x":206.99717752547718,"y":167.40385524292452,"cluster":3},{"x":237.3557523018901,"y":236.9122771841254,"cluster":3}],"num_clusters":4}