{"title":"cluster-n50-c7-r3-s-9179882814198550284","map_width":500,"map_height":300,"num_leaves":50,"tree":{"leaf":false,"id":98,"left":{"leaf":false,"id":60,"left":{"leaf":false,"id":59,"left":{"leaf":false,"id":58,"left":{"leaf":false,"id":56,"left":{"leaf":false,"id":52,"left":{"leaf":true,"id":6,"label":"6","site_id":6},"right":{"leaf":true,"id":4,"label":"4","site_id":4}},"right":{"leaf":true,"id":2,"label":"2","site_id":2}},"right":{"leaf":false,"id":54,"left":{"leaf":true,"id":8,"label":"8","site_id":8},"right":{"leaf":true,"id":7,"label":"7","site_id":7}}},"right":{"leaf":false,"id":55,"left":{"leaf":false,"id":53,"left":{"leaf":true,"id":10,"label":"10","site_id":10},"right":{"leaf":true,"id":1,"label":"1","site_id":1}},"right":{"leaf":true,"id":9,"label":"9","site_id":9}}},"right":{"leaf":false,"id":57,"left":{"leaf":true,"id":11,"label":"11","site_id":11},"right":{"leaf":false,"id":51,"left":{"leaf":false,"id":50,"left":{"leaf":true,"id":3,"label":"3","site_id":3},"right":{"leaf":true,"id":0,"label":"0","site_id":0}},"right":{"leaf":true,"id":5,"label":"5","site_id":5}}}},"right":{"leaf":false,"id":97,"left":{"leaf":false,"id":87,"left":{"leaf":false,"id":86,"left":{"leaf":true,"id":35,"label":"35","site_id":35},"right":{"leaf":false,"id":83,"left":{"leaf":false,"id":82,"left":{"leaf":true,"id":38,"label":"38","site_id":38},"right":{"leaf":true,"id":43,"label":"43","site_id":43}},"right":{"leaf":false,"id":80,"left":{"leaf":true,"id":40,"label":"40","site_id":40},"right":{"leaf":true,"id":37,"label":"37","site_id":37}}}},"right":{"leaf":false,"id":85,"left":{"leaf":false,"id":84,"left":{"leaf":true,"id":39,"label":"39","site_id":39},"right":{"leaf":false,"id":81,"left":{"leaf":true,"id":41,"label":"41","site_id":41},"right":{"leaf":true,"id":36,"label":"36","site_id":36}}},"right":{"leaf":true,"id":42,"label":"42","site_id":42}}},"right":{"leaf":false,"id":96,"left":{"leaf":false,"id":94,"left":{"leaf":false,"id":92,"left":{"leaf":false,"id":91,"left":{"leaf":false,"id":90,"left":{"leaf":true,"id":45,"label":"45","site_id":45},"right":{"leaf":true,"id":47,"label":"47","site_id":47}},"right":{"leaf":false,"id":89,"left":{"leaf":true,"id":46,"label":"46","site_id":46},"right":{"leaf":false,"id":88,"left":{"leaf":true,"id":48,"label":"48","site_id":48},"right":{"leaf":true,"id":49,"label":"49","site_id":49}}}},"right":{"leaf":true,"id":44,"label":"44","site_id":44}},"right":{"leaf":false,"id":93,"left":{"leaf":false,"id":75,"left":{"leaf":false,"id":73,"left":{"leaf":false,"id":72,"left":{"leaf":true,"id":25,"label":"25","site_id":25},"right":{"leaf":true,"id":26,"label":"26","site_id":26}},"right":{"leaf":false,"id":71,"left":{"leaf":true,"id":28,"label":"28","site_id":28},"right":{"leaf":true,"id":24,"label":"24","site_id":24}}},"right":{"leaf":false,"id":74,"left":{"leaf":true,"id":27,"label":"27","site_id":27},"right":{"leaf":true,"id":29,"label":"29","site_id":29}}},"right":{"leaf":false,"id":79,"left":{"leaf":true,"id":34,"label":"34","site_id":34},"right":{"leaf":false,"id":78,"left":{"leaf":false,"id":77,"left":{"leaf":false,"id":76,"left":{"leaf":true,"id":31,"label":"31","site_id":31},"right":{"leaf":true,"id":33,"label":"33","site_id":33}},"right":{"leaf":true,"id":30,"label":"30","site_id":30}},"right":{"leaf":true,"id":32,"label":"32","site_id":32}}}}},"right":{"leaf":false,"id":95,"left":{"leaf":false,"id":66,"left":{"leaf":false,"id":65,"left":{"leaf":true,"id":18,"label":"18","site_id":18},"right":{"leaf":false,"id":61,"left":{"leaf":true,"id":17,"label":"17","site_id":17},"right":{"leaf":true,"id":15,"label":"15","site_id":15}}},"right":{"leaf":false,"id":64,"left":{"leaf":true,"id":13,"label":"13","site_id":13},"right":{"leaf":false,"id":63,"left":{"leaf":true,"id":16,"label":"16","site_id":16},"right":{"leaf":false,"id":62,"left":{"leaf":true,"id":14,"label":"14","site_id":14},"right":{"leaf":true,"id":12,"label":"12","site_id":12}}}}},"right":{"leaf":false,"id":70,"left":{"leaf":true,"id":19,"label":"19","site_id":19},"right":{"leaf":false,"id":69,"left":{"leaf":false,"id":68,"left":{"leaf":true,"id":22,"label":"22","site_id":22},"right":{"leaf":false,"id":67,"left":{"leaf":true,"id":21,"label":"21","site_id":21},"right":{"leaf":true,"id":20,"label":"20","site_id":20}}},"right":{"leaf":true,"id":23,"label":"23","site_id":23}}}}}}},"num_sites":50,"sites":[{"x":418.3289345498884,"y":250.83627682738114,"cluster":0},{"x":332.3624413612251,"y":109.21574069478508,"cluster":0},{"x":373.77271747787825,"y":173.51832657678324,"cluster":0},{"x":357.6807650239972,"y":251.6263762240645,"cluster":0},{"x":320.18345892199164,"y":157.6837522147199,"cluster":0},{"x":418.16009315467056,"y":279.2522574875395,"cluster":0},{"x":388.5981266972666,"y":134.48753837605983,"cluster":0},{"x":396.21132422203743,"y":104.81202120571376,"cluster":0},{"x":314.9033361132522,"y":283.88806926232076,"cluster":0},{"x":410.71471905142454,"y":120.06210683208471,"cluster":0},{"x":299.1440343953547,"y":167.9732264537105,"cluster":0},{"x":444.4093941539763,"y":117.67119237235154,"cluster":0},{"x":443.40420815699633,"y":181.9987907627495,"cluster":1},{"x":458.775164213248,"y":159.40941466562927,"cluster":1},{"x":419.9005812132346,"y":176.4428750877417,"cluster":1},{"x":422.43303391580844,"y":155.96714763709377,"cluster":1},{"x":428.96770377363316,"y":116.41997384199018,"cluster":1},{"x":408.0860762819195,"y":135.59922705915744,"cluster":1},{"x":457.58763826642564,"y":102.5116349124666,"cluster":1},{"x":455.20928441927833,"y":124.33021524970168,"cluster":2},{"x":481.7097742355349,"y":69.68781626113818,"cluster":2},{"x":419.6914531540517,"y":75.72481710954821,"cluster":2},{"x":451.02626972641605,"y":75.9602988060445,"cluster":2},{"x":463.76643775696436,"y":76.9584951154057,"cluster":2},{"x":102.47987601587995,"y":186.68178184978103,"cluster":3},{"x":136.25727822352826,"y":150.48443192010743,"cluster":3},{"x":78.44093733532247,"y":216.107790760909,"cluster":3},{"x":156.45630780487434,"y":229.21193711919136,"cluster":3},{"x":62.464473755047145,"y":163.89515428815793,"cluster":3},{"x":135.75595657214356,"y":216.67199554218718,"cluster":3},{"x":173.963531596757,"y":106.40681122847897,"cluster":4},{"x":165.18444566816015,"y":98.86328147924333,"cluster":4},{"x":187.9809125511778,"y":89.85802174533197,"cluster":4},{"x":167.57165871534332,"y":115.09400748751202,"cluster":4},{"x":136.03158726133228,"y":73.62912354482404,"cluster":4},{"x":307.834549886517,"y":211.05118697808632,"cluster":5},{"x":349.22939726514926,"y":227.670905522696,"cluster":5},{"x":369.4893719377508,"y":261.0546484390416,"cluster":5},{"x":417.12989809779225,"y":249.99791164400273,"cluster":5},{"x":443.8388768581621,"y":206.1674251489095,"cluster":5},{"x":384.54436738727503,"y":276.225152380195,"cluster":5},{"x":364.1774564892267,"y":230.23775858371704,"cluster":5},{"x":366.76920983884867,"y":186.31811352228465,"cluster":5},{"x":396.3099466199899,"y":244.36849545447038,"cluster":5},{"x":173.34835803610974,"y":48.908264283923394,"cluster":6},{"x":223.25733878187444,"y":100.02581093746574,"cluster":6},{"x":203.8196099796108,"y":125.42573015406525,"cluster":6},{"x":234.1900994696943,"y":74.46699661905936,"cluster":6},{"x":184.08819142065553,"y":125.0946050732612,"cluster":6},{"x":233.1258066224276,"y":136.34847244311203,"cluster":6}],"num_clusters":7}