{"title":"cluster-n90-c11-r5-s-6091984701369478065","map_width":500,"map_height":300,"num_leaves":90,"tree":{"leaf":false,"id":178,"left":{"leaf":false,"id":176,"left":{"leaf":false,"id":173,"left":{"leaf":false,"id":171,"left":{"leaf":false,"id":138,"left":{"leaf":false,"id":136,"left":{"leaf":true,"id":51,"label":"51","site_id":51},"right":{"leaf":false,"id":134,"left":{"leaf":false,"id":132,"left":{"leaf":true,"id":54,"label":"54","site_id":54},"right":{"leaf":false,"id":130,"left":{"leaf":false,"id":129,"left":{"leaf":true,"id":50,"label":"50","site_id":50},"right":{"leaf":false,"id":128,"left":{"leaf":true,"id":44,"label":"44","site_id":44},"right":{"leaf":true,"id":46,"label":"46","site_id":46}}},"right":{"leaf":true,"id":49,"label":"49","site_id":49}}},"right":{"leaf":true,"id":52,"label":"52","site_id":52}}},"right":{"leaf":false,"id":137,"left":{"leaf":false,"id":135,"left":{"leaf":true,"id":47,"label":"47","site_id":47},"right":{"leaf":true,"id":53,"label":"53","site_id":53}},"right":{"leaf":false,"id":133,"left":{"leaf":false,"id":131,"left":{"leaf":true,"id":55,"label":"55","site_id":55},"right":{"leaf":true,"id":48,"label":"48","site_id":48}},"right":{"leaf":true,"id":45,"label":"45","site_id":45}}}},"right":{"leaf":false,"id":95,"left":{"leaf":true,"id":1,"label":"1","site_id":1},"right":{"leaf":false,"id":94,"left":{"leaf":false,"id":93,"left":{"leaf":false,"id":91,"left":{"leaf":true,"id":6,"label":"6","site_id":6},"right":{"leaf":false,"id":90,"left":{"leaf":true,"id":3,"label":"3","site_id":3},"right":{"leaf":true,"id":4,"label":"4","site_id":4}}},"right":{"leaf":false,"id":92,"left":{"leaf":true,"id":2,"label":"2","site_id":2},"right":{"leaf":true,"id":0,"label":"0","site_id":0}}},"right":{"leaf":true,"id":5,"label":"5","site_id":5}}}},"right":{"leaf":false,"id":101,"left":{"leaf":false,"id":100,"left":{"leaf":false,"id":97,"left":{"leaf":true,"id":13,"label":"13","site_id":13},"right":{"leaf":true,"id":10,"label":"10","site_id":10}},"right":{"leaf":false,"id":99,"left":{"leaf":true,"id":7,"label":"7","site_id":7},"right":{"leaf":false,"id":98,"left":{"leaf":true,"id":11,"label":"11","site_id":11},"right":{"leaf":true,"id":8,"label":"8","site_id":8}}}},"right":{"leaf":false,"id":96,"left":{"leaf":true,"id":9,"label":"9","site_id":9},"right":{"leaf":true,"id":12,"label":"12","site_id":12}}}},"right":{"leaf":false,"id":168,"left":{"leaf":false,"id":165,"left":{"leaf":true,"id":86,"label":"86","site_id":86},"right":{"leaf":true,"id":88,"label":"88","site_id":88}},"right":{"leaf":false,"id":167,"left":{"leaf":false,"id":164,"left":{"leaf":true,"id":85,"label":"85","site_id":85},"right":{"leaf":true,"id":89,"label":"89","site_id":89}},"right":{"leaf":false,"id":166,"left":{"leaf":false,"id":163,"left":{"leaf":true,"id":83,"label":"83","site_id":83},"right":{"leaf":true,"id":87,"label":"87","site_id":87}},"right":{"leaf":true,"id":84,"label":"84","site_id":84}}}}},"right":{"leaf":false,"id":177,"left":{"leaf":false,"id":175,"left":{"leaf":false,"id":169,"left":{"leaf":false,"id":116,"left":{"leaf":false,"id":115,"left":{"leaf":false,"id":114,"left":{"leaf":false,"id":113,"left":{"leaf":true,"id":24,"label":"24","site_id":24},"right":{"leaf":true,"id":25,"label":"25","site_id":25}},"right":{"leaf":false,"id":112,"left":{"leaf":true,"id":26,"label":"26","site_id":26},"right":{"leaf":true,"id":30,"label":"30","site_id":30}}},"right":{"leaf":true,"id":29,"label":"29","site_id":29}},"right":{"leaf":false,"id":111,"left":{"leaf":true,"id":27,"label":"27","site_id":27},"right":{"leaf":true,"id":28,"label":"28","site_id":28}}},"right":{"leaf":false,"id":154,"left":{"leaf":true,"id":72,"label":"72","site_id":72},"right":{"leaf":false,"id":153,"left":{"leaf":true,"id":67,"label":"67","site_id":67},"right":{"leaf":false,"id":152,"left":{"leaf":false,"id":149,"left":{"leaf":true,"id":63,"label":"63","site_id":63},"right":{"leaf":false,"id":147,"left":{"leaf":true,"id":70,"label":"70","site_id":70},"right":{"leaf":true,"id":73,"label":"73","site_id":73}}},"right":{"leaf":false,"id":151,"left":{"leaf":true,"id":71,"label":"71","site_id":71},"right":{"leaf":false,"id":150,"left":{"leaf":false,"id":146,"left":{"leaf":false,"id":143,"left":{"leaf":true,"id":65,"label":"65","site_id":65},"right":{"leaf":true,"id":64,"label":"64","site_id":64}},"right":{"leaf":true,"id":66,"label":"66","site_id":66}},"right":{"leaf":false,"id":148,"left":{"leaf":false,"id":145,"left":{"leaf":false,"id":144,"left":{"leaf":true,"id":68,"label":"68","site_id":68},"right":{"leaf":true,"id":61,"label":"61","site_id":61}},"right":{"leaf":true,"id":62,"label":"62","site_id":62}},"right":{"leaf":true,"id":69,"label":"69","site_id":69}}}}}}}},"right":{"leaf":false,"id":172,"left":{"leaf":false,"id":127,"left":{"leaf":false,"id":126,"left":{"leaf":true,"id":38,"label":"38","site_id":38},"right":{"leaf":false,"id":125,"left":{"leaf":true,"id":41,"label":"41","site_id":41},"right":{"leaf":true,"id":42,"label":"42","site_id":42}}},"right":{"leaf":false,"id":124,"left":{"leaf":false,"id":123,"left":{"leaf":true,"id":43,"label":"43","site_id":43},"right":{"leaf":true,"id":40,"label":"40","site_id":40}},"right":{"leaf":true,"id":39,"label":"39","site_id":39}}},"right":{"leaf":false,"id":122,"left":{"leaf":false,"id":121,"left":{"leaf":false,"id":118,"left":{"leaf":false,"id":117,"left":{"leaf":true,"id":31,"label":"31","site_id":31},"right":{"leaf":true,"id":33,"label":"33","site_id":33}},"right":{"leaf":true,"id":32,"label":"32","site_id":32}},"right":{"leaf":false,"id":120,"left":{"leaf":true,"id":37,"label":"37","site_id":37},"right":{"leaf":false,"id":119,"left":{"leaf":true,"id":35,"label":"35","site_id":35},"right":{"leaf":true,"id":34,"label":"34","site_id":34}}}},"right":{"leaf":true,"id":36,"label":"36","site_id":36}}}},"right":{"leaf":false,"id":174,"left":{"leaf":false,"id":170,"left":{"leaf":false,"id":142,"left":{"leaf":false,"id":141,"left":{"leaf":true,"id":59,"label":"59","site_id":59},"right":{"leaf":false,"id":140,"left":{"leaf":true,"id":57,"label":"57","site_id":57},"right":{"leaf":false,"id":139,"left":{"leaf":true,"id":58,"label":"58","site_id":58},"right":{"leaf":true,"id":56,"label":"56","site_id":56}}}},"right":{"leaf":true,"id":60,"label":"60","site_id":60}},"right":{"leaf":false,"id":162,"left":{"leaf":false,"id":161,"left":{"leaf":false,"id":160,"left":{"leaf":false,"id":157,"left":{"leaf":true,"id":75,"label":"75","site_id":75},"right":{"leaf":true,"id":79,"label":"79","site_id":79}},"right":{"leaf":false,"id":156,"left":{"leaf":true,"id":81,"label":"81","site_id":81},"right":{"leaf":true,"id":82,"label":"82","site_id":82}}},"right":{"leaf":false,"id":158,"left":{"leaf":true,"id":77,"label":"77","site_id":77},"right":{"leaf":true,"id":74,"label":"74","site_id":74}}},"right":{"leaf":false,"id":159,"left":{"leaf":true,"id":80,"label":"80","site_id":80},"right":{"leaf":false,"id":155,"left":{"leaf":true,"id":78,"label":"78","site_id":78},"right":{"leaf":true,"id":76,"label":"76","site_id":76}}}}},"right":{"leaf":false,"id":110,"left":{"leaf":false,"id":102,"left":{"leaf":true,"id":16,"label":"16","site_id":16},"right":{"leaf":true,"id":14,"label":"14","site_id":14}},"right":{"leaf":false,"id":109,"left":{"leaf":false,"id":108,"left":{"leaf":false,"id":106,"left":{"leaf":false,"id":104,"left":{"leaf":true,"id":20,"label":"20","site_id":20},"right":{"leaf":true,"id":23,"label":"23","site_id":23}},"right":{"leaf":false,"id":105,"left":{"leaf":true,"id":22,"label":"22","site_id":22},"right":{"leaf":true,"id":19,"label":"19","site_id":19}}},"right":{"leaf":false,"id":107,"left":{"leaf":false,"id":103,"left":{"leaf":true,"id":15,"label":"15","site_id":15},"right":{"leaf":true,"id":17,"label":"17","site_id":17}},"right":{"leaf":true,"id":21,"label":"21","site_id":21}}},"right":{"leaf":true,"id":18,"label":"18","site_id":18}}}}}},"num_sites":90,"sites":[{"x":266.3099729709847,"y":68.78700689797589,"cluster":0},{"x":299.7323663733324,"y":65.12200877004872,"cluster":0},{"x":292.87416315016117,"y":104.83644047209651,"cluster":0},{"x":271.66026179388206,"y":111.09583675206453,"cluster":0},{"x":292.12012956105394,"y":51.6618227032735,"cluster":0},{"x":252.20135888449298,"y":72.57704763199382,"cluster":0},{"x":254.04760870503398,"y":88.10552206823169,"cluster":0},{"x":150.79100160113575,"y":66.53527082397355,"cluster":1},{"x":139.7738167633785,"y":44.757282318774955,"cluster":1},{"x":141.5455369345235,"y":89.92215990012072,"cluster":1},{"x":150.54568832990645,"y":51.77117833462256,"cluster":1},{"x":158.18359956324338,"y":58.214376010304356,"cluster":1},{"x":153.87899430862942,"y":88.45484531014782,"cluster":1},{"x":156.78547592372064,"y":94.73654058528113,"cluster":1},{"x":141.49034275891574,"y":108.39892238077243,"cluster":2},{"x":209.90708601382713,"y":86.70209672423114,"cluster":2},{"x":137.50284247668452,"y":56.24170322409756,"cluster":2},{"x":187.3675587988548,"y":96.76530433796226,"cluster":2},{"x":171.19671772410618,"y":64.06833557399749,"cluster":2},{"x":220.379828017506,"y":98.24570176375715,"cluster":2},{"x":180.54880461764154,"y":120.48743759359527,"cluster":2},{"x":151.0248368202691,"y":84.32991343974103,"cluster":2},{"x":184.3916590601507,"y":47.0456181524304,"cluster":2},{"x":139.94671618357054,"y":91.08639041557653,"cluster":2},{"x":45.26434311662425,"y":166.62362505533298,"cluster":3},{"x":23.24673696211951,"y":170.35955070897015,"cluster":3},{"x":73.28790173299849,"y":190.09063721705863,"cluster":3},{"x":60.073772712221036,"y":170.6084932721131,"cluster":3},{"x":66.68867148053363,"y":218.63485145068785,"cluster":3},{"x":50.238620553914615,"y":208.0132972856678,"cluster":3},{"x":47.505997187980284,"y":172.51872636457762,"cluster":3},{"x":169.28859352514374,"y":48.76811476458539,"cluster":4},{"x":186.87680787797436,"y":83.3199207910354,"cluster":4},{"x":171.5561110668705,"y":99.64365298468861,"cluster":4},{"x":180.81251265925056,"y":96.24432493634193,"cluster":4},{"x":177.9412447341088,"y":47.955440748996274,"cluster":4},{"x":150.51291695579732,"y":53.03985959821608,"cluster":4},{"x":149.33133395725622,"y":99.54247149114119,"cluster":4},{"x":46.26406082341699,"y":145.09418263763644,"cluster":5},{"x":45.63088246837768,"y":158.98679252716616,"cluster":5},{"x":71.85420775875309,"y":140.15397878758543,"cluster":5},{"x":67.3589735325519,"y":161.84599903454813,"cluster":5},{"x":53.19336522351992,"y":160.32464885146464,"cluster":5},{"x":94.51129661187488,"y":148.80764236782517,"cluster":5},{"x":240.14243437004285,"y":65.95816673548258,"cluster":6},{"x":217.95458625942638,"y":66.58260342594771,"cluster":6},{"x":245.19535725655948,"y":111.24735217096591,"cluster":6},{"x":272.87776847312875,"y":15.506610377560342,"cluster":6},{"x":194.67040744759205,"y":25.661096224416738,"cluster":6},{"x":276.73864488833624,"y":110.83575904135529,"cluster":6},{"x":250.23234398953275,"y":103.90538320412288,"cluster":6},{"x":259.74662951379344,"y":73.94568235759822,"cluster":6},{"x":240.85944945171437,"y":80.37630005481105,"cluster":6},{"x":229.2286836187652,"y":16.489593247243747,"cluster":6},{"x":201.64686887672602,"y":69.43702289581431,"cluster":6},{"x":267.945747891762,"y":94.39886922219334,"cluster":6},{"x":404.6651326746737,"y":255.20485041901233,"cluster":7},{"x":367.20537105016524,"y":273.6004739666449,"cluster":7},{"x":384.7933425981251,"y":247.64321614507332,"cluster":7},{"x":398.8833742463581,"y":251.12290788656105,"cluster":7},{"x":390.0992865031203,"y":248.6370291221523,"cluster":7},{"x":198.63713201766205,"y":126.9579607956685,"cluster":8},{"x":200.49480994664802,"y":105.80042530616136,"cluster":8},{"x":211.5812535187016,"y":159.7273902650482,"cluster":8},{"x":146.1470781303813,"y":92.34297498797515,"cluster":8},{"x":140.93926118736053,"y":85.46521131391728,"cluster":8},{"x":237.87362671355288,"y":157.77966775914552,"cluster":8},{"x":168.70152375908378,"y":162.73237090406386,"cluster":8},{"x":128.1696095120958,"y":153.59172273037933,"cluster":8},{"x":193.00121213122725,"y":73.51626748337456,"cluster":8},{"x":237.101036017015,"y":119.43891015657057,"cluster":8},{"x":165.23763355061666,"y":75.73435854683481,"cluster":8},{"x":184.71544790924474,"y":93.15761306344167,"cluster":8},{"x":208.05525112891056,"y":139.82819310012297,"cluster":8},{"x":321.00613279353416,"y":154.71881000782398,"cluster":9},{"x":392.5908316778734,"y":191.65706028566046,"cluster":9},{"x":348.5229269712484,"y":170.87905218804374,"cluster":9},{"x":333.2747458497969,"y":181.57146068082812,"cluster":9},{"x":382.5685417741278,"y":151.21194345804167,"cluster":9},{"x":357.1105520832849,"y":204.51476878332903,"cluster":9},{"x":320.36989534271765,"y":211.17907423582488,"cluster":9},{"x":337.62891067441535,"y":228.96862058498562,"cluster":9},{"x":318.3675176376181,"y":218.48198011537792,"cluster":9},{"x":52.15831245225418,"y":24.20322873397298,"cluster":10},{"x":96.73483364341759,"y":59.44581356548853,"cluster":10},{"x":79.13559019752583,"y":22.60706211023219,"cluster":10},{"x":96.2829624270944,"y":30.58989047207461,"cluster":10},{"x":56.40963170968513,"y":72.43596748334514,"cluster":10},{"x":96.32999876589994,"y":22.74652715860421,"cluster":10},{"x":87.25355650738607,"y":38.99094703174584,"cluster":10}],"num_clusters":11}