{"title":"cluster-n100-c12-r1-s3596673253889729385","map_width":500,"map_height":300,"num_leaves":100,"tree":{"leaf":false,"id":198,"left":{"leaf":false,"id":197,"left":{"leaf":false,"id":193,"left":{"leaf":false,"id":179,"left":{"leaf":true,"id":82,"label":"82","site_id":82},"right":{"leaf":false,"id":178,"left":{"leaf":true,"id":88,"label":"88","site_id":88},"right":{"leaf":false,"id":177,"left":{"leaf":false,"id":175,"left":{"leaf":true,"id":84,"label":"84","site_id":84},"right":{"leaf":false,"id":174,"left":{"leaf":true,"id":90,"label":"90","site_id":90},"right":{"leaf":false,"id":172,"left":{"leaf":true,"id":85,"label":"85","site_id":85},"right":{"leaf":true,"id":86,"label":"86","site_id":86}}}},"right":{"leaf":false,"id":176,"left":{"leaf":false,"id":173,"left":{"leaf":true,"id":89,"label":"89","site_id":89},"right":{"leaf":true,"id":87,"label":"87","site_id":87}},"right":{"leaf":true,"id":83,"label":"83","site_id":83}}}}},"right":{"leaf":false,"id":188,"left":{"leaf":false,"id":119,"left":{"leaf":false,"id":118,"left":{"leaf":true,"id":21,"label":"21","site_id":21},"right":{"leaf":false,"id":117,"left":{"leaf":true,"id":22,"label":"22","site_id":22},"right":{"leaf":false,"id":116,"left":{"leaf":true,"id":18,"label":"18","site_id":18},"right":{"leaf":false,"id":115,"left":{"leaf":true,"id":19,"label":"19","site_id":19},"right":{"leaf":true,"id":20,"label":"20","site_id":20}}}}},"right":{"leaf":true,"id":17,"label":"17","site_id":17}},"right":{"leaf":false,"id":147,"left":{"leaf":true,"id":52,"label":"52","site_id":52},"right":{"leaf":false,"id":146,"left":{"leaf":true,"id":50,"label":"50","site_id":50},"right":{"leaf":false,"id":145,"left":{"leaf":true,"id":51,"label":"51","site_id":51},"right":{"leaf":false,"id":144,"left":{"leaf":true,"id":54,"label":"54","site_id":54},"right":{"leaf":true,"id":53,"label":"53","site_id":53}}}}}}},"right":{"leaf":false,"id":195,"left":{"leaf":false,"id":190,"left":{"leaf":false,"id":187,"left":{"leaf":false,"id":184,"left":{"leaf":true,"id":97,"label":"97","site_id":97},"right":{"leaf":false,"id":183,"left":{"leaf":true,"id":98,"label":"98","site_id":98},"right":{"leaf":false,"id":180,"left":{"leaf":true,"id":99,"label":"99","site_id":99},"right":{"leaf":true,"id":95,"label":"95","site_id":95}}}},"right":{"leaf":false,"id":186,"left":{"leaf":true,"id":94,"label":"94","site_id":94},"right":{"leaf":false,"id":185,"left":{"leaf":false,"id":181,"left":{"leaf":true,"id":92,"label":"92","site_id":92},"right":{"leaf":true,"id":91,"label":"91","site_id":91}},"right":{"leaf":false,"id":182,"left":{"leaf":true,"id":93,"label":"93","site_id":93},"right":{"leaf":true,"id":96,"label":"96","site_id":96}}}}},"right":{"leaf":false,"id":114,"left":{"leaf":false,"id":112,"left":{"leaf":false,"id":110,"left":{"leaf":true,"id":16,"label":"16","site_id":16},"right":{"leaf":false,"id":108,"left":{"leaf":true,"id":15,"label":"15","site_id":15},"right":{"leaf":true,"id":10,"label":"10","site_id":10}}},"right":{"leaf":true,"id":14,"label":"14","site_id":14}},"right":{"leaf":false,"id":113,"left":{"leaf":false,"id":111,"left":{"leaf":true,"id":13,"label":"13","site_id":13},"right":{"leaf":true,"id":9,"label":"9","site_id":9}},"right":{"leaf":false,"id":109,"left":{"leaf":true,"id":11,"label":"11","site_id":11},"right":{"leaf":true,"id":12,"label":"12","site_id":12}}}}},"right":{"leaf":false,"id":194,"left":{"leaf":false,"id":171,"left":{"leaf":false,"id":170,"left":{"leaf":false,"id":168,"left":{"leaf":true,"id":76,"label":"76","site_id":76},"right":{"leaf":true,"id":81,"label":"81","site_id":81}},"right":{"leaf":false,"id":166,"left":{"leaf":true,"id":78,"label":"78","site_id":78},"right":{"leaf":true,"id":80,"label":"80","site_id":80}}},"right":{"leaf":false,"id":169,"left":{"leaf":false,"id":167,"left":{"leaf":true,"id":77,"label":"77","site_id":77},"right":{"leaf":true,"id":79,"label":"79","site_id":79}},"right":{"leaf":true,"id":75,"label":"75","site_id":75}}},"right":{"leaf":false,"id":157,"left":{"leaf":false,"id":154,"left":{"leaf":true,"id":57,"label":"57","site_id":57},"right":{"leaf":true,"id":58,"label":"58","site_id":58}},"right":{"leaf":false,"id":156,"left":{"leaf":true,"id":56,"label":"56","site_id":56},"right":{"leaf":false,"id":155,"left":{"leaf":false,"id":152,"left":{"leaf":false,"id":150,"left":{"leaf":true,"id":55,"label":"55","site_id":55},"right":{"leaf":false,"id":148,"left":{"leaf":true,"id":59,"label":"59","site_id":59},"right":{"leaf":true,"id":62,"label":"62","site_id":62}}},"right":{"leaf":true,"id":61,"label":"61","site_id":61}},"right":{"leaf":false,"id":153,"left":{"leaf":false,"id":151,"left":{"leaf":true,"id":63,"label":"63","site_id":63},"right":{"leaf":true,"id":60,"label":"60","site_id":60}},"right":{"leaf":false,"id":149,"left":{"leaf":true,"id":64,"label":"64","site_id":64},"right":{"leaf":true,"id":65,"label":"65","site_id":65}}}}}}}}},"right":{"leaf":false,"id":196,"left":{"leaf":false,"id":192,"left":{"leaf":false,"id":191,"left":{"leaf":false,"id":165,"left":{"leaf":false,"id":164,"left":{"leaf":true,"id":74,"label":"74","site_id":74},"right":{"leaf":false,"id":162,"left":{"leaf":true,"id":69,"label":"69","site_id":69},"right":{"leaf":false,"id":158,"left":{"leaf":true,"id":73,"label":"73","site_id":73},"right":{"leaf":true,"id":71,"label":"71","site_id":71}}}},"right":{"leaf":false,"id":163,"left":{"leaf":false,"id":161,"left":{"leaf":true,"id":70,"label":"70","site_id":70},"right":{"leaf":false,"id":160,"left":{"leaf":false,"id":159,"left":{"leaf":true,"id":72,"label":"72","site_id":72},"right":{"leaf":true,"id":68,"label":"68","site_id":68}},"right":{"leaf":true,"id":67,"label":"67","site_id":67}}},"right":{"leaf":true,"id":66,"label":"66","site_id":66}}},"right":{"leaf":false,"id":143,"left":{"leaf":false,"id":142,"left":{"leaf":true,"id":44,"label":"44","site_id":44},"right":{"leaf":true,"id":48,"label":"48","site_id":48}},"right":{"leaf":false,"id":141,"left":{"leaf":false,"id":140,"left":{"leaf":true,"id":43,"label":"43","site_id":43},"right":{"leaf":false,"id":139,"left":{"leaf":false,"id":138,"left":{"leaf":true,"id":46,"label":"46","site_id":46},"right":{"leaf":true,"id":49,"label":"49","site_id":49}},"right":{"leaf":true,"id":47,"label":"47","site_id":47}}},"right":{"leaf":true,"id":45,"label":"45","site_id":45}}}},"right":{"leaf":false,"id":128,"left":{"leaf":false,"id":125,"left":{"leaf":false,"id":124,"left":{"leaf":true,"id":27,"label":"27","site_id":27},"right":{"leaf":false,"id":123,"left":{"leaf":true,"id":28,"label":"28","site_id":28},"right":{"leaf":false,"id":121,"left":{"leaf":false,"id":120,"left":{"leaf":true,"id":32,"label":"32","site_id":32},"right":{"leaf":true,"id":25,"label":"25","site_id":25}},"right":{"leaf":true,"id":26,"label":"26","site_id":26}}}},"right":{"leaf":true,"id":23,"label":"23","site_id":23}},"right":{"leaf":false,"id":127,"left":{"leaf":false,"id":126,"left":{"leaf":false,"id":122,"left":{"leaf":true,"id":24,"label":"24","site_id":24},"right":{"leaf":true,"id":31,"label":"31","site_id":31}},"right":{"leaf":true,"id":29,"label":"29","site_id":29}},"right":{"leaf":true,"id":30,"label":"30","site_id":30}}}},"right":{"leaf":false,"id":189,"left":{"leaf":false,"id":107,"left":{"leaf":false,"id":106,"left":{"leaf":false,"id":101,"left":{"leaf":true,"id":0,"label":"0","site_id":0},"right":{"leaf":false,"id":100,"left":{"leaf":true,"id":5,"label":"5","site_id":5},"right":{"leaf":true,"id":1,"label":"1","site_id":1}}},"right":{"leaf":false,"id":105,"left":{"leaf":false,"id":103,"left":{"leaf":true,"id":8,"label":"8","site_id":8},"right":{"leaf":true,"id":2,"label":"2","site_id":2}},"right":{"leaf":true,"id":4,"label":"4","site_id":4}}},"right":{"leaf":false,"id":104,"left":{"leaf":true,"id":7,"label":"7","site_id":7},"right":{"leaf":false,"id":102,"left":{"leaf":true,"id":3,"label":"3","site_id":3},"right":{"leaf":true,"id":6,"label":"6","site_id":6}}}},"right":{"leaf":false,"id":137,"left":{"leaf":false,"id":136,"left":{"leaf":false,"id":135,"left":{"leaf":false,"id":134,"left":{"leaf":false,"id":133,"left":{"leaf":false,"id":132,"left":{"leaf":true,"id":42,"label":"42","site_id":42},"right":{"leaf":false,"id":130,"left":{"leaf":true,"id":33,"label":"33","site_id":33},"right":{"leaf":false,"id":129,"left":{"leaf":true,"id":40,"label":"40","site_id":40},"right":{"leaf":true,"id":39,"label":"39","site_id":39}}}},"right":{"leaf":false,"id":131,"left":{"leaf":true,"id":38,"label":"38","site_id":38},"right":{"leaf":true,"id":34,"label":"34","site_id":34}}},"right":{"leaf":true,"id":35,"label":"35","site_id":35}},"right":{"leaf":true,"id":41,"label":"41","site_id":41}},"right":{"leaf":true,"id":37,"label":"37","site_id":37}},"right":{"leaf":true,"id":36,"label":"36","site_id":36}}}}},"num_sites":100,"sites":[{"x":405.14296237813045,"y":124.28496965424051,"cluster":0},{"x":421.72356486312634,"y":82.01207477432364,"cluster":0},{"x":388.5899041294833,"y":108.24448098715291,"cluster":0},{"x":434.14860124470613,"y":109.76513378322622,"cluster":0},{"x":382.6998802030161,"y":80.55789831851402,"cluster":0},{"x":433.98846841502416,"y":133.14459329612203,"cluster":0},{"x":426.581557214888,"y":145.31255783475277,"cluster":0},{"x":394.5433150607409,"y":134.06913737315097,"cluster":0},{"x":383.1615904298705,"y":99.77430796174343,"cluster":0},{"x":369.1315082249382,"y":278.3789095419538,"cluster":1},{"x":343.24770630833336,"y":248.99780463273729,"cluster":1},{"x":387.02013998395347,"y":251.03631256148986,"cluster":1},{"x":377.74577483197527,"y":238.3834776437148,"cluster":1},{"x":345.6267769578745,"y":270.46500748658985,"cluster":1},{"x":341.8551762119093,"y":239.25884515473496,"cluster":1},{"x":339.1569309044647,"y":281.7542513064719,"cluster":1},{"x":374.39685597517166,"y":252.28902320866482,"cluster":1},{"x":229.053462424633,"y":148.22139182778682,"cluster":2},{"x":265.9356700977252,"y":150.03486282619315,"cluster":2},{"x":242.81712451033025,"y":195.69113424945652,"cluster":2},{"x":250.85785809992052,"y":152.6692966271149,"cluster":2},{"x":268.0923039870319,"y":190.44734187854814,"cluster":2},{"x":236.60811181563085,"y":165.18162093813868,"cluster":2},{"x":343.4092975681616,"y":127.69192916795875,"cluster":3},{"x":336.4868622598567,"y":86.07332384452263,"cluster":3},{"x":381.6486934047125,"y":142.9607772166552,"cluster":3},{"x":368.01735526458924,"y":110.15171432854252,"cluster":3},{"x":351.94951164372725,"y":152.94867611718752,"cluster":3},{"x":336.0892184306298,"y":96.13800996643555,"cluster":3},{"x":349.2718875442226,"y":81.28314274556702,"cluster":3},{"x":376.67079287282314,"y":142.27967305009588,"cluster":3},{"x":384.9236902867962,"y":93.56328440088852,"cluster":3},{"x":356.18119205668285,"y":137.6945391189257,"cluster":3},{"x":240.9420307543527,"y":210.98842429211535,"cluster":4},{"x":186.5465423580172,"y":187.4986090008415,"cluster":4},{"x":224.95865601845446,"y":163.35883094415982,"cluster":4},{"x":256.59237479943926,"y":172.41032630680257,"cluster":4},{"x":232.17281396968804,"y":218.63398247461447,"cluster":4},{"x":189.49078887757938,"y":165.14901715249087,"cluster":4},{"x":223.48872628013146,"y":192.93674062304993,"cluster":4},{"x":266.6368987558814,"y":223.22431477449908,"cluster":4},{"x":265.5978202141588,"y":187.51054226579615,"cluster":4},{"x":215.7763183609524,"y":191.8963391589827,"cluster":4},{"x":284.853554619855,"y":83.21806367944947,"cluster":5},{"x":268.28028844494565,"y":62.929785368423694,"cluster":5},{"x":298.772790549032,"y":100.92308780716616,"cluster":5},{"x":303.4901406868972,"y":80.48373891336618,"cluster":5},{"x":258.2677497633462,"y":96.81408635311378,"cluster":5},{"x":261.2117392749295,"y":62.34314217138166,"cluster":5},{"x":272.41248050834673,"y":85.06698223186332,"cluster":5},{"x":110.73887602348776,"y":161.8679406139273,"cluster":6},{"x":113.97847606734376,"y":149.21310787415814,"cluster":6},{"x":114.11728398730455,"y":168.64574415825427,"cluster":6},{"x":106.7656295127081,"y":148.90334544399389,"cluster":6},{"x":143.85224520655387,"y":160.61334288554397,"cluster":6},{"x":417.25384189133536,"y":127.02212576577864,"cluster":7},{"x":396.74949362803903,"y":62.06192376527669,"cluster":7},{"x":431.4479228762543,"y":55.24452745823498,"cluster":7},{"x":407.83577419444435,"y":89.15687882739314,"cluster":7},{"x":362.6255507847795,"y":76.20039083677833,"cluster":7},{"x":431.4686414552632,"y":134.2248608249382,"cluster":7},{"x":437.65706631093934,"y":136.63828399680114,"cluster":7},{"x":358.4926399179125,"y":61.796508034898636,"cluster":7},{"x":408.4057499682447,"y":139.93073704813867,"cluster":7},{"x":446.6462804750766,"y":136.82462414117646,"cluster":7},{"x":379.8878392957299,"y":128.63893349961884,"cluster":7},{"x":318.4803426557779,"y":170.12308783161487,"cluster":8},{"x":332.2885791320596,"y":139.07967982562315,"cluster":8},{"x":315.46794828465124,"y":184.3313271905893,"cluster":8},{"x":323.32090248680015,"y":144.41865180974557,"cluster":8},{"x":297.0056952091609,"y":183.60997439884795,"cluster":8},{"x":305.1162855394845,"y":203.3307084705052,"cluster":8},{"x":342.41563036770407,"y":147.23939789804743,"cluster":8},{"x":318.49682199243335,"y":199.3980045498426,"cluster":8},{"x":335.6431386516928,"y":202.0744696672573,"cluster":8},{"x":270.8067133695712,"y":249.25344083618563,"cluster":9},{"x":316.78334353744555,"y":248.28919817039377,"cluster":9},{"x":278.79976336040954,"y":272.0373156129852,"cluster":9},{"x":303.14264367409527,"y":264.2844656520861,"cluster":9},{"x":282.9922029653753,"y":246.2168142742482,"cluster":9},{"x":292.3550173887562,"y":268.11130415743787,"cluster":9},{"x":282.04212926927346,"y":253.42261235170028,"cluster":9},{"x":241.76501530845997,"y":51.58631841537709,"cluster":10},{"x":182.2291463045363,"y":113.75591489825477,"cluster":10},{"x":216.61050461569783,"y":64.06296606384822,"cluster":10},{"x":233.73364407548894,"y":88.93105731902958,"cluster":10},{"x":224.15221178482972,"y":61.88179958573608,"cluster":10},{"x":194.0227297002455,"y":93.43379592017448,"cluster":10},{"x":199.50908365951324,"y":62.94812365050328,"cluster":10},{"x":181.67607118192387,"y":107.64502036219744,"cluster":10},{"x":223.48167256378224,"y":53.01383004756379,"cluster":10},{"x":294.1739782513728,"y":166.92345913636777,"cluster":11},{"x":262.6739970262017,"y":145.6390201417703,"cluster":11},{"x":303.6968245581483,"y":170.53666229915936,"cluster":11},{"x":301.4686415803458,"y":160.51267773698515,"cluster":11},{"x":234.5828390629376,"y":143.5755101746693,"cluster":11},{"x":238.16536390294186,"y":110.87913831979543,"cluster":11},{"x":249.46214597535658,"y":126.71801098134982,"cluster":11},{"x":258.81970228446335,"y":154.58653921663637,"cluster":11},{"x":232.55551897480603,"y":154.36570497999827,"cluster":11}],"num_clusters":12}