{"title":"cluster-n100-c12-r2-s-6139822020582680716","map_width":500,"map_height":300,"num_leaves":100,"tree":{"leaf":false,"id":198,"left":{"leaf":false,"id":197,"left":{"leaf":false,"id":195,"left":{"leaf":false,"id":193,"left":{"leaf":false,"id":192,"left":{"leaf":false,"id":160,"left":{"leaf":false,"id":159,"left":{"leaf":false,"id":158,"left":{"leaf":true,"id":66,"label":"66","site_id":66},"right":{"leaf":true,"id":67,"label":"67","site_id":67}},"right":{"leaf":true,"id":63,"label":"63","site_id":63}},"right":{"leaf":false,"id":157,"left":{"leaf":false,"id":156,"left":{"leaf":false,"id":155,"left":{"leaf":true,"id":64,"label":"64","site_id":64},"right":{"leaf":true,"id":68,"label":"68","site_id":68}},"right":{"leaf":true,"id":65,"label":"65","site_id":65}},"right":{"leaf":true,"id":62,"label":"62","site_id":62}}},"right":{"leaf":false,"id":191,"left":{"leaf":false,"id":103,"left":{"leaf":false,"id":102,"left":{"leaf":true,"id":0,"label":"0","site_id":0},"right":{"leaf":false,"id":100,"left":{"leaf":true,"id":3,"label":"3","site_id":3},"right":{"leaf":true,"id":2,"label":"2","site_id":2}}},"right":{"leaf":false,"id":101,"left":{"leaf":true,"id":4,"label":"4","site_id":4},"right":{"leaf":true,"id":1,"label":"1","site_id":1}}},"right":{"leaf":false,"id":131,"left":{"leaf":false,"id":130,"left":{"leaf":false,"id":129,"left":{"leaf":true,"id":34,"label":"34","site_id":34},"right":{"leaf":true,"id":33,"label":"33","site_id":33}},"right":{"leaf":false,"id":128,"left":{"leaf":false,"id":127,"left":{"leaf":true,"id":29,"label":"29","site_id":29},"right":{"leaf":true,"id":32,"label":"32","site_id":32}},"right":{"leaf":false,"id":126,"left":{"leaf":true,"id":30,"label":"30","site_id":30},"right":{"leaf":true,"id":35,"label":"35","site_id":35}}}},"right":{"leaf":true,"id":31,"label":"31","site_id":31}}}},"right":{"leaf":false,"id":190,"left":{"leaf":false,"id":189,"left":{"leaf":false,"id":174,"left":{"leaf":false,"id":171,"left":{"leaf":false,"id":169,"left":{"leaf":true,"id":78,"label":"78","site_id":78},"right":{"leaf":true,"id":83,"label":"83","site_id":83}},"right":{"leaf":true,"id":79,"label":"79","site_id":79}},"right":{"leaf":false,"id":173,"left":{"leaf":true,"id":84,"label":"84","site_id":84},"right":{"leaf":false,"id":172,"left":{"leaf":false,"id":170,"left":{"leaf":true,"id":82,"label":"82","site_id":82},"right":{"leaf":true,"id":80,"label":"80","site_id":80}},"right":{"leaf":true,"id":81,"label":"81","site_id":81}}}},"right":{"leaf":false,"id":111,"left":{"leaf":false,"id":108,"left":{"leaf":true,"id":11,"label":"11","site_id":11},"right":{"leaf":false,"id":107,"left":{"leaf":false,"id":106,"left":{"leaf":true,"id":5,"label":"5","site_id":5},"right":{"leaf":false,"id":105,"left":{"leaf":true,"id":6,"label":"6","site_id":6},"right":{"leaf":true,"id":9,"label":"9","site_id":9}}},"right":{"leaf":true,"id":10,"label":"10","site_id":10}}},"right":{"leaf":false,"id":110,"left":{"leaf":true,"id":7,"label":"7","site_id":7},"right":{"leaf":false,"id":109,"left":{"leaf":true,"id":8,"label":"8","site_id":8},"right":{"leaf":false,"id":104,"left":{"leaf":true,"id":12,"label":"12","site_id":12},"right":{"leaf":true,"id":13,"label":"13","site_id":13}}}}}},"right":{"leaf":false,"id":188,"left":{"leaf":false,"id":154,"left":{"leaf":false,"id":153,"left":{"leaf":false,"id":152,"left":{"leaf":false,"id":150,"left":{"leaf":false,"id":148,"left":{"leaf":true,"id":61,"label":"61","site_id":61},"right":{"leaf":false,"id":146,"left":{"leaf":true,"id":60,"label":"60","site_id":60},"right":{"leaf":true,"id":57,"label":"57","site_id":57}}},"right":{"leaf":false,"id":149,"left":{"leaf":true,"id":54,"label":"54","site_id":54},"right":{"leaf":true,"id":59,"label":"59","site_id":59}}},"right":{"leaf":false,"id":151,"left":{"leaf":true,"id":58,"label":"58","site_id":58},"right":{"leaf":true,"id":53,"label":"53","site_id":53}}},"right":{"leaf":true,"id":55,"label":"55","site_id":55}},"right":{"leaf":false,"id":147,"left":{"leaf":true,"id":56,"label":"56","site_id":56},"right":{"leaf":true,"id":52,"label":"52","site_id":52}}},"right":{"leaf":false,"id":187,"left":{"leaf":false,"id":186,"left":{"leaf":false,"id":185,"left":{"leaf":true,"id":97,"label":"97","site_id":97},"right":{"leaf":false,"id":183,"left":{"leaf":true,"id":93,"label":"93","site_id":93},"right":{"leaf":false,"id":182,"left":{"leaf":true,"id":99,"label":"99","site_id":99},"right":{"leaf":true,"id":94,"label":"94","site_id":94}}}},"right":{"leaf":true,"id":98,"label":"98","site_id":98}},"right":{"leaf":false,"id":184,"left":{"leaf":true,"id":95,"label":"95","site_id":95},"right":{"leaf":true,"id":96,"label":"96","site_id":96}}}}}},"right":{"leaf":false,"id":145,"left":{"leaf":true,"id":46,"label":"46","site_id":46},"right":{"leaf":false,"id":144,"left":{"leaf":false,"id":141,"left":{"leaf":true,"id":49,"label":"49","site_id":49},"right":{"leaf":true,"id":47,"label":"47","site_id":47}},"right":{"leaf":false,"id":143,"left":{"leaf":false,"id":139,"left":{"leaf":true,"id":48,"label":"48","site_id":48},"right":{"leaf":true,"id":50,"label":"50","site_id":50}},"right":{"leaf":false,"id":142,"left":{"leaf":false,"id":140,"left":{"leaf":true,"id":51,"label":"51","site_id":51},"right":{"leaf":true,"id":45,"label":"45","site_id":45}},"right":{"leaf":true,"id":44,"label":"44","site_id":44}}}}}},"right":{"leaf":false,"id":125,"left":{"leaf":false,"id":123,"left":{"leaf":false,"id":122,"left":{"leaf":false,"id":120,"left":{"leaf":true,"id":17,"label":"17","site_id":17},"right":{"leaf":true,"id":25,"label":"25","site_id":25}},"right":{"leaf":false,"id":121,"left":{"leaf":false,"id":117,"left":{"leaf":false,"id":114,"left":{"leaf":false,"id":113,"left":{"leaf":true,"id":22,"label":"22","site_id":22},"right":{"leaf":true,"id":14,"label":"14","site_id":14}},"right":{"leaf":true,"id":16,"label":"16","site_id":16}},"right":{"leaf":false,"id":116,"left":{"leaf":true,"id":26,"label":"26","site_id":26},"right":{"leaf":true,"id":23,"label":"23","site_id":23}}},"right":{"leaf":false,"id":119,"left":{"leaf":false,"id":112,"left":{"leaf":true,"id":28,"label":"28","site_id":28},"right":{"leaf":true,"id":15,"label":"15","site_id":15}},"right":{"leaf":true,"id":18,"label":"18","site_id":18}}}},"right":{"leaf":true,"id":27,"label":"27","site_id":27}},"right":{"leaf":false,"id":124,"left":{"leaf":false,"id":118,"left":{"leaf":true,"id":20,"label":"20","site_id":20},"right":{"leaf":false,"id":115,"left":{"leaf":true,"id":24,"label":"24","site_id":24},"right":{"leaf":true,"id":19,"label":"19","site_id":19}}},"right":{"leaf":true,"id":21,"label":"21","site_id":21}}}},"right":{"leaf":false,"id":196,"left":{"leaf":false,"id":138,"left":{"leaf":false,"id":137,"left":{"leaf":false,"id":134,"left":{"leaf":true,"id":40,"label":"40","site_id":40},"right":{"leaf":true,"id":39,"label":"39","site_id":39}},"right":{"leaf":false,"id":136,"left":{"leaf":false,"id":132,"left":{"leaf":true,"id":36,"label":"36","site_id":36},"right":{"leaf":true,"id":41,"label":"41","site_id":41}},"right":{"leaf":false,"id":135,"left":{"leaf":false,"id":133,"left":{"leaf":true,"id":42,"label":"42","site_id":42},"right":{"leaf":true,"id":38,"label":"38","site_id":38}},"right":{"leaf":true,"id":37,"label":"37","site_id":37}}}},"right":{"leaf":true,"id":43,"label":"43","site_id":43}},"right":{"leaf":false,"id":194,"left":{"leaf":false,"id":168,"left":{"leaf":false,"id":167,"left":{"leaf":false,"id":166,"left":{"leaf":true,"id":71,"label":"71","site_id":71},"right":{"leaf":true,"id":73,"label":"73","site_id":73}},"right":{"leaf":false,"id":165,"left":{"leaf":false,"id":164,"left":{"leaf":true,"id":74,"label":"74","site_id":74},"right":{"leaf":false,"id":163,"left":{"leaf":false,"id":162,"left":{"leaf":true,"id":70,"label":"70","site_id":70},"right":{"leaf":true,"id":69,"label":"69","site_id":69}},"right":{"leaf":true,"id":75,"label":"75","site_id":75}}},"right":{"leaf":false,"id":161,"left":{"leaf":true,"id":76,"label":"76","site_id":76},"right":{"leaf":true,"id":72,"label":"72","site_id":72}}}},"right":{"leaf":true,"id":77,"label":"77","site_id":77}},"right":{"leaf":false,"id":181,"left":{"leaf":false,"id":180,"left":{"leaf":false,"id":179,"left":{"leaf":true,"id":90,"label":"90","site_id":90},"right":{"leaf":false,"id":178,"left":{"leaf":false,"id":175,"left":{"leaf":true,"id":85,"label":"85","site_id":85},"right":{"leaf":true,"id":91,"label":"91","site_id":91}},"right":{"leaf":false,"id":176,"left":{"leaf":true,"id":86,"label":"86","site_id":86},"right":{"leaf":true,"id":92,"label":"92","site_id":92}}}},"right":{"leaf":false,"id":177,"left":{"leaf":true,"id":88,"label":"88","site_id":88},"right":{"leaf":true,"id":87,"label":"87","site_id":87}}},"right":{"leaf":true,"id":89,"label":"89","site_id":89}}}}},"num_sites":100,"sites":[{"x":409.69903271189935,"y":228.260511297249,"cluster":0},{"x":424.75233139141733,"y":251.83208950216638,"cluster":0},{"x":407.98493466980966,"y":252.1887188268254,"cluster":0},{"x":429.38101636764105,"y":227.65197803089657,"cluster":0},{"x":417.4374134226134,"y":235.4859090329494,"cluster":0},{"x":338.31216584140265,"y":204.28628481114538,"cluster":1},{"x":343.9947556888069,"y":233.67951085298702,"cluster":1},{"x":292.4963583844178,"y":209.96045909095105,"cluster":1},{"x":287.1840101034378,"y":197.168729600272,"cluster":1},{"x":310.8644909291087,"y":225.85808733230823,"cluster":1},{"x":333.6984656053107,"y":240.50149931632225,"cluster":1},{"x":305.41974230560845,"y":237.36572661685156,"cluster":1},{"x":325.3709589070962,"y":186.22966791166752,"cluster":1},{"x":339.5854226353243,"y":185.94419112767014,"cluster":1},{"x":428.85710273544817,"y":268.5369353291637,"cluster":2},{"x":423.60477911257243,"y":236.2238471471228,"cluster":2},{"x":397.36232527342787,"y":256.79531736492817,"cluster":2},{"x":470.8515789593568,"y":266.304169353309,"cluster":2},{"x":451.30638600739854,"y":225.97097522572327,"cluster":2},{"x":411.8404135426566,"y":194.53537991641997,"cluster":2},{"x":438.02316267017693,"y":212.09168941353545,"cluster":2},{"x":483.69562213979447,"y":202.6072941825569,"cluster":2},{"x":439.44224892125806,"y":269.29528655081526,"cluster":2},{"x":434.7943180685285,"y":218.0641485058107,"cluster":2},{"x":454.2128340445492,"y":268.3231636780315,"cluster":2},{"x":447.15291644581373,"y":209.64334801407423,"cluster":2},{"x":457.0669022174431,"y":221.86283223462962,"cluster":2},{"x":418.7174640166555,"y":226.07325516198904,"cluster":2},{"x":417.83342065680387,"y":273.5842940777304,"cluster":2},{"x":404.14841104500954,"y":118.66764814534874,"cluster":3},{"x":399.9160664580044,"y":140.9331974572175,"cluster":3},{"x":378.71282918752524,"y":121.12697608417596,"cluster":3},{"x":407.2444906306084,"y":137.47406171594568,"cluster":3},{"x":408.658000669028,"y":109.40423157670949,"cluster":3},{"x":397.8510847220164,"y":132.37733792548133,"cluster":3},{"x":388.4031806353132,"y":115.8604050067674,"cluster":3},{"x":49.40223986244801,"y":227.41681960377073,"cluster":4},{"x":57.497450681769195,"y":235.22536605290225,"cluster":4},{"x":57.19029612145759,"y":254.42889401397707,"cluster":4},{"x":44.96956195721993,"y":266.82424692134657,"cluster":4},{"x":51.42947252235885,"y":264.83086547511067,"cluster":4},{"x":37.275404904169655,"y":232.0769764608824,"cluster":4},{"x":60.188791094558525,"y":241.94623507977974,"cluster":4},{"x":15.06755715873678,"y":270.0170278968254,"cluster":4},{"x":351.54448832233703,"y":133.45697386330366,"cluster":5},{"x":403.1718404939994,"y":129.1853250946366,"cluster":5},{"x":340.66278785339756,"y":106.22900780569823,"cluster":5},{"x":374.43302008104547,"y":102.13316575930834,"cluster":5},{"x":347.39516897316395,"y":151.98358885927016,"cluster":5},{"x":362.6925330243735,"y":107.43833443532218,"cluster":5},{"x":391.3713098919846,"y":93.60969732360951,"cluster":5},{"x":359.8297040914648,"y":124.78122652743663,"cluster":5},{"x":372.6883912145069,"y":85.51643022745415,"cluster":6},{"x":377.83957282761844,"y":42.543638379400775,"cluster":6},{"x":325.53711803845056,"y":74.61526771916105,"cluster":6},{"x":309.37081208828903,"y":49.2229484724759,"cluster":6},{"x":376.9156730161542,"y":24.174558219887665,"cluster":6},{"x":314.7808354550685,"y":29.52005338800771,"cluster":6},{"x":341.14082784144745,"y":31.327980980549015,"cluster":6},{"x":333.8578838802105,"y":50.01149577139017,"cluster":6},{"x":335.3104429991097,"y":78.19394112354075,"cluster":6},{"x":321.7289846721923,"y":33.22220427803708,"cluster":6},{"x":455.40189586557494,"y":94.88100152542304,"cluster":7},{"x":420.2979006461898,"y":108.52451748579954,"cluster":7},{"x":444.2144408535762,"y":115.06288467731366,"cluster":7},{"x":454.08381566486634,"y":85.94616258880654,"cluster":7},{"x":434.88485261806386,"y":76.6587817556939,"cluster":7},{"x":433.96945566187486,"y":98.46510505183181,"cluster":7},{"x":461.1308217010157,"y":88.45016786609786,"cluster":7},{"x":93.94709266870085,"y":164.52871235523617,"cluster":8},{"x":115.05128172634257,"y":175.95233960280578,"cluster":8},{"x":109.18736296017424,"y":190.0992966069133,"cluster":8},{"x":90.33831771666893,"y":196.73864862431265,"cluster":8},{"x":91.03320488296943,"y":172.47297804394285,"cluster":8},{"x":122.85541926124272,"y":174.54147259580512,"cluster":8},{"x":97.10237240786786,"y":172.2016146843635,"cluster":8},{"x":64.23367386549012,"y":208.73793651889918,"cluster":8},{"x":111.91717563975114,"y":150.1178625507378,"cluster":8},{"x":117.68949250236263,"y":54.03704483805431,"cluster":9},{"x":97.34958176553677,"y":69.63988938868833,"cluster":9},{"x":124.59996381248538,"y":31.676851674316072,"cluster":9},{"x":137.05917339511782,"y":28.572606077614505,"cluster":9},{"x":88.43821470161157,"y":28.520592322459148,"cluster":9},{"x":133.2624893102447,"y":74.90083257194,"cluster":9},{"x":99.80380848572017,"y":50.55132584329976,"cluster":9},{"x":18.618269194995502,"y":106.68054910761035,"cluster":10},{"x":53.76387371456349,"y":71.04557249436424,"cluster":10},{"x":50.81632654423302,"y":76.59294374769689,"cluster":10},{"x":50.45488585799965,"y":66.92083467193234,"cluster":10},{"x":32.78162272055075,"y":101.9886573266016,"cluster":10},{"x":35.490096998292685,"y":68.90959225393864,"cluster":10},{"x":46.240984042968236,"y":64.04006113072133,"cluster":10},{"x":33.93365317253285,"y":90.58262096372266,"cluster":10},{"x":459.359106229581,"y":225.82216941933615,"cluster":11},{"x":451.0487455840817,"y":209.33787551071924,"cluster":11},{"x":439.32137205480427,"y":184.68630020476894,"cluster":11},{"x":407.48385605420094,"y":205.6020496728636,"cluster":11},{"x":449.7315972695175,"y":222.92266589187915,"cluster":11},{"x":411.6491417039286,"y":195.8279420781116,"cluster":11},{"x":425.75517357709487,"y":225.69164141389373,"cluster":11}],"num_clusters":12}