{"title":"cluster-n55-c7-r6-s6954165158794076907","map_width":500,"map_height":300,"num_leaves":55,"tree":{"leaf":false,"id":108,"left":{"leaf":false,"id":107,"left":{"leaf":false,"id":106,"left":{"leaf":false,"id":84,"left":{"leaf":false,"id":82,"left":{"leaf":false,"id":81,"left":{"leaf":false,"id":80,"left":{"leaf":true,"id":30,"label":"30","site_id":30},"right":{"leaf":true,"id":29,"label":"29","site_id":29}},"right":{"leaf":true,"id":32,"label":"32","site_id":32}},"right":{"leaf":true,"id":33,"label":"33","site_id":33}},"right":{"leaf":false,"id":83,"left":{"leaf":false,"id":79,"left":{"leaf":true,"id":27,"label":"27","site_id":27},"right":{"leaf":true,"id":28,"label":"28","site_id":28}},"right":{"leaf":true,"id":31,"label":"31","site_id":31}}},"right":{"leaf":false,"id":76,"left":{"leaf":false,"id":75,"left":{"leaf":false,"id":73,"left":{"leaf":false,"id":72,"left":{"leaf":true,"id":22,"label":"22","site_id":22},"right":{"leaf":false,"id":71,"left":{"leaf":true,"id":17,"label":"17","site_id":17},"right":{"leaf":true,"id":18,"label":"18","site_id":18}}},"right":{"leaf":false,"id":70,"left":{"leaf":true,"id":20,"label":"20","site_id":20},"right":{"leaf":false,"id":69,"left":{"leaf":true,"id":19,"label":"19","site_id":19},"right":{"leaf":false,"id":68,"left":{"leaf":true,"id":21,"label":"21","site_id":21},"right":{"leaf":true,"id":16,"label":"16","site_id":16}}}}},"right":{"leaf":false,"id":74,"left":{"leaf":true,"id":15,"label":"15","site_id":15},"right":{"leaf":true,"id":14,"label":"14","site_id":14}}},"right":{"leaf":true,"id":23,"label":"23","site_id":23}}},"right":{"leaf":false,"id":105,"left":{"leaf":false,"id":102,"left":{"leaf":true,"id":49,"label":"49","site_id":49},"right":{"leaf":false,"id":101,"left":{"leaf":true,"id":50,"label":"50","site_id":50},"right":{"leaf":false,"id":100,"left":{"leaf":false,"id":99,"left":{"leaf":true,"id":47,"label":"47","site_id":47},"right":{"leaf":false,"id":98,"left":{"leaf":true,"id":51,"label":"51","site_id":51},"right":{"leaf":false,"id":97,"left":{"leaf":true,"id":53,"label":"53","site_id":53},"right":{"leaf":false,"id":96,"left":{"leaf":true,"id":54,"label":"54","site_id":54},"right":{"leaf":true,"id":52,"label":"52","site_id":52}}}}},"right":{"leaf":true,"id":48,"label":"48","site_id":48}}}},"right":{"leaf":false,"id":104,"left":{"leaf":false,"id":103,"left":{"leaf":false,"id":91,"left":{"leaf":false,"id":90,"left":{"leaf":false,"id":89,"left":{"leaf":false,"id":88,"left":{"leaf":false,"id":86,"left":{"leaf":true,"id":35,"label":"35","site_id":35},"right":{"leaf":true,"id":41,"label":"41","site_id":41}},"right":{"leaf":true,"id":39,"label":"39","site_id":39}},"right":{"leaf":false,"id":87,"left":{"leaf":true,"id":40,"label":"40","site_id":40},"right":{"leaf":true,"id":38,"label":"38","site_id":38}}},"right":{"leaf":false,"id":85,"left":{"leaf":true,"id":36,"label":"36","site_id":36},"right":{"leaf":true,"id":34,"label":"34","site_id":34}}},"right":{"leaf":true,"id":37,"label":"37","site_id":37}},"right":{"leaf":false,"id":95,"left":{"leaf":false,"id":94,"left":{"leaf":false,"id":93,"left":{"leaf":true,"id":43,"label":"43","site_id":43},"right":{"leaf":true,"id":45,"label":"45","site_id":45}},"right":{"leaf":false,"id":92,"left":{"leaf":true,"id":44,"label":"44","site_id":44},"right":{"leaf":true,"id":42,"label":"42","site_id":42}}},"right":{"leaf":true,"id":46,"label":"46","site_id":46}}},"right":{"leaf":false,"id":67,"left":{"leaf":false,"id":62,"left":{"leaf":true,"id":0,"label":"0","site_id":0},"right":{"leaf":true,"id":2,"label":"2","site_id":2}},"right":{"leaf":false,"id":66,"left":{"leaf":false,"id":65,"left":{"leaf":false,"id":58,"left":{"leaf":true,"id":9,"label":"9","site_id":9},"right":{"leaf":false,"id":56,"left":{"leaf":true,"id":6,"label":"6","site_id":6},"right":{"leaf":true,"id":1,"label":"1","site_id":1}}},"right":{"leaf":false,"id":64,"left":{"leaf":false,"id":63,"left":{"leaf":false,"id":59,"left":{"leaf":true,"id":7,"label":"7","site_id":7},"right":{"leaf":false,"id":57,"left":{"leaf":true,"id":10,"label":"10","site_id":10},"right":{"leaf":true,"id":11,"label":"11","site_id":11}}},"right":{"leaf":true,"id":4,"label":"4","site_id":4}},"right":{"leaf":false,"id":60,"left":{"leaf":true,"id":12,"label":"12","site_id":12},"right":{"leaf":true,"id":5,"label":"5","site_id":5}}}},"right":{"leaf":false,"id":61,"left":{"leaf":false,"id":55,"left":{"leaf":true,"id":13,"label":"13","site_id":13},"right":{"leaf":true,"id":8,"label":"8","site_id":8}},"right":{"leaf":true,"id":3,"label":"3","site_id":3}}}}}}},"right":{"leaf":false,"id":78,"left":{"leaf":false,"id":77,"left":{"leaf":true,"id":25,"label":"25","site_id":25},"right":{"leaf":true,"id":26,"label":"26","site_id":26}},"right":{"leaf":true,"id":24,"label":"24","site_id":24}}},"num_sites":55,"sites":[{"x":226.64998948939134,"y":218.68541887806578,"cluster":0},{"x":306.199868352814,"y":236.94395817588966,"cluster":0},{"x":190.45922944833413,"y":120.14993704564165,"cluster":0},{"x":267.82157115922143,"y":247.48001456645582,"cluster":0},{"x":327.77718616863694,"y":132.71793528529523,"cluster":0},{"x":203.51361748247638,"y":262.6521228992394,"cluster":0},{"x":284.1836332532585,"y":204.01200986888676,"cluster":0},{"x":199.34514307278602,"y":208.50635937554463,"cluster":0},{"x":283.9696038647104,"y":278.5109373661275,"cluster":0},{"x":222.3789987102015,"y":149.16425563275874,"cluster":0},{"x":329.22671879944164,"y":262.33737087696335,"cluster":0},{"x":231.52883562883832,"y":234.34560555512434,"cluster":0},{"x":179.99093516666085,"y":150.57044255891887,"cluster":0},{"x":290.4925303761076,"y":247.45782492118133,"cluster":0},{"x":56.794766918448744,"y":239.75330833985961,"cluster":1},{"x":22.505179925744475,"y":224.31456545537628,"cluster":1},{"x":120.4597432829562,"y":166.96719997622648,"cluster":1},{"x":82.58460512423285,"y":265.55911930291046,"cluster":1},{"x":92.6051607445671,"y":162.92599357681704,"cluster":1},{"x":87.38023352086597,"y":192.95850450088378,"cluster":1},{"x":35.329284375493245,"y":168.62397176801343,"cluster":1},{"x":97.27996361544436,"y":215.49710713701262,"cluster":1},{"x":79.76005749154209,"y":202.30139348701059,"cluster":1},{"x":19.882617147134756,"y":176.2098594712943,"cluster":1},{"x":278.6481417658683,"y":220.25875272223436,"cluster":2},{"x":316.61033655794176,"y":223.46208255959098,"cluster":2},{"x":315.93986489200495,"y":238.6807855765361,"cluster":2},{"x":88.11552313374621,"y":206.81412633859384,"cluster":3},{"x":48.016743809230356,"y":143.80759507027625,"cluster":3},{"x":58.4825556527653,"y":205.75210334851826,"cluster":3},{"x":68.11881475486238,"y":205.22157300223364,"cluster":3},{"x":74.39268969367629,"y":164.11107390607913,"cluster":3},{"x":105.00004325444164,"y":226.6090408686893,"cluster":3},{"x":97.23364629248273,"y":154.82431595472679,"cluster":3},{"x":394.7048630506521,"y":163.76752707974043,"cluster":4},{"x":460.2639004251049,"y":242.22329135437872,"cluster":4},{"x":459.6783443834164,"y":156.22695403980413,"cluster":4},{"x":372.582819004892,"y":156.5289945009426,"cluster":4},{"x":450.6796125210305,"y":256.2875484289146,"cluster":4},{"x":372.293685738723,"y":258.0647119565152,"cluster":4},{"x":444.77627736923216,"y":244.29571459421248,"cluster":4},{"x":391.9461206208063,"y":257.06256668381565,"cluster":4},{"x":72.4594150604863,"y":202.18351608407818,"cluster":5},{"x":79.15228181106147,"y":216.8334832930953,"cluster":5},{"x":123.60059549878962,"y":227.2217497501658,"cluster":5},{"x":93.16090730877835,"y":239.83053955314202,"cluster":5},{"x":76.31253785559188,"y":181.63847972598055,"cluster":5},{"x":70.83272753007617,"y":113.04471847577149,"cluster":6},{"x":57.73884470358254,"y":135.86265774934333,"cluster":6},{"x":68.72826871434626,"y":179.9484045935868,"cluster":6},{"x":85.84810413539856,"y":132.5591104475465,"cluster":6},{"x":41.77360429069322,"y":98.19852524240915,"cluster":6},{"x":47.548814484468465,"y":100.72640298297355,"cluster":6},{"x":34.43058646070789,"y":150.24095915826712,"cluster":6},{"x":81.01107093375357,"y":187.4279316251647,"cluster":6}],"num_clusters":7}