{"title":"cluster-n80-c10-r4-s6782041339587778147","map_width":500,"map_height":300,"num_leaves":80,"tree":{"leaf":false,"id":158,"left":{"leaf":false,"id":86,"left":{"leaf":false,"id":80,"left":{"leaf":true,"id":5,"label":"5","site_id":5},"right":{"leaf":true,"id":3,"label":"3","site_id":3}},"right":{"leaf":false,"id":85,"left":{"leaf":true,"id":0,"label":"0","site_id":0},"right":{"leaf":false,"id":84,"left":{"leaf":false,"id":82,"left":{"leaf":true,"id":7,"label":"7","site_id":7},"right":{"leaf":true,"id":6,"label":"6","site_id":6}},"right":{"leaf":false,"id":83,"left":{"leaf":false,"id":81,"left":{"leaf":true,"id":4,"label":"4","site_id":4},"right":{"leaf":true,"id":2,"label":"2","site_id":2}},"right":{"leaf":true,"id":1,"label":"1","site_id":1}}}}},"right":{"leaf":false,"id":157,"left":{"leaf":false,"id":155,"left":{"leaf":false,"id":153,"left":{"leaf":false,"id":143,"left":{"leaf":false,"id":142,"left":{"leaf":true,"id":70,"label":"70","site_id":70},"right":{"leaf":false,"id":141,"left":{"leaf":false,"id":137,"left":{"leaf":true,"id":65,"label":"65","site_id":65},"right":{"leaf":true,"id":71,"label":"71","site_id":71}},"right":{"leaf":false,"id":138,"left":{"leaf":true,"id":66,"label":"66","site_id":66},"right":{"leaf":true,"id":72,"label":"72","site_id":72}}}},"right":{"leaf":false,"id":140,"left":{"leaf":true,"id":68,"label":"68","site_id":68},"right":{"leaf":false,"id":139,"left":{"leaf":true,"id":69,"label":"69","site_id":69},"right":{"leaf":false,"id":136,"left":{"leaf":true,"id":64,"label":"64","site_id":64},"right":{"leaf":true,"id":67,"label":"67","site_id":67}}}}},"right":{"leaf":false,"id":151,"left":{"leaf":false,"id":127,"left":{"leaf":false,"id":121,"left":{"leaf":true,"id":46,"label":"46","site_id":46},"right":{"leaf":false,"id":119,"left":{"leaf":true,"id":52,"label":"52","site_id":52},"right":{"leaf":true,"id":53,"label":"53","site_id":53}}},"right":{"leaf":false,"id":126,"left":{"leaf":false,"id":124,"left":{"leaf":false,"id":122,"left":{"leaf":false,"id":117,"left":{"leaf":true,"id":48,"label":"48","site_id":48},"right":{"leaf":true,"id":50,"label":"50","site_id":50}},"right":{"leaf":true,"id":45,"label":"45","site_id":45}},"right":{"leaf":true,"id":54,"label":"54","site_id":54}},"right":{"leaf":false,"id":125,"left":{"leaf":false,"id":120,"left":{"leaf":true,"id":44,"label":"44","site_id":44},"right":{"leaf":true,"id":47,"label":"47","site_id":47}},"right":{"leaf":false,"id":123,"left":{"leaf":false,"id":118,"left":{"leaf":true,"id":49,"label":"49","site_id":49},"right":{"leaf":true,"id":43,"label":"43","site_id":43}},"right":{"leaf":true,"id":51,"label":"51","site_id":51}}}}},"right":{"leaf":false,"id":150,"left":{"leaf":false,"id":135,"left":{"leaf":false,"id":133,"left":{"leaf":false,"id":131,"left":{"leaf":true,"id":60,"label":"60","site_id":60},"right":{"leaf":false,"id":128,"left":{"leaf":true,"id":57,"label":"57","site_id":57},"right":{"leaf":true,"id":56,"label":"56","site_id":56}}},"right":{"leaf":false,"id":132,"left":{"leaf":true,"id":63,"label":"63","site_id":63},"right":{"leaf":false,"id":130,"left":{"leaf":true,"id":59,"label":"59","site_id":59},"right":{"leaf":true,"id":55,"label":"55","site_id":55}}}},"right":{"leaf":false,"id":134,"left":{"leaf":true,"id":61,"label":"61","site_id":61},"right":{"leaf":false,"id":129,"left":{"leaf":true,"id":58,"label":"58","site_id":58},"right":{"leaf":true,"id":62,"label":"62","site_id":62}}}},"right":{"leaf":false,"id":149,"left":{"leaf":false,"id":146,"left":{"leaf":true,"id":78,"label":"78","site_id":78},"right":{"leaf":false,"id":144,"left":{"leaf":true,"id":79,"label":"79","site_id":79},"right":{"leaf":true,"id":74,"label":"74","site_id":74}}},"right":{"leaf":false,"id":148,"left":{"leaf":false,"id":147,"left":{"leaf":false,"id":145,"left":{"leaf":true,"id":76,"label":"76","site_id":76},"right":{"leaf":true,"id":73,"label":"73","site_id":73}},"right":{"leaf":true,"id":77,"label":"77","site_id":77}},"right":{"leaf":true,"id":75,"label":"75","site_id":75}}}}}},"right":{"leaf":false,"id":94,"left":{"leaf":false,"id":92,"left":{"leaf":false,"id":90,"left":{"leaf":true,"id":9,"label":"9","site_id":9},"right":{"leaf":true,"id":10,"label":"10","site_id":10}},"right":{"leaf":false,"id":89,"left":{"leaf":true,"id":12,"label":"12","site_id":12},"right":{"leaf":true,"id":13,"label":"13","site_id":13}}},"right":{"leaf":false,"id":93,"left":{"leaf":true,"id":14,"label":"14","site_id":14},"right":{"leaf":false,"id":91,"left":{"leaf":true,"id":15,"label":"15","site_id":15},"right":{"leaf":false,"id":88,"left":{"leaf":true,"id":11,"label":"11","site_id":11},"right":{"leaf":false,"id":87,"left":{"leaf":true,"id":8,"label":"8","site_id":8},"right":{"leaf":true,"id":16,"label":"16","site_id":16}}}}}}},"right":{"leaf":false,"id":156,"left":{"leaf":false,"id":154,"left":{"leaf":false,"id":99,"left":{"leaf":false,"id":98,"left":{"leaf":true,"id":17,"label":"17","site_id":17},"right":{"leaf":true,"id":18,"label":"18","site_id":18}},"right":{"leaf":false,"id":97,"left":{"leaf":false,"id":96,"left":{"leaf":true,"id":19,"label":"19","site_id":19},"right":{"leaf":false,"id":95,"left":{"leaf":true,"id":22,"label":"22","site_id":22},"right":{"leaf":true,"id":21,"label":"21","site_id":21}}},"right":{"leaf":true,"id":20,"label":"20","site_id":20}}},"right":{"leaf":false,"id":116,"left":{"leaf":false,"id":115,"left":{"leaf":true,"id":39,"label":"39","site_id":39},"right":{"leaf":false,"id":114,"left":{"leaf":true,"id":37,"label":"37","site_id":37},"right":{"leaf":false,"id":113,"left":{"leaf":false,"id":112,"left":{"leaf":true,"id":41,"label":"41","site_id":41},"right":{"leaf":true,"id":40,"label":"40","site_id":40}},"right":{"leaf":true,"id":38,"label":"38","site_id":38}}}},"right":{"leaf":true,"id":42,"label":"42","site_id":42}}},"right":{"leaf":false,"id":152,"left":{"leaf":false,"id":111,"left":{"leaf":false,"id":108,"left":{"leaf":false,"id":107,"left":{"leaf":true,"id":35,"label":"35","site_id":35},"right":{"leaf":true,"id":31,"label":"31","site_id":31}},"right":{"leaf":true,"id":33,"label":"33","site_id":33}},"right":{"leaf":false,"id":110,"left":{"leaf":false,"id":109,"left":{"leaf":true,"id":34,"label":"34","site_id":34},"right":{"leaf":true,"id":36,"label":"36","site_id":36}},"right":{"leaf":true,"id":32,"label":"32","site_id":32}}},"right":{"leaf":false,"id":106,"left":{"leaf":false,"id":105,"left":{"leaf":false,"id":103,"left":{"leaf":true,"id":26,"label":"26","site_id":26},"right":{"leaf":false,"id":101,"left":{"leaf":true,"id":29,"label":"29","site_id":29},"right":{"leaf":true,"id":28,"label":"28","site_id":28}}},"right":{"leaf":false,"id":104,"left":{"leaf":false,"id":102,"left":{"leaf":false,"id":100,"left":{"leaf":true,"id":27,"label":"27","site_id":27},"right":{"leaf":true,"id":30,"label":"30","site_id":30}},"right":{"leaf":true,"id":24,"label":"24","site_id":24}},"right":{"leaf":true,"id":25,"label":"25","site_id":25}}},"right":{"leaf":true,"id":23,"label":"23","site_id":23}}}}}},"num_sites":80,"sites":[{"x":262.7220572318054,"y":192.63256552146225,"cluster":0},{"x":253.50161628204881,"y":234.95741475758854,"cluster":0},{"x":217.94416830215852,"y":234.9168755175321,"cluster":0},{"x":235.89412330244812,"y":240.94439388385177,"cluster":0},{"x":198.56017948175443,"y":244.4650621032873,"cluster":0},{"x":234.22737340448356,"y":194.4046372379631,"cluster":0},{"x":254.26858884909237,"y":170.48450611821536,"cluster":0},{"x":199.75795553919556,"y":220.57546608112838,"cluster":0},{"x":271.6754403745068,"y":157.36480070480022,"cluster":1},{"x":260.19378874630803,"y":176.01898096512892,"cluster":1},{"x":232.3035713253207,"y":123.65073548386965,"cluster":1},{"x":217.20201095826008,"y":143.82025413223482,"cluster":1},{"x":238.83390893936811,"y":131.00040371507095,"cluster":1},{"x":252.50078727277767,"y":141.7729416734959,"cluster":1},{"x":188.34798245672295,"y":142.2250854342666,"cluster":1},{"x":209.1577182981838,"y":119.57910529490535,"cluster":1},{"x":215.5363963158177,"y":154.9787531634357,"cluster":1},{"x":35.13662400575455,"y":165.03280657409996,"cluster":2},{"x":32.84034511711506,"y":178.60294315363467,"cluster":2},{"x":38.676341211759265,"y":178.4571715399002,"cluster":2},{"x":53.10056107998226,"y":195.3901866844867,"cluster":2},{"x":57.17096686323919,"y":166.13546090917274,"cluster":2},{"x":35.583206327400084,"y":192.97990986393347,"cluster":2},{"x":80.93386207216344,"y":179.27086715612586,"cluster":3},{"x":71.84700038277947,"y":253.36054779415164,"cluster":3},{"x":23.870118570495762,"y":257.0088809055763,"cluster":3},{"x":75.09431371623387,"y":204.7593072317069,"cluster":3},{"x":31.956939976909222,"y":255.46810761622703,"cluster":3},{"x":62.510087093474056,"y":247.85977669984877,"cluster":3},{"x":51.15929294207149,"y":216.79623644016155,"cluster":3},{"x":42.81800335962498,"y":240.20937536196735,"cluster":3},{"x":413.68865899794577,"y":146.0381873322897,"cluster":4},{"x":412.5780705417953,"y":169.74300597253048,"cluster":4},{"x":362.7411403471912,"y":141.51096061672214,"cluster":4},{"x":387.4214749629758,"y":139.7214127507078,"cluster":4},{"x":421.7124328107822,"y":118.38106045013653,"cluster":4},{"x":419.3266100270561,"y":163.70030072761108,"cluster":4},{"x":148.58348328416426,"y":79.69171923162999,"cluster":5},{"x":197.10743301849095,"y":118.16012607651709,"cluster":5},{"x":168.3977633150217,"y":97.66899234246192,"cluster":5},{"x":145.30387261024444,"y":67.3872179979882,"cluster":5},{"x":159.70291880187483,"y":58.67576873099457,"cluster":5},{"x":184.39391567063308,"y":111.50724469374433,"cluster":5},{"x":122.67894798230421,"y":65.49387785313553,"cluster":6},{"x":112.02595759620108,"y":157.99721007165127,"cluster":6},{"x":84.33595257578546,"y":132.42121507673093,"cluster":6},{"x":161.87810111496975,"y":81.3787243942056,"cluster":6},{"x":143.24542844904627,"y":104.34724568075181,"cluster":6},{"x":44.8572975529933,"y":120.0013858032746,"cluster":6},{"x":133.62125778710902,"y":41.74966274760634,"cluster":6},{"x":129.02883257521916,"y":160.64798489066123,"cluster":6},{"x":47.85057726036434,"y":106.17683071981548,"cluster":6},{"x":143.8429989603878,"y":78.42104976554846,"cluster":6},{"x":114.28766478727597,"y":60.394056532777064,"cluster":6},{"x":153.34130748580552,"y":130.67624140883763,"cluster":6},{"x":179.05518396049106,"y":82.3436386235308,"cluster":7},{"x":145.60152622584604,"y":107.60461938021851,"cluster":7},{"x":118.50003553375444,"y":99.52018427889605,"cluster":7},{"x":161.51099876327763,"y":142.12743739703183,"cluster":7},{"x":165.92965023049402,"y":111.99081373798589,"cluster":7},{"x":168.31655224015654,"y":64.46231774724444,"cluster":7},{"x":196.52923788049765,"y":124.20851247414625,"cluster":7},{"x":133.1309148392432,"y":135.77033211615924,"cluster":7},{"x":195.55606586170688,"y":81.61107912796851,"cluster":7},{"x":382.8762903168084,"y":113.63353362956869,"cluster":8},{"x":404.90451575774097,"y":148.4978166793024,"cluster":8},{"x":359.70191198430933,"y":162.24176036094545,"cluster":8},{"x":397.8190355542169,"y":106.02134209227103,"cluster":8},{"x":338.0710336821278,"y":92.02911657354514,"cluster":8},{"x":411.00457999374004,"y":136.5453136193631,"cluster":8},{"x":351.3165334612999,"y":107.70963515497306,"cluster":8},{"x":403.2976459496779,"y":160.69004175964525,"cluster":8},{"x":350.10626694683043,"y":100.42032089027234,"cluster":8},{"x":148.8225508608463,"y":105.19857469003625,"cluster":9},{"x":177.11440684204177,"y":68.50470317151007,"cluster":9},{"x":186.2039583959737,"y":78.83237322937744,"cluster":9},{"x":184.09942081735863,"y":99.74665865907569,"cluster":9},{"x":135.70953232116403,"y":85.77288121935919,"cluster":9},{"x":167.17612774888872,"y":48.36649608714828,"cluster":9},{"x":163.0414888179433,"y":64.7706957884067,"cluster":9}],"num_clusters":10}