{"title":"cluster-n80-c10-r5-s-6781758559652977244","map_width":500,"map_height":300,"num_leaves":80,"tree":{"leaf":false,"id":158,"left":{"leaf":false,"id":156,"left":{"leaf":false,"id":155,"left":{"leaf":false,"id":117,"left":{"leaf":false,"id":116,"left":{"leaf":false,"id":113,"left":{"leaf":false,"id":112,"left":{"leaf":false,"id":111,"left":{"leaf":true,"id":38,"label":"38","site_id":38},"right":{"leaf":false,"id":110,"left":{"leaf":true,"id":39,"label":"39","site_id":39},"right":{"leaf":false,"id":108,"left":{"leaf":true,"id":36,"label":"36","site_id":36},"right":{"leaf":false,"id":107,"left":{"leaf":true,"id":35,"label":"35","site_id":35},"right":{"leaf":true,"id":40,"label":"40","site_id":40}}}}},"right":{"leaf":true,"id":37,"label":"37","site_id":37}},"right":{"leaf":true,"id":42,"label":"42","site_id":42}},"right":{"leaf":true,"id":34,"label":"34","site_id":34}},"right":{"leaf":false,"id":115,"left":{"leaf":true,"id":41,"label":"41","site_id":41},"right":{"leaf":false,"id":114,"left":{"leaf":false,"id":109,"left":{"leaf":true,"id":31,"label":"31","site_id":31},"right":{"leaf":true,"id":32,"label":"32","site_id":32}},"right":{"leaf":true,"id":33,"label":"33","site_id":33}}}},"right":{"leaf":false,"id":153,"left":{"leaf":false,"id":145,"left":{"leaf":true,"id":73,"label":"73","site_id":73},"right":{"leaf":false,"id":144,"left":{"leaf":true,"id":74,"label":"74","site_id":74},"right":{"leaf":false,"id":143,"left":{"leaf":false,"id":142,"left":{"leaf":true,"id":67,"label":"67","site_id":67},"right":{"leaf":false,"id":141,"left":{"leaf":false,"id":140,"left":{"leaf":false,"id":139,"left":{"leaf":true,"id":66,"label":"66","site_id":66},"right":{"leaf":true,"id":72,"label":"72","site_id":72}},"right":{"leaf":true,"id":68,"label":"68","site_id":68}},"right":{"leaf":true,"id":70,"label":"70","site_id":70}}},"right":{"leaf":false,"id":138,"left":{"leaf":true,"id":71,"label":"71","site_id":71},"right":{"leaf":true,"id":69,"label":"69","site_id":69}}}}},"right":{"leaf":false,"id":149,"left":{"leaf":false,"id":146,"left":{"leaf":true,"id":77,"label":"77","site_id":77},"right":{"leaf":true,"id":79,"label":"79","site_id":79}},"right":{"leaf":false,"id":148,"left":{"leaf":true,"id":75,"label":"75","site_id":75},"right":{"leaf":false,"id":147,"left":{"leaf":true,"id":76,"label":"76","site_id":76},"right":{"leaf":true,"id":78,"label":"78","site_id":78}}}}}},"right":{"leaf":false,"id":152,"left":{"leaf":false,"id":137,"left":{"leaf":true,"id":65,"label":"65","site_id":65},"right":{"leaf":false,"id":136,"left":{"leaf":false,"id":135,"left":{"leaf":true,"id":64,"label":"64","site_id":64},"right":{"leaf":false,"id":134,"left":{"leaf":true,"id":63,"label":"63","site_id":63},"right":{"leaf":true,"id":61,"label":"61","site_id":61}}},"right":{"leaf":true,"id":62,"label":"62","site_id":62}}},"right":{"leaf":false,"id":133,"left":{"leaf":false,"id":130,"left":{"leaf":true,"id":59,"label":"59","site_id":59},"right":{"leaf":false,"id":126,"left":{"leaf":true,"id":60,"label":"60","site_id":60},"right":{"leaf":true,"id":58,"label":"58","site_id":58}}},"right":{"leaf":false,"id":132,"left":{"leaf":true,"id":51,"label":"51","site_id":51},"right":{"leaf":false,"id":131,"left":{"leaf":false,"id":129,"left":{"leaf":true,"id":54,"label":"54","site_id":54},"right":{"leaf":false,"id":127,"left":{"leaf":true,"id":57,"label":"57","site_id":57},"right":{"leaf":false,"id":125,"left":{"leaf":true,"id":52,"label":"52","site_id":52},"right":{"leaf":true,"id":56,"label":"56","site_id":56}}}},"right":{"leaf":false,"id":128,"left":{"leaf":true,"id":53,"label":"53","site_id":53},"right":{"leaf":true,"id":55,"label":"55","site_id":55}}}}}}},"right":{"leaf":false,"id":157,"left":{"leaf":false,"id":93,"left":{"leaf":false,"id":92,"left":{"leaf":false,"id":90,"left":{"leaf":false,"id":88,"left":{"leaf":true,"id":11,"label":"11","site_id":11},"right":{"leaf":true,"id":10,"label":"10","site_id":10}},"right":{"leaf":true,"id":9,"label":"9","site_id":9}},"right":{"leaf":false,"id":89,"left":{"leaf":true,"id":13,"label":"13","site_id":13},"right":{"leaf":true,"id":12,"label":"12","site_id":12}}},"right":{"leaf":false,"id":91,"left":{"leaf":true,"id":15,"label":"15","site_id":15},"right":{"leaf":true,"id":14,"label":"14","site_id":14}}},"right":{"leaf":false,"id":154,"left":{"leaf":false,"id":98,"left":{"leaf":false,"id":96,"left":{"leaf":false,"id":95,"left":{"leaf":true,"id":16,"label":"16","site_id":16},"right":{"leaf":true,"id":19,"label":"19","site_id":19}},"right":{"leaf":false,"id":94,"left":{"leaf":true,"id":20,"label":"20","site_id":20},"right":{"leaf":true,"id":18,"label":"18","site_id":18}}},"right":{"leaf":false,"id":97,"left":{"leaf":true,"id":21,"label":"21","site_id":21},"right":{"leaf":true,"id":17,"label":"17","site_id":17}}},"right":{"leaf":false,"id":151,"left":{"leaf":false,"id":150,"left":{"leaf":false,"id":106,"left":{"leaf":true,"id":22,"label":"22","site_id":22},"right":{"leaf":false,"id":105,"left":{"leaf":false,"id":104,"left":{"leaf":false,"id":102,"left":{"leaf":true,"id":25,"label":"25","site_id":25},"right":{"leaf":false,"id":100,"left":{"leaf":true,"id":23,"label":"23","site_id":23},"right":{"leaf":true,"id":30,"label":"30","site_id":30}}},"right":{"leaf":false,"id":103,"left":{"leaf":false,"id":101,"left":{"leaf":false,"id":99,"left":{"leaf":true,"id":26,"label":"26","site_id":26},"right":{"leaf":true,"id":28,"label":"28","site_id":28}},"right":{"leaf":true,"id":24,"label":"24","site_id":24}},"right":{"leaf":true,"id":27,"label":"27","site_id":27}}},"right":{"leaf":true,"id":29,"label":"29","site_id":29}}},"right":{"leaf":false,"id":87,"left":{"leaf":true,"id":7,"label":"7","site_id":7},"right":{"leaf":false,"id":86,"left":{"leaf":false,"id":85,"left":{"leaf":true,"id":2,"label":"2","site_id":2},"right":{"leaf":true,"id":5,"label":"5","site_id":5}},"right":{"leaf":false,"id":84,"left":{"leaf":false,"id":83,"left":{"leaf":false,"id":82,"left":{"leaf":false,"id":81,"left":{"leaf":true,"id":3,"label":"3","site_id":3},"right":{"leaf":true,"id":0,"label":"0","site_id":0}},"right":{"leaf":true,"id":1,"label":"1","site_id":1}},"right":{"leaf":false,"id":80,"left":{"leaf":true,"id":4,"label":"4","site_id":4},"right":{"leaf":true,"id":6,"label":"6","site_id":6}}},"right":{"leaf":true,"id":8,"label":"8","site_id":8}}}}},"right":{"leaf":false,"id":124,"left":{"leaf":true,"id":48,"label":"48","site_id":48},"right":{"leaf":false,"id":123,"left":{"leaf":false,"id":120,"left":{"leaf":false,"id":118,"left":{"leaf":true,"id":46,"label":"46","site_id":46},"right":{"leaf":true,"id":43,"label":"43","site_id":43}},"right":{"leaf":true,"id":45,"label":"45","site_id":45}},"right":{"leaf":false,"id":122,"left":{"leaf":true,"id":47,"label":"47","site_id":47},"right":{"leaf":false,"id":121,"left":{"leaf":true,"id":44,"label":"44","site_id":44},"right":{"leaf":false,"id":119,"left":{"leaf":true,"id":50,"label":"50","site_id":50},"right":{"leaf":true,"id":49,"label":"49","site_id":49}}}}}}}}}},"num_sites":80,"sites":[{"x":196.87711937274346,"y":257.56335377962864,"cluster":0},{"x":264.17589136436595,"y":279.95471969505064,"cluster":0},{"x":201.70420904829703,"y":227.62947556888676,"cluster":0},{"x":257.5665178903474,"y":246.39103671311764,"cluster":0},{"x":200.9064170707594,"y":249.86743541612148,"cluster":0},{"x":190.4065485626511,"y":210.05533476886717,"cluster":0},{"x":216.7692774093153,"y":256.48667527667385,"cluster":0},{"x":208.5206368320622,"y":281.1844135821323,"cluster":0},{"x":249.38055175553504,"y":278.36532624481634,"cluster":0},{"x":101.76731185999525,"y":53.80226086492587,"cluster":1},{"x":101.15043494164459,"y":110.06069930314298,"cluster":1},{"x":96.11614003308419,"y":100.00221270973054,"cluster":1},{"x":77.34232649477518,"y":95.63264414050285,"cluster":1},{"x":78.14842162771185,"y":66.2226947032458,"cluster":1},{"x":136.65679766112729,"y":116.96810558750144,"cluster":1},{"x":139.23801888567328,"y":96.04944056080107,"cluster":1},{"x":48.35959791085116,"y":242.06022989410195,"cluster":2},{"x":60.046778194834225,"y":252.26570972576422,"cluster":2},{"x":28.37977610163015,"y":235.50343970767756,"cluster":2},{"x":46.17654161865427,"y":254.88912864579575,"cluster":2},{"x":17.794842506316584,"y":256.11581064435353,"cluster":2},{"x":58.47018685212488,"y":243.71144645350563,"cluster":2},{"x":106.12770043182273,"y":146.46565262763693,"cluster":3},{"x":80.99491979399458,"y":173.31996806744718,"cluster":3},{"x":73.52386541132691,"y":146.65666218755098,"cluster":3},{"x":45.45956300111951,"y":173.95052142292525,"cluster":3},{"x":86.51654988453174,"y":129.76419702933828,"cluster":3},{"x":87.47055120968565,"y":156.8851082341897,"cluster":3},{"x":63.423156294311866,"y":154.8925753836555,"cluster":3},{"x":56.699483213763074,"y":129.17540966352433,"cluster":3},{"x":35.14431704841203,"y":124.39375633712851,"cluster":3},{"x":252.96652403086946,"y":66.05124375975386,"cluster":4},{"x":169.14794498203986,"y":119.4198802721896,"cluster":4},{"x":169.7275046156015,"y":85.94281682636498,"cluster":4},{"x":209.4324952731846,"y":111.49414092837237,"cluster":4},{"x":278.58920802202346,"y":50.40837851163644,"cluster":4},{"x":239.25202735889192,"y":49.138385667251825,"cluster":4},{"x":271.0920914939752,"y":109.28198010537363,"cluster":4},{"x":265.9018481401029,"y":37.03201270983645,"cluster":4},{"x":199.30312325721334,"y":65.10745415385954,"cluster":4},{"x":277.25802641533136,"y":40.04661443883792,"cluster":4},{"x":169.28959453438767,"y":101.5592787335222,"cluster":4},{"x":248.78271544179287,"y":75.54812303768063,"cluster":4},{"x":69.42649733282701,"y":259.90753960387156,"cluster":5},{"x":86.62187145731075,"y":229.37234130465527,"cluster":5},{"x":111.44037403521976,"y":277.0066124120745,"cluster":5},{"x":124.36495224222708,"y":270.94012556935377,"cluster":5},{"x":58.48661871992083,"y":219.4211341308955,"cluster":5},{"x":55.83234648840467,"y":259.4118193055595,"cluster":5},{"x":103.50538416224387,"y":239.10124303874238,"cluster":5},{"x":93.56679467116946,"y":238.84563957607602,"cluster":5},{"x":287.6350295881425,"y":177.74402694995464,"cluster":6},{"x":269.0135902649998,"y":170.40084577243175,"cluster":6},{"x":283.2091692147167,"y":148.61924482852888,"cluster":6},{"x":213.0971098202554,"y":149.40049842531153,"cluster":6},{"x":282.0367867985798,"y":143.05798476239508,"cluster":6},{"x":281.2137357049934,"y":135.99668510518632,"cluster":6},{"x":259.41804557254665,"y":154.40779639225332,"cluster":6},{"x":249.71988622667294,"y":115.17925944367038,"cluster":6},{"x":241.81550459021753,"y":111.8274635617872,"cluster":6},{"x":218.00866615559673,"y":175.87769587633875,"cluster":6},{"x":354.08930644186233,"y":58.08807637179412,"cluster":7},{"x":358.4985799453756,"y":66.76797637003668,"cluster":7},{"x":353.92900008096746,"y":103.95930974214909,"cluster":7},{"x":363.2104000458542,"y":88.82149928617896,"cluster":7},{"x":395.47390535642285,"y":88.38902002061599,"cluster":7},{"x":173.24992646178572,"y":203.76203206698176,"cluster":8},{"x":231.6664254511939,"y":158.69150427114778,"cluster":8},{"x":198.4022492989191,"y":159.78827511096077,"cluster":8},{"x":182.62113880096626,"y":209.1488394796139,"cluster":8},{"x":191.11112643028875,"y":189.8281691218417,"cluster":8},{"x":183.45120126668814,"y":162.08795677009724,"cluster":8},{"x":222.1206300603195,"y":158.23051578146897,"cluster":8},{"x":146.2305345690088,"y":220.00264915488586,"cluster":8},{"x":154.53768460735003,"y":172.590099770206,"cluster":8},{"x":161.56715986067698,"y":113.97143276557065,"cluster":9},{"x":156.8083923928366,"y":102.14223242395664,"cluster":9},{"x":171.65682308415222,"y":136.38667563525837,"cluster":9},{"x":166.5537262421716,"y":107.63886689880485,"cluster":9},{"x":128.94168038898002,"y":101.25604641794875,"cluster":9}],"num_clusters":10}