{"title":"cluster-n90-c11-r3-s-3808162511205526765","map_width":500,"map_height":300,"num_leaves":90,"tree":{"leaf":false,"id":178,"left":{"leaf":false,"id":176,"left":{"leaf":false,"id":175,"left":{"leaf":false,"id":96,"left":{"leaf":false,"id":94,"left":{"leaf":true,"id":7,"label":"7","site_id":7},"right":{"leaf":true,"id":0,"label":"0","site_id":0}},"right":{"leaf":false,"id":95,"left":{"leaf":false,"id":92,"left":{"leaf":true,"id":5,"label":"5","site_id":5},"right":{"leaf":false,"id":91,"left":{"leaf":true,"id":6,"label":"6","site_id":6},"right":{"leaf":true,"id":2,"label":"2","site_id":2}}},"right":{"leaf":false,"id":93,"left":{"leaf":true,"id":1,"label":"1","site_id":1},"right":{"leaf":false,"id":90,"left":{"leaf":true,"id":3,"label":"3","site_id":3},"right":{"leaf":true,"id":4,"label":"4","site_id":4}}}}},"right":{"leaf":false,"id":173,"left":{"leaf":false,"id":172,"left":{"leaf":false,"id":168,"left":{"leaf":false,"id":166,"left":{"leaf":true,"id":86,"label":"86","site_id":86},"right":{"leaf":true,"id":87,"label":"87","site_id":87}},"right":{"leaf":false,"id":167,"left":{"leaf":true,"id":88,"label":"88","site_id":88},"right":{"leaf":true,"id":89,"label":"89","site_id":89}}},"right":{"leaf":false,"id":105,"left":{"leaf":false,"id":104,"left":{"leaf":false,"id":103,"left":{"leaf":false,"id":102,"left":{"leaf":false,"id":100,"left":{"leaf":true,"id":17,"label":"17","site_id":17},"right":{"leaf":true,"id":13,"label":"13","site_id":13}},"right":{"leaf":true,"id":14,"label":"14","site_id":14}},"right":{"leaf":true,"id":10,"label":"10","site_id":10}},"right":{"leaf":false,"id":99,"left":{"leaf":true,"id":15,"label":"15","site_id":15},"right":{"leaf":false,"id":97,"left":{"leaf":true,"id":12,"label":"12","site_id":12},"right":{"leaf":true,"id":11,"label":"11","site_id":11}}}},"right":{"leaf":false,"id":101,"left":{"leaf":true,"id":8,"label":"8","site_id":8},"right":{"leaf":false,"id":98,"left":{"leaf":true,"id":16,"label":"16","site_id":16},"right":{"leaf":true,"id":9,"label":"9","site_id":9}}}}},"right":{"leaf":false,"id":113,"left":{"leaf":false,"id":112,"left":{"leaf":true,"id":18,"label":"18","site_id":18},"right":{"leaf":false,"id":111,"left":{"leaf":true,"id":20,"label":"20","site_id":20},"right":{"leaf":false,"id":110,"left":{"leaf":false,"id":106,"left":{"leaf":true,"id":23,"label":"23","site_id":23},"right":{"leaf":true,"id":26,"label":"26","site_id":26}},"right":{"leaf":false,"id":107,"left":{"leaf":true,"id":24,"label":"24","site_id":24},"right":{"leaf":true,"id":25,"label":"25","site_id":25}}}}},"right":{"leaf":false,"id":109,"left":{"leaf":true,"id":22,"label":"22","site_id":22},"right":{"leaf":false,"id":108,"left":{"leaf":true,"id":21,"label":"21","site_id":21},"right":{"leaf":true,"id":19,"label":"19","site_id":19}}}}}},"right":{"leaf":false,"id":171,"left":{"leaf":false,"id":156,"left":{"leaf":false,"id":155,"left":{"leaf":false,"id":153,"left":{"leaf":true,"id":75,"label":"75","site_id":75},"right":{"leaf":false,"id":152,"left":{"leaf":false,"id":151,"left":{"leaf":true,"id":70,"label":"70","site_id":70},"right":{"leaf":true,"id":72,"label":"72","site_id":72}},"right":{"leaf":false,"id":150,"left":{"leaf":true,"id":71,"label":"71","site_id":71},"right":{"leaf":true,"id":68,"label":"68","site_id":68}}}},"right":{"leaf":false,"id":154,"left":{"leaf":true,"id":73,"label":"73","site_id":73},"right":{"leaf":true,"id":74,"label":"74","site_id":74}}},"right":{"leaf":true,"id":69,"label":"69","site_id":69}},"right":{"leaf":false,"id":145,"left":{"leaf":false,"id":144,"left":{"leaf":true,"id":61,"label":"61","site_id":61},"right":{"leaf":true,"id":56,"label":"56","site_id":56}},"right":{"leaf":false,"id":143,"left":{"leaf":false,"id":142,"left":{"leaf":true,"id":57,"label":"57","site_id":57},"right":{"leaf":false,"id":141,"left":{"leaf":true,"id":62,"label":"62","site_id":62},"right":{"leaf":false,"id":140,"left":{"leaf":true,"id":60,"label":"60","site_id":60},"right":{"leaf":true,"id":59,"label":"59","site_id":59}}}},"right":{"leaf":true,"id":58,"label":"58","site_id":58}}}}},"right":{"leaf":false,"id":177,"left":{"leaf":false,"id":149,"left":{"leaf":false,"id":148,"left":{"leaf":false,"id":146,"left":{"leaf":true,"id":65,"label":"65","site_id":65},"right":{"leaf":true,"id":64,"label":"64","site_id":64}},"right":{"leaf":false,"id":147,"left":{"leaf":true,"id":63,"label":"63","site_id":63},"right":{"leaf":true,"id":67,"label":"67","site_id":67}}},"right":{"leaf":true,"id":66,"label":"66","site_id":66}},"right":{"leaf":false,"id":174,"left":{"leaf":false,"id":169,"left":{"leaf":false,"id":139,"left":{"leaf":false,"id":138,"left":{"leaf":false,"id":133,"left":{"leaf":true,"id":49,"label":"49","site_id":49},"right":{"leaf":true,"id":46,"label":"46","site_id":46}},"right":{"leaf":false,"id":137,"left":{"leaf":false,"id":136,"left":{"leaf":true,"id":54,"label":"54","site_id":54},"right":{"leaf":false,"id":134,"left":{"leaf":false,"id":131,"left":{"leaf":true,"id":52,"label":"52","site_id":52},"right":{"leaf":true,"id":50,"label":"50","site_id":50}},"right":{"leaf":false,"id":132,"left":{"leaf":true,"id":55,"label":"55","site_id":55},"right":{"leaf":true,"id":48,"label":"48","site_id":48}}}},"right":{"leaf":true,"id":53,"label":"53","site_id":53}}},"right":{"leaf":false,"id":135,"left":{"leaf":true,"id":51,"label":"51","site_id":51},"right":{"leaf":true,"id":47,"label":"47","site_id":47}}},"right":{"leaf":false,"id":122,"left":{"leaf":false,"id":121,"left":{"leaf":false,"id":120,"left":{"leaf":false,"id":119,"left":{"leaf":false,"id":117,"left":{"leaf":false,"id":116,"left":{"leaf":true,"id":31,"label":"31","site_id":31},"right":{"leaf":true,"id":30,"label":"30","site_id":30}},"right":{"leaf":true,"id":34,"label":"34","site_id":34}},"right":{"leaf":true,"id":27,"label":"27","site_id":27}},"right":{"leaf":false,"id":115,"left":{"leaf":true,"id":29,"label":"29","site_id":29},"right":{"leaf":true,"id":28,"label":"28","site_id":28}}},"right":{"leaf":true,"id":32,"label":"32","site_id":32}},"right":{"leaf":false,"id":118,"left":{"leaf":false,"id":114,"left":{"leaf":true,"id":33,"label":"33","site_id":33},"right":{"leaf":true,"id":35,"label":"35","site_id":35}},"right":{"leaf":true,"id":36,"label":"36","site_id":36}}}},"right":{"leaf":false,"id":170,"left":{"leaf":false,"id":165,"left":{"leaf":false,"id":164,"left":{"leaf":false,"id":163,"left":{"leaf":false,"id":157,"left":{"leaf":true,"id":78,"label":"78","site_id":78},"right":{"leaf":true,"id":76,"label":"76","site_id":76}},"right":{"leaf":false,"id":160,"left":{"leaf":true,"id":79,"label":"79","site_id":79},"right":{"leaf":true,"id":77,"label":"77","site_id":77}}},"right":{"leaf":false,"id":158,"left":{"leaf":true,"id":82,"label":"82","site_id":82},"right":{"leaf":true,"id":80,"label":"80","site_id":80}}},"right":{"leaf":false,"id":162,"left":{"leaf":true,"id":85,"label":"85","site_id":85},"right":{"leaf":false,"id":161,"left":{"leaf":true,"id":81,"label":"81","site_id":81},"right":{"leaf":false,"id":159,"left":{"leaf":true,"id":83,"label":"83","site_id":83},"right":{"leaf":true,"id":84,"label":"84","site_id":84}}}}},"right":{"leaf":false,"id":130,"left":{"leaf":false,"id":129,"left":{"leaf":true,"id":39,"label":"39","site_id":39},"right":{"leaf":false,"id":128,"left":{"leaf":false,"id":126,"left":{"leaf":true,"id":37,"label":"37","site_id":37},"right":{"leaf":true,"id":41,"label":"41","site_id":41}},"right":{"leaf":false,"id":127,"left":{"leaf":false,"id":125,"left":{"leaf":false,"id":124,"left":{"leaf":true,"id":38,"label":"38","site_id":38},"right":{"leaf":true,"id":45,"label":"45","site_id":45}},"right":{"leaf":true,"id":43,"label":"43","site_id":43}},"right":{"leaf":true,"id":44,"label":"44","site_id":44}}}},"right":{"leaf":false,"id":123,"left":{"leaf":true,"id":40,"label":"40","site_id":40},"right":{"leaf":true,"id":42,"label":"42","site_id":42}}}}}}},"num_sites":90,"sites":[{"x":459.65451109352074,"y":104.85471978645116,"cluster":0},{"x":430.96349072223734,"y":160.50020924265732,"cluster":0},{"x":463.3675312467096,"y":168.96378047602528,"cluster":0},{"x":446.88546120689836,"y":117.8373263853417,"cluster":0},{"x":423.2917302652897,"y":164.48044404800825,"cluster":0},{"x":448.8936041160801,"y":168.69909198545176,"cluster":0},{"x":469.68529130996535,"y":121.68967912264048,"cluster":0},{"x":475.2992332370185,"y":115.25820681742263,"cluster":0},{"x":352.6828042362444,"y":220.59185110182756,"cluster":1},{"x":355.47510780128624,"y":232.0609002132499,"cluster":1},{"x":332.05746679090294,"y":194.591343355866,"cluster":1},{"x":317.70215088071586,"y":234.96975906201607,"cluster":1},{"x":328.3949924072379,"y":250.2267992404794,"cluster":1},{"x":328.5160743535784,"y":184.97479356928955,"cluster":1},{"x":303.21398547290295,"y":216.33427619674467,"cluster":1},{"x":323.2756726065836,"y":245.41133855948817,"cluster":1},{"x":311.8857432887314,"y":218.16187011998588,"cluster":1},{"x":275.5559585539225,"y":176.50944287154883,"cluster":1},{"x":352.75773991994953,"y":265.95910980527833,"cluster":2},{"x":352.78657175698106,"y":242.76539216142962,"cluster":2},{"x":353.3959088203162,"y":196.08791498660776,"cluster":2},{"x":338.14004621964233,"y":229.74670471957793,"cluster":2},{"x":330.24248093539217,"y":235.63057588061187,"cluster":2},{"x":404.58697006519935,"y":251.7910212227801,"cluster":2},{"x":375.6926852559958,"y":202.57041872638703,"cluster":2},{"x":360.81355631649797,"y":245.56910007709996,"cluster":2},{"x":343.8483700066915,"y":205.82293466661045,"cluster":2},{"x":173.88998774438093,"y":150.7746625020654,"cluster":3},{"x":156.72403735054283,"y":126.9159561390863,"cluster":3},{"x":154.2998755338644,"y":142.46141500058823,"cluster":3},{"x":210.88673640561828,"y":150.51099915270893,"cluster":3},{"x":208.45630029339384,"y":156.88860079276327,"cluster":3},{"x":198.47900471397608,"y":74.29781092710442,"cluster":3},{"x":136.84915463678067,"y":68.14041578389362,"cluster":3},{"x":216.04743524247013,"y":139.73569161499015,"cluster":3},{"x":144.2460337551218,"y":149.18802021824553,"cluster":3},{"x":166.32064353894197,"y":86.26680664050271,"cluster":3},{"x":123.08485206488656,"y":54.22842612490524,"cluster":4},{"x":106.75374215756347,"y":70.3006460118192,"cluster":4},{"x":97.88107842676067,"y":44.88220134504691,"cluster":4},{"x":164.66819288855177,"y":91.47113471684743,"cluster":4},{"x":139.96589700790395,"y":63.31236975719493,"cluster":4},{"x":160.4427081130557,"y":79.53892160533724,"cluster":4},{"x":164.5086571634812,"y":85.03507489580224,"cluster":4},{"x":159.06610773482694,"y":29.653127030813472,"cluster":4},{"x":154.53382553523227,"y":96.93586087749198,"cluster":4},{"x":148.9444765531555,"y":97.72129761017628,"cluster":5},{"x":114.18898633531963,"y":98.37203014364398,"cluster":5},{"x":161.9247934337505,"y":92.64249041524667,"cluster":5},{"x":95.5324171299604,"y":151.87992404549698,"cluster":5},{"x":169.3860247217714,"y":69.06361610535254,"cluster":5},{"x":86.89894201945481,"y":103.57309604799559,"cluster":5},{"x":171.15233632361964,"y":115.0431999408054,"cluster":5},{"x":160.0922474045641,"y":76.3004084116237,"cluster":5},{"x":104.36514882565743,"y":83.0328572974479,"cluster":5},{"x":159.31770604104466,"y":112.5263487347721,"cluster":5},{"x":453.95966205152604,"y":189.98677791071543,"cluster":6},{"x":454.01615081813475,"y":223.9804521827721,"cluster":6},{"x":442.55022802316444,"y":200.288544315647,"cluster":6},{"x":434.43123551529976,"y":229.37988274858958,"cluster":6},{"x":461.8464028868773,"y":201.2444178389173,"cluster":6},{"x":442.383866758675,"y":181.6499014621427,"cluster":6},{"x":454.4164674531274,"y":197.3864495097773,"cluster":6},{"x":230.20969670958863,"y":253.4848583227662,"cluster":7},{"x":214.0400762624169,"y":276.96326209074647,"cluster":7},{"x":228.77408335484617,"y":234.68539712984912,"cluster":7},{"x":209.9385355077075,"y":249.63923395264558,"cluster":7},{"x":201.58984374949705,"y":258.44527280602296,"cluster":7},{"x":195.14238501647046,"y":81.7123279654054,"cluster":8},{"x":168.02087838495723,"y":77.19650093263041,"cluster":8},{"x":190.47597510796894,"y":67.4899203991379,"cluster":8},{"x":175.54611646695395,"y":75.9144402053334,"cluster":8},{"x":183.51539039094504,"y":70.30866042134315,"cluster":8},{"x":180.03781471790205,"y":101.1209928422152,"cluster":8},{"x":147.64658175132655,"y":59.725429999822765,"cluster":8},{"x":175.4489670686633,"y":57.373698865677525,"cluster":8},{"x":90.87480610321091,"y":91.64760034464886,"cluster":9},{"x":144.13040573479648,"y":19.163087631439872,"cluster":9},{"x":84.32825675052946,"y":82.6376928256895,"cluster":9},{"x":102.77019587132997,"y":71.54004137607637,"cluster":9},{"x":80.77012662368153,"y":40.12082028561267,"cluster":9},{"x":127.72642055568383,"y":25.57050280747387,"cluster":9},{"x":152.47185023411754,"y":94.8113874387915,"cluster":9},{"x":141.94853235588891,"y":30.60073817327318,"cluster":9},{"x":123.68907621076154,"y":18.229430853211554,"cluster":9},{"x":89.82770250491407,"y":31.22913738189137,"cluster":9},{"x":466.8148279828547,"y":257.87153551626466,"cluster":10},{"x":461.79158783091907,"y":254.68312463518285,"cluster":10},{"x":453.66702427219656,"y":259.2026349968516,"cluster":10},{"x":467.2378118810556,"y":268.5236884766222,"cluster":10}],"num_clusters":11}