{"title":"cluster-n30-c5-r9-s-622551548266862281","map_width":500,"map_height":300,"num_leaves":30,"tree":{"leaf":false,"id":58,"left":{"leaf":false,"id":56,"left":{"leaf":false,"id":55,"left":{"leaf":false,"id":48,"left":{"leaf":true,"id":20,"label":"20","site_id":20},"right":{"leaf":false,"id":47,"left":{"leaf":true,"id":22,"label":"22","site_id":22},"right":{"leaf":false,"id":46,"left":{"leaf":true,"id":21,"label":"21","site_id":21},"right":{"leaf":true,"id":19,"label":"19","site_id":19}}}},"right":{"leaf":false,"id":35,"left":{"leaf":false,"id":31,"left":{"leaf":true,"id":0,"label":"0","site_id":0},"right":{"leaf":false,"id":30,"left":{"leaf":true,"id":2,"label":"2","site_id":2},"right":{"leaf":true,"id":5,"label":"5","site_id":5}}},"right":{"leaf":false,"id":34,"left":{"leaf":false,"id":33,"left":{"leaf":true,"id":6,"label":"6","site_id":6},"right":{"leaf":false,"id":32,"left":{"leaf":true,"id":3,"label":"3","site_id":3},"right":{"leaf":true,"id":4,"label":"4","site_id":4}}},"right":{"leaf":true,"id":1,"label":"1","site_id":1}}}},"right":{"leaf":false,"id":45,"left":{"leaf":false,"id":40,"left":{"leaf":true,"id":14,"label":"14","site_id":14},"right":{"leaf":true,"id":11,"label":"11","site_id":11}},"right":{"leaf":false,"id":44,"left":{"leaf":false,"id":43,"left":{"leaf":true,"id":17,"label":"17","site_id":17},"right":{"leaf":true,"id":16,"label":"16","site_id":16}},"right":{"leaf":false,"id":42,"left":{"leaf":false,"id":41,"left":{"leaf":false,"id":39,"left":{"leaf":true,"id":18,"label":"18","site_id":18},"right":{"leaf":true,"id":15,"label":"15","site_id":15}},"right":{"leaf":true,"id":12,"label":"12","site_id":12}},"right":{"leaf":true,"id":13,"label":"13","site_id":13}}}}},"right":{"leaf":false,"id":57,"left":{"leaf":false,"id":54,"left":{"leaf":false,"id":52,"left":{"leaf":false,"id":50,"left":{"leaf":true,"id":27,"label":"27","site_id":27},"right":{"leaf":true,"id":28,"label":"28","site_id":28}},"right":{"leaf":false,"id":51,"left":{"leaf":true,"id":25,"label":"25","site_id":25},"right":{"leaf":false,"id":49,"left":{"leaf":true,"id":23,"label":"23","site_id":23},"right":{"leaf":true,"id":24,"label":"24","site_id":24}}}},"right":{"leaf":false,"id":53,"left":{"leaf":true,"id":29,"label":"29","site_id":29},"right":{"leaf":true,"id":26,"label":"26","site_id":26}}},"right":{"leaf":false,"id":38,"left":{"leaf":false,"id":37,"left":{"leaf":false,"id":36,"left":{"leaf":true,"id":7,"label":"7","site_id":7},"right":{"leaf":true,"id":8,"label":"8","site_id":8}},"right":{"leaf":true,"id":10,"label":"10","site_id":10}},"right":{"leaf":true,"id":9,"label":"9","site_id":9}}}},"num_sites":30,"sites":[{"x":334.16732210409134,"y":257.45969312216454,"cluster":0},{"x":462.45119772445224,"y":231.73271270183727,"cluster":0},{"x":322.2022691060441,"y":239.77974289358596,"cluster":0},{"x":384.8946225014431,"y":258.40307029796594,"cluster":0},{"x":400.14072995603556,"y":199.75573184578712,"cluster":0},{"x":403.6554684118216,"y":262.9042785310565,"cluster":0},{"x":411.67209064611535,"y":241.89795434729302,"cluster":0},{"x":25.149743646488094,"y":272.20798531433445,"cluster":1},{"x":86.6939081533238,"y":257.25359099380137,"cluster":1},{"x":30.381043832246384,"y":233.17153578757902,"cluster":1},{"x":36.82032332989807,"y":223.03193231186776,"cluster":1},{"x":300.8538861583677,"y":80.79615835226817,"cluster":2},{"x":268.2850483336799,"y":77.88941841673132,"cluster":2},{"x":366.87324637031907,"y":168.42045520109212,"cluster":2},{"x":326.95721326083225,"y":215.45212756573505,"cluster":2},{"x":289.77942309677945,"y":95.59546905778512,"cluster":2},{"x":318.8569621713364,"y":198.00635694030416,"cluster":2},{"x":363.7823028371496,"y":232.93204572415596,"cluster":2},{"x":337.90130369872924,"y":256.92295459784793,"cluster":2},{"x":303.47725923315284,"y":221.3007323640606,"cluster":3},{"x":340.2569402494349,"y":279.69088902559196,"cluster":3},{"x":339.3270671803658,"y":211.04829089394485,"cluster":3},{"x":325.81058078642224,"y":269.2214363186241,"cluster":3},{"x":173.46726742436076,"y":201.09882108745688,"cluster":4},{"x":107.2228676346061,"y":109.76224168599289,"cluster":4},{"x":106.62714514438042,"y":141.26780963586347,"cluster":4},{"x":20.370151274599564,"y":231.18651972483255,"cluster":4},{"x":145.04696303369457,"y":129.17840801172872,"cluster":4},{"x":113.84818738437383,"y":247.55040108133676,"cluster":4},{"x":18.44935108170972,"y":248.29473888933882,"cluster":4}],"num_clusters":5}