{"title":"cluster-n65-c8-r8-s5533806673875634718","map_width":500,"map_height":300,"num_leaves":65,"tree":{"leaf":false,"id":128,"left":{"leaf":false,"id":127,"left":{"leaf":false,"id":125,"left":{"leaf":false,"id":75,"left":{"leaf":false,"id":74,"left":{"leaf":false,"id":73,"left":{"leaf":false,"id":72,"left":{"leaf":true,"id":8,"label":"8","site_id":8},"right":{"leaf":false,"id":71,"left":{"leaf":false,"id":70,"left":{"leaf":true,"id":10,"label":"10","site_id":10},"right":{"leaf":true,"id":5,"label":"5","site_id":5}},"right":{"leaf":true,"id":1,"label":"1","site_id":1}}},"right":{"leaf":false,"id":68,"left":{"leaf":false,"id":66,"left":{"leaf":true,"id":11,"label":"11","site_id":11},"right":{"leaf":true,"id":7,"label":"7","site_id":7}},"right":{"leaf":true,"id":0,"label":"0","site_id":0}}},"right":{"leaf":true,"id":2,"label":"2","site_id":2}},"right":{"leaf":false,"id":69,"left":{"leaf":false,"id":65,"left":{"leaf":true,"id":9,"label":"9","site_id":9},"right":{"leaf":true,"id":3,"label":"3","site_id":3}},"right":{"leaf":false,"id":67,"left":{"leaf":true,"id":4,"label":"4","site_id":4},"right":{"leaf":true,"id":6,"label":"6","site_id":6}}}},"right":{"leaf":false,"id":96,"left":{"leaf":false,"id":95,"left":{"leaf":true,"id":31,"label":"31","site_id":31},"right":{"leaf":false,"id":94,"left":{"leaf":true,"id":36,"label":"36","site_id":36},"right":{"leaf":false,"id":91,"left":{"leaf":true,"id":32,"label":"32","site_id":32},"right":{"leaf":true,"id":35,"label":"35","site_id":35}}}},"right":{"leaf":false,"id":93,"left":{"leaf":false,"id":92,"left":{"leaf":true,"id":34,"label":"34","site_id":34},"right":{"leaf":true,"id":30,"label":"30","site_id":30}},"right":{"leaf":true,"id":33,"label":"33","site_id":33}}}},"right":{"leaf":false,"id":123,"left":{"leaf":false,"id":122,"left":{"leaf":false,"id":90,"left":{"leaf":true,"id":29,"label":"29","site_id":29},"right":{"leaf":false,"id":89,"left":{"leaf":true,"id":26,"label":"26","site_id":26},"right":{"leaf":false,"id":88,"left":{"leaf":true,"id":28,"label":"28","site_id":28},"right":{"leaf":false,"id":87,"left":{"leaf":true,"id":25,"label":"25","site_id":25},"right":{"leaf":true,"id":27,"label":"27","site_id":27}}}}},"right":{"leaf":false,"id":106,"left":{"leaf":false,"id":104,"left":{"leaf":false,"id":103,"left":{"leaf":false,"id":102,"left":{"leaf":true,"id":41,"label":"41","site_id":41},"right":{"leaf":true,"id":38,"label":"38","site_id":38}},"right":{"leaf":true,"id":45,"label":"45","site_id":45}},"right":{"leaf":false,"id":99,"left":{"leaf":false,"id":97,"left":{"leaf":true,"id":44,"label":"44","site_id":44},"right":{"leaf":true,"id":47,"label":"47","site_id":47}},"right":{"leaf":true,"id":43,"label":"43","site_id":43}}},"right":{"leaf":false,"id":105,"left":{"leaf":false,"id":100,"left":{"leaf":true,"id":37,"label":"37","site_id":37},"right":{"leaf":false,"id":98,"left":{"leaf":true,"id":42,"label":"42","site_id":42},"right":{"leaf":true,"id":39,"label":"39","site_id":39}}},"right":{"leaf":false,"id":101,"left":{"leaf":true,"id":46,"label":"46","site_id":46},"right":{"leaf":true,"id":40,"label":"40","site_id":40}}}}},"right":{"leaf":false,"id":80,"left":{"leaf":false,"id":79,"left":{"leaf":true,"id":16,"label":"16","site_id":16},"right":{"leaf":false,"id":78,"left":{"leaf":false,"id":77,"left":{"leaf":true,"id":13,"label":"13","site_id":13},"right":{"leaf":true,"id":12,"label":"12","site_id":12}},"right":{"leaf":true,"id":15,"label":"15","site_id":15}}},"right":{"leaf":false,"id":76,"left":{"leaf":true,"id":14,"label":"14","site_id":14},"right":{"leaf":true,"id":17,"label":"17","site_id":17}}}}},"right":{"leaf":false,"id":126,"left":{"leaf":false,"id":124,"left":{"leaf":false,"id":114,"left":{"leaf":false,"id":108,"left":{"leaf":true,"id":56,"label":"56","site_id":56},"right":{"leaf":true,"id":54,"label":"54","site_id":54}},"right":{"leaf":false,"id":113,"left":{"leaf":false,"id":112,"left":{"leaf":true,"id":49,"label":"49","site_id":49},"right":{"leaf":false,"id":110,"left":{"leaf":true,"id":52,"label":"52","site_id":52},"right":{"leaf":true,"id":50,"label":"50","site_id":50}}},"right":{"leaf":false,"id":111,"left":{"leaf":false,"id":109,"left":{"leaf":true,"id":55,"label":"55","site_id":55},"right":{"leaf":false,"id":107,"left":{"leaf":true,"id":51,"label":"51","site_id":51},"right":{"leaf":true,"id":53,"label":"53","site_id":53}}},"right":{"leaf":true,"id":48,"label":"48","site_id":48}}}},"right":{"leaf":false,"id":86,"left":{"leaf":false,"id":82,"left":{"leaf":true,"id":22,"label":"22","site_id":22},"right":{"leaf":false,"id":81,"left":{"leaf":true,"id":19,"label":"19","site_id":19},"right":{"leaf":true,"id":21,"label":"21","site_id":21}}},"right":{"leaf":false,"id":85,"left":{"leaf":false,"id":83,"left":{"leaf":true,"id":20,"label":"20","site_id":20},"right":{"leaf":true,"id":18,"label":"18","site_id":18}},"right":{"leaf":false,"id":84,"left":{"leaf":true,"id":24,"label":"24","site_id":24},"right":{"leaf":true,"id":23,"label":"23","site_id":23}}}}},"right":{"leaf":false,"id":121,"left":{"leaf":false,"id":116,"left":{"leaf":true,"id":64,"label":"64","site_id":64},"right":{"leaf":true,"id":60,"label":"60","site_id":60}},"right":{"leaf":false,"id":120,"left":{"leaf":true,"id":59,"label":"59","site_id":59},"right":{"leaf":false,"id":119,"left":{"leaf":false,"id":115,"left":{"leaf":true,"id":63,"label":"63","site_id":63},"right":{"leaf":true,"id":61,"label":"61","site_id":61}},"right":{"leaf":false,"id":118,"left":{"leaf":true,"id":57,"label":"57","site_id":57},"right":{"leaf":false,"id":117,"left":{"leaf":true,"id":62,"label":"62","site_id":62},"right":{"leaf":true,"id":58,"label":"58","site_id":58}}}}}}}},"num_sites":65,"sites":[{"x":84.4363431647166,"y":255.13565482224035,"cluster":0},{"x":33.668476272053425,"y":271.930130938791,"cluster":0},{"x":108.5358873248259,"y":229.09791824453652,"cluster":0},{"x":104.52973075278342,"y":210.07116151082917,"cluster":0},{"x":114.44305957446122,"y":264.7397722056824,"cluster":0},{"x":60.51354690605983,"y":275.31876621819464,"cluster":0},{"x":108.0043014582593,"y":277.7592197666959,"cluster":0},{"x":20.595283380193955,"y":215.28515857758282,"cluster":0},{"x":43.77186776535915,"y":206.83590611018312,"cluster":0},{"x":94.64224286843698,"y":284.39363801423286,"cluster":0},{"x":81.38289818000945,"y":260.6104937801225,"cluster":0},{"x":16.434573843895983,"y":188.5176522830082,"cluster":0},{"x":118.48015643167673,"y":76.07907925330092,"cluster":1},{"x":111.21625575794369,"y":88.87405921300638,"cluster":1},{"x":105.90781024985202,"y":25.730571992189617,"cluster":1},{"x":80.05650265846204,"y":35.549100324541584,"cluster":1},{"x":63.19571024091757,"y":77.58403517175829,"cluster":1},{"x":54.497769528633334,"y":45.30138991106456,"cluster":1},{"x":380.8102854768315,"y":77.1527705280142,"cluster":2},{"x":399.86284176417996,"y":21.08426617054124,"cluster":2},{"x":393.88360267596,"y":56.58451918771179,"cluster":2},{"x":389.96879615192046,"y":67.15675880265661,"cluster":2},{"x":386.1533632706776,"y":39.55571634503994,"cluster":2},{"x":356.8472250553983,"y":72.3962618238912,"cluster":2},{"x":345.7406887597561,"y":101.98682249810699,"cluster":2},{"x":330.60248691446117,"y":130.17877522682934,"cluster":3},{"x":305.48219893903314,"y":131.78328350643977,"cluster":3},{"x":316.6705456947908,"y":131.6272454889002,"cluster":3},{"x":310.6295183786674,"y":140.73408632427942,"cluster":3},{"x":328.23587516545905,"y":85.34730727444918,"cluster":3},{"x":235.66868548616432,"y":31.095290123001913,"cluster":4},{"x":251.9898360853016,"y":44.78022414429387,"cluster":4},{"x":192.58641353509668,"y":47.524818133009894,"cluster":4},{"x":245.0070035939734,"y":65.89001145336907,"cluster":4},{"x":241.18326068977785,"y":40.6392862688174,"cluster":4},{"x":221.21902093726277,"y":27.375539507488334,"cluster":4},{"x":265.41494430913065,"y":59.06706394053031,"cluster":4},{"x":256.8566572633948,"y":161.3918558721263,"cluster":5},{"x":244.4893254072705,"y":256.2881734655086,"cluster":5},{"x":263.75256992991797,"y":132.90592969063002,"cluster":5},{"x":286.42837807922194,"y":134.46924638010412,"cluster":5},{"x":207.58588669556147,"y":132.83584646333208,"cluster":5},{"x":299.52220115131223,"y":169.9204217903345,"cluster":5},{"x":324.83850328047004,"y":174.40432201247836,"cluster":5},{"x":281.8210716710796,"y":215.48372574492362,"cluster":5},{"x":231.97059943443048,"y":243.59444509117824,"cluster":5},{"x":207.5154252218669,"y":156.64569387825057,"cluster":5},{"x":276.1660374787291,"y":207.3822787073663,"cluster":5},{"x":327.63710353156375,"y":80.70483547279844,"cluster":6},{"x":248.48851188919713,"y":28.782758995868033,"cluster":6},{"x":266.1287514491303,"y":22.687442344775064,"cluster":6},{"x":258.80691750494185,"y":78.54819334390552,"cluster":6},{"x":275.93405436250265,"y":35.329726305916836,"cluster":6},{"x":270.82349119510667,"y":38.849145338620744,"cluster":6},{"x":278.26227694520117,"y":15.851167191600169,"cluster":6},{"x":290.1360002654042,"y":30.32716350790623,"cluster":6},{"x":346.7993044718366,"y":38.64194887350673,"cluster":6},{"x":89.80553128950096,"y":182.5517660977008,"cluster":7},{"x":162.8895931351619,"y":243.15089786210848,"cluster":7},{"x":101.21347871745223,"y":272.6375475184987,"cluster":7},{"x":112.67987652634608,"y":252.4787831499541,"cluster":7},{"x":168.4616986324925,"y":212.91315088805442,"cluster":7},{"x":80.26729069516617,"y":232.51125942153817,"cluster":7},{"x":122.23575000236778,"y":179.0332113639867,"cluster":7},{"x":161.31522002750847,"y":182.39883073606416,"cluster":7}],"num_clusters":8}