{"title":"cluster-n35-c5-r4-s1366435223448741313","map_width":500,"map_height":300,"num_leaves":35,"tree":{"leaf":false,"id":68,"left":{"leaf":false,"id":67,"left":{"leaf":false,"id":47,"left":{"leaf":false,"id":45,"left":{"leaf":false,"id":41,"left":{"leaf":true,"id":11,"label":"11","site_id":11},"right":{"leaf":true,"id":10,"label":"10","site_id":10}},"right":{"leaf":false,"id":43,"left":{"leaf":true,"id":7,"label":"7","site_id":7},"right":{"leaf":true,"id":12,"label":"12","site_id":12}}},"right":{"leaf":false,"id":46,"left":{"leaf":false,"id":44,"left":{"leaf":true,"id":9,"label":"9","site_id":9},"right":{"leaf":true,"id":8,"label":"8","site_id":8}},"right":{"leaf":false,"id":42,"left":{"leaf":true,"id":13,"label":"13","site_id":13},"right":{"leaf":true,"id":14,"label":"14","site_id":14}}}},"right":{"leaf":false,"id":40,"left":{"leaf":false,"id":36,"left":{"leaf":false,"id":35,"left":{"leaf":true,"id":6,"label":"6","site_id":6},"right":{"leaf":true,"id":2,"label":"2","site_id":2}},"right":{"leaf":true,"id":5,"label":"5","site_id":5}},"right":{"leaf":false,"id":39,"left":{"leaf":false,"id":38,"left":{"leaf":true,"id":4,"label":"4","site_id":4},"right":{"leaf":false,"id":37,"left":{"leaf":true,"id":3,"label":"3","site_id":3},"right":{"leaf":true,"id":0,"label":"0","site_id":0}}},"right":{"leaf":true,"id":1,"label":"1","site_id":1}}}},"right":{"leaf":false,"id":66,"left":{"leaf":false,"id":64,"left":{"leaf":false,"id":62,"left":{"leaf":true,"id":32,"label":"32","site_id":32},"right":{"leaf":false,"id":61,"left":{"leaf":true,"id":31,"label":"31","site_id":31},"right":{"leaf":false,"id":60,"left":{"leaf":true,"id":33,"label":"33","site_id":33},"right":{"leaf":true,"id":29,"label":"29","site_id":29}}}},"right":{"leaf":false,"id":63,"left":{"leaf":true,"id":30,"label":"30","site_id":30},"right":{"leaf":true,"id":34,"label":"34","site_id":34}}},"right":{"leaf":false,"id":65,"left":{"leaf":false,"id":53,"left":{"leaf":false,"id":52,"left":{"leaf":false,"id":50,"left":{"leaf":true,"id":21,"label":"21","site_id":21},"right":{"leaf":true,"id":16,"label":"16","site_id":16}},"right":{"leaf":false,"id":51,"left":{"leaf":false,"id":49,"left":{"leaf":true,"id":20,"label":"20","site_id":20},"right":{"leaf":true,"id":17,"label":"17","site_id":17}},"right":{"leaf":true,"id":18,"label":"18","site_id":18}}},"right":{"leaf":false,"id":48,"left":{"leaf":true,"id":15,"label":"15","site_id":15},"right":{"leaf":true,"id":19,"label":"19","site_id":19}}},"right":{"leaf":false,"id":59,"left":{"leaf":false,"id":54,"left":{"leaf":true,"id":22,"label":"22","site_id":22},"right":{"leaf":true,"id":24,"label":"24","site_id":24}},"right":{"leaf":false,"id":58,"left":{"leaf":false,"id":57,"left":{"leaf":true,"id":25,"label":"25","site_id":25},"right":{"leaf":true,"id":23,"label":"23","site_id":23}},"right":{"leaf":false,"id":56,"left":{"leaf":true,"id":27,"label":"27","site_id":27},"right":{"leaf":false,"id":55,"left":{"leaf":true,"id":26,"label":"26","site_id":26},"right":{"leaf":true,"id":28,"label":"28","site_id":28}}}}}}}},"num_sites":35,"sites":[{"x":454.3342270027501,"y":245.1634526726521,"cluster":0},{"x":377.91216707201977,"y":281.9441755118336,"cluster":0},{"x":405.4862585309191,"y":185.67768308768476,"cluster":0},{"x":436.7352628759143,"y":222.87197920034896,"cluster":0},{"x":353.61037233209635,"y":224.228834966491,"cluster":0},{"x":375.4560316250351,"y":210.94173670380198,"cluster":0},{"x":409.97976636603045,"y":203.41244197422756,"cluster":0},{"x":432.5888341061825,"y":132.68152646519115,"cluster":1},{"x":368.76908065823136,"y":207.9150753117706,"cluster":1},{"x":399.7837797431596,"y":265.29459048850117,"cluster":1},{"x":333.9950780391955,"y":170.76936843124614,"cluster":1},{"x":395.8875007737278,"y":94.46015614055864,"cluster":1},{"x":440.9621593797997,"y":125.7870794948544,"cluster":1},{"x":345.4852811489189,"y":173.69610956404063,"cluster":1},{"x":335.3337242736774,"y":208.0310502759046,"cluster":1},{"x":146.1526683911763,"y":88.25240236980285,"cluster":2},{"x":34.51981349812505,"y":89.20710126435515,"cluster":2},{"x":52.211878058456634,"y":20.166132443542644,"cluster":2},{"x":99.60901869591284,"y":33.42920309034943,"cluster":2},{"x":147.9777054423048,"y":100.69589689218148,"cluster":2},{"x":18.375698060094727,"y":58.086322427483964,"cluster":2},{"x":23.751667215835425,"y":98.30136755725526,"cluster":2},{"x":300.20416810158764,"y":105.08995355490062,"cluster":3},{"x":281.9671316037349,"y":35.30424071585411,"cluster":3},{"x":274.00157675483666,"y":168.05678718103684,"cluster":3},{"x":305.5535172227268,"y":97.9825984622015,"cluster":3},{"x":376.08322412605713,"y":92.1921385149713,"cluster":3},{"x":356.3387727669381,"y":183.2266552172922,"cluster":3},{"x":263.94762857451053,"y":151.17641275743938,"cluster":3},{"x":227.7019082250388,"y":62.25593525817173,"cluster":4},{"x":248.83918970740504,"y":31.623753164499053,"cluster":4},{"x":162.93050898590738,"y":102.43021831060136,"cluster":4},{"x":231.86177586706995,"y":81.88691808117814,"cluster":4},{"x":211.42936367007238,"y":31.316066679517593,"cluster":4},{"x":273.35592980880796,"y":54.32577817184483,"cluster":4}],"num_clusters":5}