{"title":"cluster-n55-c7-r8-s3162104787147719725","map_width":500,"map_height":300,"num_leaves":55,"tree":{"leaf":false,"id":108,"left":{"leaf":false,"id":107,"left":{"leaf":false,"id":105,"left":{"leaf":false,"id":79,"left":{"leaf":false,"id":72,"left":{"leaf":true,"id":25,"label":"25","site_id":25},"right":{"leaf":true,"id":16,"label":"16","site_id":16}},"right":{"leaf":false,"id":78,"left":{"leaf":true,"id":20,"label":"20","site_id":20},"right":{"leaf":false,"id":77,"left":{"leaf":false,"id":76,"left":{"leaf":false,"id":75,"left":{"leaf":false,"id":74,"left":{"leaf":true,"id":21,"label":"21","site_id":21},"right":{"leaf":false,"id":71,"left":{"leaf":true,"id":23,"label":"23","site_id":23},"right":{"leaf":true,"id":27,"label":"27","site_id":27}}},"right":{"leaf":true,"id":22,"label":"22","site_id":22}},"right":{"leaf":true,"id":17,"label":"17","site_id":17}},"right":{"leaf":false,"id":73,"left":{"leaf":true,"id":26,"label":"26","site_id":26},"right":{"leaf":false,"id":70,"left":{"leaf":false,"id":69,"left":{"leaf":true,"id":24,"label":"24","site_id":24},"right":{"leaf":true,"id":19,"label":"19","site_id":19}},"right":{"leaf":true,"id":18,"label":"18","site_id":18}}}}}},"right":{"leaf":false,"id":82,"left":{"leaf":false,"id":81,"left":{"leaf":true,"id":30,"label":"30","site_id":30},"right":{"leaf":true,"id":31,"label":"31","site_id":31}},"right":{"leaf":false,"id":80,"left":{"leaf":true,"id":29,"label":"29","site_id":29},"right":{"leaf":true,"id":28,"label":"28","site_id":28}}}},"right":{"leaf":false,"id":104,"left":{"leaf":false,"id":103,"left":{"leaf":false,"id":68,"left":{"leaf":false,"id":66,"left":{"leaf":false,"id":61,"left":{"leaf":true,"id":13,"label":"13","site_id":13},"right":{"leaf":true,"id":12,"label":"12","site_id":12}},"right":{"leaf":true,"id":15,"label":"15","site_id":15}},"right":{"leaf":false,"id":67,"left":{"leaf":false,"id":64,"left":{"leaf":false,"id":60,"left":{"leaf":true,"id":6,"label":"6","site_id":6},"right":{"leaf":true,"id":10,"label":"10","site_id":10}},"right":{"leaf":false,"id":63,"left":{"leaf":true,"id":8,"label":"8","site_id":8},"right":{"leaf":true,"id":11,"label":"11","site_id":11}}},"right":{"leaf":false,"id":65,"left":{"leaf":true,"id":7,"label":"7","site_id":7},"right":{"leaf":false,"id":62,"left":{"leaf":true,"id":14,"label":"14","site_id":14},"right":{"leaf":true,"id":9,"label":"9","site_id":9}}}}},"right":{"leaf":false,"id":59,"left":{"leaf":false,"id":58,"left":{"leaf":true,"id":1,"label":"1","site_id":1},"right":{"leaf":true,"id":0,"label":"0","site_id":0}},"right":{"leaf":false,"id":57,"left":{"leaf":true,"id":4,"label":"4","site_id":4},"right":{"leaf":false,"id":56,"left":{"leaf":false,"id":55,"left":{"leaf":true,"id":5,"label":"5","site_id":5},"right":{"leaf":true,"id":2,"label":"2","site_id":2}},"right":{"leaf":true,"id":3,"label":"3","site_id":3}}}}},"right":{"leaf":false,"id":88,"left":{"leaf":false,"id":87,"left":{"leaf":false,"id":86,"left":{"leaf":true,"id":38,"label":"38","site_id":38},"right":{"leaf":false,"id":84,"left":{"leaf":true,"id":35,"label":"35","site_id":35},"right":{"leaf":true,"id":32,"label":"32","site_id":32}}},"right":{"leaf":false,"id":83,"left":{"leaf":true,"id":34,"label":"34","site_id":34},"right":{"leaf":true,"id":37,"label":"37","site_id":37}}},"right":{"leaf":false,"id":85,"left":{"leaf":true,"id":36,"label":"36","site_id":36},"right":{"leaf":true,"id":33,"label":"33","site_id":33}}}}},"right":{"leaf":false,"id":106,"left":{"leaf":false,"id":102,"left":{"leaf":false,"id":100,"left":{"leaf":true,"id":50,"label":"50","site_id":50},"right":{"leaf":true,"id":54,"label":"54","site_id":54}},"right":{"leaf":false,"id":101,"left":{"leaf":false,"id":99,"left":{"leaf":true,"id":53,"label":"53","site_id":53},"right":{"leaf":false,"id":98,"left":{"leaf":true,"id":49,"label":"49","site_id":49},"right":{"leaf":true,"id":52,"label":"52","site_id":52}}},"right":{"leaf":true,"id":51,"label":"51","site_id":51}}},"right":{"leaf":false,"id":97,"left":{"leaf":false,"id":93,"left":{"leaf":true,"id":48,"label":"48","site_id":48},"right":{"leaf":false,"id":89,"left":{"leaf":true,"id":45,"label":"45","site_id":45},"right":{"leaf":true,"id":46,"label":"46","site_id":46}}},"right":{"leaf":false,"id":96,"left":{"leaf":true,"id":44,"label":"44","site_id":44},"right":{"leaf":false,"id":95,"left":{"leaf":false,"id":94,"left":{"leaf":false,"id":91,"left":{"leaf":true,"id":42,"label":"42","site_id":42},"right":{"leaf":true,"id":40,"label":"40","site_id":40}},"right":{"leaf":true,"id":43,"label":"43","site_id":43}},"right":{"leaf":false,"id":92,"left":{"leaf":true,"id":41,"label":"41","site_id":41},"right":{"leaf":false,"id":90,"left":{"leaf":true,"id":47,"label":"47","site_id":47},"right":{"leaf":true,"id":39,"label":"39","site_id":39}}}}}}}},"num_sites":55,"sites":[{"x":444.5313435293576,"y":117.30640822023572,"cluster":0},{"x":417.1244298844528,"y":92.09634309680305,"cluster":0},{"x":428.30626138121534,"y":108.811829454831,"cluster":0},{"x":475.7707110013812,"y":62.342691205403824,"cluster":0},{"x":448.3600237326201,"y":81.0853076590629,"cluster":0},{"x":437.1023766968686,"y":42.148817579351494,"cluster":0},{"x":373.24162729002495,"y":244.19353599197993,"cluster":1},{"x":432.62266582291585,"y":150.59671322019642,"cluster":1},{"x":483.9884412988827,"y":134.1352905470571,"cluster":1},{"x":402.62325311569066,"y":186.59446982745953,"cluster":1},{"x":474.85514089308595,"y":250.22063261368004,"cluster":1},{"x":482.31951506924713,"y":173.81436608807456,"cluster":1},{"x":407.8557475324526,"y":151.4410109037737,"cluster":1},{"x":369.4973541986427,"y":160.48531445621765,"cluster":1},{"x":408.26998774069096,"y":177.41010471731946,"cluster":1},{"x":441.7167656459363,"y":172.09989056795482,"cluster":1},{"x":156.4119262791359,"y":132.53665554549622,"cluster":2},{"x":162.09265161509782,"y":154.3924102224273,"cluster":2},{"x":187.72681059253722,"y":156.40885519435767,"cluster":2},{"x":157.14661824941177,"y":157.57682729089922,"cluster":2},{"x":276.77717300285997,"y":146.12160069301933,"cluster":2},{"x":167.58940673905107,"y":207.93483740411529,"cluster":2},{"x":247.0210743244705,"y":183.73916770803032,"cluster":2},{"x":244.9988986141513,"y":212.62701920811486,"cluster":2},{"x":298.10382987692543,"y":203.03692028684702,"cluster":2},{"x":180.0135658552961,"y":206.1439334217956,"cluster":2},{"x":180.9354758637026,"y":258.6897921405347,"cluster":2},{"x":281.21989045105323,"y":229.23305375522722,"cluster":2},{"x":130.11432548871935,"y":178.14336117353267,"cluster":3},{"x":106.11977569283154,"y":145.84518561350032,"cluster":3},{"x":157.92772025436867,"y":173.09555511201054,"cluster":3},{"x":139.95205334478678,"y":144.79879160406855,"cluster":3},{"x":445.8638537581236,"y":34.81433736978425,"cluster":4},{"x":454.89773090638175,"y":37.32226717002583,"cluster":4},{"x":468.1192889363277,"y":53.67722398780334,"cluster":4},{"x":436.84575681990526,"y":68.93876307297417,"cluster":4},{"x":414.51866618742946,"y":54.373212554924805,"cluster":4},{"x":458.54546608256163,"y":47.00699236095148,"cluster":4},{"x":447.1264258124936,"y":47.76852778649226,"cluster":4},{"x":61.72764831437697,"y":149.25774025153373,"cluster":5},{"x":50.20444893105554,"y":251.47618749390335,"cluster":5},{"x":83.22790538484011,"y":162.46366373585045,"cluster":5},{"x":33.3126941784181,"y":212.17297192887617,"cluster":5},{"x":41.48241227724067,"y":222.12498804979356,"cluster":5},{"x":85.86395479625287,"y":194.43348941174239,"cluster":5},{"x":86.2871953727911,"y":237.09372666987008,"cluster":5},{"x":74.4044950434618,"y":239.37898851488342,"cluster":5},{"x":30.72945547687789,"y":187.72594422791013,"cluster":5},{"x":74.71825876631918,"y":205.73621080471656,"cluster":5},{"x":100.17475044192425,"y":72.04664110397168,"cluster":6},{"x":100.52727609962476,"y":58.52911072818154,"cluster":6},{"x":119.20066825268576,"y":73.83848552577359,"cluster":6},{"x":118.5859067300426,"y":117.80120025481443,"cluster":6},{"x":99.56715174498436,"y":90.45145016495644,"cluster":6},{"x":121.09247802480965,"y":86.7103840895803,"cluster":6}],"num_clusters":7}