{"title":"cluster-n55-c7-r7-s2403514907034969788","map_width":500,"map_height":300,"num_leaves":55,"tree":{"leaf":false,"id":108,"left":{"leaf":false,"id":106,"left":{"leaf":false,"id":105,"left":{"leaf":false,"id":97,"left":{"leaf":false,"id":96,"left":{"leaf":true,"id":47,"label":"47","site_id":47},"right":{"leaf":false,"id":94,"left":{"leaf":false,"id":92,"left":{"leaf":true,"id":44,"label":"44","site_id":44},"right":{"leaf":false,"id":90,"left":{"leaf":false,"id":89,"left":{"leaf":true,"id":39,"label":"39","site_id":39},"right":{"leaf":true,"id":42,"label":"42","site_id":42}},"right":{"leaf":true,"id":46,"label":"46","site_id":46}}},"right":{"leaf":true,"id":38,"label":"38","site_id":38}}},"right":{"leaf":false,"id":95,"left":{"leaf":false,"id":93,"left":{"leaf":false,"id":91,"left":{"leaf":false,"id":88,"left":{"leaf":true,"id":45,"label":"45","site_id":45},"right":{"leaf":true,"id":41,"label":"41","site_id":41}},"right":{"leaf":true,"id":48,"label":"48","site_id":48}},"right":{"leaf":true,"id":40,"label":"40","site_id":40}},"right":{"leaf":true,"id":43,"label":"43","site_id":43}}},"right":{"leaf":false,"id":82,"left":{"leaf":false,"id":81,"left":{"leaf":false,"id":80,"left":{"leaf":false,"id":79,"left":{"leaf":false,"id":78,"left":{"leaf":true,"id":30,"label":"30","site_id":30},"right":{"leaf":true,"id":29,"label":"29","site_id":29}},"right":{"leaf":true,"id":27,"label":"27","site_id":27}},"right":{"leaf":true,"id":26,"label":"26","site_id":26}},"right":{"leaf":false,"id":77,"left":{"leaf":true,"id":31,"label":"31","site_id":31},"right":{"leaf":true,"id":25,"label":"25","site_id":25}}},"right":{"leaf":true,"id":28,"label":"28","site_id":28}}},"right":{"leaf":false,"id":63,"left":{"leaf":false,"id":62,"left":{"leaf":false,"id":61,"left":{"leaf":true,"id":3,"label":"3","site_id":3},"right":{"leaf":false,"id":57,"left":{"leaf":true,"id":2,"label":"2","site_id":2},"right":{"leaf":false,"id":55,"left":{"leaf":true,"id":0,"label":"0","site_id":0},"right":{"leaf":true,"id":4,"label":"4","site_id":4}}}},"right":{"leaf":false,"id":58,"left":{"leaf":true,"id":9,"label":"9","site_id":9},"right":{"leaf":false,"id":56,"left":{"leaf":true,"id":1,"label":"1","site_id":1},"right":{"leaf":true,"id":8,"label":"8","site_id":8}}}},"right":{"leaf":false,"id":60,"left":{"leaf":true,"id":7,"label":"7","site_id":7},"right":{"leaf":false,"id":59,"left":{"leaf":true,"id":6,"label":"6","site_id":6},"right":{"leaf":true,"id":5,"label":"5","site_id":5}}}}},"right":{"leaf":false,"id":107,"left":{"leaf":false,"id":103,"left":{"leaf":false,"id":67,"left":{"leaf":true,"id":12,"label":"12","site_id":12},"right":{"leaf":false,"id":66,"left":{"leaf":false,"id":65,"left":{"leaf":true,"id":10,"label":"10","site_id":10},"right":{"leaf":false,"id":64,"left":{"leaf":true,"id":11,"label":"11","site_id":11},"right":{"leaf":true,"id":14,"label":"14","site_id":14}}},"right":{"leaf":true,"id":13,"label":"13","site_id":13}}},"right":{"leaf":false,"id":102,"left":{"leaf":false,"id":101,"left":{"leaf":false,"id":99,"left":{"leaf":true,"id":50,"label":"50","site_id":50},"right":{"leaf":false,"id":98,"left":{"leaf":true,"id":49,"label":"49","site_id":49},"right":{"leaf":true,"id":51,"label":"51","site_id":51}}},"right":{"leaf":false,"id":100,"left":{"leaf":true,"id":54,"label":"54","site_id":54},"right":{"leaf":true,"id":52,"label":"52","site_id":52}}},"right":{"leaf":true,"id":53,"label":"53","site_id":53}}},"right":{"leaf":false,"id":104,"left":{"leaf":false,"id":87,"left":{"leaf":false,"id":85,"left":{"leaf":false,"id":84,"left":{"leaf":true,"id":34,"label":"34","site_id":34},"right":{"leaf":true,"id":36,"label":"36","site_id":36}},"right":{"leaf":false,"id":83,"left":{"leaf":true,"id":33,"label":"33","site_id":33},"right":{"leaf":true,"id":35,"label":"35","site_id":35}}},"right":{"leaf":false,"id":86,"left":{"leaf":true,"id":32,"label":"32","site_id":32},"right":{"leaf":true,"id":37,"label":"37","site_id":37}}},"right":{"leaf":false,"id":76,"left":{"leaf":false,"id":75,"left":{"leaf":false,"id":72,"left":{"leaf":false,"id":69,"left":{"leaf":false,"id":68,"left":{"leaf":true,"id":23,"label":"23","site_id":23},"right":{"leaf":true,"id":17,"label":"17","site_id":17}},"right":{"leaf":true,"id":24,"label":"24","site_id":24}},"right":{"leaf":true,"id":16,"label":"16","site_id":16}},"right":{"leaf":false,"id":74,"left":{"leaf":false,"id":73,"left":{"leaf":true,"id":20,"label":"20","site_id":20},"right":{"leaf":true,"id":22,"label":"22","site_id":22}},"right":{"leaf":false,"id":71,"left":{"leaf":true,"id":15,"label":"15","site_id":15},"right":{"leaf":true,"id":18,"label":"18","site_id":18}}}},"right":{"leaf":false,"id":70,"left":{"leaf":true,"id":21,"label":"21","site_id":21},"right":{"leaf":true,"id":19,"label":"19","site_id":19}}}}}},"num_sites":55,"sites":[{"x":187.90649829049858,"y":126.81873643082163,"cluster":0},{"x":285.38390471996917,"y":191.03273504964827,"cluster":0},{"x":196.51709878485659,"y":261.1330388612193,"cluster":0},{"x":276.93111131804693,"y":214.23795722495493,"cluster":0},{"x":248.56693018682068,"y":266.01777549433257,"cluster":0},{"x":233.6161117975313,"y":136.70078389579982,"cluster":0},{"x":193.0935698122658,"y":147.63279770354808,"cluster":0},{"x":195.5858540913706,"y":167.91498025596093,"cluster":0},{"x":173.90380766255154,"y":176.71411173115746,"cluster":0},{"x":223.46159282905757,"y":140.66989207820006,"cluster":0},{"x":368.39373501552654,"y":88.89225824469491,"cluster":1},{"x":345.8681785167047,"y":39.316704831122216,"cluster":1},{"x":365.49326587482034,"y":29.09807442483083,"cluster":1},{"x":378.10582617542275,"y":62.5785970587395,"cluster":1},{"x":342.89701052455314,"y":44.83133902614146,"cluster":1},{"x":298.2511055654015,"y":215.49242108502528,"cluster":2},{"x":262.94298277885423,"y":236.88365452608434,"cluster":2},{"x":304.2177369408712,"y":200.88962848571472,"cluster":2},{"x":250.05320536327747,"y":186.67500039199243,"cluster":2},{"x":272.6627952331131,"y":281.85677678122124,"cluster":2},{"x":289.3909547755613,"y":223.69445511121484,"cluster":2},{"x":277.29038257757685,"y":284.26519890624337,"cluster":2},{"x":322.04082828451476,"y":244.7801964296824,"cluster":2},{"x":258.8235692374398,"y":278.1354124225703,"cluster":2},{"x":249.96064235094326,"y":252.56726852204773,"cluster":2},{"x":209.96592386130007,"y":230.93942817194764,"cluster":3},{"x":231.6857022957332,"y":236.70977127453688,"cluster":3},{"x":211.74756936559842,"y":248.94411849927158,"cluster":3},{"x":200.22578361586199,"y":243.51949008402445,"cluster":3},{"x":243.86184285245986,"y":249.33590184820036,"cluster":3},{"x":219.99105175175742,"y":242.6836149297545,"cluster":3},{"x":221.6268875340798,"y":281.2659043503475,"cluster":3},{"x":191.54767407658576,"y":171.0510222681069,"cluster":4},{"x":189.29710288378882,"y":120.35234769716601,"cluster":4},{"x":203.2219320747094,"y":140.77826799721578,"cluster":4},{"x":196.71277958104716,"y":113.72503541421277,"cluster":4},{"x":197.6010123835977,"y":149.75764998658298,"cluster":4},{"x":176.19965155656664,"y":163.55562984863465,"cluster":4},{"x":105.21119241498123,"y":18.791774082645027,"cluster":5},{"x":157.52181861148017,"y":57.70301567090683,"cluster":5},{"x":118.43991342529907,"y":113.68005629241699,"cluster":5},{"x":105.05933223088022,"y":94.36390070776278,"cluster":5},{"x":74.5931179122302,"y":31.160075512571023,"cluster":5},{"x":69.15049238347433,"y":44.06789267811513,"cluster":5},{"x":174.17023232023178,"y":40.85487323941809,"cluster":5},{"x":62.71600901900419,"y":103.46039029917316,"cluster":5},{"x":116.65635741726656,"y":35.913857903777355,"cluster":5},{"x":74.03519952479331,"y":19.194333204724572,"cluster":5},{"x":48.23554776948944,"y":69.42916094092584,"cluster":5},{"x":368.0243355507155,"y":223.63453388807739,"cluster":6},{"x":362.91831763268783,"y":221.79299513683398,"cluster":6},{"x":368.83680902822533,"y":228.92576180794683,"cluster":6},{"x":322.21132941399776,"y":281.51134786643496,"cluster":6},{"x":398.3225045463754,"y":266.4174397023809,"cluster":6},{"x":333.0844623910736,"y":245.49213045078102,"cluster":6}],"num_clusters":7}