{"title":"cluster-n10-c3-r0-s-4972683369271453960","map_width":500,"map_height":300,"num_leaves":10,"tree":{"leaf":false,"id":18,"left":{"leaf":false,"id":16,"left":{"leaf":true,"id":9,"label":"9","site_id":9},"right":{"leaf":false,"id":15,"left":{"leaf":true,"id":8,"label":"8","site_id":8},"right":{"leaf":true,"id":7,"label":"7","site_id":7}}},"right":{"leaf":false,"id":17,"left":{"leaf":false,"id":11,"left":{"leaf":true,"id":1,"label":"1","site_id":1},"right":{"leaf":false,"id":10,"left":{"leaf":true,"id":0,"label":"0","site_id":0},"right":{"leaf":true,"id":2,"label":"2","site_id":2}}},"right":{"leaf":false,"id":14,"left":{"leaf":false,"id":13,"left":{"leaf":true,"id":6,"label":"6","site_id":6},"right":{"leaf":true,"id":4,"label":"4","site_id":4}},"right":{"leaf":false,"id":12,"left":{"leaf":true,"id":3,"label":"3","site_id":3},"right":{"leaf":true,"id":5,"label":"5","site_id":5}}}}},"num_sites":10,"sites":[{"x":240.39229686238633,"y":115.71654284095226,"cluster":0},{"x":283.5107136990219,"y":29.742305851865524,"cluster":0},{"x":193.049069886419,"y":36.60865811072653,"cluster":0},{"x":382.847942777644,"y":129.41150042552076,"cluster":1},{"x":265.4860322922311,"y":54.3441595789525,"cluster":1},{"x":392.4304728643442,"y":119.70433256701415,"cluster":1},{"x":135.73898991595476,"y":220.6728592204625,"cluster":1},{"x":19.43386682484362,"y":89.13326908532056,"cluster":2},{"x":101.64494961856727,"y":114.36886478116858,"cluster":2},{"x":15.743796393791904,"y":186.00299630492648,"cluster":2}],"num_clusters":3}