{"title":"cluster-n10-c3-r1-s4755622236989466036","map_width":500,"map_height":300,"num_leaves":10,"tree":{"leaf":false,"id":18,"left":{"leaf":false,"id":17,"left":{"leaf":false,"id":14,"left":{"leaf":false,"id":13,"left":{"leaf":true,"id":5,"label":"5","site_id":5},"right":{"leaf":false,"id":12,"left":{"leaf":true,"id":4,"label":"4","site_id":4},"right":{"leaf":true,"id":3,"label":"3","site_id":3}}},"right":{"leaf":true,"id":6,"label":"6","site_id":6}},"right":{"leaf":false,"id":16,"left":{"leaf":false,"id":15,"left":{"leaf":true,"id":9,"label":"9","site_id":9},"right":{"leaf":true,"id":8,"label":"8","site_id":8}},"right":{"leaf":true,"id":7,"label":"7","site_id":7}}},"right":{"leaf":false,"id":11,"left":{"leaf":true,"id":0,"label":"0","site_id":0},"right":{"leaf":false,"id":10,"left":{"leaf":true,"id":2,"label":"2","site_id":2},"right":{"leaf":true,"id":1,"label":"1","site_id":1}}}},"num_sites":10,"sites":[{"x":158.66324678700346,"y":131.6782818248824,"cluster":0},{"x":214.42841890672233,"y":109.65136299139905,"cluster":0},{"x":323.38206739757635,"y":122.04851339412207,"cluster":0},{"x":43.676122795770084,"y":43.7711043027974,"cluster":1},{"x":147.99670151282135,"y":46.02964247316774,"cluster":1},{"x":39.482957743518526,"y":110.13360132852175,"cluster":1},{"x":17.20310809981767,"y":229.5465571589262,"cluster":1},{"x":332.3868731655463,"y":185.0565595065641,"cluster":2},{"x":331.4207488118555,"y":116.59021281417441,"cluster":2},{"x":305.62154205812436,"y":47.04705414480351,"cluster":2}],"num_clusters":3}