{"title":"cluster-n20-c4-r3-s3008231453656586950","map_width":500,"map_height":300,"num_leaves":20,"tree":{"leaf":false,"id":38,"left":{"leaf":false,"id":29,"left":{"leaf":true,"id":8,"label":"8","site_id":8},"right":{"leaf":false,"id":28,"left":{"leaf":true,"id":10,"label":"10","site_id":10},"right":{"leaf":false,"id":27,"left":{"leaf":true,"id":11,"label":"11","site_id":11},"right":{"leaf":true,"id":9,"label":"9","site_id":9}}}},"right":{"leaf":false,"id":37,"left":{"leaf":false,"id":32,"left":{"leaf":false,"id":31,"left":{"leaf":true,"id":14,"label":"14","site_id":14},"right":{"leaf":true,"id":12,"label":"12","site_id":12}},"right":{"leaf":false,"id":30,"left":{"leaf":true,"id":15,"label":"15","site_id":15},"right":{"leaf":true,"id":13,"label":"13","site_id":13}}},"right":{"leaf":false,"id":36,"left":{"leaf":false,"id":35,"left":{"leaf":false,"id":34,"left":{"leaf":true,"id":17,"label":"17","site_id":17},"right":{"leaf":false,"id":33,"left":{"leaf":true,"id":16,"label":"16","site_id":16},"right":{"leaf":true,"id":18,"label":"18","site_id":18}}},"right":{"leaf":true,"id":19,"label":"19","site_id":19}},"right":{"leaf":false,"id":26,"left":{"leaf":false,"id":24,"left":{"leaf":false,"id":22,"left":{"leaf":true,"id":6,"label":"6","site_id":6},"right":{"leaf":true,"id":3,"label":"3","site_id":3}},"right":{"leaf":false,"id":21,"left":{"leaf":true,"id":1,"label":"1","site_id":1},"right":{"leaf":true,"id":4,"label":"4","site_id":4}}},"right":{"leaf":false,"id":25,"left":{"leaf":false,"id":23,"left":{"leaf":true,"id":5,"label":"5","site_id":5},"right":{"leaf":false,"id":20,"left":{"leaf":true,"id":7,"label":"7","site_id":7},"right":{"leaf":true,"id":0,"label":"0","site_id":0}}},"right":{"leaf":true,"id":2,"label":"2","site_id":2}}}}}},"num_sites":20,"sites":[{"x":322.9003530129858,"y":225.36544667706377,"cluster":0},{"x":424.34277623189587,"y":229.0353747743829,"cluster":0},{"x":313.18081421703477,"y":97.41752357562021,"cluster":0},{"x":326.91943418824434,"y":265.6561414596137,"cluster":0},{"x":417.75682930827014,"y":217.99241495530185,"cluster":0},{"x":170.54568475132268,"y":90.34129494658288,"cluster":0},{"x":335.02332448660025,"y":246.9961877274539,"cluster":0},{"x":309.80107846035924,"y":202.7666849814845,"cluster":0},{"x":350.0249206018938,"y":175.2743025444453,"cluster":1},{"x":311.0743028142823,"y":129.2667641849357,"cluster":1},{"x":357.9619290328697,"y":162.20161837567298,"cluster":1},{"x":345.8257589240278,"y":252.56701280950327,"cluster":1},{"x":329.5507676565694,"y":15.545766180964325,"cluster":2},{"x":249.18727055541464,"y":75.81004489932906,"cluster":2},{"x":272.85802260865785,"y":33.241798614065374,"cluster":2},{"x":254.22691211804698,"y":76.50325576516941,"cluster":2},{"x":198.2174756116924,"y":73.46019000488856,"cluster":3},{"x":63.34875720623341,"y":134.59391058989692,"cluster":3},{"x":161.90202019854934,"y":28.976545371569642,"cluster":3},{"x":148.80943409131936,"y":45.95603259333318,"cluster":3}],"num_clusters":4}