{"title":"cluster-n50-c7-r8-s-3110931530230810521","map_width":500,"map_height":300,"num_leaves":50,"tree":{"leaf":false,"id":98,"left":{"leaf":false,"id":60,"left":{"leaf":false,"id":58,"left":{"leaf":false,"id":56,"left":{"leaf":true,"id":6,"label":"6","site_id":6},"right":{"leaf":true,"id":10,"label":"10","site_id":10}},"right":{"leaf":true,"id":11,"label":"11","site_id":11}},"right":{"leaf":false,"id":59,"left":{"leaf":true,"id":12,"label":"12","site_id":12},"right":{"leaf":false,"id":57,"left":{"leaf":true,"id":8,"label":"8","site_id":8},"right":{"leaf":false,"id":55,"left":{"leaf":true,"id":7,"label":"7","site_id":7},"right":{"leaf":true,"id":9,"label":"9","site_id":9}}}}},"right":{"leaf":false,"id":97,"left":{"leaf":false,"id":95,"left":{"leaf":false,"id":92,"left":{"leaf":false,"id":87,"left":{"leaf":true,"id":49,"label":"49","site_id":49},"right":{"leaf":false,"id":86,"left":{"leaf":false,"id":85,"left":{"leaf":true,"id":47,"label":"47","site_id":47},"right":{"leaf":true,"id":46,"label":"46","site_id":46}},"right":{"leaf":true,"id":43,"label":"43","site_id":43}}},"right":{"leaf":false,"id":91,"left":{"leaf":true,"id":41,"label":"41","site_id":41},"right":{"leaf":false,"id":90,"left":{"leaf":false,"id":88,"left":{"leaf":true,"id":44,"label":"44","site_id":44},"right":{"leaf":true,"id":48,"label":"48","site_id":48}},"right":{"leaf":false,"id":89,"left":{"leaf":true,"id":45,"label":"45","site_id":45},"right":{"leaf":true,"id":42,"label":"42","site_id":42}}}}},"right":{"leaf":false,"id":77,"left":{"leaf":false,"id":76,"left":{"leaf":false,"id":73,"left":{"leaf":false,"id":71,"left":{"leaf":true,"id":26,"label":"26","site_id":26},"right":{"leaf":true,"id":29,"label":"29","site_id":29}},"right":{"leaf":true,"id":28,"label":"28","site_id":28}},"right":{"leaf":true,"id":27,"label":"27","site_id":27}},"right":{"leaf":false,"id":75,"left":{"leaf":false,"id":74,"left":{"leaf":false,"id":72,"left":{"leaf":true,"id":25,"label":"25","site_id":25},"right":{"leaf":true,"id":30,"label":"30","site_id":30}},"right":{"leaf":true,"id":31,"label":"31","site_id":31}},"right":{"leaf":true,"id":32,"label":"32","site_id":32}}}},"right":{"leaf":false,"id":96,"left":{"leaf":false,"id":66,"left":{"leaf":true,"id":14,"label":"14","site_id":14},"right":{"leaf":false,"id":65,"left":{"leaf":false,"id":64,"left":{"leaf":true,"id":19,"label":"19","site_id":19},"right":{"leaf":false,"id":62,"left":{"leaf":true,"id":18,"label":"18","site_id":18},"right":{"leaf":true,"id":17,"label":"17","site_id":17}}},"right":{"leaf":false,"id":63,"left":{"leaf":true,"id":16,"label":"16","site_id":16},"right":{"leaf":false,"id":61,"left":{"leaf":true,"id":13,"label":"13","site_id":13},"right":{"leaf":true,"id":15,"label":"15","site_id":15}}}}},"right":{"leaf":false,"id":94,"left":{"leaf":false,"id":93,"left":{"leaf":false,"id":84,"left":{"leaf":true,"id":35,"label":"35","site_id":35},"right":{"leaf":false,"id":83,"left":{"leaf":false,"id":82,"left":{"leaf":true,"id":37,"label":"37","site_id":37},"right":{"leaf":true,"id":40,"label":"40","site_id":40}},"right":{"leaf":false,"id":81,"left":{"leaf":false,"id":80,"left":{"leaf":true,"id":34,"label":"34","site_id":34},"right":{"leaf":false,"id":79,"left":{"leaf":true,"id":36,"label":"36","site_id":36},"right":{"leaf":true,"id":39,"label":"39","site_id":39}}},"right":{"leaf":false,"id":78,"left":{"leaf":true,"id":38,"label":"38","site_id":38},"right":{"leaf":true,"id":33,"label":"33","site_id":33}}}}},"right":{"leaf":false,"id":54,"left":{"leaf":true,"id":5,"label":"5","site_id":5},"right":{"leaf":false,"id":53,"left":{"leaf":false,"id":51,"left":{"leaf":true,"id":0,"label":"0","site_id":0},"right":{"leaf":true,"id":2,"label":"2","site_id":2}},"right":{"leaf":false,"id":52,"left":{"leaf":true,"id":3,"label":"3","site_id":3},"right":{"leaf":false,"id":50,"left":{"leaf":true,"id":4,"label":"4","site_id":4},"right":{"leaf":true,"id":1,"label":"1","site_id":1}}}}}},"right":{"leaf":false,"id":70,"left":{"leaf":false,"id":67,"left":{"leaf":true,"id":24,"label":"24","site_id":24},"right":{"leaf":true,"id":21,"label":"21","site_id":21}},"right":{"leaf":false,"id":69,"left":{"leaf":true,"id":23,"label":"23","site_id":23},"right":{"leaf":false,"id":68,"left":{"leaf":true,"id":20,"label":"20","site_id":20},"right":{"leaf":true,"id":22,"label":"22","site_id":22}}}}}}}},"num_sites":50,"sites":[{"x":426.2153919017891,"y":255.94785349039773,"cluster":0},{"x":457.1214495871808,"y":187.2297365502384,"cluster":0},{"x":420.82999560522387,"y":264.82375129844115,"cluster":0},{"x":446.9715002461648,"y":241.46976862773357,"cluster":0},{"x":469.6424820729681,"y":273.72704243090925,"cluster":0},{"x":475.46210381444087,"y":206.71087227349798,"cluster":0},{"x":132.8540988824985,"y":219.43816719222588,"cluster":1},{"x":168.72660229406029,"y":263.8778987335598,"cluster":1},{"x":112.70493626142368,"y":262.67017599846264,"cluster":1},{"x":154.17749302024586,"y":228.4431162835914,"cluster":1},{"x":144.4697611814641,"y":229.69307001855202,"cluster":1},{"x":139.15157904937345,"y":254.43938197814057,"cluster":1},{"x":155.6819316853613,"y":223.56764723625736,"cluster":1},{"x":277.8206988211015,"y":142.02269679881337,"cluster":2},{"x":343.61559360990117,"y":141.681686989402,"cluster":2},{"x":257.5444313831678,"y":150.55343195755867,"cluster":2},{"x":268.7625339187594,"y":118.19816611180764,"cluster":2},{"x":278.55014733016526,"y":179.08051134848492,"cluster":2},{"x":332.9771736530927,"y":124.47337481540103,"cluster":2},{"x":341.81712725499244,"y":213.32038606656747,"cluster":2},{"x":406.04758116433567,"y":241.8365322257415,"cluster":3},{"x":361.87805037803764,"y":275.3748525722156,"cluster":3},{"x":361.68645103363315,"y":265.5917626057425,"cluster":3},{"x":377.5027074185514,"y":241.83301878352952,"cluster":3},{"x":354.6532006233671,"y":274.6931421812269,"cluster":3},{"x":84.20773966006442,"y":226.59889475072285,"cluster":4},{"x":55.58407115491126,"y":124.9418807348313,"cluster":4},{"x":43.96568712545489,"y":209.63644013029472,"cluster":4},{"x":76.60966762905258,"y":120.92177667882294,"cluster":4},{"x":66.50605016976598,"y":104.68158081461328,"cluster":4},{"x":112.10137645421517,"y":160.56467618104097,"cluster":4},{"x":112.56054917067449,"y":185.48953578742524,"cluster":4},{"x":99.31427622238684,"y":107.23460148017011,"cluster":4},{"x":375.09147733977784,"y":166.31667063740963,"cluster":5},{"x":456.9285447935471,"y":235.1762660875982,"cluster":5},{"x":366.9009411786583,"y":216.7223554791341,"cluster":5},{"x":446.3568884674767,"y":207.40289821538235,"cluster":5},{"x":364.81122282206024,"y":135.92465547902546,"cluster":5},{"x":395.44228970909114,"y":250.76014432617478,"cluster":5},{"x":356.1078868893827,"y":164.9916763198685,"cluster":5},{"x":373.615523529923,"y":137.49686574524972,"cluster":5},{"x":349.3867747084746,"y":96.57035560333888,"cluster":6},{"x":368.17615606020536,"y":146.2724918339998,"cluster":6},{"x":388.28086698367696,"y":140.57474852512877,"cluster":6},{"x":431.2662981061817,"y":132.45823479736347,"cluster":6},{"x":403.7587519195784,"y":150.26169993638842,"cluster":6},{"x":415.21494156954225,"y":126.94965500303466,"cluster":6},{"x":373.8506531164044,"y":97.94428728321682,"cluster":6},{"x":424.505586792781,"y":104.1579838322298,"cluster":6},{"x":423.6557039442389,"y":116.93365079453235,"cluster":6}],"num_clusters":7}