{"title":"cluster-n95-c11-r3-s-5442540483618834601","map_width":500,"map_height":300,"num_leaves":95,"tree":{"leaf":false,"id":188,"left":{"leaf":false,"id":185,"left":{"leaf":false,"id":171,"left":{"leaf":false,"id":169,"left":{"leaf":true,"id":85,"label":"85","site_id":85},"right":{"leaf":false,"id":168,"left":{"leaf":false,"id":165,"left":{"leaf":true,"id":82,"label":"82","site_id":82},"right":{"leaf":true,"id":86,"label":"86","site_id":86}},"right":{"leaf":false,"id":167,"left":{"leaf":false,"id":166,"left":{"leaf":false,"id":164,"left":{"leaf":false,"id":163,"left":{"leaf":false,"id":162,"left":{"leaf":true,"id":84,"label":"84","site_id":84},"right":{"leaf":true,"id":81,"label":"81","site_id":81}},"right":{"leaf":true,"id":79,"label":"79","site_id":79}},"right":{"leaf":true,"id":83,"label":"83","site_id":83}},"right":{"leaf":true,"id":80,"label":"80","site_id":80}},"right":{"leaf":true,"id":77,"label":"77","site_id":77}}}},"right":{"leaf":false,"id":170,"left":{"leaf":true,"id":78,"label":"78","site_id":78},"right":{"leaf":true,"id":76,"label":"76","site_id":76}}},"right":{"leaf":false,"id":182,"left":{"leaf":false,"id":181,"left":{"leaf":false,"id":120,"left":{"leaf":true,"id":28,"label":"28","site_id":28},"right":{"leaf":false,"id":119,"left":{"leaf":true,"id":29,"label":"29","site_id":29},"right":{"leaf":false,"id":118,"left":{"leaf":true,"id":25,"label":"25","site_id":25},"right":{"leaf":false,"id":117,"left":{"leaf":true,"id":27,"label":"27","site_id":27},"right":{"leaf":true,"id":26,"label":"26","site_id":26}}}}},"right":{"leaf":false,"id":139,"left":{"leaf":false,"id":138,"left":{"leaf":false,"id":135,"left":{"leaf":false,"id":134,"left":{"leaf":true,"id":45,"label":"45","site_id":45},"right":{"leaf":true,"id":40,"label":"40","site_id":40}},"right":{"leaf":false,"id":129,"left":{"leaf":true,"id":43,"label":"43","site_id":43},"right":{"leaf":true,"id":49,"label":"49","site_id":49}}},"right":{"leaf":false,"id":137,"left":{"leaf":false,"id":136,"left":{"leaf":true,"id":47,"label":"47","site_id":47},"right":{"leaf":false,"id":133,"left":{"leaf":true,"id":41,"label":"41","site_id":41},"right":{"leaf":true,"id":44,"label":"44","site_id":44}}},"right":{"leaf":false,"id":132,"left":{"leaf":true,"id":42,"label":"42","site_id":42},"right":{"leaf":false,"id":131,"left":{"leaf":false,"id":130,"left":{"leaf":true,"id":48,"label":"48","site_id":48},"right":{"leaf":true,"id":39,"label":"39","site_id":39}},"right":{"leaf":true,"id":46,"label":"46","site_id":46}}}}},"right":{"leaf":true,"id":50,"label":"50","site_id":50}}},"right":{"leaf":false,"id":154,"left":{"leaf":false,"id":153,"left":{"leaf":false,"id":152,"left":{"leaf":false,"id":151,"left":{"leaf":true,"id":66,"label":"66","site_id":66},"right":{"leaf":false,"id":150,"left":{"leaf":true,"id":65,"label":"65","site_id":65},"right":{"leaf":true,"id":64,"label":"64","site_id":64}}},"right":{"leaf":true,"id":67,"label":"67","site_id":67}},"right":{"leaf":true,"id":62,"label":"62","site_id":62}},"right":{"leaf":true,"id":63,"label":"63","site_id":63}}}},"right":{"leaf":false,"id":187,"left":{"leaf":false,"id":149,"left":{"leaf":false,"id":148,"left":{"leaf":false,"id":146,"left":{"leaf":true,"id":58,"label":"58","site_id":58},"right":{"leaf":false,"id":144,"left":{"leaf":true,"id":55,"label":"55","site_id":55},"right":{"leaf":true,"id":51,"label":"51","site_id":51}}},"right":{"leaf":false,"id":147,"left":{"leaf":false,"id":143,"left":{"leaf":true,"id":53,"label":"53","site_id":53},"right":{"leaf":true,"id":60,"label":"60","site_id":60}},"right":{"leaf":true,"id":56,"label":"56","site_id":56}}},"right":{"leaf":false,"id":145,"left":{"leaf":true,"id":52,"label":"52","site_id":52},"right":{"leaf":false,"id":142,"left":{"leaf":false,"id":141,"left":{"leaf":false,"id":140,"left":{"leaf":true,"id":59,"label":"59","site_id":59},"right":{"leaf":true,"id":57,"label":"57","site_id":57}},"right":{"leaf":true,"id":61,"label":"61","site_id":61}},"right":{"leaf":true,"id":54,"label":"54","site_id":54}}}},"right":{"leaf":false,"id":186,"left":{"leaf":false,"id":184,"left":{"leaf":false,"id":179,"left":{"leaf":false,"id":161,"left":{"leaf":false,"id":158,"left":{"leaf":false,"id":156,"left":{"leaf":false,"id":155,"left":{"leaf":true,"id":68,"label":"68","site_id":68},"right":{"leaf":true,"id":71,"label":"71","site_id":71}},"right":{"leaf":true,"id":69,"label":"69","site_id":69}},"right":{"leaf":true,"id":70,"label":"70","site_id":70}},"right":{"leaf":false,"id":160,"left":{"leaf":false,"id":157,"left":{"leaf":true,"id":73,"label":"73","site_id":73},"right":{"leaf":true,"id":75,"label":"75","site_id":75}},"right":{"leaf":false,"id":159,"left":{"leaf":true,"id":72,"label":"72","site_id":72},"right":{"leaf":true,"id":74,"label":"74","site_id":74}}}},"right":{"leaf":false,"id":128,"left":{"leaf":false,"id":126,"left":{"leaf":false,"id":125,"left":{"leaf":true,"id":38,"label":"38","site_id":38},"right":{"leaf":false,"id":124,"left":{"leaf":false,"id":123,"left":{"leaf":false,"id":122,"left":{"leaf":true,"id":36,"label":"36","site_id":36},"right":{"leaf":true,"id":34,"label":"34","site_id":34}},"right":{"leaf":true,"id":30,"label":"30","site_id":30}},"right":{"leaf":true,"id":32,"label":"32","site_id":32}}},"right":{"leaf":true,"id":33,"label":"33","site_id":33}},"right":{"leaf":false,"id":127,"left":{"leaf":false,"id":121,"left":{"leaf":true,"id":37,"label":"37","site_id":37},"right":{"leaf":true,"id":35,"label":"35","site_id":35}},"right":{"leaf":true,"id":31,"label":"31","site_id":31}}}},"right":{"leaf":false,"id":180,"left":{"leaf":false,"id":103,"left":{"leaf":false,"id":101,"left":{"leaf":false,"id":96,"left":{"leaf":true,"id":0,"label":"0","site_id":0},"right":{"leaf":true,"id":9,"label":"9","site_id":9}},"right":{"leaf":true,"id":7,"label":"7","site_id":7}},"right":{"leaf":false,"id":102,"left":{"leaf":false,"id":100,"left":{"leaf":false,"id":99,"left":{"leaf":true,"id":3,"label":"3","site_id":3},"right":{"leaf":false,"id":97,"left":{"leaf":false,"id":95,"left":{"leaf":true,"id":4,"label":"4","site_id":4},"right":{"leaf":true,"id":1,"label":"1","site_id":1}},"right":{"leaf":true,"id":5,"label":"5","site_id":5}}},"right":{"leaf":false,"id":98,"left":{"leaf":true,"id":2,"label":"2","site_id":2},"right":{"leaf":true,"id":8,"label":"8","site_id":8}}},"right":{"leaf":true,"id":6,"label":"6","site_id":6}}},"right":{"leaf":false,"id":178,"left":{"leaf":false,"id":174,"left":{"leaf":true,"id":90,"label":"90","site_id":90},"right":{"leaf":true,"id":94,"label":"94","site_id":94}},"right":{"leaf":false,"id":177,"left":{"leaf":false,"id":176,"left":{"leaf":false,"id":175,"left":{"leaf":false,"id":173,"left":{"leaf":true,"id":89,"label":"89","site_id":89},"right":{"leaf":true,"id":91,"label":"91","site_id":91}},"right":{"leaf":false,"id":172,"left":{"leaf":true,"id":92,"label":"92","site_id":92},"right":{"leaf":true,"id":88,"label":"88","site_id":88}}},"right":{"leaf":true,"id":87,"label":"87","site_id":87}},"right":{"leaf":true,"id":93,"label":"93","site_id":93}}}}},"right":{"leaf":false,"id":183,"left":{"leaf":false,"id":116,"left":{"leaf":false,"id":115,"left":{"leaf":false,"id":112,"left":{"leaf":true,"id":24,"label":"24","site_id":24},"right":{"leaf":true,"id":22,"label":"22","site_id":22}},"right":{"leaf":false,"id":114,"left":{"leaf":false,"id":113,"left":{"leaf":true,"id":23,"label":"23","site_id":23},"right":{"leaf":false,"id":110,"left":{"leaf":true,"id":19,"label":"19","site_id":19},"right":{"leaf":true,"id":17,"label":"17","site_id":17}}},"right":{"leaf":false,"id":111,"left":{"leaf":true,"id":20,"label":"20","site_id":20},"right":{"leaf":true,"id":21,"label":"21","site_id":21}}}},"right":{"leaf":true,"id":18,"label":"18","site_id":18}},"right":{"leaf":false,"id":109,"left":{"leaf":true,"id":10,"label":"10","site_id":10},"right":{"leaf":false,"id":108,"left":{"leaf":false,"id":107,"left":{"leaf":false,"id":104,"left":{"leaf":true,"id":16,"label":"16","site_id":16},"right":{"leaf":true,"id":11,"label":"11","site_id":11}},"right":{"leaf":false,"id":105,"left":{"leaf":true,"id":12,"label":"12","site_id":12},"right":{"leaf":true,"id":14,"label":"14","site_id":14}}},"right":{"leaf":false,"id":106,"left":{"leaf":true,"id":15,"label":"15","site_id":15},"right":{"leaf":true,"id":13,"label":"13","site_id":13}}}}}}}},"num_sites":95,"sites":[{"x":15.457998512130983,"y":197.31100792817188,"cluster":0},{"x":58.044576306861174,"y":177.25709221095195,"cluster":0},{"x":37.63343072245694,"y":252.92394830985583,"cluster":0},{"x":44.175201143209875,"y":202.62357558936327,"cluster":0},{"x":38.83000474125744,"y":188.9946547088498,"cluster":0},{"x":33.23534242299357,"y":250.00431767470954,"cluster":0},{"x":55.5034017949678,"y":197.69269679390828,"cluster":0},{"x":18.403324133121757,"y":180.98632803728034,"cluster":0},{"x":57.53269326224459,"y":189.79212071831338,"cluster":0},{"x":23.054392286283715,"y":182.88484617214485,"cluster":0},{"x":192.79282193159608,"y":70.52657170431215,"cluster":1},{"x":232.4515541436344,"y":38.16492549633779,"cluster":1},{"x":194.6393990674401,"y":35.27217404291278,"cluster":1},{"x":195.78900775941094,"y":20.831816174561773,"cluster":1},{"x":187.2257747406204,"y":42.39451862134161,"cluster":1},{"x":217.64686335825832,"y":31.022022109379105,"cluster":1},{"x":230.12202527567965,"y":50.99349998281916,"cluster":1},{"x":212.52342818843408,"y":75.6436520431981,"cluster":2},{"x":146.21940268577606,"y":92.66206601963756,"cluster":2},{"x":178.37964127836986,"y":42.38592414379396,"cluster":2},{"x":175.6344488293721,"y":51.96359612404815,"cluster":2},{"x":182.00032603935165,"y":46.062167669671354,"cluster":2},{"x":193.6060440259607,"y":68.5084727473495,"cluster":2},{"x":201.28089034869242,"y":32.616108643894215,"cluster":2},{"x":186.40028959594719,"y":76.38774554041409,"cluster":2},{"x":371.3834522074484,"y":45.970773174384355,"cluster":3},{"x":386.85958877476185,"y":42.62351719182779,"cluster":3},{"x":371.44138432722065,"y":19.191566405404807,"cluster":3},{"x":355.2479864829896,"y":52.59878864228687,"cluster":3},{"x":393.75484087296826,"y":42.3318681883148,"cluster":3},{"x":115.88524982513135,"y":100.35456843849525,"cluster":4},{"x":127.14468930208557,"y":119.5655227081236,"cluster":4},{"x":63.19243266864838,"y":92.59424533686354,"cluster":4},{"x":79.64873631821156,"y":110.60474602700712,"cluster":4},{"x":68.74805835771292,"y":129.52066338999248,"cluster":4},{"x":90.9383913787171,"y":81.9267758284957,"cluster":4},{"x":67.66507865851105,"y":112.1893477720323,"cluster":4},{"x":92.65380730446508,"y":74.10459784271407,"cluster":4},{"x":72.8142844641591,"y":87.76690560565433,"cluster":4},{"x":361.724840488139,"y":122.28852079329698,"cluster":5},{"x":388.1542165189153,"y":117.98232835534562,"cluster":5},{"x":394.2639894340381,"y":148.6299057091397,"cluster":5},{"x":428.311660227683,"y":140.1445900283239,"cluster":5},{"x":353.1490838736782,"y":110.67817747955625,"cluster":5},{"x":398.19035338244674,"y":155.75496243329167,"cluster":5},{"x":374.46400044978293,"y":67.10763348915098,"cluster":5},{"x":331.90186958389666,"y":107.88424226078929,"cluster":5},{"x":349.14599458552465,"y":94.92408036840867,"cluster":5},{"x":361.13108286362433,"y":107.69999768066627,"cluster":5},{"x":408.5983755857319,"y":87.26588566806944,"cluster":5},{"x":355.66959264474644,"y":71.45253471058655,"cluster":5},{"x":32.01971877339559,"y":181.22977144167166,"cluster":6},{"x":32.09424157056494,"y":259.0879509476882,"cluster":6},{"x":66.74950467649617,"y":266.73810175560504,"cluster":6},{"x":48.080991074371354,"y":196.62978573474842,"cluster":6},{"x":48.82321678348147,"y":188.48107881421208,"cluster":6},{"x":72.73733750361903,"y":215.73363865227688,"cluster":6},{"x":82.53575465286761,"y":201.23496594603367,"cluster":6},{"x":18.169637545389556,"y":216.33609297733716,"cluster":6},{"x":57.20194913620975,"y":218.5515183167038,"cluster":6},{"x":80.7420681187786,"y":240.4943537527031,"cluster":6},{"x":44.10661107164463,"y":230.5406296675958,"cluster":6},{"x":129.0354635647176,"y":56.52931982642651,"cluster":7},{"x":104.23445395658086,"y":65.51221260730937,"cluster":7},{"x":111.88048486574803,"y":43.363428883059356,"cluster":7},{"x":105.75719968384384,"y":46.09132335965122,"cluster":7},{"x":124.54609388573434,"y":49.7740041279732,"cluster":7},{"x":124.9686108048051,"y":79.92578738878075,"cluster":7},{"x":326.9587821307418,"y":238.6541522405799,"cluster":8},{"x":334.4088747434795,"y":246.8988955078031,"cluster":8},{"x":356.7187037171021,"y":253.0459039209986,"cluster":8},{"x":351.7824446559204,"y":258.5765964071746,"cluster":8},{"x":343.00784597065996,"y":278.21445677799653,"cluster":8},{"x":378.69690757554315,"y":270.7387959913982,"cluster":8},{"x":352.72772127080646,"y":271.60012050958454,"cluster":8},{"x":383.7916024170129,"y":256.61571822515174,"cluster":8},{"x":221.40144712977275,"y":182.98401013720604,"cluster":9},{"x":248.98887246263948,"y":248.06474824033546,"cluster":9},{"x":241.5953465558462,"y":201.27875231060648,"cluster":9},{"x":246.01984035332754,"y":207.48390299127848,"cluster":9},{"x":242.4964106226807,"y":191.51568551509962,"cluster":9},{"x":234.64346807589752,"y":215.0299286982071,"cluster":9},{"x":258.22571569082527,"y":191.64246665823563,"cluster":9},{"x":226.77508358319378,"y":170.1944365594158,"cluster":9},{"x":272.9467537779815,"y":215.26637859882604,"cluster":9},{"x":261.500421686733,"y":161.82833804935512,"cluster":9},{"x":287.8182232725032,"y":205.14834522903186,"cluster":9},{"x":119.71826206179269,"y":96.13836373860018,"cluster":10},{"x":91.73219330720414,"y":74.94983402882973,"cluster":10},{"x":96.51581656323094,"y":93.39281751822215,"cluster":10},{"x":106.52644223459852,"y":126.204800090067,"cluster":10},{"x":113.3380123671424,"y":71.83999815852795,"cluster":10},{"x":89.63040903354101,"y":92.26519161326871,"cluster":10},{"x":110.72250992241459,"y":117.16916349314532,"cluster":10},{"x":111.88607973906291,"y":134.37095846076846,"cluster":10}],"num_clusters":11}