{"title":"cluster-n75-c9-r2-s2371040414937225932","map_width":500,"map_height":300,"num_leaves":75,"tree":{"leaf":false,"id":148,"left":{"leaf":false,"id":147,"left":{"leaf":false,"id":146,"left":{"leaf":false,"id":143,"left":{"leaf":false,"id":96,"left":{"leaf":true,"id":23,"label":"23","site_id":23},"right":{"leaf":false,"id":95,"left":{"leaf":false,"id":94,"left":{"leaf":false,"id":93,"left":{"leaf":false,"id":91,"left":{"leaf":true,"id":18,"label":"18","site_id":18},"right":{"leaf":true,"id":17,"label":"17","site_id":17}},"right":{"leaf":false,"id":92,"left":{"leaf":true,"id":19,"label":"19","site_id":19},"right":{"leaf":false,"id":90,"left":{"leaf":true,"id":24,"label":"24","site_id":24},"right":{"leaf":true,"id":21,"label":"21","site_id":21}}}},"right":{"leaf":true,"id":22,"label":"22","site_id":22}},"right":{"leaf":true,"id":20,"label":"20","site_id":20}}},"right":{"leaf":false,"id":142,"left":{"leaf":false,"id":114,"left":{"leaf":false,"id":113,"left":{"leaf":false,"id":112,"left":{"leaf":false,"id":111,"left":{"leaf":true,"id":43,"label":"43","site_id":43},"right":{"leaf":true,"id":45,"label":"45","site_id":45}},"right":{"leaf":true,"id":41,"label":"41","site_id":41}},"right":{"leaf":false,"id":110,"left":{"leaf":true,"id":44,"label":"44","site_id":44},"right":{"leaf":false,"id":109,"left":{"leaf":true,"id":39,"label":"39","site_id":39},"right":{"leaf":true,"id":42,"label":"42","site_id":42}}}},"right":{"leaf":true,"id":40,"label":"40","site_id":40}},"right":{"leaf":false,"id":131,"left":{"leaf":false,"id":130,"left":{"leaf":false,"id":124,"left":{"leaf":true,"id":55,"label":"55","site_id":55},"right":{"leaf":true,"id":56,"label":"56","site_id":56}},"right":{"leaf":false,"id":129,"left":{"leaf":false,"id":128,"left":{"leaf":true,"id":62,"label":"62","site_id":62},"right":{"leaf":false,"id":126,"left":{"leaf":true,"id":58,"label":"58","site_id":58},"right":{"leaf":true,"id":57,"label":"57","site_id":57}}},"right":{"leaf":false,"id":127,"left":{"leaf":false,"id":123,"left":{"leaf":true,"id":60,"label":"60","site_id":60},"right":{"leaf":true,"id":63,"label":"63","site_id":63}},"right":{"leaf":true,"id":59,"label":"59","site_id":59}}}},"right":{"leaf":false,"id":125,"left":{"leaf":true,"id":61,"label":"61","site_id":61},"right":{"leaf":true,"id":64,"label":"64","site_id":64}}}}},"right":{"leaf":false,"id":145,"left":{"leaf":false,"id":122,"left":{"leaf":true,"id":51,"label":"51","site_id":51},"right":{"leaf":false,"id":121,"left":{"leaf":true,"id":53,"label":"53","site_id":53},"right":{"leaf":false,"id":120,"left":{"leaf":false,"id":117,"left":{"leaf":false,"id":116,"left":{"leaf":true,"id":50,"label":"50","site_id":50},"right":{"leaf":true,"id":48,"label":"48","site_id":48}},"right":{"leaf":true,"id":54,"label":"54","site_id":54}},"right":{"leaf":false,"id":119,"left":{"leaf":true,"id":52,"label":"52","site_id":52},"right":{"leaf":false,"id":118,"left":{"leaf":false,"id":115,"left":{"leaf":true,"id":49,"label":"49","site_id":49},"right":{"leaf":true,"id":47,"label":"47","site_id":47}},"right":{"leaf":true,"id":46,"label":"46","site_id":46}}}}}},"right":{"leaf":false,"id":144,"left":{"leaf":false,"id":108,"left":{"leaf":true,"id":32,"label":"32","site_id":32},"right":{"leaf":false,"id":107,"left":{"leaf":false,"id":106,"left":{"leaf":false,"id":105,"left":{"leaf":true,"id":36,"label":"36","site_id":36},"right":{"leaf":false,"id":102,"left":{"leaf":true,"id":34,"label":"34","site_id":34},"right":{"leaf":true,"id":31,"label":"31","site_id":31}}},"right":{"leaf":true,"id":37,"label":"37","site_id":37}},"right":{"leaf":false,"id":104,"left":{"leaf":false,"id":103,"left":{"leaf":true,"id":35,"label":"35","site_id":35},"right":{"leaf":true,"id":38,"label":"38","site_id":38}},"right":{"leaf":true,"id":33,"label":"33","site_id":33}}}},"right":{"leaf":false,"id":140,"left":{"leaf":false,"id":138,"left":{"leaf":false,"id":133,"left":{"leaf":false,"id":132,"left":{"leaf":true,"id":72,"label":"72","site_id":72},"right":{"leaf":true,"id":65,"label":"65","site_id":65}},"right":{"leaf":true,"id":74,"label":"74","site_id":74}},"right":{"leaf":false,"id":134,"left":{"leaf":true,"id":70,"label":"70","site_id":70},"right":{"leaf":true,"id":68,"label":"68","site_id":68}}},"right":{"leaf":false,"id":139,"left":{"leaf":false,"id":137,"left":{"leaf":true,"id":69,"label":"69","site_id":69},"right":{"leaf":false,"id":136,"left":{"leaf":false,"id":135,"left":{"leaf":true,"id":71,"label":"71","site_id":71},"right":{"leaf":true,"id":73,"label":"73","site_id":73}},"right":{"leaf":true,"id":67,"label":"67","site_id":67}}},"right":{"leaf":true,"id":66,"label":"66","site_id":66}}}}}},"right":{"leaf":false,"id":89,"left":{"leaf":false,"id":87,"left":{"leaf":true,"id":15,"label":"15","site_id":15},"right":{"leaf":false,"id":86,"left":{"leaf":true,"id":16,"label":"16","site_id":16},"right":{"leaf":true,"id":13,"label":"13","site_id":13}}},"right":{"leaf":false,"id":88,"left":{"leaf":true,"id":14,"label":"14","site_id":14},"right":{"leaf":true,"id":12,"label":"12","site_id":12}}}},"right":{"leaf":false,"id":141,"left":{"leaf":false,"id":85,"left":{"leaf":false,"id":83,"left":{"leaf":true,"id":10,"label":"10","site_id":10},"right":{"leaf":false,"id":78,"left":{"leaf":true,"id":5,"label":"5","site_id":5},"right":{"leaf":true,"id":8,"label":"8","site_id":8}}},"right":{"leaf":false,"id":84,"left":{"leaf":false,"id":82,"left":{"leaf":true,"id":9,"label":"9","site_id":9},"right":{"leaf":false,"id":81,"left":{"leaf":true,"id":7,"label":"7","site_id":7},"right":{"leaf":false,"id":80,"left":{"leaf":true,"id":6,"label":"6","site_id":6},"right":{"leaf":false,"id":79,"left":{"leaf":false,"id":75,"left":{"leaf":true,"id":11,"label":"11","site_id":11},"right":{"leaf":true,"id":0,"label":"0","site_id":0}},"right":{"leaf":true,"id":4,"label":"4","site_id":4}}}}},"right":{"leaf":false,"id":77,"left":{"leaf":true,"id":3,"label":"3","site_id":3},"right":{"leaf":false,"id":76,"left":{"leaf":true,"id":2,"label":"2","site_id":2},"right":{"leaf":true,"id":1,"label":"1","site_id":1}}}}},"right":{"leaf":false,"id":101,"left":{"leaf":false,"id":100,"left":{"leaf":true,"id":28,"label":"28","site_id":28},"right":{"leaf":false,"id":99,"left":{"leaf":false,"id":98,"left":{"leaf":true,"id":25,"label":"25","site_id":25},"right":{"leaf":true,"id":29,"label":"29","site_id":29}},"right":{"leaf":false,"id":97,"left":{"leaf":true,"id":30,"label":"30","site_id":30},"right":{"leaf":true,"id":27,"label":"27","site_id":27}}}},"right":{"leaf":true,"id":26,"label":"26","site_id":26}}}},"num_sites":75,"sites":[{"x":357.66332294602023,"y":102.08235654422838,"cluster":0},{"x":447.68359883241067,"y":116.44771071391382,"cluster":0},{"x":431.3963847317257,"y":135.87761450978692,"cluster":0},{"x":382.505545510628,"y":139.34055264645764,"cluster":0},{"x":388.31202772383983,"y":80.7516215761752,"cluster":0},{"x":323.0925527632519,"y":155.500008948187,"cluster":0},{"x":392.72633550452014,"y":135.6441424572824,"cluster":0},{"x":441.3161256479181,"y":53.11310519188871,"cluster":0},{"x":346.3954918242876,"y":146.6289825715467,"cluster":0},{"x":358.0841901793095,"y":120.51273216807866,"cluster":0},{"x":345.92040907060084,"y":160.06031780167376,"cluster":0},{"x":357.6482387373773,"y":67.4903152568194,"cluster":0},{"x":57.22072792414367,"y":36.47436127528273,"cluster":1},{"x":35.29990394600463,"y":59.004625103903784,"cluster":1},{"x":70.7243791272215,"y":66.99710159156552,"cluster":1},{"x":58.749328523663735,"y":78.23531213764977,"cluster":1},{"x":29.107839807661808,"y":82.15241893872405,"cluster":1},{"x":284.0587388134579,"y":67.93936863740772,"cluster":2},{"x":277.7770010828257,"y":43.737125466997426,"cluster":2},{"x":325.89921298922997,"y":45.48227473966433,"cluster":2},{"x":283.1512738133303,"y":61.46566260324428,"cluster":2},{"x":359.7911684012494,"y":40.966231239448646,"cluster":2},{"x":316.5179913295466,"y":55.14226983626165,"cluster":2},{"x":337.20328365007254,"y":24.09870472703926,"cluster":2},{"x":282.6808968579149,"y":76.90253491748305,"cluster":2},{"x":252.91636203472592,"y":259.5162125264666,"cluster":3},{"x":281.2557181285148,"y":254.8318161289357,"cluster":3},{"x":279.28538645905735,"y":282.3914855994803,"cluster":3},{"x":248.6265026146588,"y":242.75094316169927,"cluster":3},{"x":289.7008749870391,"y":240.62207288429457,"cluster":3},{"x":266.9798974105229,"y":254.79762190800065,"cluster":3},{"x":179.6957556822269,"y":172.6848542971168,"cluster":4},{"x":244.00122782347788,"y":165.3340975890261,"cluster":4},{"x":205.3219292809739,"y":138.27139404407677,"cluster":4},{"x":176.3485964233485,"y":191.7749986609909,"cluster":4},{"x":186.01354847662049,"y":127.93536002636229,"cluster":4},{"x":195.1591794628011,"y":121.16686679616325,"cluster":4},{"x":176.3544260633088,"y":132.03635739400406,"cluster":4},{"x":194.5295673591366,"y":160.528282965149,"cluster":4},{"x":46.22130212730822,"y":196.8833868858333,"cluster":5},{"x":39.48914054182553,"y":224.3542926443124,"cluster":5},{"x":102.75962046058936,"y":235.1410080144567,"cluster":5},{"x":51.391881393594105,"y":195.56828383369742,"cluster":5},{"x":98.69798795904205,"y":216.1542166703408,"cluster":5},{"x":64.63436029154022,"y":193.90011376647195,"cluster":5},{"x":68.89717564453497,"y":231.619133933148,"cluster":5},{"x":132.49270197270425,"y":170.41174639042822,"cluster":6},{"x":147.89380517166182,"y":145.71277435023984,"cluster":6},{"x":118.03494553391505,"y":189.57376343467502,"cluster":6},{"x":106.34666976029199,"y":190.33929793841963,"cluster":6},{"x":174.78393448496075,"y":128.19345090039107,"cluster":6},{"x":167.82769144971047,"y":143.7969089265489,"cluster":6},{"x":120.80663266499944,"y":177.0175002635857,"cluster":6},{"x":122.48431894960974,"y":202.25593456095194,"cluster":6},{"x":146.93513164237368,"y":202.96754629868235,"cluster":6},{"x":127.04963128799042,"y":166.01216105969175,"cluster":7},{"x":138.272585821811,"y":210.4462074363151,"cluster":7},{"x":65.71600794843211,"y":252.12391587189114,"cluster":7},{"x":60.19997383714076,"y":201.87548355920936,"cluster":7},{"x":66.15081613867955,"y":174.03938196392664,"cluster":7},{"x":133.080790398229,"y":225.45809000135233,"cluster":7},{"x":65.36277493373328,"y":167.97423897495958,"cluster":7},{"x":98.05730591046354,"y":211.09712340701046,"cluster":7},{"x":43.25597328977041,"y":253.5844669678135,"cluster":7},{"x":97.93657255979473,"y":189.64614987493036,"cluster":7},{"x":67.07446424222093,"y":39.385946509166494,"cluster":8},{"x":35.754655850818544,"y":72.39860924379616,"cluster":8},{"x":77.70719475047066,"y":88.20098604728636,"cluster":8},{"x":16.407014785538067,"y":60.01214442395097,"cluster":8},{"x":114.2870536175509,"y":37.347972230501696,"cluster":8},{"x":33.56537739121802,"y":91.69298632181919,"cluster":8},{"x":117.53205207901067,"y":113.65569095272645,"cluster":8},{"x":97.1492195201294,"y":76.67063750940255,"cluster":8},{"x":61.19820314247331,"y":105.85187813797333,"cluster":8},{"x":57.99380028612372,"y":15.424353535511848,"cluster":8}],"num_clusters":9}