{"title":"cluster-n65-c8-r9-s-6080198892145732438","map_width":500,"map_height":300,"num_leaves":65,"tree":{"leaf":false,"id":128,"left":{"leaf":false,"id":125,"left":{"leaf":false,"id":86,"left":{"leaf":false,"id":83,"left":{"leaf":true,"id":20,"label":"20","site_id":20},"right":{"leaf":true,"id":21,"label":"21","site_id":21}},"right":{"leaf":false,"id":85,"left":{"leaf":false,"id":84,"left":{"leaf":false,"id":81,"left":{"leaf":true,"id":22,"label":"22","site_id":22},"right":{"leaf":true,"id":19,"label":"19","site_id":19}},"right":{"leaf":false,"id":82,"left":{"leaf":true,"id":23,"label":"23","site_id":23},"right":{"leaf":true,"id":24,"label":"24","site_id":24}}},"right":{"leaf":true,"id":18,"label":"18","site_id":18}}},"right":{"leaf":false,"id":121,"left":{"leaf":false,"id":115,"left":{"leaf":true,"id":62,"label":"62","site_id":62},"right":{"leaf":true,"id":64,"label":"64","site_id":64}},"right":{"leaf":false,"id":120,"left":{"leaf":true,"id":59,"label":"59","site_id":59},"right":{"leaf":false,"id":119,"left":{"leaf":false,"id":118,"left":{"leaf":false,"id":116,"left":{"leaf":false,"id":114,"left":{"leaf":true,"id":57,"label":"57","site_id":57},"right":{"leaf":true,"id":60,"label":"60","site_id":60}},"right":{"leaf":true,"id":58,"label":"58","site_id":58}},"right":{"leaf":true,"id":63,"label":"63","site_id":63}},"right":{"leaf":false,"id":117,"left":{"leaf":true,"id":61,"label":"61","site_id":61},"right":{"leaf":true,"id":56,"label":"56","site_id":56}}}}}},"right":{"leaf":false,"id":127,"left":{"leaf":false,"id":71,"left":{"leaf":true,"id":7,"label":"7","site_id":7},"right":{"leaf":false,"id":70,"left":{"leaf":false,"id":68,"left":{"leaf":false,"id":67,"left":{"leaf":true,"id":2,"label":"2","site_id":2},"right":{"leaf":false,"id":65,"left":{"leaf":true,"id":3,"label":"3","site_id":3},"right":{"leaf":true,"id":5,"label":"5","site_id":5}}},"right":{"leaf":true,"id":0,"label":"0","site_id":0}},"right":{"leaf":false,"id":69,"left":{"leaf":false,"id":66,"left":{"leaf":true,"id":6,"label":"6","site_id":6},"right":{"leaf":true,"id":1,"label":"1","site_id":1}},"right":{"leaf":true,"id":4,"label":"4","site_id":4}}}},"right":{"leaf":false,"id":126,"left":{"leaf":false,"id":124,"left":{"leaf":false,"id":113,"left":{"leaf":false,"id":112,"left":{"leaf":false,"id":111,"left":{"leaf":true,"id":47,"label":"47","site_id":47},"right":{"leaf":false,"id":108,"left":{"leaf":true,"id":49,"label":"49","site_id":49},"right":{"leaf":false,"id":107,"left":{"leaf":true,"id":52,"label":"52","site_id":52},"right":{"leaf":true,"id":53,"label":"53","site_id":53}}}},"right":{"leaf":true,"id":55,"label":"55","site_id":55}},"right":{"leaf":false,"id":110,"left":{"leaf":true,"id":54,"label":"54","site_id":54},"right":{"leaf":false,"id":109,"left":{"leaf":true,"id":48,"label":"48","site_id":48},"right":{"leaf":false,"id":106,"left":{"leaf":true,"id":51,"label":"51","site_id":51},"right":{"leaf":true,"id":50,"label":"50","site_id":50}}}}},"right":{"leaf":false,"id":105,"left":{"leaf":false,"id":103,"left":{"leaf":true,"id":46,"label":"46","site_id":46},"right":{"leaf":false,"id":102,"left":{"leaf":true,"id":42,"label":"42","site_id":42},"right":{"leaf":true,"id":45,"label":"45","site_id":45}}},"right":{"leaf":false,"id":104,"left":{"leaf":true,"id":44,"label":"44","site_id":44},"right":{"leaf":true,"id":43,"label":"43","site_id":43}}}},"right":{"leaf":false,"id":123,"left":{"leaf":false,"id":93,"left":{"leaf":false,"id":92,"left":{"leaf":false,"id":91,"left":{"leaf":true,"id":31,"label":"31","site_id":31},"right":{"leaf":false,"id":90,"left":{"leaf":false,"id":88,"left":{"leaf":true,"id":30,"label":"30","site_id":30},"right":{"leaf":true,"id":27,"label":"27","site_id":27}},"right":{"leaf":false,"id":89,"left":{"leaf":true,"id":29,"label":"29","site_id":29},"right":{"leaf":true,"id":32,"label":"32","site_id":32}}}},"right":{"leaf":false,"id":87,"left":{"leaf":true,"id":25,"label":"25","site_id":25},"right":{"leaf":true,"id":28,"label":"28","site_id":28}}},"right":{"leaf":true,"id":26,"label":"26","site_id":26}},"right":{"leaf":false,"id":122,"left":{"leaf":false,"id":80,"left":{"leaf":false,"id":72,"left":{"leaf":true,"id":15,"label":"15","site_id":15},"right":{"leaf":true,"id":16,"label":"16","site_id":16}},"right":{"leaf":false,"id":79,"left":{"leaf":false,"id":78,"left":{"leaf":true,"id":11,"label":"11","site_id":11},"right":{"leaf":false,"id":77,"left":{"leaf":false,"id":75,"left":{"leaf":true,"id":8,"label":"8","site_id":8},"right":{"leaf":false,"id":74,"left":{"leaf":false,"id":73,"left":{"leaf":true,"id":12,"label":"12","site_id":12},"right":{"leaf":true,"id":17,"label":"17","site_id":17}},"right":{"leaf":true,"id":13,"label":"13","site_id":13}}},"right":{"leaf":false,"id":76,"left":{"leaf":true,"id":14,"label":"14","site_id":14},"right":{"leaf":true,"id":9,"label":"9","site_id":9}}}},"right":{"leaf":true,"id":10,"label":"10","site_id":10}}},"right":{"leaf":false,"id":101,"left":{"leaf":true,"id":35,"label":"35","site_id":35},"right":{"leaf":false,"id":100,"left":{"leaf":true,"id":37,"label":"37","site_id":37},"right":{"leaf":false,"id":99,"left":{"leaf":true,"id":36,"label":"36","site_id":36},"right":{"leaf":false,"id":98,"left":{"leaf":false,"id":95,"left":{"leaf":true,"id":41,"label":"41","site_id":41},"right":{"leaf":true,"id":40,"label":"40","site_id":40}},"right":{"leaf":false,"id":97,"left":{"leaf":false,"id":96,"left":{"leaf":false,"id":94,"left":{"leaf":true,"id":39,"label":"39","site_id":39},"right":{"leaf":true,"id":38,"label":"38","site_id":38}},"right":{"leaf":true,"id":34,"label":"34","site_id":34}},"right":{"leaf":true,"id":33,"label":"33","site_id":33}}}}}}}}}}},"num_sites":65,"sites":[{"x":333.99848496026414,"y":180.30249833798746,"cluster":0},{"x":382.95349835674733,"y":145.16364869655723,"cluster":0},{"x":350.48543786732694,"y":137.44637725542378,"cluster":0},{"x":324.3146915562142,"y":171.915929031904,"cluster":0},{"x":421.28178059299233,"y":186.41443141869428,"cluster":0},{"x":381.1456474962515,"y":160.55569465925373,"cluster":0},{"x":323.6822540705235,"y":104.0774382122611,"cluster":0},{"x":410.490122860763,"y":170.64091447704442,"cluster":0},{"x":265.56630343048494,"y":122.69624080537719,"cluster":1},{"x":248.48475265915974,"y":171.9215108446855,"cluster":1},{"x":269.57860209128535,"y":96.46888943936072,"cluster":1},{"x":188.87492843048594,"y":72.43794824397636,"cluster":1},{"x":230.92849244051305,"y":61.46291563626382,"cluster":1},{"x":195.74425470297592,"y":72.42025958724317,"cluster":1},{"x":165.28840077689287,"y":158.5280075552007,"cluster":1},{"x":239.44581316822502,"y":140.51181393204823,"cluster":1},{"x":249.49733632532104,"y":85.16524552822135,"cluster":1},{"x":158.58824119711971,"y":69.58769009743723,"cluster":1},{"x":123.89970078677061,"y":73.84402880855535,"cluster":2},{"x":72.79107631654514,"y":54.58128873623862,"cluster":2},{"x":123.84286456163551,"y":123.29866233782491,"cluster":2},{"x":86.35196927302798,"y":72.9060912940231,"cluster":2},{"x":75.26312209041316,"y":73.50760364356918,"cluster":2},{"x":99.62963880285777,"y":68.8167127326698,"cluster":2},{"x":120.05048387422326,"y":112.50031990328081,"cluster":2},{"x":38.858964677175244,"y":213.6761736557262,"cluster":3},{"x":36.671840413017904,"y":190.19796543440134,"cluster":3},{"x":62.11155480031263,"y":204.23012372564096,"cluster":3},{"x":36.632403222190646,"y":157.30295338285077,"cluster":3},{"x":65.5639562500812,"y":224.04021898713918,"cluster":3},{"x":78.96715900476767,"y":173.05891693150016,"cluster":3},{"x":83.55987772552334,"y":182.33553236931166,"cluster":3},{"x":84.54435462012984,"y":169.050216751765,"cluster":3},{"x":234.12016973497762,"y":65.11693243831687,"cluster":4},{"x":204.71747608806731,"y":65.10134677632965,"cluster":4},{"x":228.28243152261686,"y":134.1487241913279,"cluster":4},{"x":227.29230962082534,"y":102.76263505246125,"cluster":4},{"x":240.19328332698876,"y":73.09769949805658,"cluster":4},{"x":263.1563875261775,"y":76.68812744364729,"cluster":4},{"x":287.47796693242964,"y":57.63932669161227,"cluster":4},{"x":207.11197832299348,"y":107.32444094420198,"cluster":4},{"x":264.1910019940578,"y":107.51102137262689,"cluster":4},{"x":409.0395098502878,"y":112.32356052011207,"cluster":5},{"x":399.9687315514621,"y":99.22564956218635,"cluster":5},{"x":417.6158323987709,"y":65.97168343730766,"cluster":5},{"x":443.66153219125,"y":101.97405046958607,"cluster":5},{"x":446.6089636667814,"y":72.76962562880094,"cluster":5},{"x":199.8162417012605,"y":161.3468508864669,"cluster":6},{"x":208.77069885153315,"y":160.25003335904515,"cluster":6},{"x":287.1066218949696,"y":180.97286002324034,"cluster":6},{"x":189.9176225736428,"y":150.26844216661263,"cluster":6},{"x":244.0650673173505,"y":166.82490780682454,"cluster":6},{"x":266.67764279893214,"y":210.59787269649036,"cluster":6},{"x":285.89904798545047,"y":189.52038672346956,"cluster":6},{"x":260.61788657838076,"y":116.02116335796259,"cluster":6},{"x":182.80320957257513,"y":135.8312673184335,"cluster":6},{"x":130.75415449427342,"y":152.5763837220113,"cluster":7},{"x":100.3771114343828,"y":148.21608934313184,"cluster":7},{"x":159.74417901801948,"y":176.20288888771913,"cluster":7},{"x":95.96319974602429,"y":217.31682281608346,"cluster":7},{"x":84.56397069327187,"y":139.12142772560196,"cluster":7},{"x":76.8725565300975,"y":200.88608552801662,"cluster":7},{"x":150.7359284755505,"y":227.79304792833744,"cluster":7},{"x":122.98165590164459,"y":168.18267783792191,"cluster":7},{"x":83.36245317979393,"y":170.9687469497967,"cluster":7}],"num_clusters":8}