{"title":"cluster-n20-c4-r9-s-161341909156920964","map_width":500,"map_height":300,"num_leaves":20,"tree":{"leaf":false,"id":38,"left":{"leaf":false,"id":37,"left":{"leaf":false,"id":36,"left":{"leaf":false,"id":28,"left":{"leaf":true,"id":6,"label":"6","site_id":6},"right":{"leaf":false,"id":27,"left":{"leaf":false,"id":25,"left":{"leaf":true,"id":9,"label":"9","site_id":9},"right":{"leaf":true,"id":10,"label":"10","site_id":10}},"right":{"leaf":false,"id":26,"left":{"leaf":true,"id":7,"label":"7","site_id":7},"right":{"leaf":true,"id":8,"label":"8","site_id":8}}}},"right":{"leaf":false,"id":31,"left":{"leaf":false,"id":30,"left":{"leaf":true,"id":14,"label":"14","site_id":14},"right":{"leaf":true,"id":12,"label":"12","site_id":12}},"right":{"leaf":false,"id":29,"left":{"leaf":true,"id":11,"label":"11","site_id":11},"right":{"leaf":true,"id":13,"label":"13","site_id":13}}}},"right":{"leaf":false,"id":35,"left":{"leaf":false,"id":33,"left":{"leaf":true,"id":15,"label":"15","site_id":15},"right":{"leaf":true,"id":18,"label":"18","site_id":18}},"right":{"leaf":false,"id":34,"left":{"leaf":false,"id":32,"left":{"leaf":true,"id":16,"label":"16","site_id":16},"right":{"leaf":true,"id":17,"label":"17","site_id":17}},"right":{"leaf":true,"id":19,"label":"19","site_id":19}}}},"right":{"leaf":false,"id":24,"left":{"leaf":true,"id":5,"label":"5","site_id":5},"right":{"leaf":false,"id":23,"left":{"leaf":false,"id":22,"left":{"leaf":false,"id":21,"left":{"leaf":true,"id":3,"label":"3","site_id":3},"right":{"leaf":false,"id":20,"left":{"leaf":true,"id":2,"label":"2","site_id":2},"right":{"leaf":true,"id":1,"label":"1","site_id":1}}},"right":{"leaf":true,"id":4,"label":"4","site_id":4}},"right":{"leaf":true,"id":0,"label":"0","site_id":0}}}},"num_sites":20,"sites":[{"x":424.5166629366661,"y":283.8732122379338,"cluster":0},{"x":388.74499643737937,"y":218.91778170005244,"cluster":0},{"x":474.63175324109625,"y":169.86379066348226,"cluster":0},{"x":410.3673166232787,"y":197.44158573593543,"cluster":0},{"x":404.3171435427241,"y":278.06094793977013,"cluster":0},{"x":441.58167063042237,"y":162.61347375945144,"cluster":0},{"x":71.94702767587037,"y":123.79697523801184,"cluster":1},{"x":107.17027755306407,"y":213.29843353436488,"cluster":1},{"x":71.10058956617901,"y":215.41366223352233,"cluster":1},{"x":157.31991949496881,"y":74.6779361233847,"cluster":1},{"x":190.46463122196099,"y":201.92629324685458,"cluster":1},{"x":70.18844945217263,"y":162.24979085289897,"cluster":2},{"x":167.98928178216744,"y":200.05221164308233,"cluster":2},{"x":62.47382084157845,"y":179.54515648974092,"cluster":2},{"x":150.31968269128762,"y":205.59746684074935,"cluster":2},{"x":413.10101525739094,"y":267.6535258088714,"cluster":3},{"x":302.428768448534,"y":165.39033573723307,"cluster":3},{"x":271.5151755616098,"y":219.41421201643112,"cluster":3},{"x":385.32710638927654,"y":192.4862990103819,"cluster":3},{"x":283.92753986021944,"y":272.5063337903128,"cluster":3}],"num_clusters":4}