{"title":"cluster-n60-c8-r1-s-225428140125034524","map_width":500,"map_height":300,"num_leaves":60,"tree":{"leaf":false,"id":118,"left":{"leaf":false,"id":112,"left":{"leaf":false,"id":81,"left":{"leaf":false,"id":79,"left":{"leaf":false,"id":78,"left":{"leaf":true,"id":20,"label":"20","site_id":20},"right":{"leaf":false,"id":76,"left":{"leaf":true,"id":18,"label":"18","site_id":18},"right":{"leaf":true,"id":22,"label":"22","site_id":22}}},"right":{"leaf":false,"id":77,"left":{"leaf":true,"id":23,"label":"23","site_id":23},"right":{"leaf":true,"id":19,"label":"19","site_id":19}}},"right":{"leaf":false,"id":80,"left":{"leaf":true,"id":17,"label":"17","site_id":17},"right":{"leaf":false,"id":75,"left":{"leaf":true,"id":24,"label":"24","site_id":24},"right":{"leaf":true,"id":21,"label":"21","site_id":21}}}},"right":{"leaf":false,"id":97,"left":{"leaf":false,"id":96,"left":{"leaf":true,"id":40,"label":"40","site_id":40},"right":{"leaf":false,"id":95,"left":{"leaf":true,"id":38,"label":"38","site_id":38},"right":{"leaf":false,"id":94,"left":{"leaf":true,"id":41,"label":"41","site_id":41},"right":{"leaf":true,"id":42,"label":"42","site_id":42}}}},"right":{"leaf":false,"id":93,"left":{"leaf":true,"id":39,"label":"39","site_id":39},"right":{"leaf":true,"id":43,"label":"43","site_id":43}}}},"right":{"leaf":false,"id":117,"left":{"leaf":false,"id":114,"left":{"leaf":false,"id":113,"left":{"leaf":false,"id":111,"left":{"leaf":true,"id":52,"label":"52","site_id":52},"right":{"leaf":false,"id":110,"left":{"leaf":false,"id":109,"left":{"leaf":false,"id":107,"left":{"leaf":true,"id":53,"label":"53","site_id":53},"right":{"leaf":true,"id":54,"label":"54","site_id":54}},"right":{"leaf":false,"id":105,"left":{"leaf":true,"id":57,"label":"57","site_id":57},"right":{"leaf":true,"id":55,"label":"55","site_id":55}}},"right":{"leaf":false,"id":108,"left":{"leaf":true,"id":56,"label":"56","site_id":56},"right":{"leaf":false,"id":106,"left":{"leaf":true,"id":59,"label":"59","site_id":59},"right":{"leaf":true,"id":58,"label":"58","site_id":58}}}}},"right":{"leaf":false,"id":104,"left":{"leaf":false,"id":103,"left":{"leaf":false,"id":100,"left":{"leaf":false,"id":99,"left":{"leaf":true,"id":46,"label":"46","site_id":46},"right":{"leaf":true,"id":51,"label":"51","site_id":51}},"right":{"leaf":true,"id":45,"label":"45","site_id":45}},"right":{"leaf":false,"id":101,"left":{"leaf":false,"id":98,"left":{"leaf":true,"id":47,"label":"47","site_id":47},"right":{"leaf":true,"id":48,"label":"48","site_id":48}},"right":{"leaf":true,"id":44,"label":"44","site_id":44}}},"right":{"leaf":false,"id":102,"left":{"leaf":true,"id":49,"label":"49","site_id":49},"right":{"leaf":true,"id":50,"label":"50","site_id":50}}}},"right":{"leaf":false,"id":86,"left":{"leaf":false,"id":85,"left":{"leaf":true,"id":27,"label":"27","site_id":27},"right":{"leaf":false,"id":82,"left":{"leaf":true,"id":29,"label":"29","site_id":29},"right":{"leaf":true,"id":28,"label":"28","site_id":28}}},"right":{"leaf":false,"id":84,"left":{"leaf":false,"id":83,"left":{"leaf":true,"id":25,"label":"25","site_id":25},"right":{"leaf":true,"id":30,"label":"30","site_id":30}},"right":{"leaf":true,"id":26,"label":"26","site_id":26}}}},"right":{"leaf":false,"id":116,"left":{"leaf":false,"id":74,"left":{"leaf":true,"id":10,"label":"10","site_id":10},"right":{"leaf":false,"id":73,"left":{"leaf":false,"id":72,"left":{"leaf":false,"id":71,"left":{"leaf":true,"id":13,"label":"13","site_id":13},"right":{"leaf":false,"id":69,"left":{"leaf":true,"id":14,"label":"14","site_id":14},"right":{"leaf":true,"id":12,"label":"12","site_id":12}}},"right":{"leaf":false,"id":70,"left":{"leaf":true,"id":16,"label":"16","site_id":16},"right":{"leaf":true,"id":15,"label":"15","site_id":15}}},"right":{"leaf":true,"id":11,"label":"11","site_id":11}}},"right":{"leaf":false,"id":115,"left":{"leaf":false,"id":68,"left":{"leaf":false,"id":64,"left":{"leaf":true,"id":9,"label":"9","site_id":9},"right":{"leaf":false,"id":62,"left":{"leaf":true,"id":6,"label":"6","site_id":6},"right":{"leaf":false,"id":61,"left":{"leaf":true,"id":7,"label":"7","site_id":7},"right":{"leaf":true,"id":3,"label":"3","site_id":3}}}},"right":{"leaf":false,"id":67,"left":{"leaf":false,"id":66,"left":{"leaf":false,"id":65,"left":{"leaf":true,"id":5,"label":"5","site_id":5},"right":{"leaf":false,"id":60,"left":{"leaf":true,"id":4,"label":"4","site_id":4},"right":{"leaf":true,"id":2,"label":"2","site_id":2}}},"right":{"leaf":false,"id":63,"left":{"leaf":true,"id":0,"label":"0","site_id":0},"right":{"leaf":true,"id":1,"label":"1","site_id":1}}},"right":{"leaf":true,"id":8,"label":"8","site_id":8}}},"right":{"leaf":false,"id":92,"left":{"leaf":false,"id":89,"left":{"leaf":true,"id":37,"label":"37","site_id":37},"right":{"leaf":false,"id":87,"left":{"leaf":true,"id":32,"label":"32","site_id":32},"right":{"leaf":true,"id":35,"label":"35","site_id":35}}},"right":{"leaf":false,"id":91,"left":{"leaf":false,"id":90,"left":{"leaf":true,"id":34,"label":"34","site_id":34},"right":{"leaf":true,"id":36,"label":"36","site_id":36}},"right":{"leaf":false,"id":88,"left":{"leaf":true,"id":31,"label":"31","site_id":31},"right":{"leaf":true,"id":33,"label":"33","site_id":33}}}}}}}},"num_sites":60,"sites":[{"x":388.7647435110476,"y":158.71367379663857,"cluster":0},{"x":363.3536335158682,"y":178.2057101258057,"cluster":0},{"x":354.8567337312095,"y":193.40838334804823,"cluster":0},{"x":393.35449786753406,"y":133.3788533697922,"cluster":0},{"x":402.57346087146385,"y":183.1382450786599,"cluster":0},{"x":416.85871395348386,"y":179.79808924941372,"cluster":0},{"x":439.9043826622058,"y":128.21538671876905,"cluster":0},{"x":353.5228175871247,"y":108.25311091874674,"cluster":0},{"x":458.4801551420332,"y":207.56406099078328,"cluster":0},{"x":371.01424696685456,"y":132.57001644639647,"cluster":0},{"x":354.41412036387453,"y":203.94779472954346,"cluster":1},{"x":348.53279901887385,"y":237.80930825199033,"cluster":1},{"x":323.70747041610485,"y":206.58854139640985,"cluster":1},{"x":273.44854068874844,"y":194.16311902642235,"cluster":1},{"x":284.1140386844015,"y":202.34814646572337,"cluster":1},{"x":316.06229483582007,"y":182.83287158187795,"cluster":1},{"x":296.0012059603701,"y":175.46303253797788,"cluster":1},{"x":329.03333951051525,"y":75.86988493953153,"cluster":2},{"x":360.9014146660902,"y":50.19856086247958,"cluster":2},{"x":275.57914779902376,"y":47.952476477549084,"cluster":2},{"x":323.8076411691999,"y":32.35622775129373,"cluster":2},{"x":334.7969134822268,"y":83.11496292576811,"cluster":2},{"x":335.6076798210108,"y":19.164234876041665,"cluster":2},{"x":281.8791976676926,"y":27.20113963809815,"cluster":2},{"x":322.54172270032956,"y":48.995626957448714,"cluster":2},{"x":379.72527057300164,"y":89.57448768663754,"cluster":3},{"x":335.08837269153764,"y":144.76430987240005,"cluster":3},{"x":371.3483535379572,"y":125.82194566880428,"cluster":3},{"x":367.9500621604523,"y":113.40945939597553,"cluster":3},{"x":374.38636115638747,"y":155.2287339592495,"cluster":3},{"x":342.70514565740825,"y":93.36491199406599,"cluster":3},{"x":417.6091114341342,"y":145.96458126968508,"cluster":4},{"x":427.97170271832925,"y":184.93682695149548,"cluster":4},{"x":391.53979840024397,"y":228.07802750988967,"cluster":4},{"x":427.0482143361035,"y":213.26081976675005,"cluster":4},{"x":468.47999445421164,"y":208.3716503122543,"cluster":4},{"x":460.21776802861194,"y":232.58359159220197,"cluster":4},{"x":449.0290921063833,"y":191.35561688823154,"cluster":4},{"x":439.80434780284395,"y":63.472330412591006,"cluster":5},{"x":442.7489051641141,"y":15.453418459598439,"cluster":5},{"x":471.2023976247497,"y":38.87784436413151,"cluster":5},{"x":446.6178997650371,"y":53.315949714107724,"cluster":5},{"x":472.15989620169415,"y":48.82725380224399,"cluster":5},{"x":455.0421246908149,"y":48.95595823471174,"cluster":5},{"x":296.6268893844957,"y":178.09797214670994,"cluster":6},{"x":283.595476351067,"y":193.4477810194625,"cluster":6},{"x":300.87590854928686,"y":171.37263471144473,"cluster":6},{"x":306.93395839399557,"y":124.76212648778721,"cluster":6},{"x":334.4841916178756,"y":162.5253693038661,"cluster":6},{"x":318.12029958951643,"y":113.2387336633145,"cluster":6},{"x":358.9164146807258,"y":131.41057570031356,"cluster":6},{"x":259.6371513072909,"y":148.57819013164425,"cluster":6},{"x":212.32462866657622,"y":90.33865194346983,"cluster":7},{"x":235.20909794105893,"y":79.13530486164828,"cluster":7},{"x":254.25413668365192,"y":67.28034381992325,"cluster":7},{"x":255.35589323931856,"y":56.522618834900875,"cluster":7},{"x":237.95867008250107,"y":155.33512944080508,"cluster":7},{"x":298.5312277883321,"y":59.97135403040867,"cluster":7},{"x":225.83930605963909,"y":95.11111685348315,"cluster":7},{"x":314.2592630774787,"y":53.5679270285013,"cluster":7}],"num_clusters":8}