{"title":"cluster-n15-c3-r4-s-6089968677426900432","map_width":500,"map_height":300,"num_leaves":15,"tree":{"leaf":false,"id":28,"left":{"leaf":false,"id":19,"left":{"leaf":false,"id":17,"left":{"leaf":false,"id":16,"left":{"leaf":true,"id":2,"label":"2","site_id":2},"right":{"leaf":true,"id":5,"label":"5","site_id":5}},"right":{"leaf":false,"id":15,"left":{"leaf":true,"id":0,"label":"0","site_id":0},"right":{"leaf":true,"id":4,"label":"4","site_id":4}}},"right":{"leaf":false,"id":18,"left":{"leaf":true,"id":1,"label":"1","site_id":1},"right":{"leaf":true,"id":3,"label":"3","site_id":3}}},"right":{"leaf":false,"id":27,"left":{"leaf":false,"id":23,"left":{"leaf":false,"id":21,"left":{"leaf":true,"id":7,"label":"7","site_id":7},"right":{"leaf":true,"id":8,"label":"8","site_id":8}},"right":{"leaf":false,"id":22,"left":{"leaf":false,"id":20,"left":{"leaf":true,"id":9,"label":"9","site_id":9},"right":{"leaf":true,"id":6,"label":"6","site_id":6}},"right":{"leaf":true,"id":10,"label":"10","site_id":10}}},"right":{"leaf":false,"id":26,"left":{"leaf":false,"id":25,"left":{"leaf":true,"id":14,"label":"14","site_id":14},"right":{"leaf":false,"id":24,"left":{"leaf":true,"id":12,"label":"12","site_id":12},"right":{"leaf":true,"id":13,"label":"13","site_id":13}}},"right":{"leaf":true,"id":11,"label":"11","site_id":11}}}},"num_sites":15,"sites":[{"x":15.416917075228355,"y":94.90236851659688,"cluster":0},{"x":214.5908529384709,"y":63.3722460805777,"cluster":0},{"x":144.4343483279908,"y":59.38209131567284,"cluster":0},{"x":207.49389887504623,"y":206.9407473299094,"cluster":0},{"x":46.15314313331687,"y":210.73324477432143,"cluster":0},{"x":134.85313052902586,"y":129.59155823384637,"cluster":0},{"x":172.76238527563146,"y":279.09770842500984,"cluster":1},{"x":251.11902515728582,"y":90.87983467751832,"cluster":1},{"x":358.96947899863403,"y":97.59499814685313,"cluster":1},{"x":395.44890423399846,"y":136.67778038094397,"cluster":1},{"x":332.62712357276916,"y":192.55506291508516,"cluster":1},{"x":237.91400811868897,"y":253.9744920540925,"cluster":2},{"x":227.50056850875353,"y":149.90077935436392,"cluster":2},{"x":257.8607078599198,"y":246.62480575647726,"cluster":2},{"x":80.68983443952776,"y":158.92822737931442,"cluster":2}],"num_clusters":3}