{"title":"cluster-n85-c10-r0-s-5050350114815346346","map_width":500,"map_height":300,"num_leaves":85,"tree":{"leaf":false,"id":168,"left":{"leaf":false,"id":167,"left":{"leaf":false,"id":166,"left":{"leaf":false,"id":165,"left":{"leaf":false,"id":164,"left":{"leaf":false,"id":160,"left":{"leaf":false,"id":115,"left":{"leaf":false,"id":113,"left":{"leaf":false,"id":109,"left":{"leaf":true,"id":32,"label":"32","site_id":32},"right":{"leaf":true,"id":27,"label":"27","site_id":27}},"right":{"leaf":true,"id":31,"label":"31","site_id":31}},"right":{"leaf":false,"id":114,"left":{"leaf":true,"id":34,"label":"34","site_id":34},"right":{"leaf":false,"id":112,"left":{"leaf":false,"id":111,"left":{"leaf":false,"id":110,"left":{"leaf":true,"id":29,"label":"29","site_id":29},"right":{"leaf":false,"id":108,"left":{"leaf":true,"id":30,"label":"30","site_id":30},"right":{"leaf":true,"id":33,"label":"33","site_id":33}}},"right":{"leaf":true,"id":26,"label":"26","site_id":26}},"right":{"leaf":true,"id":28,"label":"28","site_id":28}}}},"right":{"leaf":false,"id":151,"left":{"leaf":false,"id":147,"left":{"leaf":true,"id":70,"label":"70","site_id":70},"right":{"leaf":true,"id":74,"label":"74","site_id":74}},"right":{"leaf":false,"id":150,"left":{"leaf":true,"id":71,"label":"71","site_id":71},"right":{"leaf":false,"id":149,"left":{"leaf":true,"id":73,"label":"73","site_id":73},"right":{"leaf":false,"id":148,"left":{"leaf":true,"id":72,"label":"72","site_id":72},"right":{"leaf":true,"id":75,"label":"75","site_id":75}}}}}},"right":{"leaf":false,"id":135,"left":{"leaf":true,"id":50,"label":"50","site_id":50},"right":{"leaf":false,"id":134,"left":{"leaf":false,"id":133,"left":{"leaf":false,"id":130,"left":{"leaf":false,"id":128,"left":{"leaf":true,"id":46,"label":"46","site_id":46},"right":{"leaf":false,"id":126,"left":{"leaf":true,"id":49,"label":"49","site_id":49},"right":{"leaf":true,"id":53,"label":"53","site_id":53}}},"right":{"leaf":false,"id":127,"left":{"leaf":true,"id":48,"label":"48","site_id":48},"right":{"leaf":true,"id":51,"label":"51","site_id":51}}},"right":{"leaf":true,"id":55,"label":"55","site_id":55}},"right":{"leaf":false,"id":132,"left":{"leaf":false,"id":131,"left":{"leaf":true,"id":47,"label":"47","site_id":47},"right":{"leaf":false,"id":129,"left":{"leaf":true,"id":54,"label":"54","site_id":54},"right":{"leaf":true,"id":56,"label":"56","site_id":56}}},"right":{"leaf":true,"id":52,"label":"52","site_id":52}}}}},"right":{"leaf":false,"id":138,"left":{"leaf":false,"id":137,"left":{"leaf":true,"id":58,"label":"58","site_id":58},"right":{"leaf":true,"id":60,"label":"60","site_id":60}},"right":{"leaf":false,"id":136,"left":{"leaf":true,"id":57,"label":"57","site_id":57},"right":{"leaf":true,"id":59,"label":"59","site_id":59}}}},"right":{"leaf":false,"id":161,"left":{"leaf":false,"id":159,"left":{"leaf":false,"id":158,"left":{"leaf":false,"id":157,"left":{"leaf":false,"id":155,"left":{"leaf":true,"id":79,"label":"79","site_id":79},"right":{"leaf":true,"id":76,"label":"76","site_id":76}},"right":{"leaf":true,"id":78,"label":"78","site_id":78}},"right":{"leaf":false,"id":156,"left":{"leaf":true,"id":82,"label":"82","site_id":82},"right":{"leaf":true,"id":77,"label":"77","site_id":77}}},"right":{"leaf":false,"id":154,"left":{"leaf":true,"id":80,"label":"80","site_id":80},"right":{"leaf":false,"id":153,"left":{"leaf":false,"id":152,"left":{"leaf":true,"id":81,"label":"81","site_id":81},"right":{"leaf":true,"id":83,"label":"83","site_id":83}},"right":{"leaf":true,"id":84,"label":"84","site_id":84}}}},"right":{"leaf":false,"id":100,"left":{"leaf":false,"id":99,"left":{"leaf":false,"id":95,"left":{"leaf":true,"id":17,"label":"17","site_id":17},"right":{"leaf":false,"id":93,"left":{"leaf":true,"id":13,"label":"13","site_id":13},"right":{"leaf":true,"id":14,"label":"14","site_id":14}}},"right":{"leaf":false,"id":98,"left":{"leaf":false,"id":97,"left":{"leaf":true,"id":11,"label":"11","site_id":11},"right":{"leaf":false,"id":96,"left":{"leaf":true,"id":10,"label":"10","site_id":10},"right":{"leaf":true,"id":15,"label":"15","site_id":15}}},"right":{"leaf":false,"id":94,"left":{"leaf":true,"id":16,"label":"16","site_id":16},"right":{"leaf":true,"id":12,"label":"12","site_id":12}}}},"right":{"leaf":true,"id":9,"label":"9","site_id":9}}}},"right":{"leaf":false,"id":163,"left":{"leaf":false,"id":162,"left":{"leaf":false,"id":92,"left":{"leaf":true,"id":7,"label":"7","site_id":7},"right":{"leaf":false,"id":91,"left":{"leaf":true,"id":4,"label":"4","site_id":4},"right":{"leaf":false,"id":90,"left":{"leaf":false,"id":87,"left":{"leaf":true,"id":2,"label":"2","site_id":2},"right":{"leaf":false,"id":86,"left":{"leaf":false,"id":85,"left":{"leaf":true,"id":5,"label":"5","site_id":5},"right":{"leaf":true,"id":8,"label":"8","site_id":8}},"right":{"leaf":true,"id":0,"label":"0","site_id":0}}},"right":{"leaf":false,"id":89,"left":{"leaf":false,"id":88,"left":{"leaf":true,"id":6,"label":"6","site_id":6},"right":{"leaf":true,"id":3,"label":"3","site_id":3}},"right":{"leaf":true,"id":1,"label":"1","site_id":1}}}}},"right":{"leaf":false,"id":146,"left":{"leaf":true,"id":64,"label":"64","site_id":64},"right":{"leaf":false,"id":145,"left":{"leaf":false,"id":144,"left":{"leaf":false,"id":140,"left":{"leaf":true,"id":67,"label":"67","site_id":67},"right":{"leaf":true,"id":65,"label":"65","site_id":65}},"right":{"leaf":false,"id":143,"left":{"leaf":true,"id":66,"label":"66","site_id":66},"right":{"leaf":true,"id":63,"label":"63","site_id":63}}},"right":{"leaf":false,"id":142,"left":{"leaf":false,"id":141,"left":{"leaf":true,"id":62,"label":"62","site_id":62},"right":{"leaf":true,"id":61,"label":"61","site_id":61}},"right":{"leaf":false,"id":139,"left":{"leaf":true,"id":69,"label":"69","site_id":69},"right":{"leaf":true,"id":68,"label":"68","site_id":68}}}}}},"right":{"leaf":false,"id":125,"left":{"leaf":false,"id":124,"left":{"leaf":true,"id":37,"label":"37","site_id":37},"right":{"leaf":false,"id":120,"left":{"leaf":false,"id":118,"left":{"leaf":true,"id":39,"label":"39","site_id":39},"right":{"leaf":true,"id":35,"label":"35","site_id":35}},"right":{"leaf":false,"id":116,"left":{"leaf":true,"id":43,"label":"43","site_id":43},"right":{"leaf":true,"id":44,"label":"44","site_id":44}}}},"right":{"leaf":false,"id":123,"left":{"leaf":false,"id":122,"left":{"leaf":true,"id":40,"label":"40","site_id":40},"right":{"leaf":false,"id":121,"left":{"leaf":false,"id":119,"left":{"leaf":false,"id":117,"left":{"leaf":true,"id":38,"label":"38","site_id":38},"right":{"leaf":true,"id":41,"label":"41","site_id":41}},"right":{"leaf":true,"id":42,"label":"42","site_id":42}},"right":{"leaf":true,"id":45,"label":"45","site_id":45}}},"right":{"leaf":true,"id":36,"label":"36","site_id":36}}}}},"right":{"leaf":false,"id":107,"left":{"leaf":false,"id":106,"left":{"leaf":false,"id":102,"left":{"leaf":true,"id":18,"label":"18","site_id":18},"right":{"leaf":true,"id":20,"label":"20","site_id":20}},"right":{"leaf":false,"id":104,"left":{"leaf":false,"id":103,"left":{"leaf":true,"id":22,"label":"22","site_id":22},"right":{"leaf":false,"id":101,"left":{"leaf":true,"id":25,"label":"25","site_id":25},"right":{"leaf":true,"id":23,"label":"23","site_id":23}}},"right":{"leaf":true,"id":19,"label":"19","site_id":19}}},"right":{"leaf":false,"id":105,"left":{"leaf":true,"id":24,"label":"24","site_id":24},"right":{"leaf":true,"id":21,"label":"21","site_id":21}}}},"num_sites":85,"sites":[{"x":185.9299778552074,"y":101.15589092705501,"cluster":0},{"x":183.5055589672069,"y":79.67613291350895,"cluster":0},{"x":192.08429557645454,"y":121.9918529548763,"cluster":0},{"x":225.97583877645977,"y":64.47799648065339,"cluster":0},{"x":204.67521304702322,"y":76.73619575854252,"cluster":0},{"x":146.26093071738404,"y":126.74841048205838,"cluster":0},{"x":159.29986900917157,"y":78.54491464541107,"cluster":0},{"x":206.60175879181003,"y":97.00217550615024,"cluster":0},{"x":218.76978460519075,"y":105.64979623673217,"cluster":0},{"x":371.1084705333765,"y":230.83205510040244,"cluster":1},{"x":404.87946209602813,"y":202.35272538025401,"cluster":1},{"x":379.53836819219146,"y":241.37255289450192,"cluster":1},{"x":393.49200036502975,"y":201.32740374588394,"cluster":1},{"x":444.0115055470426,"y":202.66153571795428,"cluster":1},{"x":432.0394925548458,"y":172.43503965746424,"cluster":1},{"x":367.0426050582563,"y":162.70227382921115,"cluster":1},{"x":383.0384700138092,"y":211.69632400424277,"cluster":1},{"x":418.8265576142213,"y":165.14160983515893,"cluster":1},{"x":391.4550074796504,"y":164.1624400873399,"cluster":2},{"x":417.5587114296703,"y":143.28631569501363,"cluster":2},{"x":375.6136341395132,"y":139.22171367084525,"cluster":2},{"x":406.0420589282732,"y":205.22151153424852,"cluster":2},{"x":398.7684071376515,"y":142.38764803463297,"cluster":2},{"x":361.5215544785031,"y":141.13109530415574,"cluster":2},{"x":364.25515950969464,"y":209.3481667537246,"cluster":2},{"x":383.53503893749695,"y":138.79420721891475,"cluster":2},{"x":41.77822668210259,"y":30.388663262117078,"cluster":3},{"x":54.17723898951664,"y":45.22247255832827,"cluster":3},{"x":72.89533167685285,"y":103.8732056828357,"cluster":3},{"x":43.33056702857384,"y":48.10465595415512,"cluster":3},{"x":34.082516659240206,"y":56.504834682385095,"cluster":3},{"x":71.04979132966432,"y":57.8024577520148,"cluster":3},{"x":77.9112663153837,"y":63.47834666596566,"cluster":3},{"x":77.686884475044,"y":52.34323269965526,"cluster":3},{"x":30.719710265323354,"y":81.08297394160142,"cluster":3},{"x":90.7576307557068,"y":182.03765557638934,"cluster":4},{"x":98.13909174292547,"y":176.22635651237712,"cluster":4},{"x":157.77569778329055,"y":220.53388493962188,"cluster":4},{"x":70.06485820241858,"y":229.418967084021,"cluster":4},{"x":151.0853047774388,"y":151.1380402517126,"cluster":4},{"x":160.44179493822685,"y":241.43472580952294,"cluster":4},{"x":83.50681502856818,"y":148.38700611714333,"cluster":4},{"x":71.11790128246341,"y":244.30339061004602,"cluster":4},{"x":126.03074210243882,"y":145.29098688942156,"cluster":4},{"x":156.60765678526965,"y":165.05146037914895,"cluster":4},{"x":67.53272272832336,"y":143.5097416630149,"cluster":4},{"x":262.13811487811387,"y":56.66785195171021,"cluster":5},{"x":290.22452153183906,"y":137.7851882033836,"cluster":5},{"x":288.7591578359054,"y":78.69593833341496,"cluster":5},{"x":319.8890363622605,"y":90.39236165530748,"cluster":5},{"x":263.3984832655316,"y":82.53331005935013,"cluster":5},{"x":255.39665172066822,"y":93.24292356970503,"cluster":5},{"x":237.09394934615688,"y":105.26113705095607,"cluster":5},{"x":305.435630211168,"y":81.23998969122596,"cluster":5},{"x":287.2105951656773,"y":121.02301134017826,"cluster":5},{"x":338.28424222941413,"y":146.3297563906772,"cluster":5},{"x":267.38359429776074,"y":122.43129858116063,"cluster":5},{"x":226.34672625582084,"y":204.08499578142562,"cluster":6},{"x":240.47374227790576,"y":192.39550488621228,"cluster":6},{"x":213.70391653305782,"y":210.2872640698182,"cluster":6},{"x":247.97370150371492,"y":195.23196805458565,"cluster":6},{"x":285.6698482390972,"y":227.2393862263443,"cluster":7},{"x":320.4480261258832,"y":203.44837365472617,"cluster":7},{"x":296.9911849060022,"y":241.95455362289755,"cluster":7},{"x":275.611519076786,"y":274.8856816947738,"cluster":7},{"x":300.74837435223026,"y":212.3036727852361,"cluster":7},{"x":295.141470132223,"y":212.9842424402811,"cluster":7},{"x":288.24515429265335,"y":235.35881750105133,"cluster":7},{"x":250.3143634130184,"y":241.2022701104,"cluster":7},{"x":281.60495183945335,"y":273.1144682556538,"cluster":7},{"x":446.49463646677407,"y":58.81971185578471,"cluster":8},{"x":468.6945717348317,"y":64.25014424160489,"cluster":8},{"x":435.2533128133369,"y":76.94706882156981,"cluster":8},{"x":458.5005717005512,"y":50.28136389802355,"cluster":8},{"x":462.6003233445044,"y":41.40149362168407,"cluster":8},{"x":466.35479382122105,"y":50.28348621895165,"cluster":8},{"x":327.28364758619557,"y":235.05039494901365,"cluster":9},{"x":351.75414776183044,"y":228.04614335066245,"cluster":9},{"x":340.7262571320889,"y":274.04220561144535,"cluster":9},{"x":320.4216935752567,"y":236.15205428271514,"cluster":9},{"x":368.6680112184824,"y":255.92031342481948,"cluster":9},{"x":356.7111157969379,"y":266.76778742992883,"cluster":9},{"x":364.0787236886078,"y":230.7848776560762,"cluster":9},{"x":364.3703954661797,"y":266.4173776709437,"cluster":9},{"x":371.7738760684941,"y":230.927317635411,"cluster":9}],"num_clusters":10}