{"title":"cluster-n15-c3-r7-s9040822222679173724","map_width":500,"map_height":300,"num_leaves":15,"tree":{"leaf":false,"id":28,"left":{"leaf":false,"id":17,"left":{"leaf":false,"id":16,"left":{"leaf":false,"id":15,"left":{"leaf":true,"id":0,"label":"0","site_id":0},"right":{"leaf":true,"id":3,"label":"3","site_id":3}},"right":{"leaf":true,"id":1,"label":"1","site_id":1}},"right":{"leaf":true,"id":2,"label":"2","site_id":2}},"right":{"leaf":false,"id":27,"left":{"leaf":false,"id":23,"left":{"leaf":false,"id":22,"left":{"leaf":false,"id":20,"left":{"leaf":false,"id":19,"left":{"leaf":true,"id":4,"label":"4","site_id":4},"right":{"leaf":true,"id":10,"label":"10","site_id":10}},"right":{"leaf":false,"id":18,"left":{"leaf":true,"id":7,"label":"7","site_id":7},"right":{"leaf":true,"id":6,"label":"6","site_id":6}}},"right":{"leaf":true,"id":8,"label":"8","site_id":8}},"right":{"leaf":false,"id":21,"left":{"leaf":true,"id":9,"label":"9","site_id":9},"right":{"leaf":true,"id":5,"label":"5","site_id":5}}},"right":{"leaf":false,"id":26,"left":{"leaf":true,"id":14,"label":"14","site_id":14},"right":{"leaf":false,"id":25,"left":{"leaf":true,"id":13,"label":"13","site_id":13},"right":{"leaf":false,"id":24,"left":{"leaf":true,"id":12,"label":"12","site_id":12},"right":{"leaf":true,"id":11,"label":"11","site_id":11}}}}}},"num_sites":15,"sites":[{"x":182.90591415726212,"y":128.3913503326482,"cluster":0},{"x":183.62357689554216,"y":237.72005943981043,"cluster":0},{"x":95.52455501392235,"y":169.79738391833567,"cluster":0},{"x":70.26287112406571,"y":190.33687268898686,"cluster":0},{"x":159.6274445977096,"y":81.99524394764934,"cluster":1},{"x":328.02561946134705,"y":23.392668616018085,"cluster":1},{"x":207.66541827105212,"y":79.47183785460876,"cluster":1},{"x":176.1594831011792,"y":221.77441560533677,"cluster":1},{"x":323.04975439489345,"y":176.08334452528422,"cluster":1},{"x":27.03305174938032,"y":33.598239909414175,"cluster":1},{"x":191.51493944392604,"y":151.55282154115332,"cluster":1},{"x":322.46087308130427,"y":44.32291408063588,"cluster":2},{"x":223.7943947573945,"y":128.99546225302043,"cluster":2},{"x":251.60730136502713,"y":151.28469052629168,"cluster":2},{"x":407.7495722116966,"y":56.76593791205932,"cluster":2}],"num_clusters":3}