{"title":"cluster-n90-c11-r0-s-5052002598032030474","map_width":500,"map_height":300,"num_leaves":90,"tree":{"leaf":false,"id":178,"left":{"leaf":false,"id":176,"left":{"leaf":false,"id":148,"left":{"leaf":false,"id":145,"left":{"leaf":true,"id":64,"label":"64","site_id":64},"right":{"leaf":true,"id":66,"label":"66","site_id":66}},"right":{"leaf":false,"id":147,"left":{"leaf":false,"id":146,"left":{"leaf":true,"id":62,"label":"62","site_id":62},"right":{"leaf":true,"id":65,"label":"65","site_id":65}},"right":{"leaf":true,"id":63,"label":"63","site_id":63}}},"right":{"leaf":false,"id":128,"left":{"leaf":true,"id":37,"label":"37","site_id":37},"right":{"leaf":false,"id":127,"left":{"leaf":false,"id":125,"left":{"leaf":false,"id":124,"left":{"leaf":true,"id":40,"label":"40","site_id":40},"right":{"leaf":true,"id":39,"label":"39","site_id":39}},"right":{"leaf":false,"id":123,"left":{"leaf":false,"id":122,"left":{"leaf":true,"id":41,"label":"41","site_id":41},"right":{"leaf":true,"id":38,"label":"38","site_id":38}},"right":{"leaf":true,"id":36,"label":"36","site_id":36}}},"right":{"leaf":false,"id":126,"left":{"leaf":true,"id":42,"label":"42","site_id":42},"right":{"leaf":true,"id":43,"label":"43","site_id":43}}}}},"right":{"leaf":false,"id":177,"left":{"leaf":false,"id":175,"left":{"leaf":false,"id":169,"left":{"leaf":false,"id":104,"left":{"leaf":false,"id":102,"left":{"leaf":true,"id":12,"label":"12","site_id":12},"right":{"leaf":true,"id":14,"label":"14","site_id":14}},"right":{"leaf":false,"id":103,"left":{"leaf":true,"id":11,"label":"11","site_id":11},"right":{"leaf":false,"id":101,"left":{"leaf":false,"id":100,"left":{"leaf":true,"id":15,"label":"15","site_id":15},"right":{"leaf":true,"id":13,"label":"13","site_id":13}},"right":{"leaf":true,"id":16,"label":"16","site_id":16}}}},"right":{"leaf":false,"id":144,"left":{"leaf":false,"id":142,"left":{"leaf":true,"id":53,"label":"53","site_id":53},"right":{"leaf":false,"id":141,"left":{"leaf":false,"id":140,"left":{"leaf":true,"id":51,"label":"51","site_id":51},"right":{"leaf":true,"id":52,"label":"52","site_id":52}},"right":{"leaf":false,"id":135,"left":{"leaf":true,"id":56,"label":"56","site_id":56},"right":{"leaf":true,"id":54,"label":"54","site_id":54}}}},"right":{"leaf":false,"id":143,"left":{"leaf":false,"id":139,"left":{"leaf":true,"id":55,"label":"55","site_id":55},"right":{"leaf":false,"id":138,"left":{"leaf":false,"id":137,"left":{"leaf":true,"id":58,"label":"58","site_id":58},"right":{"leaf":true,"id":57,"label":"57","site_id":57}},"right":{"leaf":false,"id":136,"left":{"leaf":true,"id":61,"label":"61","site_id":61},"right":{"leaf":true,"id":59,"label":"59","site_id":59}}}},"right":{"leaf":true,"id":60,"label":"60","site_id":60}}}},"right":{"leaf":false,"id":173,"left":{"leaf":false,"id":171,"left":{"leaf":false,"id":168,"left":{"leaf":false,"id":166,"left":{"leaf":false,"id":165,"left":{"leaf":false,"id":164,"left":{"leaf":true,"id":85,"label":"85","site_id":85},"right":{"leaf":false,"id":162,"left":{"leaf":true,"id":84,"label":"84","site_id":84},"right":{"leaf":true,"id":86,"label":"86","site_id":86}}},"right":{"leaf":true,"id":89,"label":"89","site_id":89}},"right":{"leaf":false,"id":163,"left":{"leaf":true,"id":88,"label":"88","site_id":88},"right":{"leaf":true,"id":82,"label":"82","site_id":82}}},"right":{"leaf":false,"id":167,"left":{"leaf":true,"id":83,"label":"83","site_id":83},"right":{"leaf":true,"id":87,"label":"87","site_id":87}}},"right":{"leaf":false,"id":170,"left":{"leaf":false,"id":121,"left":{"leaf":false,"id":120,"left":{"leaf":false,"id":114,"left":{"leaf":true,"id":33,"label":"33","site_id":33},"right":{"leaf":true,"id":27,"label":"27","site_id":27}},"right":{"leaf":false,"id":119,"left":{"leaf":false,"id":117,"left":{"leaf":true,"id":30,"label":"30","site_id":30},"right":{"leaf":false,"id":116,"left":{"leaf":false,"id":113,"left":{"leaf":true,"id":28,"label":"28","site_id":28},"right":{"leaf":true,"id":31,"label":"31","site_id":31}},"right":{"leaf":true,"id":29,"label":"29","site_id":29}}},"right":{"leaf":true,"id":34,"label":"34","site_id":34}}},"right":{"leaf":false,"id":118,"left":{"leaf":true,"id":32,"label":"32","site_id":32},"right":{"leaf":false,"id":115,"left":{"leaf":true,"id":35,"label":"35","site_id":35},"right":{"leaf":true,"id":26,"label":"26","site_id":26}}}},"right":{"leaf":false,"id":99,"left":{"leaf":false,"id":95,"left":{"leaf":false,"id":94,"left":{"leaf":true,"id":7,"label":"7","site_id":7},"right":{"leaf":false,"id":92,"left":{"leaf":true,"id":6,"label":"6","site_id":6},"right":{"leaf":true,"id":2,"label":"2","site_id":2}}},"right":{"leaf":false,"id":91,"left":{"leaf":true,"id":5,"label":"5","site_id":5},"right":{"leaf":false,"id":90,"left":{"leaf":true,"id":8,"label":"8","site_id":8},"right":{"leaf":true,"id":9,"label":"9","site_id":9}}}},"right":{"leaf":false,"id":98,"left":{"leaf":true,"id":10,"label":"10","site_id":10},"right":{"leaf":false,"id":97,"left":{"leaf":false,"id":96,"left":{"leaf":false,"id":93,"left":{"leaf":true,"id":0,"label":"0","site_id":0},"right":{"leaf":true,"id":3,"label":"3","site_id":3}},"right":{"leaf":true,"id":4,"label":"4","site_id":4}},"right":{"leaf":true,"id":1,"label":"1","site_id":1}}}}}},"right":{"leaf":false,"id":153,"left":{"leaf":false,"id":152,"left":{"leaf":false,"id":151,"left":{"leaf":true,"id":71,"label":"71","site_id":71},"right":{"leaf":false,"id":149,"left":{"leaf":true,"id":67,"label":"67","site_id":67},"right":{"leaf":true,"id":69,"label":"69","site_id":69}}},"right":{"leaf":true,"id":68,"label":"68","site_id":68}},"right":{"leaf":false,"id":150,"left":{"leaf":true,"id":72,"label":"72","site_id":72},"right":{"leaf":true,"id":70,"label":"70","site_id":70}}}}},"right":{"leaf":false,"id":174,"left":{"leaf":false,"id":161,"left":{"leaf":false,"id":160,"left":{"leaf":false,"id":159,"left":{"leaf":true,"id":81,"label":"81","site_id":81},"right":{"leaf":false,"id":158,"left":{"leaf":true,"id":78,"label":"78","site_id":78},"right":{"leaf":true,"id":77,"label":"77","site_id":77}}},"right":{"leaf":false,"id":157,"left":{"leaf":false,"id":155,"left":{"leaf":false,"id":154,"left":{"leaf":true,"id":76,"label":"76","site_id":76},"right":{"leaf":true,"id":73,"label":"73","site_id":73}},"right":{"leaf":true,"id":80,"label":"80","site_id":80}},"right":{"leaf":true,"id":74,"label":"74","site_id":74}}},"right":{"leaf":false,"id":156,"left":{"leaf":true,"id":75,"label":"75","site_id":75},"right":{"leaf":true,"id":79,"label":"79","site_id":79}}},"right":{"leaf":false,"id":172,"left":{"leaf":false,"id":112,"left":{"leaf":false,"id":111,"left":{"leaf":false,"id":107,"left":{"leaf":false,"id":105,"left":{"leaf":true,"id":17,"label":"17","site_id":17},"right":{"leaf":true,"id":19,"label":"19","site_id":19}},"right":{"leaf":true,"id":22,"label":"22","site_id":22}},"right":{"leaf":false,"id":110,"left":{"leaf":false,"id":108,"left":{"leaf":true,"id":18,"label":"18","site_id":18},"right":{"leaf":true,"id":24,"label":"24","site_id":24}},"right":{"leaf":true,"id":25,"label":"25","site_id":25}}},"right":{"leaf":false,"id":109,"left":{"leaf":true,"id":20,"label":"20","site_id":20},"right":{"leaf":false,"id":106,"left":{"leaf":true,"id":21,"label":"21","site_id":21},"right":{"leaf":true,"id":23,"label":"23","site_id":23}}}},"right":{"leaf":false,"id":134,"left":{"leaf":false,"id":133,"left":{"leaf":false,"id":131,"left":{"leaf":true,"id":44,"label":"44","site_id":44},"right":{"leaf":false,"id":129,"left":{"leaf":true,"id":48,"label":"48","site_id":48},"right":{"leaf":true,"id":46,"label":"46","site_id":46}}},"right":{"leaf":false,"id":130,"left":{"leaf":true,"id":47,"label":"47","site_id":47},"right":{"leaf":true,"id":50,"label":"50","site_id":50}}},"right":{"leaf":false,"id":132,"left":{"leaf":true,"id":45,"label":"45","site_id":45},"right":{"leaf":true,"id":49,"label":"49","site_id":49}}}}}}},"num_sites":90,"sites":[{"x":419.89549531312736,"y":40.52945492227229,"cluster":0},{"x":391.69903781820034,"y":95.80438763904073,"cluster":0},{"x":455.3944071763023,"y":47.559454185488974,"cluster":0},{"x":388.3617556422242,"y":135.38849460593403,"cluster":0},{"x":389.7251040965471,"y":87.63648511951087,"cluster":0},{"x":436.3959376223447,"y":60.430350478908366,"cluster":0},{"x":468.10908897310674,"y":131.27211421594873,"cluster":0},{"x":407.42765286677917,"y":103.94977982609275,"cluster":0},{"x":405.1522230679026,"y":68.81893882775988,"cluster":0},{"x":425.3153663074871,"y":72.27105910196794,"cluster":0},{"x":394.0392590746802,"y":111.57250398614164,"cluster":0},{"x":87.29885434518098,"y":134.39623793043611,"cluster":1},{"x":124.48257018722835,"y":142.7212965016726,"cluster":1},{"x":118.40906346363155,"y":94.36078469854492,"cluster":1},{"x":122.03400730105047,"y":129.3968991749056,"cluster":1},{"x":82.0839910284977,"y":127.68849948063495,"cluster":1},{"x":87.10611179851263,"y":123.14877923253586,"cluster":1},{"x":188.63676209794951,"y":270.1078482026866,"cluster":2},{"x":156.27555170456534,"y":280.83481394288935,"cluster":2},{"x":194.531023071556,"y":267.20653843104685,"cluster":2},{"x":230.0759549087934,"y":277.44675116766985,"cluster":2},{"x":218.23782982464178,"y":251.51259902294427,"cluster":2},{"x":196.78490443486515,"y":222.60328103463902,"cluster":2},{"x":217.16069285545458,"y":243.99908589528803,"cluster":2},{"x":205.21581994159948,"y":277.91234912307414,"cluster":2},{"x":178.74794920824817,"y":273.0215731052854,"cluster":2},{"x":404.63397765830234,"y":249.70625211363392,"cluster":3},{"x":407.7616777859156,"y":236.8065870976544,"cluster":3},{"x":420.5179583587885,"y":175.23147879528472,"cluster":3},{"x":352.1508988741626,"y":224.16982593540726,"cluster":3},{"x":400.54102783303466,"y":170.1535131373647,"cluster":3},{"x":342.4283201852887,"y":228.8400875308844,"cluster":3},{"x":399.8790310277964,"y":194.94446903111157,"cluster":3},{"x":353.32416968757093,"y":192.03907646639828,"cluster":3},{"x":345.56220833431246,"y":241.64772728322532,"cluster":3},{"x":417.5965159699882,"y":231.75062055610326,"cluster":3},{"x":262.6485036290209,"y":114.02480428108927,"cluster":4},{"x":255.88015165614578,"y":89.20564831558673,"cluster":4},{"x":267.6489650848486,"y":138.03394670647222,"cluster":4},{"x":282.28657930935003,"y":151.49243879000105,"cluster":4},{"x":260.7752676877554,"y":136.16436795229964,"cluster":4},{"x":277.1348390316966,"y":82.47812101949427,"cluster":4},{"x":261.16404153757594,"y":95.25280771602299,"cluster":4},{"x":288.7413654769208,"y":131.82980622867214,"cluster":4},{"x":177.83780193209046,"y":262.9265419459848,"cluster":5},{"x":211.27285619018366,"y":240.00730268244033,"cluster":5},{"x":220.31352142393274,"y":277.0685250572013,"cluster":5},{"x":200.84968508515607,"y":256.21424389243674,"cluster":5},{"x":200.24084246762425,"y":244.72234930328383,"cluster":5},{"x":214.8783160307537,"y":261.448181628258,"cluster":5},{"x":205.5876397775477,"y":268.3046899698329,"cluster":5},{"x":39.26193741319587,"y":178.18980487668563,"cluster":6},{"x":48.784065918371546,"y":179.31937573647986,"cluster":6},{"x":63.38257854753092,"y":170.2049395535827,"cluster":6},{"x":50.02666527457953,"y":142.60538414811597,"cluster":6},{"x":71.31637820891278,"y":109.02200610772383,"cluster":6},{"x":32.92048740076868,"y":158.06014618490218,"cluster":6},{"x":90.28024456246719,"y":178.98399607191524,"cluster":6},{"x":22.75418851448032,"y":201.6147385745191,"cluster":6},{"x":46.09961367665274,"y":185.64385656136008,"cluster":6},{"x":45.532377818691145,"y":161.87208518136237,"cluster":6},{"x":96.31503679430116,"y":204.12828389707917,"cluster":6},{"x":149.51814551341627,"y":278.5062008272349,"cluster":7},{"x":187.93011352921172,"y":281.90959676113386,"cluster":7},{"x":183.91259391132485,"y":245.37415350984853,"cluster":7},{"x":189.25236224433235,"y":276.26557382310705,"cluster":7},{"x":167.52777686671055,"y":259.25095101399467,"cluster":7},{"x":423.69540876828404,"y":103.3830535154493,"cluster":8},{"x":450.81139397759785,"y":104.9048730354219,"cluster":8},{"x":445.64188847000617,"y":82.44069282951676,"cluster":8},{"x":411.36690655369966,"y":109.95805106055991,"cluster":8},{"x":427.7994160444426,"y":89.1250535816095,"cluster":8},{"x":443.86116095046856,"y":133.66637473358767,"cluster":8},{"x":73.28618727862637,"y":112.46321967000114,"cluster":9},{"x":46.61139162142472,"y":93.48025388800875,"cluster":9},{"x":27.32726402720182,"y":108.2321151316163,"cluster":9},{"x":46.43183416659518,"y":56.919997065506905,"cluster":9},{"x":27.212102367898517,"y":74.94500040729122,"cluster":9},{"x":46.16824418152291,"y":51.40162122297631,"cluster":9},{"x":28.41855372008402,"y":116.98710708535398,"cluster":9},{"x":55.93429596310287,"y":87.85170812362543,"cluster":9},{"x":45.90100772344532,"y":67.68692068003507,"cluster":9},{"x":350.67892856066953,"y":42.211252205246495,"cluster":10},{"x":336.25377666681817,"y":17.682361626215176,"cluster":10},{"x":349.847963043266,"y":28.213733265882148,"cluster":10},{"x":289.55778824756305,"y":15.472559085538457,"cluster":10},{"x":313.65722085594075,"y":57.875650026786516,"cluster":10},{"x":328.5380906743092,"y":17.522107843730947,"cluster":10},{"x":359.9338617482625,"y":53.289482791282275,"cluster":10},{"x":306.2594887937181,"y":33.32305748389275,"cluster":10}],"num_clusters":11}