{"title":"cluster-n95-c11-r2-s5256681972809609792","map_width":500,"map_height":300,"num_leaves":95,"tree":{"leaf":false,"id":188,"left":{"leaf":false,"id":185,"left":{"leaf":false,"id":164,"left":{"leaf":true,"id":77,"label":"77","site_id":77},"right":{"leaf":false,"id":163,"left":{"leaf":false,"id":159,"left":{"leaf":true,"id":72,"label":"72","site_id":72},"right":{"leaf":true,"id":71,"label":"71","site_id":71}},"right":{"leaf":false,"id":162,"left":{"leaf":false,"id":161,"left":{"leaf":true,"id":76,"label":"76","site_id":76},"right":{"leaf":false,"id":158,"left":{"leaf":true,"id":73,"label":"73","site_id":73},"right":{"leaf":true,"id":78,"label":"78","site_id":78}}},"right":{"leaf":false,"id":160,"left":{"leaf":true,"id":75,"label":"75","site_id":75},"right":{"leaf":false,"id":157,"left":{"leaf":true,"id":74,"label":"74","site_id":74},"right":{"leaf":true,"id":70,"label":"70","site_id":70}}}}}},"right":{"leaf":false,"id":182,"left":{"leaf":false,"id":181,"left":{"leaf":false,"id":123,"left":{"leaf":false,"id":119,"left":{"leaf":true,"id":23,"label":"23","site_id":23},"right":{"leaf":true,"id":28,"label":"28","site_id":28}},"right":{"leaf":false,"id":122,"left":{"leaf":true,"id":29,"label":"29","site_id":29},"right":{"leaf":false,"id":121,"left":{"leaf":true,"id":31,"label":"31","site_id":31},"right":{"leaf":false,"id":120,"left":{"leaf":true,"id":26,"label":"26","site_id":26},"right":{"leaf":false,"id":118,"left":{"leaf":true,"id":30,"label":"30","site_id":30},"right":{"leaf":false,"id":117,"left":{"leaf":true,"id":24,"label":"24","site_id":24},"right":{"leaf":false,"id":116,"left":{"leaf":true,"id":25,"label":"25","site_id":25},"right":{"leaf":false,"id":115,"left":{"leaf":true,"id":27,"label":"27","site_id":27},"right":{"leaf":true,"id":32,"label":"32","site_id":32}}}}}}}}},"right":{"leaf":false,"id":156,"left":{"leaf":true,"id":66,"label":"66","site_id":66},"right":{"leaf":false,"id":155,"left":{"leaf":false,"id":150,"left":{"leaf":false,"id":149,"left":{"leaf":true,"id":69,"label":"69","site_id":69},"right":{"leaf":true,"id":65,"label":"65","site_id":65}},"right":{"leaf":true,"id":63,"label":"63","site_id":63}},"right":{"leaf":false,"id":154,"left":{"leaf":false,"id":152,"left":{"leaf":true,"id":64,"label":"64","site_id":64},"right":{"leaf":true,"id":68,"label":"68","site_id":68}},"right":{"leaf":false,"id":153,"left":{"leaf":false,"id":151,"left":{"leaf":true,"id":61,"label":"61","site_id":61},"right":{"leaf":true,"id":62,"label":"62","site_id":62}},"right":{"leaf":true,"id":67,"label":"67","site_id":67}}}}}},"right":{"leaf":false,"id":114,"left":{"leaf":false,"id":109,"left":{"leaf":true,"id":21,"label":"21","site_id":21},"right":{"leaf":true,"id":18,"label":"18","site_id":18}},"right":{"leaf":false,"id":113,"left":{"leaf":false,"id":111,"left":{"leaf":true,"id":17,"label":"17","site_id":17},"right":{"leaf":true,"id":19,"label":"19","site_id":19}},"right":{"leaf":false,"id":112,"left":{"leaf":true,"id":16,"label":"16","site_id":16},"right":{"leaf":false,"id":110,"left":{"leaf":true,"id":20,"label":"20","site_id":20},"right":{"leaf":true,"id":22,"label":"22","site_id":22}}}}}}},"right":{"leaf":false,"id":187,"left":{"leaf":false,"id":169,"left":{"leaf":false,"id":167,"left":{"leaf":true,"id":80,"label":"80","site_id":80},"right":{"leaf":false,"id":166,"left":{"leaf":true,"id":82,"label":"82","site_id":82},"right":{"leaf":false,"id":165,"left":{"leaf":true,"id":79,"label":"79","site_id":79},"right":{"leaf":true,"id":84,"label":"84","site_id":84}}}},"right":{"leaf":false,"id":168,"left":{"leaf":true,"id":81,"label":"81","site_id":81},"right":{"leaf":true,"id":83,"label":"83","site_id":83}}},"right":{"leaf":false,"id":186,"left":{"leaf":false,"id":101,"left":{"leaf":false,"id":100,"left":{"leaf":false,"id":99,"left":{"leaf":false,"id":96,"left":{"leaf":true,"id":7,"label":"7","site_id":7},"right":{"leaf":true,"id":1,"label":"1","site_id":1}},"right":{"leaf":false,"id":97,"left":{"leaf":false,"id":95,"left":{"leaf":true,"id":5,"label":"5","site_id":5},"right":{"leaf":true,"id":2,"label":"2","site_id":2}},"right":{"leaf":true,"id":4,"label":"4","site_id":4}}},"right":{"leaf":false,"id":98,"left":{"leaf":true,"id":0,"label":"0","site_id":0},"right":{"leaf":true,"id":6,"label":"6","site_id":6}}},"right":{"leaf":true,"id":3,"label":"3","site_id":3}},"right":{"leaf":false,"id":184,"left":{"leaf":false,"id":180,"left":{"leaf":false,"id":178,"left":{"leaf":false,"id":177,"left":{"leaf":false,"id":176,"left":{"leaf":false,"id":175,"left":{"leaf":false,"id":170,"left":{"leaf":true,"id":88,"label":"88","site_id":88},"right":{"leaf":true,"id":91,"label":"91","site_id":91}},"right":{"leaf":false,"id":174,"left":{"leaf":true,"id":92,"label":"92","site_id":92},"right":{"leaf":true,"id":86,"label":"86","site_id":86}}},"right":{"leaf":false,"id":173,"left":{"leaf":true,"id":89,"label":"89","site_id":89},"right":{"leaf":true,"id":87,"label":"87","site_id":87}}},"right":{"leaf":true,"id":85,"label":"85","site_id":85}},"right":{"leaf":false,"id":172,"left":{"leaf":true,"id":94,"label":"94","site_id":94},"right":{"leaf":false,"id":171,"left":{"leaf":true,"id":90,"label":"90","site_id":90},"right":{"leaf":true,"id":93,"label":"93","site_id":93}}}},"right":{"leaf":false,"id":179,"left":{"leaf":false,"id":134,"left":{"leaf":false,"id":132,"left":{"leaf":false,"id":131,"left":{"leaf":true,"id":34,"label":"34","site_id":34},"right":{"leaf":false,"id":129,"left":{"leaf":false,"id":128,"left":{"leaf":true,"id":42,"label":"42","site_id":42},"right":{"leaf":false,"id":126,"left":{"leaf":true,"id":44,"label":"44","site_id":44},"right":{"leaf":true,"id":41,"label":"41","site_id":41}}},"right":{"leaf":false,"id":125,"left":{"leaf":true,"id":37,"label":"37","site_id":37},"right":{"leaf":true,"id":43,"label":"43","site_id":43}}}},"right":{"leaf":false,"id":130,"left":{"leaf":false,"id":127,"left":{"leaf":true,"id":36,"label":"36","site_id":36},"right":{"leaf":true,"id":35,"label":"35","site_id":35}},"right":{"leaf":false,"id":124,"left":{"leaf":true,"id":40,"label":"40","site_id":40},"right":{"leaf":true,"id":33,"label":"33","site_id":33}}}},"right":{"leaf":false,"id":133,"left":{"leaf":true,"id":38,"label":"38","site_id":38},"right":{"leaf":true,"id":39,"label":"39","site_id":39}}},"right":{"leaf":false,"id":108,"left":{"leaf":false,"id":107,"left":{"leaf":false,"id":104,"left":{"leaf":false,"id":102,"left":{"leaf":true,"id":8,"label":"8","site_id":8},"right":{"leaf":true,"id":11,"label":"11","site_id":11}},"right":{"leaf":true,"id":14,"label":"14","site_id":14}},"right":{"leaf":false,"id":106,"left":{"leaf":true,"id":9,"label":"9","site_id":9},"right":{"leaf":false,"id":105,"left":{"leaf":false,"id":103,"left":{"leaf":true,"id":10,"label":"10","site_id":10},"right":{"leaf":true,"id":15,"label":"15","site_id":15}},"right":{"leaf":true,"id":12,"label":"12","site_id":12}}}},"right":{"leaf":true,"id":13,"label":"13","site_id":13}}}},"right":{"leaf":false,"id":183,"left":{"leaf":false,"id":148,"left":{"leaf":false,"id":144,"left":{"leaf":true,"id":58,"label":"58","site_id":58},"right":{"leaf":true,"id":55,"label":"55","site_id":55}},"right":{"leaf":false,"id":147,"left":{"leaf":false,"id":146,"left":{"leaf":false,"id":145,"left":{"leaf":true,"id":60,"label":"60","site_id":60},"right":{"leaf":true,"id":56,"label":"56","site_id":56}},"right":{"leaf":true,"id":57,"label":"57","site_id":57}},"right":{"leaf":false,"id":143,"left":{"leaf":true,"id":54,"label":"54","site_id":54},"right":{"leaf":true,"id":59,"label":"59","site_id":59}}}},"right":{"leaf":false,"id":142,"left":{"leaf":false,"id":138,"left":{"leaf":true,"id":48,"label":"48","site_id":48},"right":{"leaf":false,"id":137,"left":{"leaf":true,"id":53,"label":"53","site_id":53},"right":{"leaf":false,"id":136,"left":{"leaf":false,"id":135,"left":{"leaf":true,"id":45,"label":"45","site_id":45},"right":{"leaf":true,"id":50,"label":"50","site_id":50}},"right":{"leaf":true,"id":51,"label":"51","site_id":51}}}},"right":{"leaf":false,"id":141,"left":{"leaf":true,"id":47,"label":"47","site_id":47},"right":{"leaf":false,"id":140,"left":{"leaf":false,"id":139,"left":{"leaf":true,"id":52,"label":"52","site_id":52},"right":{"leaf":true,"id":49,"label":"49","site_id":49}},"right":{"leaf":true,"id":46,"label":"46","site_id":46}}}}}}}}},"num_sites":95,"sites":[{"x":69.88178461292935,"y":127.85129644052029,"cluster":0},{"x":33.077634718132614,"y":113.7424661264615,"cluster":0},{"x":47.907666074256156,"y":91.9282959284806,"cluster":0},{"x":20.87449812732683,"y":143.4836730158624,"cluster":0},{"x":41.376010402279014,"y":76.45110908547508,"cluster":0},{"x":60.07997775112912,"y":106.38831204394545,"cluster":0},{"x":48.20955373230044,"y":135.77634177999812,"cluster":0},{"x":43.256774343207425,"y":96.06583411397179,"cluster":0},{"x":286.9054768318948,"y":35.364326700671874,"cluster":1},{"x":275.2203650201233,"y":63.3812469277375,"cluster":1},{"x":276.4602081387455,"y":16.03579166142335,"cluster":1},{"x":278.4915085614846,"y":42.54802879754398,"cluster":1},{"x":249.3753024403162,"y":71.90408760674256,"cluster":1},{"x":268.6379975580192,"y":15.673332002415087,"cluster":1},{"x":299.5256878547859,"y":17.58048045033395,"cluster":1},{"x":248.08519173606678,"y":22.391078975946566,"cluster":1},{"x":254.1703147247689,"y":153.94537490461718,"cluster":2},{"x":271.48916987805643,"y":119.02199075703095,"cluster":2},{"x":221.26156401598348,"y":128.87303796313168,"cluster":2},{"x":277.1107368432682,"y":151.50806593506024,"cluster":2},{"x":247.07045587056328,"y":170.29274870732084,"cluster":2},{"x":231.7376810929947,"y":132.780267935262,"cluster":2},{"x":253.25017008453923,"y":172.0859957202854,"cluster":2},{"x":89.9675169044503,"y":218.2550457381791,"cluster":3},{"x":58.42121935623274,"y":216.40699799187206,"cluster":3},{"x":48.84414423532105,"y":194.30697158650963,"cluster":3},{"x":43.60955635530172,"y":190.2803744257837,"cluster":3},{"x":83.01784275904912,"y":217.779829194138,"cluster":3},{"x":61.893776940952925,"y":178.53321551869251,"cluster":3},{"x":104.82015703127064,"y":173.15358281913706,"cluster":3},{"x":60.30528707600627,"y":225.70004801175975,"cluster":3},{"x":69.96796577783142,"y":221.46020941974012,"cluster":3},{"x":42.12359139426962,"y":237.143434519703,"cluster":3},{"x":206.7817663221557,"y":158.2059457458872,"cluster":4},{"x":152.26585189962967,"y":170.85121626625462,"cluster":4},{"x":156.37035395165066,"y":198.57299688997134,"cluster":4},{"x":228.02734966613673,"y":135.04227545253127,"cluster":4},{"x":217.90480124636755,"y":197.67670828997285,"cluster":4},{"x":183.53757246046098,"y":176.6476039615776,"cluster":4},{"x":156.01605750132325,"y":182.68783734232045,"cluster":4},{"x":193.08271427628614,"y":157.7954552615504,"cluster":4},{"x":229.4280822571623,"y":143.05375276410385,"cluster":4},{"x":204.02329808535126,"y":123.72869562733267,"cluster":4},{"x":189.69794194898193,"y":188.2548296988206,"cluster":4},{"x":145.99584825700336,"y":139.63043338725672,"cluster":4},{"x":355.4267473881975,"y":155.77295959019332,"cluster":5},{"x":380.79301361781177,"y":127.2758385110863,"cluster":5},{"x":398.60113637252044,"y":146.07875688529262,"cluster":5},{"x":363.8187207925446,"y":129.926641493981,"cluster":5},{"x":364.1211453948213,"y":115.36011997539612,"cluster":5},{"x":341.56009470193965,"y":153.0651603598388,"cluster":5},{"x":342.07956031156203,"y":120.45698546042436,"cluster":5},{"x":347.35132701153907,"y":108.67217810194774,"cluster":5},{"x":362.8208817999855,"y":166.76800066749044,"cluster":5},{"x":384.70991433349957,"y":16.05446783960554,"cluster":6},{"x":384.9715838672687,"y":62.92002828033111,"cluster":6},{"x":390.6126343909788,"y":45.85613422034607,"cluster":6},{"x":401.5505006417712,"y":58.9469973432291,"cluster":6},{"x":358.20820695305406,"y":62.607206737317135,"cluster":6},{"x":389.10836238008545,"y":68.68992841655964,"cluster":6},{"x":381.4328947736544,"y":29.907873726696213,"cluster":6},{"x":132.91024495833256,"y":192.2179480796926,"cluster":7},{"x":126.33478856135578,"y":129.18098837290313,"cluster":7},{"x":124.85123191083088,"y":164.61559120910704,"cluster":7},{"x":196.97756508978657,"y":120.33350786734326,"cluster":7},{"x":135.34906108595993,"y":134.46849399591517,"cluster":7},{"x":179.54333103575073,"y":169.57013995964837,"cluster":7},{"x":131.52466424824848,"y":130.4398025707474,"cluster":7},{"x":165.3951186845881,"y":137.27948554986455,"cluster":7},{"x":171.44931733538147,"y":187.5493835031089,"cluster":7},{"x":379.7869507769367,"y":57.295162494755004,"cluster":8},{"x":415.42272141877345,"y":75.49274277036037,"cluster":8},{"x":430.4460371352273,"y":73.09192868265721,"cluster":8},{"x":398.4934611676742,"y":68.76790546320485,"cluster":8},{"x":404.6823419506769,"y":96.66392112529033,"cluster":8},{"x":413.24772586968163,"y":83.97881705699425,"cluster":8},{"x":438.0583797052343,"y":73.82512056688512,"cluster":8},{"x":385.7550337419307,"y":103.27264225956239,"cluster":8},{"x":392.3571618662407,"y":50.4038294315512,"cluster":8},{"x":281.4311270758038,"y":209.4923798643076,"cluster":9},{"x":286.31856323335046,"y":235.21442270650496,"cluster":9},{"x":255.86362624310846,"y":228.40196206843598,"cluster":9},{"x":291.2528537363624,"y":204.64048008023065,"cluster":9},{"x":267.20636565630207,"y":233.59562114237255,"cluster":9},{"x":270.82193993033604,"y":192.0772646139615,"cluster":9},{"x":343.3375079090689,"y":265.3607949026631,"cluster":10},{"x":409.28823451124265,"y":226.3609760706924,"cluster":10},{"x":362.2534235687248,"y":272.0402276553643,"cluster":10},{"x":404.9782779483147,"y":256.6584331354828,"cluster":10},{"x":361.78241191274054,"y":239.59303109542583,"cluster":10},{"x":374.49252361746807,"y":265.97190249113197,"cluster":10},{"x":418.694939797014,"y":230.01805206369698,"cluster":10},{"x":345.1142557651377,"y":258.1173603316342,"cluster":10},{"x":388.8633122357839,"y":282.6974511800701,"cluster":10},{"x":350.3845170765464,"y":223.49347660002974,"cluster":10}],"num_clusters":11}