{"title":"cluster-n25-c4-r0-s-4951201078864625704","map_width":500,"map_height":300,"num_leaves":25,"tree":{"leaf":false,"id":48,"left":{"leaf":false,"id":40,"left":{"leaf":false,"id":39,"left":{"leaf":false,"id":38,"left":{"leaf":false,"id":37,"left":{"leaf":false,"id":34,"left":{"leaf":true,"id":15,"label":"15","site_id":15},"right":{"leaf":true,"id":18,"label":"18","site_id":18}},"right":{"leaf":false,"id":36,"left":{"leaf":true,"id":11,"label":"11","site_id":11},"right":{"leaf":true,"id":13,"label":"13","site_id":13}}},"right":{"leaf":true,"id":14,"label":"14","site_id":14}},"right":{"leaf":true,"id":16,"label":"16","site_id":16}},"right":{"leaf":false,"id":35,"left":{"leaf":true,"id":17,"label":"17","site_id":17},"right":{"leaf":true,"id":12,"label":"12","site_id":12}}},"right":{"leaf":false,"id":47,"left":{"leaf":false,"id":33,"left":{"leaf":true,"id":5,"label":"5","site_id":5},"right":{"leaf":false,"id":32,"left":{"leaf":false,"id":29,"left":{"leaf":true,"id":10,"label":"10","site_id":10},"right":{"leaf":true,"id":6,"label":"6","site_id":6}},"right":{"leaf":false,"id":31,"left":{"leaf":true,"id":7,"label":"7","site_id":7},"right":{"leaf":false,"id":30,"left":{"leaf":true,"id":8,"label":"8","site_id":8},"right":{"leaf":true,"id":9,"label":"9","site_id":9}}}}},"right":{"leaf":false,"id":46,"left":{"leaf":false,"id":45,"left":{"leaf":true,"id":23,"label":"23","site_id":23},"right":{"leaf":false,"id":44,"left":{"leaf":false,"id":43,"left":{"leaf":false,"id":42,"left":{"leaf":true,"id":22,"label":"22","site_id":22},"right":{"leaf":false,"id":41,"left":{"leaf":true,"id":24,"label":"24","site_id":24},"right":{"leaf":true,"id":20,"label":"20","site_id":20}}},"right":{"leaf":true,"id":21,"label":"21","site_id":21}},"right":{"leaf":true,"id":19,"label":"19","site_id":19}}},"right":{"leaf":false,"id":28,"left":{"leaf":true,"id":2,"label":"2","site_id":2},"right":{"leaf":false,"id":27,"left":{"leaf":false,"id":26,"left":{"leaf":false,"id":25,"left":{"leaf":true,"id":1,"label":"1","site_id":1},"right":{"leaf":true,"id":3,"label":"3","site_id":3}},"right":{"leaf":true,"id":4,"label":"4","site_id":4}},"right":{"leaf":true,"id":0,"label":"0","site_id":0}}}}}},"num_sites":25,"sites":[{"x":317.9975482608823,"y":262.4001484156303,"cluster":0},{"x":312.6109558142395,"y":227.48678858992406,"cluster":0},{"x":414.30717032639654,"y":202.98661288892424,"cluster":0},{"x":374.37075721698517,"y":246.00801791076017,"cluster":0},{"x":313.5571566582437,"y":249.5661675534461,"cluster":0},{"x":323.32063344514097,"y":117.29249812026819,"cluster":1},{"x":321.6417514592606,"y":23.204861007792402,"cluster":1},{"x":248.6708556629056,"y":117.75566940186474,"cluster":1},{"x":389.22226007080815,"y":105.5008410143689,"cluster":1},{"x":318.41746617010847,"y":184.3073876853433,"cluster":1},{"x":289.8887047448192,"y":119.07841879872362,"cluster":1},{"x":170.55805539359443,"y":25.22573928707206,"cluster":2},{"x":55.49153134427295,"y":176.73953671840803,"cluster":2},{"x":57.04762690313152,"y":94.98143884609125,"cluster":2},{"x":46.87006396314085,"y":21.943085900906688,"cluster":2},{"x":121.53542987341405,"y":76.75355101583355,"cluster":2},{"x":27.605808524203596,"y":192.60660751411694,"cluster":2},{"x":48.11931718123863,"y":195.1639309480043,"cluster":2},{"x":156.84269830998102,"y":86.35308540281704,"cluster":2},{"x":191.9880970523149,"y":211.16369769497544,"cluster":3},{"x":273.6319608104256,"y":179.68233154547232,"cluster":3},{"x":188.94133733830668,"y":249.41806588666958,"cluster":3},{"x":289.0302452254114,"y":270.9864235137139,"cluster":3},{"x":150.456867592712,"y":201.04102302024864,"cluster":3},{"x":284.80154978062717,"y":259.891713961982,"cluster":3}],"num_clusters":4}