{"title":"cluster-n95-c11-r4-s8116051873368703270","map_width":500,"map_height":300,"num_leaves":95,"tree":{"leaf":false,"id":188,"left":{"leaf":false,"id":187,"left":{"leaf":false,"id":180,"left":{"leaf":false,"id":179,"left":{"leaf":false,"id":168,"left":{"leaf":true,"id":82,"label":"82","site_id":82},"right":{"leaf":false,"id":167,"left":{"leaf":true,"id":81,"label":"81","site_id":81},"right":{"leaf":false,"id":166,"left":{"leaf":false,"id":165,"left":{"leaf":true,"id":79,"label":"79","site_id":79},"right":{"leaf":true,"id":80,"label":"80","site_id":80}},"right":{"leaf":true,"id":83,"label":"83","site_id":83}}}},"right":{"leaf":false,"id":143,"left":{"leaf":false,"id":142,"left":{"leaf":false,"id":141,"left":{"leaf":false,"id":140,"left":{"leaf":true,"id":53,"label":"53","site_id":53},"right":{"leaf":false,"id":138,"left":{"leaf":true,"id":49,"label":"49","site_id":49},"right":{"leaf":true,"id":52,"label":"52","site_id":52}}},"right":{"leaf":false,"id":139,"left":{"leaf":true,"id":54,"label":"54","site_id":54},"right":{"leaf":true,"id":51,"label":"51","site_id":51}}},"right":{"leaf":true,"id":48,"label":"48","site_id":48}},"right":{"leaf":true,"id":50,"label":"50","site_id":50}}},"right":{"leaf":false,"id":103,"left":{"leaf":true,"id":0,"label":"0","site_id":0},"right":{"leaf":false,"id":102,"left":{"leaf":false,"id":101,"left":{"leaf":true,"id":6,"label":"6","site_id":6},"right":{"leaf":false,"id":100,"left":{"leaf":false,"id":95,"left":{"leaf":true,"id":1,"label":"1","site_id":1},"right":{"leaf":true,"id":8,"label":"8","site_id":8}},"right":{"leaf":true,"id":9,"label":"9","site_id":9}}},"right":{"leaf":false,"id":99,"left":{"leaf":false,"id":96,"left":{"leaf":true,"id":4,"label":"4","site_id":4},"right":{"leaf":true,"id":3,"label":"3","site_id":3}},"right":{"leaf":false,"id":98,"left":{"leaf":true,"id":5,"label":"5","site_id":5},"right":{"leaf":false,"id":97,"left":{"leaf":true,"id":2,"label":"2","site_id":2},"right":{"leaf":true,"id":7,"label":"7","site_id":7}}}}}}},"right":{"leaf":false,"id":184,"left":{"leaf":false,"id":181,"left":{"leaf":false,"id":137,"left":{"leaf":false,"id":133,"left":{"leaf":false,"id":131,"left":{"leaf":true,"id":41,"label":"41","site_id":41},"right":{"leaf":true,"id":43,"label":"43","site_id":43}},"right":{"leaf":true,"id":42,"label":"42","site_id":42}},"right":{"leaf":false,"id":136,"left":{"leaf":false,"id":135,"left":{"leaf":true,"id":46,"label":"46","site_id":46},"right":{"leaf":true,"id":45,"label":"45","site_id":45}},"right":{"leaf":false,"id":134,"left":{"leaf":false,"id":130,"left":{"leaf":true,"id":39,"label":"39","site_id":39},"right":{"leaf":true,"id":47,"label":"47","site_id":47}},"right":{"leaf":false,"id":132,"left":{"leaf":true,"id":40,"label":"40","site_id":40},"right":{"leaf":true,"id":44,"label":"44","site_id":44}}}}},"right":{"leaf":false,"id":129,"left":{"leaf":false,"id":128,"left":{"leaf":false,"id":126,"left":{"leaf":false,"id":124,"left":{"leaf":true,"id":32,"label":"32","site_id":32},"right":{"leaf":true,"id":33,"label":"33","site_id":33}},"right":{"leaf":true,"id":35,"label":"35","site_id":35}},"right":{"leaf":false,"id":125,"left":{"leaf":true,"id":36,"label":"36","site_id":36},"right":{"leaf":true,"id":34,"label":"34","site_id":34}}},"right":{"leaf":false,"id":127,"left":{"leaf":true,"id":37,"label":"37","site_id":37},"right":{"leaf":true,"id":38,"label":"38","site_id":38}}}},"right":{"leaf":false,"id":123,"left":{"leaf":false,"id":122,"left":{"leaf":true,"id":27,"label":"27","site_id":27},"right":{"leaf":false,"id":121,"left":{"leaf":true,"id":25,"label":"25","site_id":25},"right":{"leaf":true,"id":24,"label":"24","site_id":24}}},"right":{"leaf":false,"id":120,"left":{"leaf":false,"id":119,"left":{"leaf":false,"id":118,"left":{"leaf":true,"id":26,"label":"26","site_id":26},"right":{"leaf":true,"id":30,"label":"30","site_id":30}},"right":{"leaf":true,"id":31,"label":"31","site_id":31}},"right":{"leaf":false,"id":117,"left":{"leaf":true,"id":29,"label":"29","site_id":29},"right":{"leaf":true,"id":28,"label":"28","site_id":28}}}}}},"right":{"leaf":false,"id":186,"left":{"leaf":false,"id":116,"left":{"leaf":false,"id":115,"left":{"leaf":false,"id":111,"left":{"leaf":false,"id":104,"left":{"leaf":true,"id":17,"label":"17","site_id":17},"right":{"leaf":true,"id":11,"label":"11","site_id":11}},"right":{"leaf":false,"id":109,"left":{"leaf":false,"id":108,"left":{"leaf":true,"id":21,"label":"21","site_id":21},"right":{"leaf":true,"id":13,"label":"13","site_id":13}},"right":{"leaf":true,"id":20,"label":"20","site_id":20}}},"right":{"leaf":false,"id":114,"left":{"leaf":false,"id":112,"left":{"leaf":false,"id":107,"left":{"leaf":true,"id":10,"label":"10","site_id":10},"right":{"leaf":true,"id":23,"label":"23","site_id":23}},"right":{"leaf":false,"id":110,"left":{"leaf":true,"id":19,"label":"19","site_id":19},"right":{"leaf":true,"id":12,"label":"12","site_id":12}}},"right":{"leaf":false,"id":106,"left":{"leaf":true,"id":16,"label":"16","site_id":16},"right":{"leaf":true,"id":14,"label":"14","site_id":14}}}},"right":{"leaf":false,"id":113,"left":{"leaf":true,"id":22,"label":"22","site_id":22},"right":{"leaf":false,"id":105,"left":{"leaf":true,"id":18,"label":"18","site_id":18},"right":{"leaf":true,"id":15,"label":"15","site_id":15}}}},"right":{"leaf":false,"id":185,"left":{"leaf":false,"id":183,"left":{"leaf":false,"id":164,"left":{"leaf":false,"id":163,"left":{"leaf":false,"id":158,"left":{"leaf":true,"id":71,"label":"71","site_id":71},"right":{"leaf":true,"id":73,"label":"73","site_id":73}},"right":{"leaf":false,"id":162,"left":{"leaf":false,"id":160,"left":{"leaf":true,"id":74,"label":"74","site_id":74},"right":{"leaf":true,"id":77,"label":"77","site_id":77}},"right":{"leaf":false,"id":159,"left":{"leaf":true,"id":78,"label":"78","site_id":78},"right":{"leaf":true,"id":72,"label":"72","site_id":72}}}},"right":{"leaf":false,"id":161,"left":{"leaf":true,"id":75,"label":"75","site_id":75},"right":{"leaf":true,"id":76,"label":"76","site_id":76}}},"right":{"leaf":false,"id":178,"left":{"leaf":false,"id":177,"left":{"leaf":false,"id":176,"left":{"leaf":false,"id":174,"left":{"leaf":false,"id":169,"left":{"leaf":true,"id":88,"label":"88","site_id":88},"right":{"leaf":true,"id":89,"label":"89","site_id":89}},"right":{"leaf":false,"id":171,"left":{"leaf":true,"id":91,"label":"91","site_id":91},"right":{"leaf":true,"id":85,"label":"85","site_id":85}}},"right":{"leaf":false,"id":175,"left":{"leaf":true,"id":84,"label":"84","site_id":84},"right":{"leaf":true,"id":87,"label":"87","site_id":87}}},"right":{"leaf":false,"id":173,"left":{"leaf":false,"id":172,"left":{"leaf":true,"id":86,"label":"86","site_id":86},"right":{"leaf":true,"id":93,"label":"93","site_id":93}},"right":{"leaf":true,"id":94,"label":"94","site_id":94}}},"right":{"leaf":false,"id":170,"left":{"leaf":true,"id":92,"label":"92","site_id":92},"right":{"leaf":true,"id":90,"label":"90","site_id":90}}}},"right":{"leaf":false,"id":182,"left":{"leaf":false,"id":153,"left":{"leaf":false,"id":151,"left":{"leaf":false,"id":146,"left":{"leaf":false,"id":145,"left":{"leaf":true,"id":62,"label":"62","site_id":62},"right":{"leaf":true,"id":60,"label":"60","site_id":60}},"right":{"leaf":true,"id":65,"label":"65","site_id":65}},"right":{"leaf":false,"id":150,"left":{"leaf":true,"id":61,"label":"61","site_id":61},"right":{"leaf":false,"id":148,"left":{"leaf":true,"id":58,"label":"58","site_id":58},"right":{"leaf":true,"id":63,"label":"63","site_id":63}}}},"right":{"leaf":false,"id":152,"left":{"leaf":false,"id":144,"left":{"leaf":true,"id":55,"label":"55","site_id":55},"right":{"leaf":true,"id":57,"label":"57","site_id":57}},"right":{"leaf":false,"id":149,"left":{"leaf":true,"id":64,"label":"64","site_id":64},"right":{"leaf":false,"id":147,"left":{"leaf":true,"id":59,"label":"59","site_id":59},"right":{"leaf":true,"id":56,"label":"56","site_id":56}}}}},"right":{"leaf":false,"id":157,"left":{"leaf":true,"id":70,"label":"70","site_id":70},"right":{"leaf":false,"id":156,"left":{"leaf":false,"id":155,"left":{"leaf":true,"id":67,"label":"67","site_id":67},"right":{"leaf":true,"id":66,"label":"66","site_id":66}},"right":{"leaf":false,"id":154,"left":{"leaf":true,"id":69,"label":"69","site_id":69},"right":{"leaf":true,"id":68,"label":"68","site_id":68}}}}}}}},"num_sites":95,"sites":[{"x":446.2336442580987,"y":158.1989811269113,"cluster":0},{"x":416.8765358653196,"y":139.40148880882705,"cluster":0},{"x":450.27876476543986,"y":125.38002303586487,"cluster":0},{"x":404.6496914690294,"y":138.53884560883705,"cluster":0},{"x":441.33737255959676,"y":122.86376072429857,"cluster":0},{"x":377.81822103375873,"y":173.0481544617913,"cluster":0},{"x":406.97230488282514,"y":127.75438390597262,"cluster":0},{"x":442.66263029374534,"y":115.42177491504495,"cluster":0},{"x":399.6296579740402,"y":161.52333722736788,"cluster":0},{"x":431.09906089336056,"y":126.22936266400934,"cluster":0},{"x":84.75385106781519,"y":212.09379112069274,"cluster":1},{"x":26.57544260100697,"y":197.5808113467612,"cluster":1},{"x":40.28288007580369,"y":268.6324385868124,"cluster":1},{"x":17.686840334916234,"y":230.78456035438523,"cluster":1},{"x":34.551376650347066,"y":272.3375406671897,"cluster":1},{"x":91.24922747894695,"y":257.35021690522194,"cluster":1},{"x":80.40179803960169,"y":176.70371653368568,"cluster":1},{"x":15.90428342295015,"y":201.03455661709546,"cluster":1},{"x":64.63269388685215,"y":192.06956176892135,"cluster":1},{"x":30.439609492939656,"y":276.3043980425176,"cluster":1},{"x":44.11065385180177,"y":209.78315575555197,"cluster":1},{"x":60.607600149722046,"y":213.5336581269274,"cluster":1},{"x":30.315795164022443,"y":163.7531661088235,"cluster":1},{"x":15.164357438380502,"y":175.06933813657363,"cluster":1},{"x":429.21215891730117,"y":118.16330140144095,"cluster":2},{"x":440.21247602746536,"y":73.044378584734,"cluster":2},{"x":399.3868125244662,"y":72.73123316500306,"cluster":2},{"x":397.60594311673987,"y":82.95952441230327,"cluster":2},{"x":411.4135736171243,"y":129.24178124312243,"cluster":2},{"x":394.87773671967204,"y":110.55274645018682,"cluster":2},{"x":392.4464315269929,"y":82.96806148028257,"cluster":2},{"x":417.07669633175055,"y":133.7992715465525,"cluster":2},{"x":86.09175971565946,"y":91.02322317467186,"cluster":3},{"x":75.11378567484975,"y":90.46740983144204,"cluster":3},{"x":97.54455189434593,"y":73.74677326492089,"cluster":3},{"x":60.6222297463201,"y":66.70311167094019,"cluster":3},{"x":104.04429423786887,"y":86.21336428940157,"cluster":3},{"x":73.00590473005798,"y":43.2260662781687,"cluster":3},{"x":110.10120216595382,"y":62.91912852756497,"cluster":3},{"x":343.7211698671003,"y":71.95782123231808,"cluster":4},{"x":345.1988259158592,"y":50.663776680189585,"cluster":4},{"x":413.92628697483894,"y":101.39769123185539,"cluster":4},{"x":365.2097061806128,"y":107.2598348540887,"cluster":4},{"x":409.3827885210963,"y":49.75908589951041,"cluster":4},{"x":374.8982347004046,"y":80.10225173504227,"cluster":4},{"x":372.8589711546922,"y":41.488367912038164,"cluster":4},{"x":400.3544928395685,"y":44.01039226755269,"cluster":4},{"x":341.9709026628085,"y":79.80567792255957,"cluster":4},{"x":376.6086382660018,"y":110.578101292323,"cluster":5},{"x":368.4030143045726,"y":108.56777865481587,"cluster":5},{"x":327.1884524845775,"y":106.90895166770824,"cluster":5},{"x":343.9203476535612,"y":148.01482417443265,"cluster":5},{"x":348.6096591577565,"y":131.02945718967294,"cluster":5},{"x":334.8167619169143,"y":123.11751895064951,"cluster":5},{"x":353.93863685733044,"y":139.79682494277338,"cluster":5},{"x":152.4558020804899,"y":135.11512875341586,"cluster":6},{"x":149.70116536526962,"y":111.13823299797694,"cluster":6},{"x":124.38220479144118,"y":146.7513514435933,"cluster":6},{"x":189.88210117528692,"y":156.2483667202033,"cluster":6},{"x":152.26706047089908,"y":118.97323201810815,"cluster":6},{"x":177.9170772897221,"y":155.046909256647,"cluster":6},{"x":182.5383466183677,"y":121.71903316393929,"cluster":6},{"x":179.19291212526437,"y":141.87067889528117,"cluster":6},{"x":125.95876273912555,"y":111.75135905284903,"cluster":6},{"x":127.76962719300833,"y":101.80459563175016,"cluster":6},{"x":131.55782767872734,"y":85.5899193712571,"cluster":6},{"x":147.36491552099469,"y":84.79744978700947,"cluster":7},{"x":146.0715365675495,"y":76.78785542454584,"cluster":7},{"x":138.83808978277955,"y":80.28969812958383,"cluster":7},{"x":132.18729372652388,"y":67.33104502959807,"cluster":7},{"x":123.42255448080105,"y":95.13682057914407,"cluster":7},{"x":225.46940189295853,"y":128.36290632561398,"cluster":8},{"x":243.43811889860726,"y":131.3963438368644,"cluster":8},{"x":220.03901991037213,"y":132.5090675429353,"cluster":8},{"x":203.86916983472184,"y":150.61863285159404,"cluster":8},{"x":210.06669603877364,"y":148.56096947239627,"cluster":8},{"x":243.08088302490063,"y":116.69160152028783,"cluster":8},{"x":222.61837182358053,"y":121.51810833586748,"cluster":8},{"x":226.06548337596965,"y":149.94283730544137,"cluster":8},{"x":398.6528174521822,"y":109.32959114879124,"cluster":9},{"x":419.59568858785093,"y":105.77548094981788,"cluster":9},{"x":421.4736520889409,"y":99.04479687228982,"cluster":9},{"x":427.2012201202777,"y":74.34462324817669,"cluster":9},{"x":434.37831607891064,"y":77.52917330181619,"cluster":9},{"x":240.79960646127464,"y":47.749064282946314,"cluster":10},{"x":212.99512926833492,"y":51.99794117074294,"cluster":10},{"x":194.59279291764517,"y":108.86685294403114,"cluster":10},{"x":234.01564415535407,"y":56.849751821075365,"cluster":10},{"x":173.508241075562,"y":49.336929084450645,"cluster":10},{"x":168.63387145417244,"y":75.69691891118597,"cluster":10},{"x":209.60822837293864,"y":81.08546308738276,"cluster":10},{"x":183.72072521859286,"y":48.06047275367104,"cluster":10},{"x":212.5179361806144,"y":113.50084688789843,"cluster":10},{"x":175.0907114688833,"y":116.14969194238358,"cluster":10},{"x":170.88991580610252,"y":101.37260315687124,"cluster":10}],"num_clusters":11}