{"title":"cluster-n50-c7-r6-s8935749043229730807","map_width":500,"map_height":300,"num_leaves":50,"tree":{"leaf":false,"id":98,"left":{"leaf":false,"id":95,"left":{"leaf":false,"id":93,"left":{"leaf":false,"id":79,"left":{"leaf":false,"id":75,"left":{"leaf":true,"id":29,"label":"29","site_id":29},"right":{"leaf":false,"id":74,"left":{"leaf":true,"id":28,"label":"28","site_id":28},"right":{"leaf":true,"id":34,"label":"34","site_id":34}}},"right":{"leaf":false,"id":78,"left":{"leaf":true,"id":31,"label":"31","site_id":31},"right":{"leaf":false,"id":77,"left":{"leaf":true,"id":33,"label":"33","site_id":33},"right":{"leaf":false,"id":76,"left":{"leaf":true,"id":30,"label":"30","site_id":30},"right":{"leaf":true,"id":32,"label":"32","site_id":32}}}}},"right":{"leaf":false,"id":52,"left":{"leaf":false,"id":51,"left":{"leaf":false,"id":50,"left":{"leaf":true,"id":1,"label":"1","site_id":1},"right":{"leaf":true,"id":3,"label":"3","site_id":3}},"right":{"leaf":true,"id":0,"label":"0","site_id":0}},"right":{"leaf":true,"id":2,"label":"2","site_id":2}}},"right":{"leaf":false,"id":94,"left":{"leaf":false,"id":65,"left":{"leaf":false,"id":64,"left":{"leaf":true,"id":15,"label":"15","site_id":15},"right":{"leaf":false,"id":63,"left":{"leaf":true,"id":13,"label":"13","site_id":13},"right":{"leaf":false,"id":60,"left":{"leaf":true,"id":17,"label":"17","site_id":17},"right":{"leaf":true,"id":11,"label":"11","site_id":11}}}},"right":{"leaf":false,"id":62,"left":{"leaf":false,"id":59,"left":{"leaf":true,"id":16,"label":"16","site_id":16},"right":{"leaf":true,"id":14,"label":"14","site_id":14}},"right":{"leaf":false,"id":61,"left":{"leaf":true,"id":18,"label":"18","site_id":18},"right":{"leaf":true,"id":12,"label":"12","site_id":12}}}},"right":{"leaf":false,"id":87,"left":{"leaf":false,"id":86,"left":{"leaf":false,"id":85,"left":{"leaf":false,"id":83,"left":{"leaf":true,"id":39,"label":"39","site_id":39},"right":{"leaf":false,"id":80,"left":{"leaf":true,"id":41,"label":"41","site_id":41},"right":{"leaf":true,"id":37,"label":"37","site_id":37}}},"right":{"leaf":false,"id":84,"left":{"leaf":true,"id":38,"label":"38","site_id":38},"right":{"leaf":true,"id":43,"label":"43","site_id":43}}},"right":{"leaf":true,"id":40,"label":"40","site_id":40}},"right":{"leaf":false,"id":82,"left":{"leaf":true,"id":35,"label":"35","site_id":35},"right":{"leaf":false,"id":81,"left":{"leaf":true,"id":36,"label":"36","site_id":36},"right":{"leaf":true,"id":42,"label":"42","site_id":42}}}}}},"right":{"leaf":false,"id":97,"left":{"leaf":false,"id":58,"left":{"leaf":true,"id":8,"label":"8","site_id":8},"right":{"leaf":false,"id":57,"left":{"leaf":false,"id":54,"left":{"leaf":true,"id":7,"label":"7","site_id":7},"right":{"leaf":true,"id":4,"label":"4","site_id":4}},"right":{"leaf":false,"id":56,"left":{"leaf":false,"id":53,"left":{"leaf":true,"id":6,"label":"6","site_id":6},"right":{"leaf":true,"id":5,"label":"5","site_id":5}},"right":{"leaf":false,"id":55,"left":{"leaf":true,"id":10,"label":"10","site_id":10},"right":{"leaf":true,"id":9,"label":"9","site_id":9}}}}},"right":{"leaf":false,"id":96,"left":{"leaf":false,"id":73,"left":{"leaf":false,"id":67,"left":{"leaf":true,"id":25,"label":"25","site_id":25},"right":{"leaf":true,"id":19,"label":"19","site_id":19}},"right":{"leaf":false,"id":72,"left":{"leaf":false,"id":69,"left":{"leaf":false,"id":68,"left":{"leaf":true,"id":27,"label":"27","site_id":27},"right":{"leaf":true,"id":20,"label":"20","site_id":20}},"right":{"leaf":true,"id":24,"label":"24","site_id":24}},"right":{"leaf":false,"id":71,"left":{"leaf":true,"id":21,"label":"21","site_id":21},"right":{"leaf":false,"id":70,"left":{"leaf":false,"id":66,"left":{"leaf":true,"id":26,"label":"26","site_id":26},"right":{"leaf":true,"id":22,"label":"22","site_id":22}},"right":{"leaf":true,"id":23,"label":"23","site_id":23}}}}},"right":{"leaf":false,"id":92,"left":{"leaf":false,"id":88,"left":{"leaf":true,"id":49,"label":"49","site_id":49},"right":{"leaf":true,"id":44,"label":"44","site_id":44}},"right":{"leaf":false,"id":91,"left":{"leaf":false,"id":89,"left":{"leaf":true,"id":47,"label":"47","site_id":47},"right":{"leaf":true,"id":45,"label":"45","site_id":45}},"right":{"leaf":false,"id":90,"left":{"leaf":true,"id":48,"label":"48","site_id":48},"right":{"leaf":true,"id":46,"label":"46","site_id":46}}}}}}},"num_sites":50,"sites":[{"x":251.57507470113705,"y":213.69646889157167,"cluster":0},{"x":281.5385066476512,"y":197.31705244093237,"cluster":0},{"x":307.51203047350316,"y":213.02723458099362,"cluster":0},{"x":249.01095147766117,"y":156.60546939708246,"cluster":0},{"x":81.74180954678054,"y":162.22218259600234,"cluster":1},{"x":35.546335687513654,"y":140.83601770065476,"cluster":1},{"x":32.158944596138,"y":232.16176534355023,"cluster":1},{"x":80.82196050158187,"y":235.12315814647968,"cluster":1},{"x":49.095273034777136,"y":213.25123379160684,"cluster":1},{"x":52.523411579198545,"y":222.79578562386786,"cluster":1},{"x":49.165150773429204,"y":203.8243074719038,"cluster":1},{"x":134.88271041778347,"y":221.99074958599695,"cluster":2},{"x":209.65810042177384,"y":254.3810389954864,"cluster":2},{"x":139.5017472528532,"y":234.41096921326096,"cluster":2},{"x":187.32720829413276,"y":236.73954166659288,"cluster":2},{"x":205.85352809279223,"y":134.47091776301698,"cluster":2},{"x":198.25914002231826,"y":236.0818687840033,"cluster":2},{"x":99.78207380235128,"y":193.5581194912998,"cluster":2},{"x":182.75877007210266,"y":258.6231235705282,"cluster":2},{"x":241.40627527402688,"y":111.0918665037068,"cluster":3},{"x":228.412002898296,"y":131.08375533803593,"cluster":3},{"x":224.19965972289867,"y":44.58460224511683,"cluster":3},{"x":107.79443420492622,"y":77.60778227121865,"cluster":3},{"x":162.1477416072063,"y":74.04648057831766,"cluster":3},{"x":131.92824731651336,"y":22.870299532719798,"cluster":3},{"x":228.66791598967095,"y":111.60115517400541,"cluster":3},{"x":211.78705494956856,"y":127.527847195702,"cluster":3},{"x":180.53009842268767,"y":77.5059053384682,"cluster":3},{"x":402.64732369843983,"y":91.27861181968386,"cluster":4},{"x":306.4304648808862,"y":20.07118013802331,"cluster":4},{"x":302.7483024449178,"y":108.04514318282057,"cluster":4},{"x":320.2550047309847,"y":34.643799967727574,"cluster":4},{"x":355.42028146164466,"y":102.70637864234357,"cluster":4},{"x":359.8694442829369,"y":19.896263303988135,"cluster":4},{"x":303.8018502420033,"y":90.28929846791019,"cluster":4},{"x":89.7776032106071,"y":251.6911077536058,"cluster":5},{"x":64.01628527052841,"y":246.83955309579625,"cluster":5},{"x":168.6811727530798,"y":187.90081059154898,"cluster":5},{"x":88.9791465224507,"y":163.68476114407807,"cluster":5},{"x":193.59431702332228,"y":165.1095265418413,"cluster":5},{"x":118.08084056922118,"y":174.7492227703544,"cluster":5},{"x":115.27210379277113,"y":138.11911326776456,"cluster":5},{"x":103.93422196980775,"y":179.80824062953144,"cluster":5},{"x":133.05183499682926,"y":240.1913304436383,"cluster":5},{"x":142.57781812238474,"y":181.25935931359783,"cluster":6},{"x":149.7276580689708,"y":168.4373051574846,"cluster":6},{"x":151.2629196187949,"y":147.2355933031348,"cluster":6},{"x":102.41067805110609,"y":128.5375327659973,"cluster":6},{"x":163.13685486860516,"y":146.07264833733345,"cluster":6},{"x":131.69343698298022,"y":183.5301658734524,"cluster":6}],"num_clusters":7}