{"title":"cluster-n40-c6-r2-s8288385764484271288","map_width":500,"map_height":300,"num_leaves":40,"tree":{"leaf":false,"id":78,"left":{"leaf":false,"id":76,"left":{"leaf":false,"id":57,"left":{"leaf":false,"id":56,"left":{"leaf":false,"id":55,"left":{"leaf":true,"id":15,"label":"15","site_id":15},"right":{"leaf":false,"id":54,"left":{"leaf":true,"id":18,"label":"18","site_id":18},"right":{"leaf":false,"id":52,"left":{"leaf":true,"id":16,"label":"16","site_id":16},"right":{"leaf":true,"id":17,"label":"17","site_id":17}}}},"right":{"leaf":true,"id":19,"label":"19","site_id":19}},"right":{"leaf":false,"id":53,"left":{"leaf":true,"id":14,"label":"14","site_id":14},"right":{"leaf":true,"id":20,"label":"20","site_id":20}}},"right":{"leaf":false,"id":47,"left":{"leaf":false,"id":46,"left":{"leaf":false,"id":41,"left":{"leaf":true,"id":8,"label":"8","site_id":8},"right":{"leaf":false,"id":40,"left":{"leaf":true,"id":7,"label":"7","site_id":7},"right":{"leaf":true,"id":4,"label":"4","site_id":4}}},"right":{"leaf":false,"id":42,"left":{"leaf":true,"id":5,"label":"5","site_id":5},"right":{"leaf":true,"id":2,"label":"2","site_id":2}}},"right":{"leaf":false,"id":45,"left":{"leaf":false,"id":44,"left":{"leaf":true,"id":6,"label":"6","site_id":6},"right":{"leaf":true,"id":1,"label":"1","site_id":1}},"right":{"leaf":false,"id":43,"left":{"leaf":true,"id":3,"label":"3","site_id":3},"right":{"leaf":true,"id":0,"label":"0","site_id":0}}}}},"right":{"leaf":false,"id":77,"left":{"leaf":false,"id":75,"left":{"leaf":false,"id":69,"left":{"leaf":false,"id":67,"left":{"leaf":true,"id":30,"label":"30","site_id":30},"right":{"leaf":true,"id":33,"label":"33","site_id":33}},"right":{"leaf":false,"id":68,"left":{"leaf":true,"id":32,"label":"32","site_id":32},"right":{"leaf":false,"id":66,"left":{"leaf":true,"id":31,"label":"31","site_id":31},"right":{"leaf":true,"id":34,"label":"34","site_id":34}}}},"right":{"leaf":false,"id":65,"left":{"leaf":false,"id":64,"left":{"leaf":false,"id":62,"left":{"leaf":false,"id":60,"left":{"leaf":false,"id":59,"left":{"leaf":true,"id":21,"label":"21","site_id":21},"right":{"leaf":true,"id":22,"label":"22","site_id":22}},"right":{"leaf":true,"id":23,"label":"23","site_id":23}},"right":{"leaf":false,"id":61,"left":{"leaf":true,"id":28,"label":"28","site_id":28},"right":{"leaf":true,"id":27,"label":"27","site_id":27}}},"right":{"leaf":false,"id":63,"left":{"leaf":true,"id":24,"label":"24","site_id":24},"right":{"leaf":true,"id":25,"label":"25","site_id":25}}},"right":{"leaf":false,"id":58,"left":{"leaf":true,"id":26,"label":"26","site_id":26},"right":{"leaf":true,"id":29,"label":"29","site_id":29}}}},"right":{"leaf":false,"id":74,"left":{"leaf":false,"id":51,"left":{"leaf":true,"id":11,"label":"11","site_id":11},"right":{"leaf":false,"id":50,"left":{"leaf":false,"id":49,"left":{"leaf":true,"id":10,"label":"10","site_id":10},"right":{"leaf":false,"id":48,"left":{"leaf":true,"id":12,"label":"12","site_id":12},"right":{"leaf":true,"id":9,"label":"9","site_id":9}}},"right":{"leaf":true,"id":13,"label":"13","site_id":13}}},"right":{"leaf":false,"id":73,"left":{"leaf":false,"id":72,"left":{"leaf":true,"id":37,"label":"37","site_id":37},"right":{"leaf":false,"id":70,"left":{"leaf":true,"id":39,"label":"39","site_id":39},"right":{"leaf":true,"id":38,"label":"38","site_id":38}}},"right":{"leaf":false,"id":71,"left":{"leaf":true,"id":36,"label":"36","site_id":36},"right":{"leaf":true,"id":35,"label":"35","site_id":35}}}}}},"num_sites":40,"sites":[{"x":275.832685644601,"y":26.15801028806696,"cluster":0},{"x":252.9570823393226,"y":45.840522528367146,"cluster":0},{"x":126.93781001197871,"y":95.53704067134593,"cluster":0},{"x":269.0956723412743,"y":125.62307068556224,"cluster":0},{"x":157.932640199866,"y":125.36773969995926,"cluster":0},{"x":161.2877217372728,"y":79.06563094787414,"cluster":0},{"x":242.53026308332457,"y":142.0916548060416,"cluster":0},{"x":135.86762409049325,"y":79.62246895981386,"cluster":0},{"x":189.07010314620987,"y":117.26646529119145,"cluster":0},{"x":280.7094089102374,"y":70.93304406327013,"cluster":1},{"x":282.93330482935994,"y":28.04070645765983,"cluster":1},{"x":280.9204556792993,"y":17.38551229869301,"cluster":1},{"x":294.71118303329933,"y":40.39000415512743,"cluster":1},{"x":268.39564084335865,"y":22.948357788678063,"cluster":1},{"x":378.71844618299326,"y":137.01822568499225,"cluster":2},{"x":453.7552416173714,"y":89.00702005538136,"cluster":2},{"x":401.11177226861355,"y":83.32494807431596,"cluster":2},{"x":385.19904788504965,"y":150.62865441197135,"cluster":2},{"x":479.383287890932,"y":178.71329607258775,"cluster":2},{"x":458.3015367317729,"y":173.9004819571095,"cluster":2},{"x":435.85093252755735,"y":180.01941044237168,"cluster":2},{"x":20.861633810398416,"y":97.50872469145413,"cluster":3},{"x":122.19955532794464,"y":74.28607550294008,"cluster":3},{"x":93.9804960928253,"y":20.6412569179722,"cluster":3},{"x":142.41399822754147,"y":65.32110892535505,"cluster":3},{"x":18.067687630523068,"y":134.45718946068854,"cluster":3},{"x":31.41963608281715,"y":22.20497193613081,"cluster":3},{"x":91.76763157358288,"y":39.081877860443925,"cluster":3},{"x":154.72890142578973,"y":47.51521957798215,"cluster":3},{"x":45.144031779374664,"y":41.064172985375535,"cluster":3},{"x":405.0220241001608,"y":179.55183146878585,"cluster":4},{"x":425.3250096491837,"y":177.82101475085142,"cluster":4},{"x":409.53483459333177,"y":167.7470262357955,"cluster":4},{"x":399.2546181901145,"y":112.31102005808296,"cluster":4},{"x":433.0765704880038,"y":156.51442508822274,"cluster":4},{"x":288.9011941588406,"y":190.09543877597991,"cluster":5},{"x":213.83436118056727,"y":187.7953937056334,"cluster":5},{"x":239.9748799497147,"y":201.35149431419345,"cluster":5},{"x":207.2053756476442,"y":192.48368903981185,"cluster":5},{"x":287.7912801495418,"y":152.74302447753635,"cluster":5}],"num_clusters":6}