{"title":"cluster-n75-c9-r3-s1702998825096970644","map_width":500,"map_height":300,"num_leaves":75,"tree":{"leaf":false,"id":148,"left":{"leaf":false,"id":147,"left":{"leaf":false,"id":144,"left":{"leaf":false,"id":142,"left":{"leaf":false,"id":83,"left":{"leaf":false,"id":82,"left":{"leaf":false,"id":81,"left":{"leaf":false,"id":80,"left":{"leaf":false,"id":75,"left":{"leaf":true,"id":8,"label":"8","site_id":8},"right":{"leaf":true,"id":1,"label":"1","site_id":1}},"right":{"leaf":false,"id":78,"left":{"leaf":true,"id":5,"label":"5","site_id":5},"right":{"leaf":false,"id":77,"left":{"leaf":true,"id":7,"label":"7","site_id":7},"right":{"leaf":true,"id":0,"label":"0","site_id":0}}}},"right":{"leaf":false,"id":76,"left":{"leaf":true,"id":9,"label":"9","site_id":9},"right":{"leaf":true,"id":3,"label":"3","site_id":3}}},"right":{"leaf":true,"id":4,"label":"4","site_id":4}},"right":{"leaf":false,"id":79,"left":{"leaf":true,"id":6,"label":"6","site_id":6},"right":{"leaf":true,"id":2,"label":"2","site_id":2}}},"right":{"leaf":false,"id":102,"left":{"leaf":false,"id":101,"left":{"leaf":false,"id":100,"left":{"leaf":false,"id":97,"left":{"leaf":true,"id":31,"label":"31","site_id":31},"right":{"leaf":true,"id":30,"label":"30","site_id":30}},"right":{"leaf":false,"id":99,"left":{"leaf":true,"id":28,"label":"28","site_id":28},"right":{"leaf":true,"id":26,"label":"26","site_id":26}}},"right":{"leaf":false,"id":98,"left":{"leaf":false,"id":96,"left":{"leaf":true,"id":25,"label":"25","site_id":25},"right":{"leaf":true,"id":27,"label":"27","site_id":27}},"right":{"leaf":true,"id":24,"label":"24","site_id":24}}},"right":{"leaf":true,"id":29,"label":"29","site_id":29}}},"right":{"leaf":false,"id":143,"left":{"leaf":false,"id":140,"left":{"leaf":false,"id":134,"left":{"leaf":true,"id":68,"label":"68","site_id":68},"right":{"leaf":true,"id":74,"label":"74","site_id":74}},"right":{"leaf":false,"id":139,"left":{"leaf":false,"id":138,"left":{"leaf":false,"id":137,"left":{"leaf":false,"id":136,"left":{"leaf":true,"id":72,"label":"72","site_id":72},"right":{"leaf":false,"id":132,"left":{"leaf":true,"id":73,"label":"73","site_id":73},"right":{"leaf":true,"id":65,"label":"65","site_id":65}}},"right":{"leaf":true,"id":69,"label":"69","site_id":69}},"right":{"leaf":false,"id":135,"left":{"leaf":false,"id":133,"left":{"leaf":true,"id":67,"label":"67","site_id":67},"right":{"leaf":true,"id":70,"label":"70","site_id":70}},"right":{"leaf":true,"id":66,"label":"66","site_id":66}}},"right":{"leaf":true,"id":71,"label":"71","site_id":71}}},"right":{"leaf":false,"id":116,"left":{"leaf":false,"id":114,"left":{"leaf":false,"id":113,"left":{"leaf":true,"id":44,"label":"44","site_id":44},"right":{"leaf":false,"id":112,"left":{"leaf":true,"id":43,"label":"43","site_id":43},"right":{"leaf":true,"id":41,"label":"41","site_id":41}}},"right":{"leaf":false,"id":111,"left":{"leaf":true,"id":47,"label":"47","site_id":47},"right":{"leaf":true,"id":40,"label":"40","site_id":40}}},"right":{"leaf":false,"id":115,"left":{"leaf":false,"id":110,"left":{"leaf":true,"id":45,"label":"45","site_id":45},"right":{"leaf":true,"id":39,"label":"39","site_id":39}},"right":{"leaf":false,"id":109,"left":{"leaf":true,"id":46,"label":"46","site_id":46},"right":{"leaf":true,"id":42,"label":"42","site_id":42}}}}}},"right":{"leaf":false,"id":146,"left":{"leaf":false,"id":108,"left":{"leaf":false,"id":107,"left":{"leaf":true,"id":33,"label":"33","site_id":33},"right":{"leaf":false,"id":106,"left":{"leaf":true,"id":35,"label":"35","site_id":35},"right":{"leaf":false,"id":104,"left":{"leaf":true,"id":38,"label":"38","site_id":38},"right":{"leaf":true,"id":32,"label":"32","site_id":32}}}},"right":{"leaf":false,"id":105,"left":{"leaf":false,"id":103,"left":{"leaf":true,"id":37,"label":"37","site_id":37},"right":{"leaf":true,"id":34,"label":"34","site_id":34}},"right":{"leaf":true,"id":36,"label":"36","site_id":36}}},"right":{"leaf":false,"id":141,"left":{"leaf":false,"id":131,"left":{"leaf":false,"id":130,"left":{"leaf":false,"id":129,"left":{"leaf":false,"id":126,"left":{"leaf":true,"id":57,"label":"57","site_id":57},"right":{"leaf":true,"id":60,"label":"60","site_id":60}},"right":{"leaf":true,"id":58,"label":"58","site_id":58}},"right":{"leaf":false,"id":127,"left":{"leaf":true,"id":62,"label":"62","site_id":62},"right":{"leaf":true,"id":64,"label":"64","site_id":64}}},"right":{"leaf":false,"id":128,"left":{"leaf":true,"id":61,"label":"61","site_id":61},"right":{"leaf":false,"id":125,"left":{"leaf":true,"id":63,"label":"63","site_id":63},"right":{"leaf":true,"id":59,"label":"59","site_id":59}}}},"right":{"leaf":false,"id":124,"left":{"leaf":false,"id":123,"left":{"leaf":false,"id":120,"left":{"leaf":true,"id":52,"label":"52","site_id":52},"right":{"leaf":true,"id":53,"label":"53","site_id":53}},"right":{"leaf":false,"id":121,"left":{"leaf":false,"id":118,"left":{"leaf":false,"id":117,"left":{"leaf":true,"id":48,"label":"48","site_id":48},"right":{"leaf":true,"id":55,"label":"55","site_id":55}},"right":{"leaf":true,"id":56,"label":"56","site_id":56}},"right":{"leaf":true,"id":54,"label":"54","site_id":54}}},"right":{"leaf":false,"id":122,"left":{"leaf":true,"id":51,"label":"51","site_id":51},"right":{"leaf":false,"id":119,"left":{"leaf":true,"id":50,"label":"50","site_id":50},"right":{"leaf":true,"id":49,"label":"49","site_id":49}}}}}}},"right":{"leaf":false,"id":145,"left":{"leaf":false,"id":87,"left":{"leaf":false,"id":86,"left":{"leaf":false,"id":84,"left":{"leaf":true,"id":10,"label":"10","site_id":10},"right":{"leaf":true,"id":11,"label":"11","site_id":11}},"right":{"leaf":true,"id":14,"label":"14","site_id":14}},"right":{"leaf":false,"id":85,"left":{"leaf":true,"id":13,"label":"13","site_id":13},"right":{"leaf":true,"id":12,"label":"12","site_id":12}}},"right":{"leaf":false,"id":95,"left":{"leaf":false,"id":94,"left":{"leaf":false,"id":93,"left":{"leaf":false,"id":90,"left":{"leaf":true,"id":18,"label":"18","site_id":18},"right":{"leaf":true,"id":15,"label":"15","site_id":15}},"right":{"leaf":false,"id":92,"left":{"leaf":false,"id":88,"left":{"leaf":true,"id":20,"label":"20","site_id":20},"right":{"leaf":true,"id":16,"label":"16","site_id":16}},"right":{"leaf":true,"id":23,"label":"23","site_id":23}}},"right":{"leaf":false,"id":91,"left":{"leaf":true,"id":22,"label":"22","site_id":22},"right":{"leaf":false,"id":89,"left":{"leaf":true,"id":21,"label":"21","site_id":21},"right":{"leaf":true,"id":19,"label":"19","site_id":19}}}},"right":{"leaf":true,"id":17,"label":"17","site_id":17}}}},"num_sites":75,"sites":[{"x":189.6701439416755,"y":16.504113880369296,"cluster":0},{"x":189.90427584517954,"y":59.62502295621255,"cluster":0},{"x":126.4746748914657,"y":57.17471460638873,"cluster":0},{"x":135.35355666753455,"y":40.25102345730859,"cluster":0},{"x":83.84923238409249,"y":94.75345346878593,"cluster":0},{"x":163.11130122169538,"y":27.90255573196539,"cluster":0},{"x":120.02083117434485,"y":94.15211827694472,"cluster":0},{"x":149.85647659689548,"y":54.21222546153646,"cluster":0},{"x":159.31150100096337,"y":33.49738032677898,"cluster":0},{"x":128.50052599654913,"y":38.491412175786735,"cluster":0},{"x":432.9673837406538,"y":247.65994384071874,"cluster":1},{"x":450.54511332077124,"y":257.1559575992126,"cluster":1},{"x":463.8078313103113,"y":280.9351951617202,"cluster":1},{"x":420.17507308713454,"y":280.32682998463804,"cluster":1},{"x":435.2768478514344,"y":255.91533830120346,"cluster":1},{"x":233.29834139906498,"y":94.15410052974099,"cluster":2},{"x":250.45570325337252,"y":167.90007011614213,"cluster":2},{"x":240.97843808329506,"y":81.04313373486863,"cluster":2},{"x":266.46237982919024,"y":123.27110997734395,"cluster":2},{"x":277.96824748815555,"y":158.91123504248972,"cluster":2},{"x":278.0323737447271,"y":142.17156940573074,"cluster":2},{"x":228.64885769073095,"y":157.8292356550165,"cluster":2},{"x":222.19085759996526,"y":155.28355225376592,"cluster":2},{"x":244.87634406215918,"y":152.91449482061026,"cluster":2},{"x":120.39323768750067,"y":195.4355475582731,"cluster":3},{"x":168.9230905859086,"y":199.1049613839038,"cluster":3},{"x":111.13912139915593,"y":245.61279845094157,"cluster":3},{"x":169.56894531786338,"y":239.50096056643153,"cluster":3},{"x":137.18042848277355,"y":246.38447906509268,"cluster":3},{"x":109.8480477512413,"y":211.600763408616,"cluster":3},{"x":179.78200767314624,"y":188.21052875186572,"cluster":3},{"x":142.0558809696869,"y":271.9325685799304,"cluster":3},{"x":349.2684582428958,"y":114.17705368591413,"cluster":4},{"x":319.0884885815242,"y":115.51748004258674,"cluster":4},{"x":301.5596538405752,"y":62.99909024411621,"cluster":4},{"x":370.7222983658246,"y":116.78673908453494,"cluster":4},{"x":328.76120095835313,"y":60.742297342999194,"cluster":4},{"x":370.85153243606925,"y":54.289463079482566,"cluster":4},{"x":336.703417102403,"y":117.79786203835515,"cluster":4},{"x":398.0309775885709,"y":237.42761801635723,"cluster":5},{"x":420.88378547812454,"y":253.10351774316592,"cluster":5},{"x":418.332037584297,"y":227.8466124570803,"cluster":5},{"x":393.3212551584293,"y":271.87124203581936,"cluster":5},{"x":464.9910804407614,"y":207.0696646966801,"cluster":5},{"x":415.4793424190358,"y":215.65987539065824,"cluster":5},{"x":428.42362643388986,"y":260.04080957515174,"cluster":5},{"x":420.382392436608,"y":277.81578932875334,"cluster":5},{"x":435.56331992468284,"y":281.734376049086,"cluster":5},{"x":395.5418778396954,"y":274.0775086370201,"cluster":6},{"x":394.6818498636501,"y":252.95285831894046,"cluster":6},{"x":360.7225987029362,"y":184.99553519790683,"cluster":6},{"x":342.30297455144716,"y":197.47940470996357,"cluster":6},{"x":368.750274887012,"y":212.84727469179668,"cluster":6},{"x":401.28041950965456,"y":260.3111696901373,"cluster":6},{"x":352.0699052094922,"y":225.8563413082782,"cluster":6},{"x":313.8094207011359,"y":208.6836279678347,"cluster":6},{"x":371.3390573307691,"y":234.86402641652114,"cluster":6},{"x":301.8448643212473,"y":163.85007629929936,"cluster":7},{"x":318.3655765027545,"y":205.65343873590015,"cluster":7},{"x":304.235348005885,"y":207.12126461095917,"cluster":7},{"x":323.19546563711594,"y":160.5719288535749,"cluster":7},{"x":268.2439298384454,"y":190.1001680430555,"cluster":7},{"x":277.07713652836514,"y":166.21413898041632,"cluster":7},{"x":287.4991433457309,"y":216.8594664466351,"cluster":7},{"x":304.188430822229,"y":152.20986054893655,"cluster":7},{"x":342.8511646261273,"y":199.81433859812003,"cluster":8},{"x":382.9335982269914,"y":176.19447647642332,"cluster":8},{"x":361.21631316826443,"y":209.08351130154253,"cluster":8},{"x":335.9820857313633,"y":129.05863827913623,"cluster":8},{"x":292.0109712886479,"y":152.15189888090276,"cluster":8},{"x":365.1568482355681,"y":171.6133142574245,"cluster":8},{"x":344.3556685636275,"y":129.4251999722437,"cluster":8},{"x":283.6143698116689,"y":203.62688870224653,"cluster":8},{"x":290.15173607662757,"y":172.50281047839013,"cluster":8},{"x":340.43554992137086,"y":116.16172706808148,"cluster":8}],"num_clusters":9}