{"title":"cluster-n80-c10-r1-s6985181381350594668","map_width":500,"map_height":300,"num_leaves":80,"tree":{"leaf":false,"id":158,"left":{"leaf":false,"id":154,"left":{"leaf":false,"id":151,"left":{"leaf":false,"id":86,"left":{"leaf":false,"id":85,"left":{"leaf":false,"id":84,"left":{"leaf":false,"id":81,"left":{"leaf":false,"id":80,"left":{"leaf":true,"id":4,"label":"4","site_id":4},"right":{"leaf":true,"id":5,"label":"5","site_id":5}},"right":{"leaf":true,"id":3,"label":"3","site_id":3}},"right":{"leaf":true,"id":2,"label":"2","site_id":2}},"right":{"leaf":true,"id":0,"label":"0","site_id":0}},"right":{"leaf":false,"id":83,"left":{"leaf":false,"id":82,"left":{"leaf":true,"id":6,"label":"6","site_id":6},"right":{"leaf":true,"id":1,"label":"1","site_id":1}},"right":{"leaf":true,"id":7,"label":"7","site_id":7}}},"right":{"leaf":false,"id":112,"left":{"leaf":true,"id":37,"label":"37","site_id":37},"right":{"leaf":false,"id":111,"left":{"leaf":false,"id":110,"left":{"leaf":false,"id":109,"left":{"leaf":true,"id":33,"label":"33","site_id":33},"right":{"leaf":true,"id":35,"label":"35","site_id":35}},"right":{"leaf":true,"id":36,"label":"36","site_id":36}},"right":{"leaf":true,"id":34,"label":"34","site_id":34}}}},"right":{"leaf":false,"id":94,"left":{"leaf":false,"id":93,"left":{"leaf":false,"id":91,"left":{"leaf":false,"id":88,"left":{"leaf":true,"id":14,"label":"14","site_id":14},"right":{"leaf":true,"id":10,"label":"10","site_id":10}},"right":{"leaf":false,"id":90,"left":{"leaf":true,"id":9,"label":"9","site_id":9},"right":{"leaf":true,"id":16,"label":"16","site_id":16}}},"right":{"leaf":false,"id":92,"left":{"leaf":true,"id":8,"label":"8","site_id":8},"right":{"leaf":false,"id":89,"left":{"leaf":true,"id":12,"label":"12","site_id":12},"right":{"leaf":false,"id":87,"left":{"leaf":true,"id":13,"label":"13","site_id":13},"right":{"leaf":true,"id":15,"label":"15","site_id":15}}}}},"right":{"leaf":true,"id":11,"label":"11","site_id":11}}},"right":{"leaf":false,"id":157,"left":{"leaf":false,"id":108,"left":{"leaf":false,"id":107,"left":{"leaf":true,"id":31,"label":"31","site_id":31},"right":{"leaf":true,"id":30,"label":"30","site_id":30}},"right":{"leaf":false,"id":106,"left":{"leaf":false,"id":104,"left":{"leaf":true,"id":27,"label":"27","site_id":27},"right":{"leaf":true,"id":28,"label":"28","site_id":28}},"right":{"leaf":false,"id":105,"left":{"leaf":true,"id":32,"label":"32","site_id":32},"right":{"leaf":true,"id":29,"label":"29","site_id":29}}}},"right":{"leaf":false,"id":156,"left":{"leaf":false,"id":153,"left":{"leaf":false,"id":152,"left":{"leaf":false,"id":124,"left":{"leaf":false,"id":121,"left":{"leaf":true,"id":50,"label":"50","site_id":50},"right":{"leaf":true,"id":49,"label":"49","site_id":49}},"right":{"leaf":false,"id":123,"left":{"leaf":true,"id":47,"label":"47","site_id":47},"right":{"leaf":false,"id":122,"left":{"leaf":true,"id":51,"label":"51","site_id":51},"right":{"leaf":true,"id":48,"label":"48","site_id":48}}}},"right":{"leaf":false,"id":131,"left":{"leaf":false,"id":130,"left":{"leaf":false,"id":129,"left":{"leaf":true,"id":53,"label":"53","site_id":53},"right":{"leaf":false,"id":127,"left":{"leaf":false,"id":125,"left":{"leaf":true,"id":57,"label":"57","site_id":57},"right":{"leaf":true,"id":54,"label":"54","site_id":54}},"right":{"leaf":true,"id":59,"label":"59","site_id":59}}},"right":{"leaf":false,"id":126,"left":{"leaf":true,"id":52,"label":"52","site_id":52},"right":{"leaf":true,"id":58,"label":"58","site_id":58}}},"right":{"leaf":false,"id":128,"left":{"leaf":true,"id":55,"label":"55","site_id":55},"right":{"leaf":true,"id":56,"label":"56","site_id":56}}}},"right":{"leaf":false,"id":149,"left":{"leaf":false,"id":138,"left":{"leaf":true,"id":76,"label":"76","site_id":76},"right":{"leaf":false,"id":136,"left":{"leaf":true,"id":71,"label":"71","site_id":71},"right":{"leaf":true,"id":66,"label":"66","site_id":66}}},"right":{"leaf":false,"id":148,"left":{"leaf":true,"id":75,"label":"75","site_id":75},"right":{"leaf":false,"id":147,"left":{"leaf":false,"id":146,"left":{"leaf":false,"id":143,"left":{"leaf":false,"id":141,"left":{"leaf":false,"id":140,"left":{"leaf":true,"id":78,"label":"78","site_id":78},"right":{"leaf":true,"id":68,"label":"68","site_id":68}},"right":{"leaf":true,"id":74,"label":"74","site_id":74}},"right":{"leaf":true,"id":70,"label":"70","site_id":70}},"right":{"leaf":false,"id":142,"left":{"leaf":true,"id":69,"label":"69","site_id":69},"right":{"leaf":false,"id":139,"left":{"leaf":false,"id":137,"left":{"leaf":true,"id":73,"label":"73","site_id":73},"right":{"leaf":true,"id":72,"label":"72","site_id":72}},"right":{"leaf":true,"id":65,"label":"65","site_id":65}}}},"right":{"leaf":false,"id":145,"left":{"leaf":true,"id":79,"label":"79","site_id":79},"right":{"leaf":false,"id":144,"left":{"leaf":true,"id":67,"label":"67","site_id":67},"right":{"leaf":true,"id":77,"label":"77","site_id":77}}}}}}},"right":{"leaf":false,"id":155,"left":{"leaf":false,"id":150,"left":{"leaf":false,"id":135,"left":{"leaf":false,"id":132,"left":{"leaf":true,"id":63,"label":"63","site_id":63},"right":{"leaf":true,"id":61,"label":"61","site_id":61}},"right":{"leaf":false,"id":134,"left":{"leaf":true,"id":62,"label":"62","site_id":62},"right":{"leaf":false,"id":133,"left":{"leaf":true,"id":60,"label":"60","site_id":60},"right":{"leaf":true,"id":64,"label":"64","site_id":64}}}},"right":{"leaf":false,"id":120,"left":{"leaf":false,"id":119,"left":{"leaf":true,"id":44,"label":"44","site_id":44},"right":{"leaf":true,"id":40,"label":"40","site_id":40}},"right":{"leaf":false,"id":118,"left":{"leaf":false,"id":117,"left":{"leaf":false,"id":115,"left":{"leaf":false,"id":114,"left":{"leaf":true,"id":39,"label":"39","site_id":39},"right":{"leaf":true,"id":43,"label":"43","site_id":43}},"right":{"leaf":true,"id":41,"label":"41","site_id":41}},"right":{"leaf":true,"id":45,"label":"45","site_id":45}},"right":{"leaf":false,"id":116,"left":{"leaf":false,"id":113,"left":{"leaf":true,"id":46,"label":"46","site_id":46},"right":{"leaf":true,"id":38,"label":"38","site_id":38}},"right":{"leaf":true,"id":42,"label":"42","site_id":42}}}}},"right":{"leaf":false,"id":103,"left":{"leaf":false,"id":102,"left":{"leaf":false,"id":101,"left":{"leaf":false,"id":98,"left":{"leaf":true,"id":23,"label":"23","site_id":23},"right":{"leaf":true,"id":26,"label":"26","site_id":26}},"right":{"leaf":false,"id":99,"left":{"leaf":true,"id":20,"label":"20","site_id":20},"right":{"leaf":false,"id":96,"left":{"leaf":false,"id":95,"left":{"leaf":true,"id":24,"label":"24","site_id":24},"right":{"leaf":true,"id":18,"label":"18","site_id":18}},"right":{"leaf":true,"id":21,"label":"21","site_id":21}}}},"right":{"leaf":false,"id":100,"left":{"leaf":true,"id":25,"label":"25","site_id":25},"right":{"leaf":true,"id":19,"label":"19","site_id":19}}},"right":{"leaf":false,"id":97,"left":{"leaf":true,"id":22,"label":"22","site_id":22},"right":{"leaf":true,"id":17,"label":"17","site_id":17}}}}}}},"num_sites":80,"sites":[{"x":395.7584568945332,"y":91.29834742283373,"cluster":0},{"x":416.8941102972652,"y":120.59858717735911,"cluster":0},{"x":426.5044557079126,"y":107.98065239776987,"cluster":0},{"x":419.5039559125069,"y":115.20196796798068,"cluster":0},{"x":438.50646667808127,"y":156.75013755905945,"cluster":0},{"x":446.7680212004822,"y":133.24392467900512,"cluster":0},{"x":387.24435068186074,"y":105.14470364092048,"cluster":0},{"x":408.8391476391748,"y":109.32405282338816,"cluster":0},{"x":258.9736912213977,"y":75.23034814211094,"cluster":1},{"x":231.63406687087797,"y":89.48552252986806,"cluster":1},{"x":229.18784036440817,"y":49.37519796958424,"cluster":1},{"x":233.10047170629892,"y":68.17246250651766,"cluster":1},{"x":257.98835549048556,"y":35.86936950087692,"cluster":1},{"x":205.7695296464596,"y":30.87800382900121,"cluster":1},{"x":271.73774814548784,"y":90.70745726402353,"cluster":1},{"x":206.15540456542146,"y":90.56750672777007,"cluster":1},{"x":221.85207651726427,"y":75.65993142197928,"cluster":1},{"x":61.05087860486777,"y":185.77562035209223,"cluster":2},{"x":50.97573244280582,"y":211.90093177904203,"cluster":2},{"x":82.72570954942903,"y":276.45604444778576,"cluster":2},{"x":77.97557303823552,"y":217.8243614234214,"cluster":2},{"x":26.73446617660287,"y":223.30819986885223,"cluster":2},{"x":73.92966133973799,"y":222.55679426293975,"cluster":2},{"x":25.28960700794123,"y":204.8268724801302,"cluster":2},{"x":51.76043022365977,"y":245.7253046956542,"cluster":2},{"x":52.959720770146376,"y":255.53092985462385,"cluster":2},{"x":63.939581736041575,"y":227.35456669637446,"cluster":2},{"x":455.36611423490825,"y":57.44444266724311,"cluster":3},{"x":443.7690019568141,"y":53.11464795349664,"cluster":3},{"x":436.6800670577763,"y":41.85680159227765,"cluster":3},{"x":477.04812030261076,"y":66.8793986380632,"cluster":3},{"x":442.7113797357016,"y":67.52168847546722,"cluster":3},{"x":446.4650415368756,"y":45.58710595390388,"cluster":3},{"x":410.85753175248436,"y":119.23202741008583,"cluster":4},{"x":431.4123940640076,"y":111.92344182781073,"cluster":4},{"x":421.8138802778992,"y":115.05578894794242,"cluster":4},{"x":428.68820519770804,"y":125.05531831404569,"cluster":4},{"x":412.7878584867687,"y":105.93488298602783,"cluster":4},{"x":218.46955295130536,"y":187.00796266381738,"cluster":5},{"x":210.45861532785105,"y":221.27532175514526,"cluster":5},{"x":144.64294531580742,"y":225.04347048171687,"cluster":5},{"x":140.28957724771894,"y":211.18932804571307,"cluster":5},{"x":162.6613316144052,"y":191.18015388129996,"cluster":5},{"x":183.47750816777653,"y":247.3135609124892,"cluster":5},{"x":146.46315183695214,"y":241.36898262693958,"cluster":5},{"x":182.93243723033913,"y":200.0742878056975,"cluster":5},{"x":220.45318502550887,"y":212.59908718696465,"cluster":5},{"x":73.79740293351314,"y":34.221736889841814,"cluster":6},{"x":81.4176869301873,"y":24.436383966046066,"cluster":6},{"x":80.6108497386305,"y":54.70799932136773,"cluster":6},{"x":85.17797914738736,"y":50.53680893629271,"cluster":6},{"x":65.02944502159184,"y":59.54102830609209,"cluster":6},{"x":24.189337669539306,"y":60.08271183581393,"cluster":7},{"x":38.06323607350451,"y":24.43959196075918,"cluster":7},{"x":59.64904318759298,"y":74.90337763717974,"cluster":7},{"x":44.20872925855856,"y":74.12785789551515,"cluster":7},{"x":22.837071106723734,"y":36.86685587216739,"cluster":7},{"x":63.35529376060144,"y":48.469586532818454,"cluster":7},{"x":31.9875887556442,"y":60.54400989805184,"cluster":7},{"x":50.01663871360691,"y":46.77283643220772,"cluster":7},{"x":230.76952182969814,"y":232.56392314885446,"cluster":8},{"x":220.44927629432624,"y":240.99391247732163,"cluster":8},{"x":197.55348794831292,"y":258.01715008011917,"cluster":8},{"x":198.34382841968034,"y":229.95454518483453,"cluster":8},{"x":229.80256625219445,"y":248.52047014194687,"cluster":8},{"x":315.7585622969792,"y":200.75014224608753,"cluster":9},{"x":272.0056586191941,"y":276.0851355402006,"cluster":9},{"x":310.6812785910137,"y":227.56490164506909,"cluster":9},{"x":366.49781261584576,"y":191.68851514868655,"cluster":9},{"x":264.8020804079976,"y":204.61899501284978,"cluster":9},{"x":354.73939833449873,"y":220.5941940356675,"cluster":9},{"x":328.6446034137365,"y":247.49421293719823,"cluster":9},{"x":383.5651317020532,"y":205.47838097320994,"cluster":9},{"x":336.7947918072526,"y":252.50904844468,"cluster":9},{"x":349.22691383317306,"y":236.08827636933592,"cluster":9},{"x":313.1072204624537,"y":190.91234464985638,"cluster":9},{"x":354.6746756108906,"y":233.86395865903876,"cluster":9},{"x":382.29552087993625,"y":277.99280669016196,"cluster":9},{"x":334.4060473990606,"y":280.03481038087045,"cluster":9},{"x":261.5527535499722,"y":195.49875206517663,"cluster":9}],"num_clusters":10}