{"title":"cluster-n70-c9-r5-s-4712436989097447003","map_width":500,"map_height":300,"num_leaves":70,"tree":{"leaf":false,"id":138,"left":{"leaf":false,"id":110,"left":{"leaf":false,"id":109,"left":{"leaf":false,"id":107,"left":{"leaf":false,"id":105,"left":{"leaf":true,"id":43,"label":"43","site_id":43},"right":{"leaf":true,"id":35,"label":"35","site_id":35}},"right":{"leaf":false,"id":104,"left":{"leaf":true,"id":36,"label":"36","site_id":36},"right":{"leaf":false,"id":103,"left":{"leaf":true,"id":38,"label":"38","site_id":38},"right":{"leaf":true,"id":42,"label":"42","site_id":42}}}},"right":{"leaf":true,"id":37,"label":"37","site_id":37}},"right":{"leaf":false,"id":108,"left":{"leaf":false,"id":101,"left":{"leaf":true,"id":39,"label":"39","site_id":39},"right":{"leaf":true,"id":45,"label":"45","site_id":45}},"right":{"leaf":false,"id":106,"left":{"leaf":true,"id":44,"label":"44","site_id":44},"right":{"leaf":false,"id":102,"left":{"leaf":false,"id":100,"left":{"leaf":true,"id":41,"label":"41","site_id":41},"right":{"leaf":true,"id":46,"label":"46","site_id":46}},"right":{"leaf":true,"id":40,"label":"40","site_id":40}}}}},"right":{"leaf":false,"id":137,"left":{"leaf":false,"id":136,"left":{"leaf":false,"id":133,"left":{"leaf":false,"id":75,"left":{"leaf":false,"id":73,"left":{"leaf":true,"id":6,"label":"6","site_id":6},"right":{"leaf":true,"id":5,"label":"5","site_id":5}},"right":{"leaf":false,"id":74,"left":{"leaf":false,"id":70,"left":{"leaf":true,"id":4,"label":"4","site_id":4},"right":{"leaf":true,"id":0,"label":"0","site_id":0}},"right":{"leaf":false,"id":72,"left":{"leaf":false,"id":71,"left":{"leaf":true,"id":2,"label":"2","site_id":2},"right":{"leaf":true,"id":1,"label":"1","site_id":1}},"right":{"leaf":true,"id":3,"label":"3","site_id":3}}}},"right":{"leaf":false,"id":87,"left":{"leaf":false,"id":86,"left":{"leaf":false,"id":85,"left":{"leaf":true,"id":16,"label":"16","site_id":16},"right":{"leaf":true,"id":20,"label":"20","site_id":20}},"right":{"leaf":false,"id":84,"left":{"leaf":true,"id":19,"label":"19","site_id":19},"right":{"leaf":true,"id":17,"label":"17","site_id":17}}},"right":{"leaf":true,"id":18,"label":"18","site_id":18}}},"right":{"leaf":false,"id":135,"left":{"leaf":false,"id":93,"left":{"leaf":false,"id":89,"left":{"leaf":true,"id":26,"label":"26","site_id":26},"right":{"leaf":false,"id":88,"left":{"leaf":true,"id":22,"label":"22","site_id":22},"right":{"leaf":true,"id":27,"label":"27","site_id":27}}},"right":{"leaf":false,"id":92,"left":{"leaf":false,"id":91,"left":{"leaf":true,"id":21,"label":"21","site_id":21},"right":{"leaf":false,"id":90,"left":{"leaf":true,"id":24,"label":"24","site_id":24},"right":{"leaf":true,"id":23,"label":"23","site_id":23}}},"right":{"leaf":true,"id":25,"label":"25","site_id":25}}},"right":{"leaf":false,"id":134,"left":{"leaf":false,"id":116,"left":{"leaf":false,"id":115,"left":{"leaf":false,"id":114,"left":{"leaf":true,"id":50,"label":"50","site_id":50},"right":{"leaf":false,"id":113,"left":{"leaf":true,"id":52,"label":"52","site_id":52},"right":{"leaf":false,"id":112,"left":{"leaf":true,"id":47,"label":"47","site_id":47},"right":{"leaf":true,"id":49,"label":"49","site_id":49}}}},"right":{"leaf":true,"id":51,"label":"51","site_id":51}},"right":{"leaf":false,"id":111,"left":{"leaf":true,"id":53,"label":"53","site_id":53},"right":{"leaf":true,"id":48,"label":"48","site_id":48}}},"right":{"leaf":false,"id":99,"left":{"leaf":false,"id":98,"left":{"leaf":false,"id":97,"left":{"leaf":false,"id":94,"left":{"leaf":true,"id":29,"label":"29","site_id":29},"right":{"leaf":true,"id":34,"label":"34","site_id":34}},"right":{"leaf":true,"id":28,"label":"28","site_id":28}},"right":{"leaf":false,"id":96,"left":{"leaf":true,"id":31,"label":"31","site_id":31},"right":{"leaf":false,"id":95,"left":{"leaf":true,"id":30,"label":"30","site_id":30},"right":{"leaf":true,"id":32,"label":"32","site_id":32}}}},"right":{"leaf":true,"id":33,"label":"33","site_id":33}}}}},"right":{"leaf":false,"id":132,"left":{"leaf":false,"id":124,"left":{"leaf":false,"id":118,"left":{"leaf":false,"id":117,"left":{"leaf":true,"id":54,"label":"54","site_id":54},"right":{"leaf":true,"id":58,"label":"58","site_id":58}},"right":{"leaf":true,"id":60,"label":"60","site_id":60}},"right":{"leaf":false,"id":123,"left":{"leaf":false,"id":122,"left":{"leaf":true,"id":56,"label":"56","site_id":56},"right":{"leaf":false,"id":120,"left":{"leaf":true,"id":61,"label":"61","site_id":61},"right":{"leaf":true,"id":62,"label":"62","site_id":62}}},"right":{"leaf":false,"id":121,"left":{"leaf":true,"id":55,"label":"55","site_id":55},"right":{"leaf":false,"id":119,"left":{"leaf":true,"id":59,"label":"59","site_id":59},"right":{"leaf":true,"id":57,"label":"57","site_id":57}}}}},"right":{"leaf":false,"id":131,"left":{"leaf":false,"id":83,"left":{"leaf":false,"id":82,"left":{"leaf":false,"id":81,"left":{"leaf":true,"id":15,"label":"15","site_id":15},"right":{"leaf":false,"id":78,"left":{"leaf":true,"id":14,"label":"14","site_id":14},"right":{"leaf":true,"id":12,"label":"12","site_id":12}}},"right":{"leaf":false,"id":79,"left":{"leaf":true,"id":8,"label":"8","site_id":8},"right":{"leaf":true,"id":11,"label":"11","site_id":11}}},"right":{"leaf":false,"id":80,"left":{"leaf":false,"id":76,"left":{"leaf":true,"id":7,"label":"7","site_id":7},"right":{"leaf":true,"id":13,"label":"13","site_id":13}},"right":{"leaf":false,"id":77,"left":{"leaf":true,"id":10,"label":"10","site_id":10},"right":{"leaf":true,"id":9,"label":"9","site_id":9}}}},"right":{"leaf":false,"id":130,"left":{"leaf":false,"id":127,"left":{"leaf":false,"id":125,"left":{"leaf":true,"id":63,"label":"63","site_id":63},"right":{"leaf":true,"id":68,"label":"68","site_id":68}},"right":{"leaf":false,"id":126,"left":{"leaf":true,"id":65,"label":"65","site_id":65},"right":{"leaf":true,"id":67,"label":"67","site_id":67}}},"right":{"leaf":false,"id":129,"left":{"leaf":true,"id":64,"label":"64","site_id":64},"right":{"leaf":false,"id":128,"left":{"leaf":true,"id":66,"label":"66","site_id":66},"right":{"leaf":true,"id":69,"label":"69","site_id":69}}}}}}}},"num_sites":70,"sites":[{"x":233.06147769435523,"y":141.23664656975302,"cluster":0},{"x":264.4803803851219,"y":174.57651820096254,"cluster":0},{"x":241.99283083372777,"y":185.9621892524335,"cluster":0},{"x":211.2181097183108,"y":179.47528107020347,"cluster":0},{"x":278.27025062106424,"y":121.9465673018918,"cluster":0},{"x":204.84990128395333,"y":195.2842261504412,"cluster":0},{"x":221.7047625081374,"y":183.5531276093114,"cluster":0},{"x":335.2194547762981,"y":134.61558621222872,"cluster":1},{"x":370.67362664939935,"y":211.78917022610224,"cluster":1},{"x":418.031164629348,"y":143.21651346471276,"cluster":1},{"x":424.3112129118462,"y":140.72772789987602,"cluster":1},{"x":409.1764149116998,"y":136.1696673058599,"cluster":1},{"x":416.0567979419004,"y":160.97601011025267,"cluster":1},{"x":431.5549493131049,"y":130.5182462062414,"cluster":1},{"x":344.3249704000373,"y":202.42163194721076,"cluster":1},{"x":418.63529223166114,"y":189.66202350953026,"cluster":1},{"x":392.72991630495716,"y":47.47289704255872,"cluster":2},{"x":393.74340181691963,"y":27.932418225382474,"cluster":2},{"x":369.5558015815498,"y":62.59053893656156,"cluster":2},{"x":383.83458629036755,"y":75.35913431436964,"cluster":2},{"x":400.5125157516091,"y":65.73876199707748,"cluster":2},{"x":115.44808528503015,"y":20.423893119454995,"cluster":3},{"x":106.84640625878197,"y":76.29838422452308,"cluster":3},{"x":140.2838569705435,"y":84.11413034067795,"cluster":3},{"x":101.45550290575467,"y":29.34419889943718,"cluster":3},{"x":89.70013486037072,"y":26.476977135110936,"cluster":3},{"x":100.61566793602594,"y":87.3254847674985,"cluster":3},{"x":107.37355538885598,"y":83.65302588141054,"cluster":3},{"x":125.94568936711842,"y":236.2444913627513,"cluster":4},{"x":61.765131316029844,"y":229.36953740658234,"cluster":4},{"x":135.37554474909996,"y":225.48369653862986,"cluster":4},{"x":117.14972762156107,"y":238.31195601230738,"cluster":4},{"x":110.76401264351365,"y":233.24097290050088,"cluster":4},{"x":120.92636749607922,"y":227.82028370626435,"cluster":4},{"x":66.64095078299123,"y":219.1026396077553,"cluster":4},{"x":425.1023827946167,"y":205.25408722748946,"cluster":5},{"x":347.43081839236885,"y":185.9990699630258,"cluster":5},{"x":378.5907313093563,"y":244.17275071913025,"cluster":5},{"x":331.6690154632642,"y":151.55539536064302,"cluster":5},{"x":377.2847634623283,"y":144.5345133740123,"cluster":5},{"x":310.38695660080225,"y":180.1923112820094,"cluster":5},{"x":326.1429049287383,"y":187.6845094019776,"cluster":5},{"x":418.3314908385217,"y":156.97242605053123,"cluster":5},{"x":428.2032995275939,"y":176.09994130751724,"cluster":5},{"x":383.3217939895292,"y":198.38461206336493,"cluster":5},{"x":388.16200747601556,"y":141.54074241513044,"cluster":5},{"x":334.09724926405585,"y":211.94686613297068,"cluster":5},{"x":132.69628361801395,"y":189.5458879539858,"cluster":6},{"x":122.26204199858311,"y":198.81347604989793,"cluster":6},{"x":133.9451993683199,"y":197.3847680025933,"cluster":6},{"x":117.12615325068246,"y":180.7776484904079,"cluster":6},{"x":90.0953273401939,"y":197.69352483153662,"cluster":6},{"x":111.00925731702006,"y":213.34865026182086,"cluster":6},{"x":110.7221174073827,"y":194.1654218802966,"cluster":6},{"x":448.8747593393504,"y":88.81460958878645,"cluster":7},{"x":407.8159583383499,"y":51.33168503048849,"cluster":7},{"x":361.57113978981977,"y":52.215464755532544,"cluster":7},{"x":431.0037689657454,"y":27.42453561061033,"cluster":7},{"x":445.26838811202083,"y":53.62315445021001,"cluster":7},{"x":402.62462796104063,"y":81.93862852148837,"cluster":7},{"x":432.1928652285882,"y":67.21759657298344,"cluster":7},{"x":364.56432219322085,"y":95.23769719190243,"cluster":7},{"x":354.7142524919086,"y":75.76461588447363,"cluster":7},{"x":418.4328057605238,"y":104.4536328644408,"cluster":8},{"x":451.9859525756612,"y":118.70536004588288,"cluster":8},{"x":409.2296780682665,"y":122.55360587761155,"cluster":8},{"x":475.75254237153797,"y":131.06025692780403,"cluster":8},{"x":454.80376457663215,"y":108.69062383039484,"cluster":8},{"x":412.3989005228199,"y":101.00347829174152,"cluster":8},{"x":471.06908964889936,"y":161.59683962888778,"cluster":8}],"num_clusters":9}