{"title":"cluster-n100-c12-r9-s-8770588431429725762","map_width":500,"map_height":300,"num_leaves":100,"tree":{"leaf":false,"id":198,"left":{"leaf":false,"id":197,"left":{"leaf":false,"id":196,"left":{"leaf":false,"id":195,"left":{"leaf":false,"id":190,"left":{"leaf":false,"id":106,"left":{"leaf":false,"id":102,"left":{"leaf":true,"id":7,"label":"7","site_id":7},"right":{"leaf":true,"id":4,"label":"4","site_id":4}},"right":{"leaf":false,"id":105,"left":{"leaf":false,"id":104,"left":{"leaf":false,"id":103,"left":{"leaf":false,"id":100,"left":{"leaf":true,"id":6,"label":"6","site_id":6},"right":{"leaf":true,"id":2,"label":"2","site_id":2}},"right":{"leaf":true,"id":5,"label":"5","site_id":5}},"right":{"leaf":true,"id":3,"label":"3","site_id":3}},"right":{"leaf":false,"id":101,"left":{"leaf":true,"id":1,"label":"1","site_id":1},"right":{"leaf":true,"id":0,"label":"0","site_id":0}}}},"right":{"leaf":false,"id":181,"left":{"leaf":false,"id":179,"left":{"leaf":true,"id":91,"label":"91","site_id":91},"right":{"leaf":true,"id":87,"label":"87","site_id":87}},"right":{"leaf":false,"id":180,"left":{"leaf":true,"id":92,"label":"92","site_id":92},"right":{"leaf":false,"id":178,"left":{"leaf":false,"id":177,"left":{"leaf":false,"id":176,"left":{"leaf":false,"id":174,"left":{"leaf":true,"id":90,"label":"90","site_id":90},"right":{"leaf":true,"id":86,"label":"86","site_id":86}},"right":{"leaf":true,"id":89,"label":"89","site_id":89}},"right":{"leaf":false,"id":175,"left":{"leaf":true,"id":88,"label":"88","site_id":88},"right":{"leaf":true,"id":84,"label":"84","site_id":84}}},"right":{"leaf":true,"id":85,"label":"85","site_id":85}}}}},"right":{"leaf":false,"id":193,"left":{"leaf":false,"id":149,"left":{"leaf":false,"id":148,"left":{"leaf":false,"id":147,"left":{"leaf":false,"id":141,"left":{"leaf":true,"id":56,"label":"56","site_id":56},"right":{"leaf":true,"id":51,"label":"51","site_id":51}},"right":{"leaf":false,"id":144,"left":{"leaf":true,"id":49,"label":"49","site_id":49},"right":{"leaf":false,"id":143,"left":{"leaf":false,"id":142,"left":{"leaf":true,"id":47,"label":"47","site_id":47},"right":{"leaf":true,"id":50,"label":"50","site_id":50}},"right":{"leaf":false,"id":140,"left":{"leaf":true,"id":52,"label":"52","site_id":52},"right":{"leaf":false,"id":139,"left":{"leaf":true,"id":48,"label":"48","site_id":48},"right":{"leaf":true,"id":45,"label":"45","site_id":45}}}}}},"right":{"leaf":true,"id":53,"label":"53","site_id":53}},"right":{"leaf":false,"id":146,"left":{"leaf":true,"id":55,"label":"55","site_id":55},"right":{"leaf":false,"id":145,"left":{"leaf":true,"id":54,"label":"54","site_id":54},"right":{"leaf":true,"id":46,"label":"46","site_id":46}}}},"right":{"leaf":false,"id":191,"left":{"leaf":false,"id":128,"left":{"leaf":false,"id":126,"left":{"leaf":true,"id":26,"label":"26","site_id":26},"right":{"leaf":true,"id":23,"label":"23","site_id":23}},"right":{"leaf":false,"id":127,"left":{"leaf":true,"id":30,"label":"30","site_id":30},"right":{"leaf":false,"id":125,"left":{"leaf":true,"id":24,"label":"24","site_id":24},"right":{"leaf":false,"id":124,"left":{"leaf":false,"id":123,"left":{"leaf":false,"id":121,"left":{"leaf":true,"id":31,"label":"31","site_id":31},"right":{"leaf":false,"id":120,"left":{"leaf":true,"id":25,"label":"25","site_id":25},"right":{"leaf":true,"id":29,"label":"29","site_id":29}}},"right":{"leaf":false,"id":122,"left":{"leaf":true,"id":27,"label":"27","site_id":27},"right":{"leaf":true,"id":28,"label":"28","site_id":28}}},"right":{"leaf":true,"id":32,"label":"32","site_id":32}}}}},"right":{"leaf":false,"id":188,"left":{"leaf":false,"id":160,"left":{"leaf":false,"id":153,"left":{"leaf":true,"id":57,"label":"57","site_id":57},"right":{"leaf":true,"id":59,"label":"59","site_id":59}},"right":{"leaf":false,"id":159,"left":{"leaf":false,"id":158,"left":{"leaf":false,"id":154,"left":{"leaf":true,"id":63,"label":"63","site_id":63},"right":{"leaf":true,"id":58,"label":"58","site_id":58}},"right":{"leaf":false,"id":157,"left":{"leaf":false,"id":155,"left":{"leaf":true,"id":68,"label":"68","site_id":68},"right":{"leaf":true,"id":67,"label":"67","site_id":67}},"right":{"leaf":false,"id":152,"left":{"leaf":true,"id":64,"label":"64","site_id":64},"right":{"leaf":false,"id":151,"left":{"leaf":true,"id":61,"label":"61","site_id":61},"right":{"leaf":true,"id":65,"label":"65","site_id":65}}}}},"right":{"leaf":false,"id":156,"left":{"leaf":false,"id":150,"left":{"leaf":true,"id":62,"label":"62","site_id":62},"right":{"leaf":true,"id":66,"label":"66","site_id":66}},"right":{"leaf":true,"id":60,"label":"60","site_id":60}}}},"right":{"leaf":false,"id":165,"left":{"leaf":false,"id":164,"left":{"leaf":false,"id":161,"left":{"leaf":true,"id":74,"label":"74","site_id":74},"right":{"leaf":true,"id":69,"label":"69","site_id":69}},"right":{"leaf":false,"id":162,"left":{"leaf":true,"id":71,"label":"71","site_id":71},"right":{"leaf":true,"id":73,"label":"73","site_id":73}}},"right":{"leaf":false,"id":163,"left":{"leaf":true,"id":72,"label":"72","site_id":72},"right":{"leaf":true,"id":70,"label":"70","site_id":70}}}}}}},"right":{"leaf":false,"id":138,"left":{"leaf":true,"id":42,"label":"42","site_id":42},"right":{"leaf":false,"id":137,"left":{"leaf":true,"id":44,"label":"44","site_id":44},"right":{"leaf":false,"id":136,"left":{"leaf":false,"id":135,"left":{"leaf":true,"id":43,"label":"43","site_id":43},"right":{"leaf":true,"id":41,"label":"41","site_id":41}},"right":{"leaf":true,"id":40,"label":"40","site_id":40}}}}},"right":{"leaf":false,"id":192,"left":{"leaf":false,"id":173,"left":{"leaf":false,"id":171,"left":{"leaf":false,"id":166,"left":{"leaf":true,"id":81,"label":"81","site_id":81},"right":{"leaf":true,"id":78,"label":"78","site_id":78}},"right":{"leaf":false,"id":169,"left":{"leaf":true,"id":82,"label":"82","site_id":82},"right":{"leaf":true,"id":77,"label":"77","site_id":77}}},"right":{"leaf":false,"id":172,"left":{"leaf":false,"id":170,"left":{"leaf":true,"id":75,"label":"75","site_id":75},"right":{"leaf":false,"id":168,"left":{"leaf":false,"id":167,"left":{"leaf":true,"id":83,"label":"83","site_id":83},"right":{"leaf":true,"id":79,"label":"79","site_id":79}},"right":{"leaf":true,"id":80,"label":"80","site_id":80}}},"right":{"leaf":true,"id":76,"label":"76","site_id":76}}},"right":{"leaf":false,"id":111,"left":{"leaf":false,"id":108,"left":{"leaf":true,"id":12,"label":"12","site_id":12},"right":{"leaf":true,"id":9,"label":"9","site_id":9}},"right":{"leaf":false,"id":110,"left":{"leaf":false,"id":109,"left":{"leaf":true,"id":13,"label":"13","site_id":13},"right":{"leaf":false,"id":107,"left":{"leaf":true,"id":11,"label":"11","site_id":11},"right":{"leaf":true,"id":10,"label":"10","site_id":10}}},"right":{"leaf":true,"id":8,"label":"8","site_id":8}}}}},"right":{"leaf":false,"id":194,"left":{"leaf":false,"id":134,"left":{"leaf":false,"id":132,"left":{"leaf":false,"id":131,"left":{"leaf":false,"id":130,"left":{"leaf":true,"id":39,"label":"39","site_id":39},"right":{"leaf":true,"id":37,"label":"37","site_id":37}},"right":{"leaf":false,"id":129,"left":{"leaf":true,"id":36,"label":"36","site_id":36},"right":{"leaf":true,"id":34,"label":"34","site_id":34}}},"right":{"leaf":true,"id":38,"label":"38","site_id":38}},"right":{"leaf":false,"id":133,"left":{"leaf":true,"id":35,"label":"35","site_id":35},"right":{"leaf":true,"id":33,"label":"33","site_id":33}}},"right":{"leaf":false,"id":189,"left":{"leaf":false,"id":119,"left":{"leaf":false,"id":117,"left":{"leaf":false,"id":113,"left":{"leaf":true,"id":19,"label":"19","site_id":19},"right":{"leaf":true,"id":18,"label":"18","site_id":18}},"right":{"leaf":true,"id":15,"label":"15","site_id":15}},"right":{"leaf":false,"id":118,"left":{"leaf":false,"id":114,"left":{"leaf":true,"id":20,"label":"20","site_id":20},"right":{"leaf":true,"id":22,"label":"22","site_id":22}},"right":{"leaf":false,"id":116,"left":{"leaf":false,"id":115,"left":{"leaf":true,"id":14,"label":"14","site_id":14},"right":{"leaf":false,"id":112,"left":{"leaf":true,"id":17,"label":"17","site_id":17},"right":{"leaf":true,"id":21,"label":"21","site_id":21}}},"right":{"leaf":true,"id":16,"label":"16","site_id":16}}}},"right":{"leaf":false,"id":187,"left":{"leaf":false,"id":186,"left":{"leaf":false,"id":185,"left":{"leaf":true,"id":98,"label":"98","site_id":98},"right":{"leaf":false,"id":184,"left":{"leaf":false,"id":183,"left":{"leaf":true,"id":95,"label":"95","site_id":95},"right":{"leaf":false,"id":182,"left":{"leaf":true,"id":94,"label":"94","site_id":94},"right":{"leaf":true,"id":99,"label":"99","site_id":99}}},"right":{"leaf":true,"id":96,"label":"96","site_id":96}}},"right":{"leaf":true,"id":93,"label":"93","site_id":93}},"right":{"leaf":true,"id":97,"label":"97","site_id":97}}}}},"num_sites":100,"sites":[{"x":128.1755795709707,"y":213.02350802516634,"cluster":0},{"x":116.12282534129494,"y":248.3851772197084,"cluster":0},{"x":143.2072031007453,"y":257.80573984934296,"cluster":0},{"x":139.34049224799165,"y":253.47329594438247,"cluster":0},{"x":107.78309311095569,"y":214.07518683944193,"cluster":0},{"x":123.47538482850163,"y":257.8406597948354,"cluster":0},{"x":132.53223207528904,"y":263.9385201670573,"cluster":0},{"x":107.15074874863926,"y":245.80518927139735,"cluster":0},{"x":167.36287858865808,"y":89.03065345150279,"cluster":1},{"x":195.10830011709518,"y":73.54638391131637,"cluster":1},{"x":200.80034290695497,"y":50.966476415162184,"cluster":1},{"x":198.95378835304822,"y":56.77960647290511,"cluster":1},{"x":190.73609817980895,"y":68.97541243883333,"cluster":1},{"x":181.31345568926113,"y":52.85537619635859,"cluster":1},{"x":146.72691735155772,"y":112.10874793270798,"cluster":2},{"x":137.08002854383528,"y":176.95278041220556,"cluster":2},{"x":172.2761394791227,"y":133.84306854871397,"cluster":2},{"x":151.86367402268735,"y":132.1475700255157,"cluster":2},{"x":171.70116685203092,"y":150.2369040117315,"cluster":2},{"x":182.32909377378797,"y":174.12782081981578,"cluster":2},{"x":186.30525639884962,"y":150.00209550311166,"cluster":2},{"x":133.12209165928496,"y":163.86557103139037,"cluster":2},{"x":194.57852287914938,"y":114.5452971015646,"cluster":2},{"x":343.21314843599015,"y":122.33915298258134,"cluster":3},{"x":370.44335424066423,"y":72.27588802194292,"cluster":3},{"x":335.64200775215807,"y":50.96908834877278,"cluster":3},{"x":337.14590074160145,"y":116.4086095881557,"cluster":3},{"x":349.20018925794415,"y":71.93802018200704,"cluster":3},{"x":369.8210585889692,"y":53.003259944005634,"cluster":3},{"x":352.730322588319,"y":47.44305681341146,"cluster":3},{"x":341.96789514680984,"y":60.274801410775495,"cluster":3},{"x":359.87535490096724,"y":47.67538846478114,"cluster":3},{"x":377.15016317947027,"y":50.696888890512604,"cluster":3},{"x":360.12641582591647,"y":132.79287727554538,"cluster":4},{"x":371.19200827803456,"y":168.831714076741,"cluster":4},{"x":346.4459376421281,"y":138.46295523521576,"cluster":4},{"x":379.1299767902405,"y":178.91926179270723,"cluster":4},{"x":372.64825122270514,"y":185.33822210545873,"cluster":4},{"x":339.88758983343274,"y":150.2473727755229,"cluster":4},{"x":342.58068167275377,"y":157.87838026888383,"cluster":4},{"x":193.56206614764403,"y":109.6554108469965,"cluster":5},{"x":203.13264409533954,"y":114.70108124778251,"cluster":5},{"x":184.2987714320439,"y":145.54584925978352,"cluster":5},{"x":202.50272008693761,"y":123.78052254890777,"cluster":5},{"x":201.43522408213462,"y":143.56061135225656,"cluster":5},{"x":224.20579751847598,"y":85.66524157762805,"cluster":6},{"x":180.06829310164807,"y":82.23882161368046,"cluster":6},{"x":238.9157761592073,"y":87.11460059701905,"cluster":6},{"x":201.81106495386163,"y":81.95822524303104,"cluster":6},{"x":197.49037536309078,"y":105.99499955337033,"cluster":6},{"x":253.4275430026927,"y":84.99782311441491,"cluster":6},{"x":259.36563544069804,"y":72.59947181894725,"cluster":6},{"x":218.69468624582905,"y":86.0302227235458,"cluster":6},{"x":175.93063258681303,"y":114.60348251757975,"cluster":6},{"x":177.1684058107201,"y":75.74009940648074,"cluster":6},{"x":214.88158039591542,"y":98.31654327021909,"cluster":6},{"x":213.14346766761133,"y":46.67868388407138,"cluster":6},{"x":148.54459557151495,"y":80.97768566682143,"cluster":7},{"x":162.43971206789112,"y":99.19351135052369,"cluster":7},{"x":151.26917602587028,"y":99.9054224505046,"cluster":7},{"x":221.26838806376915,"y":111.1251139224161,"cluster":7},{"x":142.98545541487374,"y":92.45880632338995,"cluster":7},{"x":232.14131522001927,"y":130.55010520026872,"cluster":7},{"x":200.22066651420286,"y":57.23917043998625,"cluster":7},{"x":162.9622172578034,"y":58.42862023345248,"cluster":7},{"x":207.129854198752,"y":36.06778217831453,"cluster":7},{"x":219.17781522203438,"y":90.8903456490055,"cluster":7},{"x":221.33976099855462,"y":38.722236259224644,"cluster":7},{"x":237.98104855486292,"y":48.11061939972905,"cluster":7},{"x":279.40260855919826,"y":131.6082510075604,"cluster":8},{"x":278.5700451334803,"y":101.8280708697969,"cluster":8},{"x":287.2172802914874,"y":110.96080236200925,"cluster":8},{"x":300.21612762076927,"y":110.08144646500271,"cluster":8},{"x":284.6280957834057,"y":101.99906860069403,"cluster":8},{"x":283.0264995074062,"y":123.76069672608648,"cluster":8},{"x":43.82329401867491,"y":92.64639225662148,"cluster":9},{"x":77.65539879889556,"y":72.58894760975078,"cluster":9},{"x":60.00884392067024,"y":76.30840117505387,"cluster":9},{"x":44.35416681782472,"y":78.6376222297617,"cluster":9},{"x":88.9935267066339,"y":30.049742270452416,"cluster":9},{"x":68.87308297012594,"y":62.5770356507934,"cluster":9},{"x":27.203719383513775,"y":47.1383046011263,"cluster":9},{"x":21.685122960807107,"y":84.7389891305391,"cluster":9},{"x":92.08092628844054,"y":49.797216684055165,"cluster":9},{"x":163.75654847102794,"y":177.817765796353,"cluster":10},{"x":170.41958581688095,"y":192.7293776073468,"cluster":10},{"x":131.7853307485833,"y":176.33882445958253,"cluster":10},{"x":166.92322306721204,"y":239.65533112822635,"cluster":10},{"x":158.4608750289025,"y":224.75180032853171,"cluster":10},{"x":108.48580658069814,"y":191.91073374405568,"cluster":10},{"x":117.57147614780638,"y":187.29961188569678,"cluster":10},{"x":144.47408840826327,"y":242.93371681694882,"cluster":10},{"x":112.04669185296163,"y":220.06429858662074,"cluster":10},{"x":243.41203259440937,"y":142.10666075141253,"cluster":11},{"x":210.08883893531726,"y":140.27644227616645,"cluster":11},{"x":235.06301121343284,"y":144.24205100997364,"cluster":11},{"x":199.29084775627518,"y":133.78049303370642,"cluster":11},{"x":243.01939658154893,"y":156.4142069055058,"cluster":11},{"x":189.05710166637854,"y":111.99684370338542,"cluster":11},{"x":201.42586727314517,"y":146.90479780969173,"cluster":11}],"num_clusters":12}