{"title":"cluster-n30-c5-r6-s-1584659488442237911","map_width":500,"map_height":300,"num_leaves":30,"tree":{"leaf":false,"id":58,"left":{"leaf":false,"id":48,"left":{"leaf":false,"id":44,"left":{"leaf":true,"id":19,"label":"19","site_id":19},"right":{"leaf":false,"id":43,"left":{"leaf":true,"id":17,"label":"17","site_id":17},"right":{"leaf":true,"id":16,"label":"16","site_id":16}}},"right":{"leaf":false,"id":47,"left":{"leaf":true,"id":15,"label":"15","site_id":15},"right":{"leaf":false,"id":46,"left":{"leaf":false,"id":45,"left":{"leaf":false,"id":42,"left":{"leaf":true,"id":18,"label":"18","site_id":18},"right":{"leaf":true,"id":21,"label":"21","site_id":21}},"right":{"leaf":true,"id":22,"label":"22","site_id":22}},"right":{"leaf":false,"id":41,"left":{"leaf":true,"id":14,"label":"14","site_id":14},"right":{"leaf":true,"id":20,"label":"20","site_id":20}}}}},"right":{"leaf":false,"id":57,"left":{"leaf":false,"id":56,"left":{"leaf":false,"id":55,"left":{"leaf":false,"id":38,"left":{"leaf":true,"id":9,"label":"9","site_id":9},"right":{"leaf":false,"id":37,"left":{"leaf":false,"id":36,"left":{"leaf":true,"id":8,"label":"8","site_id":8},"right":{"leaf":true,"id":7,"label":"7","site_id":7}},"right":{"leaf":true,"id":10,"label":"10","site_id":10}}},"right":{"leaf":false,"id":35,"left":{"leaf":false,"id":33,"left":{"leaf":false,"id":31,"left":{"leaf":false,"id":30,"left":{"leaf":true,"id":4,"label":"4","site_id":4},"right":{"leaf":true,"id":3,"label":"3","site_id":3}},"right":{"leaf":true,"id":6,"label":"6","site_id":6}},"right":{"leaf":false,"id":32,"left":{"leaf":true,"id":0,"label":"0","site_id":0},"right":{"leaf":true,"id":5,"label":"5","site_id":5}}},"right":{"leaf":false,"id":34,"left":{"leaf":true,"id":2,"label":"2","site_id":2},"right":{"leaf":true,"id":1,"label":"1","site_id":1}}}},"right":{"leaf":false,"id":54,"left":{"leaf":true,"id":25,"label":"25","site_id":25},"right":{"leaf":false,"id":53,"left":{"leaf":false,"id":52,"left":{"leaf":true,"id":24,"label":"24","site_id":24},"right":{"leaf":true,"id":26,"label":"26","site_id":26}},"right":{"leaf":false,"id":51,"left":{"leaf":true,"id":29,"label":"29","site_id":29},"right":{"leaf":false,"id":50,"left":{"leaf":false,"id":49,"left":{"leaf":true,"id":28,"label":"28","site_id":28},"right":{"leaf":true,"id":27,"label":"27","site_id":27}},"right":{"leaf":true,"id":23,"label":"23","site_id":23}}}}}},"right":{"leaf":false,"id":40,"left":{"leaf":false,"id":39,"left":{"leaf":true,"id":11,"label":"11","site_id":11},"right":{"leaf":true,"id":13,"label":"13","site_id":13}},"right":{"leaf":true,"id":12,"label":"12","site_id":12}}}},"num_sites":30,"sites":[{"x":180.83788812478184,"y":198.2022399286632,"cluster":0},{"x":327.8796014504369,"y":111.443659360151,"cluster":0},{"x":276.2928440658644,"y":238.8775280541407,"cluster":0},{"x":185.00001727788282,"y":139.30884811889422,"cluster":0},{"x":244.82323620282193,"y":193.54261407350754,"cluster":0},{"x":342.27473244221017,"y":159.58465749899514,"cluster":0},{"x":252.63186822578982,"y":183.96227678547362,"cluster":0},{"x":219.62102774951086,"y":214.11333734156023,"cluster":1},{"x":191.75880830933045,"y":221.05496489473617,"cluster":1},{"x":149.54067244218064,"y":212.08231698282412,"cluster":1},{"x":153.9111156311915,"y":188.57585000130308,"cluster":1},{"x":189.0442125567081,"y":282.95419378584825,"cluster":2},{"x":167.4397729891013,"y":245.76791271931452,"cluster":2},{"x":194.14098139233926,"y":274.6388667119633,"cluster":2},{"x":248.1489875549272,"y":119.38145202426875,"cluster":3},{"x":72.23816561688797,"y":82.39949756235843,"cluster":3},{"x":85.95837608239347,"y":91.08067989968632,"cluster":3},{"x":80.2234979716772,"y":67.64383450682601,"cluster":3},{"x":197.507680133858,"y":167.7028179657256,"cluster":3},{"x":197.51457472858098,"y":43.24039546737673,"cluster":3},{"x":169.6660099099141,"y":50.4093152889156,"cluster":3},{"x":251.57553418112963,"y":48.18641807403236,"cluster":3},{"x":248.502137846658,"y":43.47049196556139,"cluster":3},{"x":159.29221517727396,"y":188.4684111821491,"cluster":4},{"x":221.68877370608013,"y":48.08049595190512,"cluster":4},{"x":253.04489274517573,"y":222.5729211940016,"cluster":4},{"x":196.05262966622283,"y":53.37653270843961,"cluster":4},{"x":230.5374574237063,"y":96.2437718135204,"cluster":4},{"x":233.22669664531534,"y":122.40665810927325,"cluster":4},{"x":141.58656659760152,"y":102.3402509955381,"cluster":4}],"num_clusters":5}