{"title":"cluster-n70-c9-r1-s7940706736296736590","map_width":500,"map_height":300,"num_leaves":70,"tree":{"leaf":false,"id":138,"left":{"leaf":false,"id":137,"left":{"leaf":false,"id":133,"left":{"leaf":false,"id":124,"left":{"leaf":false,"id":122,"left":{"leaf":false,"id":119,"left":{"leaf":true,"id":62,"label":"62","site_id":62},"right":{"leaf":false,"id":117,"left":{"leaf":true,"id":59,"label":"59","site_id":59},"right":{"leaf":true,"id":54,"label":"54","site_id":54}}},"right":{"leaf":true,"id":60,"label":"60","site_id":60}},"right":{"leaf":false,"id":123,"left":{"leaf":false,"id":121,"left":{"leaf":false,"id":118,"left":{"leaf":true,"id":61,"label":"61","site_id":61},"right":{"leaf":true,"id":57,"label":"57","site_id":57}},"right":{"leaf":false,"id":120,"left":{"leaf":true,"id":56,"label":"56","site_id":56},"right":{"leaf":true,"id":58,"label":"58","site_id":58}}},"right":{"leaf":true,"id":55,"label":"55","site_id":55}}},"right":{"leaf":false,"id":132,"left":{"leaf":false,"id":106,"left":{"leaf":true,"id":40,"label":"40","site_id":40},"right":{"leaf":false,"id":105,"left":{"leaf":true,"id":38,"label":"38","site_id":38},"right":{"leaf":false,"id":104,"left":{"leaf":false,"id":103,"left":{"leaf":false,"id":102,"left":{"leaf":false,"id":101,"left":{"leaf":true,"id":37,"label":"37","site_id":37},"right":{"leaf":true,"id":35,"label":"35","site_id":35}},"right":{"leaf":true,"id":41,"label":"41","site_id":41}},"right":{"leaf":true,"id":39,"label":"39","site_id":39}},"right":{"leaf":true,"id":36,"label":"36","site_id":36}}}},"right":{"leaf":false,"id":130,"left":{"leaf":false,"id":129,"left":{"leaf":false,"id":125,"left":{"leaf":true,"id":65,"label":"65","site_id":65},"right":{"leaf":true,"id":66,"label":"66","site_id":66}},"right":{"leaf":false,"id":128,"left":{"leaf":false,"id":127,"left":{"leaf":true,"id":64,"label":"64","site_id":64},"right":{"leaf":true,"id":69,"label":"69","site_id":69}},"right":{"leaf":true,"id":67,"label":"67","site_id":67}}},"right":{"leaf":false,"id":126,"left":{"leaf":true,"id":68,"label":"68","site_id":68},"right":{"leaf":true,"id":63,"label":"63","site_id":63}}}}},"right":{"leaf":false,"id":136,"left":{"leaf":false,"id":100,"left":{"leaf":false,"id":99,"left":{"leaf":false,"id":98,"left":{"leaf":false,"id":97,"left":{"leaf":true,"id":34,"label":"34","site_id":34},"right":{"leaf":true,"id":33,"label":"33","site_id":33}},"right":{"leaf":true,"id":32,"label":"32","site_id":32}},"right":{"leaf":true,"id":28,"label":"28","site_id":28}},"right":{"leaf":false,"id":96,"left":{"leaf":false,"id":95,"left":{"leaf":true,"id":29,"label":"29","site_id":29},"right":{"leaf":true,"id":31,"label":"31","site_id":31}},"right":{"leaf":true,"id":30,"label":"30","site_id":30}}},"right":{"leaf":false,"id":134,"left":{"leaf":false,"id":109,"left":{"leaf":false,"id":108,"left":{"leaf":false,"id":107,"left":{"leaf":true,"id":45,"label":"45","site_id":45},"right":{"leaf":true,"id":43,"label":"43","site_id":43}},"right":{"leaf":true,"id":42,"label":"42","site_id":42}},"right":{"leaf":true,"id":44,"label":"44","site_id":44}},"right":{"leaf":false,"id":131,"left":{"leaf":false,"id":116,"left":{"leaf":false,"id":115,"left":{"leaf":false,"id":112,"left":{"leaf":true,"id":50,"label":"50","site_id":50},"right":{"leaf":true,"id":49,"label":"49","site_id":49}},"right":{"leaf":false,"id":110,"left":{"leaf":true,"id":51,"label":"51","site_id":51},"right":{"leaf":true,"id":48,"label":"48","site_id":48}}},"right":{"leaf":false,"id":114,"left":{"leaf":true,"id":46,"label":"46","site_id":46},"right":{"leaf":false,"id":113,"left":{"leaf":false,"id":111,"left":{"leaf":true,"id":53,"label":"53","site_id":53},"right":{"leaf":true,"id":52,"label":"52","site_id":52}},"right":{"leaf":true,"id":47,"label":"47","site_id":47}}}},"right":{"leaf":false,"id":86,"left":{"leaf":false,"id":84,"left":{"leaf":false,"id":83,"left":{"leaf":false,"id":79,"left":{"leaf":true,"id":18,"label":"18","site_id":18},"right":{"leaf":true,"id":10,"label":"10","site_id":10}},"right":{"leaf":false,"id":82,"left":{"leaf":false,"id":80,"left":{"leaf":true,"id":13,"label":"13","site_id":13},"right":{"leaf":true,"id":12,"label":"12","site_id":12}},"right":{"leaf":false,"id":81,"left":{"leaf":true,"id":14,"label":"14","site_id":14},"right":{"leaf":true,"id":17,"label":"17","site_id":17}}}},"right":{"leaf":true,"id":15,"label":"15","site_id":15}},"right":{"leaf":false,"id":85,"left":{"leaf":true,"id":16,"label":"16","site_id":16},"right":{"leaf":true,"id":11,"label":"11","site_id":11}}}}}}},"right":{"leaf":false,"id":135,"left":{"leaf":false,"id":94,"left":{"leaf":false,"id":93,"left":{"leaf":false,"id":87,"left":{"leaf":true,"id":19,"label":"19","site_id":19},"right":{"leaf":true,"id":20,"label":"20","site_id":20}},"right":{"leaf":false,"id":90,"left":{"leaf":false,"id":88,"left":{"leaf":true,"id":21,"label":"21","site_id":21},"right":{"leaf":true,"id":27,"label":"27","site_id":27}},"right":{"leaf":true,"id":22,"label":"22","site_id":22}}},"right":{"leaf":false,"id":92,"left":{"leaf":true,"id":23,"label":"23","site_id":23},"right":{"leaf":false,"id":91,"left":{"leaf":true,"id":26,"label":"26","site_id":26},"right":{"leaf":false,"id":89,"left":{"leaf":true,"id":24,"label":"24","site_id":24},"right":{"leaf":true,"id":25,"label":"25","site_id":25}}}}},"right":{"leaf":false,"id":78,"left":{"leaf":true,"id":7,"label":"7","site_id":7},"right":{"leaf":false,"id":77,"left":{"leaf":false,"id":76,"left":{"leaf":false,"id":75,"left":{"leaf":false,"id":72,"left":{"leaf":true,"id":0,"label":"0","site_id":0},"right":{"leaf":true,"id":1,"label":"1","site_id":1}},"right":{"leaf":false,"id":73,"left":{"leaf":false,"id":70,"left":{"leaf":true,"id":3,"label":"3","site_id":3},"right":{"leaf":true,"id":8,"label":"8","site_id":8}},"right":{"leaf":true,"id":4,"label":"4","site_id":4}}},"right":{"leaf":true,"id":2,"label":"2","site_id":2}},"right":{"leaf":false,"id":74,"left":{"leaf":true,"id":6,"label":"6","site_id":6},"right":{"leaf":false,"id":71,"left":{"leaf":true,"id":5,"label":"5","site_id":5},"right":{"leaf":true,"id":9,"label":"9","site_id":9}}}}}}},"num_sites":70,"sites":[{"x":32.23433748494602,"y":219.24271573423857,"cluster":0},{"x":110.27702590049644,"y":213.64452745785675,"cluster":0},{"x":101.77625815732094,"y":231.0468935661399,"cluster":0},{"x":93.26076731239019,"y":131.85690106788581,"cluster":0},{"x":84.80950786593573,"y":159.58121941135633,"cluster":0},{"x":93.98375451264675,"y":232.41470540499432,"cluster":0},{"x":39.689611109971835,"y":167.90373509410145,"cluster":0},{"x":138.8506569718827,"y":204.45743159680296,"cluster":0},{"x":106.08402576174413,"y":149.36792020726654,"cluster":0},{"x":74.03890832481015,"y":158.6341441870741,"cluster":0},{"x":392.47668551574924,"y":91.79840259066927,"cluster":1},{"x":410.1209070813011,"y":71.67432435270939,"cluster":1},{"x":434.0838891664905,"y":127.22478664453651,"cluster":1},{"x":344.1801921278196,"y":92.99021648325811,"cluster":1},{"x":350.3567519280007,"y":117.40892132867363,"cluster":1},{"x":420.3673089208686,"y":98.8381850800154,"cluster":1},{"x":351.2545322393278,"y":108.35197003424909,"cluster":1},{"x":381.9286988026614,"y":131.39505092784717,"cluster":1},{"x":355.7895244121171,"y":142.9322197007584,"cluster":1},{"x":383.3161516324884,"y":35.02496021545821,"cluster":2},{"x":406.37079951657876,"y":70.82604863651993,"cluster":2},{"x":367.01275385487986,"y":30.483874278609473,"cluster":2},{"x":384.77452459377236,"y":47.729415968295044,"cluster":2},{"x":419.8932220694217,"y":34.40160934086667,"cluster":2},{"x":395.0065146004577,"y":81.43954220178657,"cluster":2},{"x":407.92417005591653,"y":27.47939671747342,"cluster":2},{"x":409.149788721778,"y":33.34721697259178,"cluster":2},{"x":368.9218020046974,"y":22.625265300720496,"cluster":2},{"x":30.748331737759507,"y":225.2405022160332,"cluster":3},{"x":61.06746994014338,"y":259.7120487168286,"cluster":3},{"x":82.26975018255126,"y":279.4069258991795,"cluster":3},{"x":52.98929925657176,"y":234.46927228029432,"cluster":3},{"x":63.37902358556008,"y":277.03556675711445,"cluster":3},{"x":88.81598519702072,"y":238.75257284372003,"cluster":3},{"x":66.26490929793961,"y":284.88598396892417,"cluster":3},{"x":395.9400252274318,"y":230.65436097682266,"cluster":4},{"x":422.11805058862853,"y":203.48033611979363,"cluster":4},{"x":383.6246385993906,"y":201.92793932469496,"cluster":4},{"x":432.1826220248718,"y":192.52085606053302,"cluster":4},{"x":433.3065893586842,"y":235.82695760856598,"cluster":4},{"x":431.5505130257998,"y":220.90463284826035,"cluster":4},{"x":443.3388387298011,"y":180.66493392759284,"cluster":4},{"x":285.8150812034371,"y":107.26326713203551,"cluster":5},{"x":299.1445806812148,"y":113.48374366126676,"cluster":5},{"x":291.86144123298845,"y":99.47643743156357,"cluster":5},{"x":300.64159992995513,"y":84.62815716896067,"cluster":5},{"x":297.89647685301406,"y":235.59664018505504,"cluster":6},{"x":294.0179805671257,"y":260.744782966533,"cluster":6},{"x":282.9992336332546,"y":265.01335826388976,"cluster":6},{"x":259.3343894460107,"y":193.77546328604774,"cluster":6},{"x":255.06063139289176,"y":212.42128235396984,"cluster":6},{"x":269.2507916878535,"y":269.11075397524934,"cluster":6},{"x":331.61088718238767,"y":235.88385888397113,"cluster":6},{"x":300.7890573101147,"y":193.3908242399924,"cluster":6},{"x":311.3412547873184,"y":201.1880942814004,"cluster":7},{"x":351.3715550486596,"y":260.48608435809473,"cluster":7},{"x":349.2179502193453,"y":255.70407102890331,"cluster":7},{"x":325.3770341240084,"y":264.7966477151208,"cluster":7},{"x":309.7383098940585,"y":238.9155615205719,"cluster":7},{"x":327.9455628460878,"y":230.8981090052837,"cluster":7},{"x":346.4257676082553,"y":283.3884587822665,"cluster":7},{"x":326.24712383597995,"y":273.2943439127321,"cluster":7},{"x":285.2205953810068,"y":220.39716369424488,"cluster":7},{"x":336.7148563201744,"y":266.75777635285374,"cluster":8},{"x":328.8620132014813,"y":265.9290593021554,"cluster":8},{"x":380.0770825052147,"y":230.91322077818688,"cluster":8},{"x":399.3964594333471,"y":274.1434554861194,"cluster":8},{"x":402.1977140599264,"y":280.9713652053207,"cluster":8},{"x":364.491740827918,"y":266.5757265858441,"cluster":8},{"x":326.1196982422815,"y":218.9137826134352,"cluster":8}],"num_clusters":9}