{"title":"cluster-n55-c7-r2-s8726572470186071490","map_width":500,"map_height":300,"num_leaves":55,"tree":{"leaf":false,"id":108,"left":{"leaf":false,"id":107,"left":{"leaf":false,"id":104,"left":{"leaf":false,"id":65,"left":{"leaf":false,"id":61,"left":{"leaf":true,"id":9,"label":"9","site_id":9},"right":{"leaf":false,"id":60,"left":{"leaf":false,"id":59,"left":{"leaf":false,"id":58,"left":{"leaf":false,"id":56,"left":{"leaf":true,"id":6,"label":"6","site_id":6},"right":{"leaf":true,"id":11,"label":"11","site_id":11}},"right":{"leaf":true,"id":8,"label":"8","site_id":8}},"right":{"leaf":false,"id":57,"left":{"leaf":true,"id":5,"label":"5","site_id":5},"right":{"leaf":true,"id":1,"label":"1","site_id":1}}},"right":{"leaf":true,"id":10,"label":"10","site_id":10}}},"right":{"leaf":false,"id":64,"left":{"leaf":true,"id":3,"label":"3","site_id":3},"right":{"leaf":false,"id":63,"left":{"leaf":false,"id":55,"left":{"leaf":true,"id":0,"label":"0","site_id":0},"right":{"leaf":true,"id":4,"label":"4","site_id":4}},"right":{"leaf":false,"id":62,"left":{"leaf":true,"id":2,"label":"2","site_id":2},"right":{"leaf":true,"id":7,"label":"7","site_id":7}}}}},"right":{"leaf":false,"id":103,"left":{"leaf":false,"id":78,"left":{"leaf":false,"id":76,"left":{"leaf":false,"id":74,"left":{"leaf":false,"id":73,"left":{"leaf":true,"id":25,"label":"25","site_id":25},"right":{"leaf":true,"id":22,"label":"22","site_id":22}},"right":{"leaf":true,"id":18,"label":"18","site_id":18}},"right":{"leaf":true,"id":21,"label":"21","site_id":21}},"right":{"leaf":false,"id":77,"left":{"leaf":true,"id":23,"label":"23","site_id":23},"right":{"leaf":false,"id":75,"left":{"leaf":false,"id":72,"left":{"leaf":false,"id":71,"left":{"leaf":true,"id":19,"label":"19","site_id":19},"right":{"leaf":true,"id":26,"label":"26","site_id":26}},"right":{"leaf":true,"id":20,"label":"20","site_id":20}},"right":{"leaf":true,"id":24,"label":"24","site_id":24}}}},"right":{"leaf":false,"id":80,"left":{"leaf":false,"id":79,"left":{"leaf":true,"id":28,"label":"28","site_id":28},"right":{"leaf":true,"id":27,"label":"27","site_id":27}},"right":{"leaf":true,"id":29,"label":"29","site_id":29}}}},"right":{"leaf":false,"id":105,"left":{"leaf":false,"id":102,"left":{"leaf":false,"id":96,"left":{"leaf":true,"id":46,"label":"46","site_id":46},"right":{"leaf":true,"id":54,"label":"54","site_id":54}},"right":{"leaf":false,"id":101,"left":{"leaf":false,"id":100,"left":{"leaf":false,"id":98,"left":{"leaf":false,"id":97,"left":{"leaf":true,"id":53,"label":"53","site_id":53},"right":{"leaf":true,"id":51,"label":"51","site_id":51}},"right":{"leaf":true,"id":49,"label":"49","site_id":49}},"right":{"leaf":true,"id":48,"label":"48","site_id":48}},"right":{"leaf":false,"id":99,"left":{"leaf":false,"id":95,"left":{"leaf":true,"id":52,"label":"52","site_id":52},"right":{"leaf":true,"id":47,"label":"47","site_id":47}},"right":{"leaf":true,"id":50,"label":"50","site_id":50}}}},"right":{"leaf":false,"id":94,"left":{"leaf":false,"id":93,"left":{"leaf":true,"id":43,"label":"43","site_id":43},"right":{"leaf":false,"id":92,"left":{"leaf":false,"id":87,"left":{"leaf":true,"id":40,"label":"40","site_id":40},"right":{"leaf":true,"id":41,"label":"41","site_id":41}},"right":{"leaf":false,"id":91,"left":{"leaf":false,"id":86,"left":{"leaf":true,"id":44,"label":"44","site_id":44},"right":{"leaf":true,"id":37,"label":"37","site_id":37}},"right":{"leaf":false,"id":88,"left":{"leaf":true,"id":38,"label":"38","site_id":38},"right":{"leaf":true,"id":36,"label":"36","site_id":36}}}}},"right":{"leaf":false,"id":90,"left":{"leaf":false,"id":89,"left":{"leaf":true,"id":39,"label":"39","site_id":39},"right":{"leaf":true,"id":45,"label":"45","site_id":45}},"right":{"leaf":true,"id":42,"label":"42","site_id":42}}}}},"right":{"leaf":false,"id":106,"left":{"leaf":false,"id":70,"left":{"leaf":false,"id":69,"left":{"leaf":true,"id":15,"label":"15","site_id":15},"right":{"leaf":false,"id":68,"left":{"leaf":true,"id":12,"label":"12","site_id":12},"right":{"leaf":true,"id":13,"label":"13","site_id":13}}},"right":{"leaf":false,"id":67,"left":{"leaf":false,"id":66,"left":{"leaf":true,"id":16,"label":"16","site_id":16},"right":{"leaf":true,"id":14,"label":"14","site_id":14}},"right":{"leaf":true,"id":17,"label":"17","site_id":17}}},"right":{"leaf":false,"id":85,"left":{"leaf":false,"id":84,"left":{"leaf":false,"id":82,"left":{"leaf":false,"id":81,"left":{"leaf":true,"id":32,"label":"32","site_id":32},"right":{"leaf":true,"id":35,"label":"35","site_id":35}},"right":{"leaf":true,"id":31,"label":"31","site_id":31}},"right":{"leaf":false,"id":83,"left":{"leaf":true,"id":34,"label":"34","site_id":34},"right":{"leaf":true,"id":33,"label":"33","site_id":33}}},"right":{"leaf":true,"id":30,"label":"30","site_id":30}}}},"num_sites":55,"sites":[{"x":261.02469194087786,"y":135.18049314823995,"cluster":0},{"x":386.49216005598515,"y":167.9574796305594,"cluster":0},{"x":355.47108762667506,"y":239.22579415983915,"cluster":0},{"x":254.74842686649941,"y":264.5905657305752,"cluster":0},{"x":261.18040136513514,"y":140.65649423308412,"cluster":0},{"x":268.2180987849614,"y":136.54552492990493,"cluster":0},{"x":338.43593956238027,"y":141.02288389085345,"cluster":0},{"x":257.88936443769273,"y":192.9851790007498,"cluster":0},{"x":329.9579262245198,"y":156.56019105507022,"cluster":0},{"x":312.1138545969606,"y":197.54644034016462,"cluster":0},{"x":283.5028854047614,"y":141.51743084012176,"cluster":0},{"x":386.99680123042634,"y":200.1205357889567,"cluster":0},{"x":370.67915082380404,"y":236.86819552187453,"cluster":1},{"x":365.5428764567293,"y":232.10611802813523,"cluster":1},{"x":344.1632696567432,"y":261.3854427109275,"cluster":1},{"x":374.53644231376245,"y":252.94066439514998,"cluster":1},{"x":352.1393923055749,"y":217.32991379818742,"cluster":1},{"x":342.6179169704821,"y":233.16456191401866,"cluster":1},{"x":411.5766816149154,"y":204.16313752932575,"cluster":2},{"x":457.5950798169281,"y":247.9697275679084,"cluster":2},{"x":433.12238052259517,"y":270.21507189301644,"cluster":2},{"x":413.91333996203304,"y":246.3556231522217,"cluster":2},{"x":449.6607644928351,"y":223.90163764020267,"cluster":2},{"x":470.97706099205493,"y":223.10412395270208,"cluster":2},{"x":480.70555982411713,"y":238.09309706645269,"cluster":2},{"x":466.4987292363097,"y":202.1413404717293,"cluster":2},{"x":422.4174876964846,"y":263.37957767341544,"cluster":2},{"x":211.5217149682073,"y":268.1553838577803,"cluster":3},{"x":213.21034494659855,"y":273.62028011965134,"cluster":3},{"x":205.17037973783027,"y":280.8099688755351,"cluster":3},{"x":77.3373243587027,"y":224.56070913793047,"cluster":4},{"x":100.74729005583781,"y":166.11489714683196,"cluster":4},{"x":110.85948781247627,"y":204.71051221177584,"cluster":4},{"x":92.10975687675149,"y":203.4375407053598,"cluster":4},{"x":107.28125000719828,"y":154.85042608207584,"cluster":4},{"x":110.61552396976897,"y":223.774772135377,"cluster":4},{"x":352.88697478395625,"y":232.40995573121103,"cluster":5},{"x":334.09244128752454,"y":240.01020745684542,"cluster":5},{"x":283.7131638150364,"y":255.44338618840447,"cluster":5},{"x":297.8297519034437,"y":228.74181047250073,"cluster":5},{"x":401.6442069539796,"y":199.38849258168477,"cluster":5},{"x":398.93993393965155,"y":203.97402750003164,"cluster":5},{"x":375.646014983042,"y":219.61775155586838,"cluster":5},{"x":387.49094417965364,"y":226.2819590493882,"cluster":5},{"x":395.69640715763626,"y":195.26227164098447,"cluster":5},{"x":292.2235578895736,"y":237.43698356827804,"cluster":5},{"x":296.65910975429176,"y":192.90407485694897,"cluster":6},{"x":258.7339614447138,"y":284.364893056812,"cluster":6},{"x":349.4428860495854,"y":222.12413023340812,"cluster":6},{"x":359.7311078812947,"y":270.98234366884327,"cluster":6},{"x":320.63697661058245,"y":279.00556955273515,"cluster":6},{"x":337.8463620172809,"y":276.06070042271364,"cluster":6},{"x":304.96918304997365,"y":253.69588008280485,"cluster":6},{"x":367.5167843441946,"y":273.81568701314177,"cluster":6},{"x":289.21202337216397,"y":277.3620552426636,"cluster":6}],"num_clusters":7}