{"title":"cluster-n40-c6-r7-s3427327285231549752","map_width":500,"map_height":300,"num_leaves":40,"tree":{"leaf":false,"id":78,"left":{"leaf":false,"id":77,"left":{"leaf":false,"id":76,"left":{"leaf":false,"id":75,"left":{"leaf":false,"id":66,"left":{"leaf":false,"id":65,"left":{"leaf":true,"id":30,"label":"30","site_id":30},"right":{"leaf":true,"id":29,"label":"29","site_id":29}},"right":{"leaf":false,"id":64,"left":{"leaf":false,"id":63,"left":{"leaf":true,"id":26,"label":"26","site_id":26},"right":{"leaf":true,"id":28,"label":"28","site_id":28}},"right":{"leaf":false,"id":62,"left":{"leaf":true,"id":31,"label":"31","site_id":31},"right":{"leaf":true,"id":27,"label":"27","site_id":27}}}},"right":{"leaf":false,"id":74,"left":{"leaf":false,"id":61,"left":{"leaf":false,"id":60,"left":{"leaf":true,"id":22,"label":"22","site_id":22},"right":{"leaf":true,"id":23,"label":"23","site_id":23}},"right":{"leaf":false,"id":59,"left":{"leaf":true,"id":25,"label":"25","site_id":25},"right":{"leaf":false,"id":58,"left":{"leaf":true,"id":21,"label":"21","site_id":21},"right":{"leaf":true,"id":24,"label":"24","site_id":24}}}},"right":{"leaf":false,"id":57,"left":{"leaf":false,"id":56,"left":{"leaf":false,"id":55,"left":{"leaf":true,"id":14,"label":"14","site_id":14},"right":{"leaf":true,"id":15,"label":"15","site_id":15}},"right":{"leaf":true,"id":17,"label":"17","site_id":17}},"right":{"leaf":false,"id":54,"left":{"leaf":false,"id":53,"left":{"leaf":false,"id":52,"left":{"leaf":true,"id":16,"label":"16","site_id":16},"right":{"leaf":true,"id":20,"label":"20","site_id":20}},"right":{"leaf":true,"id":19,"label":"19","site_id":19}},"right":{"leaf":true,"id":18,"label":"18","site_id":18}}}}},"right":{"leaf":false,"id":43,"left":{"leaf":false,"id":41,"left":{"leaf":true,"id":1,"label":"1","site_id":1},"right":{"leaf":true,"id":2,"label":"2","site_id":2}},"right":{"leaf":false,"id":42,"left":{"leaf":false,"id":40,"left":{"leaf":true,"id":4,"label":"4","site_id":4},"right":{"leaf":true,"id":0,"label":"0","site_id":0}},"right":{"leaf":true,"id":3,"label":"3","site_id":3}}}},"right":{"leaf":false,"id":73,"left":{"leaf":false,"id":69,"left":{"leaf":true,"id":32,"label":"32","site_id":32},"right":{"leaf":false,"id":68,"left":{"leaf":true,"id":34,"label":"34","site_id":34},"right":{"leaf":true,"id":37,"label":"37","site_id":37}}},"right":{"leaf":false,"id":72,"left":{"leaf":true,"id":39,"label":"39","site_id":39},"right":{"leaf":false,"id":71,"left":{"leaf":false,"id":67,"left":{"leaf":true,"id":36,"label":"36","site_id":36},"right":{"leaf":true,"id":38,"label":"38","site_id":38}},"right":{"leaf":false,"id":70,"left":{"leaf":true,"id":35,"label":"35","site_id":35},"right":{"leaf":true,"id":33,"label":"33","site_id":33}}}}}},"right":{"leaf":false,"id":51,"left":{"leaf":false,"id":50,"left":{"leaf":false,"id":48,"left":{"leaf":false,"id":47,"left":{"leaf":false,"id":46,"left":{"leaf":false,"id":45,"left":{"leaf":true,"id":7,"label":"7","site_id":7},"right":{"leaf":true,"id":9,"label":"9","site_id":9}},"right":{"leaf":true,"id":11,"label":"11","site_id":11}},"right":{"leaf":true,"id":8,"label":"8","site_id":8}},"right":{"leaf":true,"id":5,"label":"5","site_id":5}},"right":{"leaf":true,"id":10,"label":"10","site_id":10}},"right":{"leaf":false,"id":49,"left":{"leaf":false,"id":44,"left":{"leaf":true,"id":6,"label":"6","site_id":6},"right":{"leaf":true,"id":12,"label":"12","site_id":12}},"right":{"leaf":true,"id":13,"label":"13","site_id":13}}}},"num_sites":40,"sites":[{"x":384.53493098298884,"y":152.33723406266301,"cluster":0},{"x":383.81232228241896,"y":93.65053999121389,"cluster":0},{"x":380.7865851808836,"y":84.7408270549563,"cluster":0},{"x":407.6404378754706,"y":129.43297338613863,"cluster":0},{"x":373.7786697343459,"y":77.5598950294401,"cluster":0},{"x":26.473670431886042,"y":90.25388431292221,"cluster":1},{"x":27.80423623640293,"y":54.73287265287418,"cluster":1},{"x":96.68276569302658,"y":126.20061598302519,"cluster":1},{"x":31.853427113464473,"y":199.90251704264222,"cluster":1},{"x":42.844303957691565,"y":148.2930856973972,"cluster":1},{"x":49.0638089225622,"y":153.6931461408639,"cluster":1},{"x":39.61542184507048,"y":125.75054954175201,"cluster":1},{"x":82.60185786420398,"y":79.89390528729786,"cluster":1},{"x":106.16860929758387,"y":138.61815869315606,"cluster":1},{"x":50.87053711742986,"y":155.951545327489,"cluster":2},{"x":26.722432875077473,"y":137.62349762068658,"cluster":2},{"x":135.0132786264394,"y":117.50689593403533,"cluster":2},{"x":75.52044690402757,"y":85.94174372344645,"cluster":2},{"x":60.99077202758639,"y":165.0145911935559,"cluster":2},{"x":54.66173978278425,"y":135.82470327486095,"cluster":2},{"x":121.63594664796767,"y":92.33435876631088,"cluster":2},{"x":137.46469786330022,"y":277.86560159119267,"cluster":3},{"x":92.99986051862578,"y":236.54086568470692,"cluster":3},{"x":130.65286441238482,"y":266.7194116558275,"cluster":3},{"x":171.63502385387602,"y":233.9080780993193,"cluster":3},{"x":130.62255588578316,"y":237.43439571009174,"cluster":3},{"x":164.71995751188445,"y":236.0590463520421,"cluster":4},{"x":167.0660936648148,"y":201.4100417994667,"cluster":4},{"x":178.0674746060423,"y":181.38326561152257,"cluster":4},{"x":254.23778818357812,"y":250.41648221247476,"cluster":4},{"x":266.1357923248689,"y":245.7087523294749,"cluster":4},{"x":185.79485834041657,"y":204.2943668208441,"cluster":4},{"x":481.7391786545035,"y":56.223807044965085,"cluster":5},{"x":359.3219714674497,"y":88.36408462164584,"cluster":5},{"x":468.7734943835084,"y":48.84983507721543,"cluster":5},{"x":389.09162100954666,"y":25.53804046906,"cluster":5},{"x":475.36484462019297,"y":107.146676036257,"cluster":5},{"x":471.99453860363377,"y":67.05568546395904,"cluster":5},{"x":457.9708347273097,"y":120.03470862741864,"cluster":5},{"x":454.0783113051993,"y":24.186790282202345,"cluster":5}],"num_clusters":6}