{"title":"cluster-n90-c11-r2-s7996261288289781424","map_width":500,"map_height":300,"num_leaves":90,"tree":{"leaf":false,"id":178,"left":{"leaf":false,"id":177,"left":{"leaf":false,"id":176,"left":{"leaf":false,"id":174,"left":{"leaf":false,"id":135,"left":{"leaf":false,"id":134,"left":{"leaf":false,"id":132,"left":{"leaf":true,"id":49,"label":"49","site_id":49},"right":{"leaf":false,"id":130,"left":{"leaf":true,"id":50,"label":"50","site_id":50},"right":{"leaf":false,"id":128,"left":{"leaf":true,"id":47,"label":"47","site_id":47},"right":{"leaf":true,"id":45,"label":"45","site_id":45}}}},"right":{"leaf":true,"id":51,"label":"51","site_id":51}},"right":{"leaf":false,"id":133,"left":{"leaf":false,"id":131,"left":{"leaf":true,"id":44,"label":"44","site_id":44},"right":{"leaf":true,"id":48,"label":"48","site_id":48}},"right":{"leaf":false,"id":129,"left":{"leaf":true,"id":46,"label":"46","site_id":46},"right":{"leaf":true,"id":43,"label":"43","site_id":43}}}},"right":{"leaf":false,"id":172,"left":{"leaf":false,"id":170,"left":{"leaf":false,"id":142,"left":{"leaf":true,"id":55,"label":"55","site_id":55},"right":{"leaf":false,"id":141,"left":{"leaf":false,"id":138,"left":{"leaf":true,"id":52,"label":"52","site_id":52},"right":{"leaf":false,"id":136,"left":{"leaf":true,"id":57,"label":"57","site_id":57},"right":{"leaf":true,"id":59,"label":"59","site_id":59}}},"right":{"leaf":false,"id":140,"left":{"leaf":true,"id":54,"label":"54","site_id":54},"right":{"leaf":false,"id":139,"left":{"leaf":true,"id":58,"label":"58","site_id":58},"right":{"leaf":false,"id":137,"left":{"leaf":true,"id":53,"label":"53","site_id":53},"right":{"leaf":true,"id":56,"label":"56","site_id":56}}}}}},"right":{"leaf":false,"id":113,"left":{"leaf":false,"id":111,"left":{"leaf":false,"id":108,"left":{"leaf":false,"id":107,"left":{"leaf":false,"id":106,"left":{"leaf":true,"id":22,"label":"22","site_id":22},"right":{"leaf":true,"id":17,"label":"17","site_id":17}},"right":{"leaf":true,"id":18,"label":"18","site_id":18}},"right":{"leaf":true,"id":24,"label":"24","site_id":24}},"right":{"leaf":false,"id":109,"left":{"leaf":true,"id":21,"label":"21","site_id":21},"right":{"leaf":false,"id":105,"left":{"leaf":true,"id":20,"label":"20","site_id":20},"right":{"leaf":true,"id":23,"label":"23","site_id":23}}}},"right":{"leaf":false,"id":112,"left":{"leaf":false,"id":110,"left":{"leaf":true,"id":19,"label":"19","site_id":19},"right":{"leaf":true,"id":25,"label":"25","site_id":25}},"right":{"leaf":true,"id":26,"label":"26","site_id":26}}}},"right":{"leaf":false,"id":168,"left":{"leaf":true,"id":85,"label":"85","site_id":85},"right":{"leaf":false,"id":167,"left":{"leaf":false,"id":166,"left":{"leaf":true,"id":88,"label":"88","site_id":88},"right":{"leaf":true,"id":89,"label":"89","site_id":89}},"right":{"leaf":false,"id":165,"left":{"leaf":true,"id":84,"label":"84","site_id":84},"right":{"leaf":false,"id":164,"left":{"leaf":true,"id":87,"label":"87","site_id":87},"right":{"leaf":true,"id":86,"label":"86","site_id":86}}}}}}},"right":{"leaf":false,"id":175,"left":{"leaf":false,"id":154,"left":{"leaf":false,"id":150,"left":{"leaf":true,"id":72,"label":"72","site_id":72},"right":{"leaf":true,"id":71,"label":"71","site_id":71}},"right":{"leaf":false,"id":153,"left":{"leaf":false,"id":152,"left":{"leaf":false,"id":151,"left":{"leaf":true,"id":68,"label":"68","site_id":68},"right":{"leaf":true,"id":73,"label":"73","site_id":73}},"right":{"leaf":true,"id":69,"label":"69","site_id":69}},"right":{"leaf":true,"id":70,"label":"70","site_id":70}}},"right":{"leaf":false,"id":173,"left":{"leaf":false,"id":127,"left":{"leaf":false,"id":126,"left":{"leaf":false,"id":120,"left":{"leaf":true,"id":42,"label":"42","site_id":42},"right":{"leaf":true,"id":40,"label":"40","site_id":40}},"right":{"leaf":false,"id":125,"left":{"leaf":false,"id":121,"left":{"leaf":true,"id":37,"label":"37","site_id":37},"right":{"leaf":false,"id":119,"left":{"leaf":true,"id":36,"label":"36","site_id":36},"right":{"leaf":true,"id":34,"label":"34","site_id":34}}},"right":{"leaf":false,"id":124,"left":{"leaf":false,"id":123,"left":{"leaf":false,"id":122,"left":{"leaf":true,"id":41,"label":"41","site_id":41},"right":{"leaf":true,"id":38,"label":"38","site_id":38}},"right":{"leaf":true,"id":35,"label":"35","site_id":35}},"right":{"leaf":true,"id":39,"label":"39","site_id":39}}}},"right":{"leaf":true,"id":33,"label":"33","site_id":33}},"right":{"leaf":false,"id":171,"left":{"leaf":false,"id":99,"left":{"leaf":false,"id":98,"left":{"leaf":false,"id":97,"left":{"leaf":false,"id":96,"left":{"leaf":true,"id":5,"label":"5","site_id":5},"right":{"leaf":false,"id":92,"left":{"leaf":true,"id":3,"label":"3","site_id":3},"right":{"leaf":true,"id":9,"label":"9","site_id":9}}},"right":{"leaf":true,"id":8,"label":"8","site_id":8}},"right":{"leaf":false,"id":93,"left":{"leaf":true,"id":10,"label":"10","site_id":10},"right":{"leaf":false,"id":91,"left":{"leaf":false,"id":90,"left":{"leaf":true,"id":4,"label":"4","site_id":4},"right":{"leaf":true,"id":7,"label":"7","site_id":7}},"right":{"leaf":true,"id":1,"label":"1","site_id":1}}}},"right":{"leaf":false,"id":95,"left":{"leaf":false,"id":94,"left":{"leaf":true,"id":0,"label":"0","site_id":0},"right":{"leaf":true,"id":2,"label":"2","site_id":2}},"right":{"leaf":true,"id":6,"label":"6","site_id":6}}},"right":{"leaf":false,"id":169,"left":{"leaf":false,"id":104,"left":{"leaf":false,"id":101,"left":{"leaf":true,"id":13,"label":"13","site_id":13},"right":{"leaf":true,"id":15,"label":"15","site_id":15}},"right":{"leaf":false,"id":103,"left":{"leaf":false,"id":102,"left":{"leaf":true,"id":12,"label":"12","site_id":12},"right":{"leaf":true,"id":11,"label":"11","site_id":11}},"right":{"leaf":false,"id":100,"left":{"leaf":true,"id":16,"label":"16","site_id":16},"right":{"leaf":true,"id":14,"label":"14","site_id":14}}}},"right":{"leaf":false,"id":149,"left":{"leaf":true,"id":60,"label":"60","site_id":60},"right":{"leaf":false,"id":148,"left":{"leaf":false,"id":145,"left":{"leaf":false,"id":143,"left":{"leaf":true,"id":65,"label":"65","site_id":65},"right":{"leaf":true,"id":63,"label":"63","site_id":63}},"right":{"leaf":true,"id":61,"label":"61","site_id":61}},"right":{"leaf":false,"id":147,"left":{"leaf":false,"id":146,"left":{"leaf":true,"id":67,"label":"67","site_id":67},"right":{"leaf":true,"id":64,"label":"64","site_id":64}},"right":{"leaf":false,"id":144,"left":{"leaf":true,"id":62,"label":"62","site_id":62},"right":{"leaf":true,"id":66,"label":"66","site_id":66}}}}}}}}}},"right":{"leaf":false,"id":163,"left":{"leaf":false,"id":162,"left":{"leaf":false,"id":160,"left":{"leaf":false,"id":159,"left":{"leaf":true,"id":78,"label":"78","site_id":78},"right":{"leaf":true,"id":80,"label":"80","site_id":80}},"right":{"leaf":false,"id":158,"left":{"leaf":false,"id":156,"left":{"leaf":true,"id":81,"label":"81","site_id":81},"right":{"leaf":true,"id":77,"label":"77","site_id":77}},"right":{"leaf":true,"id":76,"label":"76","site_id":76}}},"right":{"leaf":false,"id":157,"left":{"leaf":false,"id":155,"left":{"leaf":true,"id":82,"label":"82","site_id":82},"right":{"leaf":true,"id":74,"label":"74","site_id":74}},"right":{"leaf":true,"id":75,"label":"75","site_id":75}}},"right":{"leaf":false,"id":161,"left":{"leaf":true,"id":83,"label":"83","site_id":83},"right":{"leaf":true,"id":79,"label":"79","site_id":79}}}},"right":{"leaf":false,"id":118,"left":{"leaf":false,"id":115,"left":{"leaf":true,"id":31,"label":"31","site_id":31},"right":{"leaf":true,"id":29,"label":"29","site_id":29}},"right":{"leaf":false,"id":117,"left":{"leaf":false,"id":116,"left":{"leaf":true,"id":32,"label":"32","site_id":32},"right":{"leaf":false,"id":114,"left":{"leaf":true,"id":30,"label":"30","site_id":30},"right":{"leaf":true,"id":28,"label":"28","site_id":28}}},"right":{"leaf":true,"id":27,"label":"27","site_id":27}}}},"num_sites":90,"sites":[{"x":29.045680856133334,"y":260.64754874681313,"cluster":0},{"x":29.044666247619574,"y":243.41443073768576,"cluster":0},{"x":49.089860598552136,"y":266.64709118971206,"cluster":0},{"x":86.50388013107224,"y":269.4552106845392,"cluster":0},{"x":82.24442897729685,"y":213.98587120618498,"cluster":0},{"x":77.82360897454522,"y":278.483539347018,"cluster":0},{"x":22.793167366364244,"y":219.95161749330939,"cluster":0},{"x":83.67878242306604,"y":222.66980421155097,"cluster":0},{"x":46.324893901076905,"y":222.42088180621715,"cluster":0},{"x":74.3289713083509,"y":255.02296188123628,"cluster":0},{"x":65.70580110149402,"y":228.13152506469217,"cluster":0},{"x":204.60409846907405,"y":54.38944258016715,"cluster":1},{"x":193.09353923393343,"y":82.61274028537517,"cluster":1},{"x":239.73398006989237,"y":60.26342497554944,"cluster":1},{"x":208.44476458413587,"y":64.90014817382692,"cluster":1},{"x":240.03068462263016,"y":82.47537350750505,"cluster":1},{"x":227.97559618088965,"y":41.84924422178467,"cluster":1},{"x":177.2287053870116,"y":183.67690955526726,"cluster":2},{"x":209.41659081311576,"y":165.0572249342324,"cluster":2},{"x":227.30743063632264,"y":166.973421936391,"cluster":2},{"x":185.6228891595076,"y":226.60011736627257,"cluster":2},{"x":198.09161463240724,"y":208.17896878899847,"cluster":2},{"x":201.3238452009809,"y":197.77389719474496,"cluster":2},{"x":232.16130224231466,"y":204.3432147137426,"cluster":2},{"x":176.889704536562,"y":169.0175714552913,"cluster":2},{"x":225.65307211647794,"y":187.64016944256565,"cluster":2},{"x":193.4644552055241,"y":234.205622584786,"cluster":2},{"x":250.48364938648334,"y":23.914099821306657,"cluster":3},{"x":250.71100501150983,"y":56.93864751473912,"cluster":3},{"x":255.94613491228776,"y":61.58303220105494,"cluster":3},{"x":239.63761246992848,"y":69.10463620505647,"cluster":3},{"x":243.33318942899342,"y":33.13218995428227,"cluster":3},{"x":227.71586978241308,"y":57.21947718458374,"cluster":3},{"x":374.8945648459543,"y":223.56525575643846,"cluster":4},{"x":325.33659028016353,"y":172.04144002840624,"cluster":4},{"x":333.2151669778425,"y":204.68110474696235,"cluster":4},{"x":378.19777085509577,"y":180.82181420208113,"cluster":4},{"x":367.1940623856798,"y":185.1312966489843,"cluster":4},{"x":333.8567134111012,"y":193.33560041150014,"cluster":4},{"x":309.40140492850696,"y":179.21988432546036,"cluster":4},{"x":322.88908170555356,"y":182.22950301291976,"cluster":4},{"x":307.8194474478412,"y":191.52501746663708,"cluster":4},{"x":371.0987206118491,"y":207.7202679886985,"cluster":4},{"x":91.13737728770684,"y":43.61611116162228,"cluster":5},{"x":107.42986966929175,"y":83.1418785771363,"cluster":5},{"x":29.82402338413808,"y":82.0118583492611,"cluster":5},{"x":42.16808916502006,"y":69.07278487811294,"cluster":5},{"x":36.678467865592836,"y":87.91683278343277,"cluster":5},{"x":79.27119339676386,"y":30.64034533857076,"cluster":5},{"x":72.88172563176546,"y":24.312733999818622,"cluster":5},{"x":61.16014923543756,"y":40.35803524444364,"cluster":5},{"x":86.25130901648623,"y":53.12938926610111,"cluster":5},{"x":229.32323699467295,"y":120.97357462082746,"cluster":6},{"x":185.71664041216158,"y":159.66814327962942,"cluster":6},{"x":241.12450061667502,"y":118.61100914669353,"cluster":6},{"x":194.8813718050485,"y":172.4178486879619,"cluster":6},{"x":231.5911760219339,"y":116.24567633265187,"cluster":6},{"x":233.36799642703565,"y":146.65141088076422,"cluster":6},{"x":242.05809789306534,"y":175.7298623132316,"cluster":6},{"x":210.10623664114038,"y":136.88556065894957,"cluster":6},{"x":384.12868732128254,"y":154.2117254073349,"cluster":7},{"x":346.9551913401335,"y":220.79783263802022,"cluster":7},{"x":368.64089770028704,"y":174.57141124546396,"cluster":7},{"x":319.79324726640687,"y":217.9080364317116,"cluster":7},{"x":373.4829479667302,"y":158.90754420312513,"cluster":7},{"x":316.3242602124597,"y":200.56424911878327,"cluster":7},{"x":317.39968924548845,"y":183.05360293404644,"cluster":7},{"x":360.43125397848985,"y":198.30108225242427,"cluster":7},{"x":244.9913059442879,"y":173.59503625835936,"cluster":8},{"x":253.06609913244068,"y":157.58624411539122,"cluster":8},{"x":265.59035880321716,"y":154.75820194577594,"cluster":8},{"x":237.45855511555922,"y":146.30217228916828,"cluster":8},{"x":237.26627438862297,"y":152.66464788261254,"cluster":8},{"x":276.576482350472,"y":154.2732417228614,"cluster":8},{"x":250.94745733282167,"y":64.24592891980387,"cluster":9},{"x":267.5545427008333,"y":25.033560807494858,"cluster":9},{"x":300.0158031511781,"y":105.54333585389907,"cluster":9},{"x":249.32763430878563,"y":79.99397115143964,"cluster":9},{"x":294.14110613970684,"y":94.48322967322554,"cluster":9},{"x":283.40490678194243,"y":69.4145159237867,"cluster":9},{"x":292.6483480461938,"y":27.895970167341403,"cluster":9},{"x":229.71568601176665,"y":19.0681745934125,"cluster":9},{"x":240.77116054197646,"y":56.68336714115934,"cluster":9},{"x":305.82573612257744,"y":54.565573734617885,"cluster":9},{"x":187.56680417388108,"y":99.88943562327395,"cluster":10},{"x":213.54202425544406,"y":137.99244817074825,"cluster":10},{"x":188.58761074719013,"y":121.58270770863794,"cluster":10},{"x":192.17759213312522,"y":90.87623916477799,"cluster":10},{"x":198.596787389799,"y":96.62179291951736,"cluster":10},{"x":186.00405925743502,"y":126.98919702473304,"cluster":10}],"num_clusters":11}