{"title":"cluster-n70-c9-r4-s580084000067659775","map_width":500,"map_height":300,"num_leaves":70,"tree":{"leaf":false,"id":138,"left":{"leaf":false,"id":137,"left":{"leaf":false,"id":136,"left":{"leaf":false,"id":135,"left":{"leaf":false,"id":134,"left":{"leaf":false,"id":133,"left":{"leaf":false,"id":132,"left":{"leaf":false,"id":95,"left":{"leaf":false,"id":94,"left":{"leaf":false,"id":88,"left":{"leaf":true,"id":26,"label":"26","site_id":26},"right":{"leaf":true,"id":21,"label":"21","site_id":21}},"right":{"leaf":false,"id":92,"left":{"leaf":true,"id":23,"label":"23","site_id":23},"right":{"leaf":false,"id":91,"left":{"leaf":false,"id":90,"left":{"leaf":true,"id":27,"label":"27","site_id":27},"right":{"leaf":false,"id":89,"left":{"leaf":true,"id":28,"label":"28","site_id":28},"right":{"leaf":true,"id":25,"label":"25","site_id":25}}},"right":{"leaf":true,"id":29,"label":"29","site_id":29}}}},"right":{"leaf":false,"id":93,"left":{"leaf":true,"id":22,"label":"22","site_id":22},"right":{"leaf":true,"id":24,"label":"24","site_id":24}}},"right":{"leaf":false,"id":75,"left":{"leaf":false,"id":74,"left":{"leaf":true,"id":2,"label":"2","site_id":2},"right":{"leaf":false,"id":72,"left":{"leaf":true,"id":6,"label":"6","site_id":6},"right":{"leaf":false,"id":70,"left":{"leaf":true,"id":5,"label":"5","site_id":5},"right":{"leaf":true,"id":0,"label":"0","site_id":0}}}},"right":{"leaf":false,"id":73,"left":{"leaf":true,"id":1,"label":"1","site_id":1},"right":{"leaf":false,"id":71,"left":{"leaf":true,"id":3,"label":"3","site_id":3},"right":{"leaf":true,"id":4,"label":"4","site_id":4}}}}},"right":{"leaf":false,"id":131,"left":{"leaf":false,"id":124,"left":{"leaf":false,"id":123,"left":{"leaf":false,"id":121,"left":{"leaf":true,"id":58,"label":"58","site_id":58},"right":{"leaf":true,"id":57,"label":"57","site_id":57}},"right":{"leaf":false,"id":120,"left":{"leaf":true,"id":61,"label":"61","site_id":61},"right":{"leaf":true,"id":62,"label":"62","site_id":62}}},"right":{"leaf":false,"id":122,"left":{"leaf":true,"id":59,"label":"59","site_id":59},"right":{"leaf":true,"id":60,"label":"60","site_id":60}}},"right":{"leaf":false,"id":119,"left":{"leaf":false,"id":118,"left":{"leaf":false,"id":115,"left":{"leaf":true,"id":49,"label":"49","site_id":49},"right":{"leaf":true,"id":47,"label":"47","site_id":47}},"right":{"leaf":false,"id":116,"left":{"leaf":true,"id":50,"label":"50","site_id":50},"right":{"leaf":false,"id":114,"left":{"leaf":true,"id":55,"label":"55","site_id":55},"right":{"leaf":false,"id":113,"left":{"leaf":false,"id":112,"left":{"leaf":true,"id":54,"label":"54","site_id":54},"right":{"leaf":false,"id":111,"left":{"leaf":true,"id":52,"label":"52","site_id":52},"right":{"leaf":true,"id":56,"label":"56","site_id":56}}},"right":{"leaf":true,"id":51,"label":"51","site_id":51}}}}},"right":{"leaf":false,"id":117,"left":{"leaf":true,"id":48,"label":"48","site_id":48},"right":{"leaf":true,"id":53,"label":"53","site_id":53}}}}},"right":{"leaf":false,"id":81,"left":{"leaf":true,"id":8,"label":"8","site_id":8},"right":{"leaf":false,"id":80,"left":{"leaf":true,"id":13,"label":"13","site_id":13},"right":{"leaf":false,"id":79,"left":{"leaf":false,"id":78,"left":{"leaf":true,"id":12,"label":"12","site_id":12},"right":{"leaf":false,"id":77,"left":{"leaf":true,"id":9,"label":"9","site_id":9},"right":{"leaf":false,"id":76,"left":{"leaf":true,"id":10,"label":"10","site_id":10},"right":{"leaf":true,"id":7,"label":"7","site_id":7}}}},"right":{"leaf":true,"id":11,"label":"11","site_id":11}}}}},"right":{"leaf":false,"id":110,"left":{"leaf":false,"id":108,"left":{"leaf":true,"id":44,"label":"44","site_id":44},"right":{"leaf":false,"id":104,"left":{"leaf":true,"id":43,"label":"43","site_id":43},"right":{"leaf":true,"id":45,"label":"45","site_id":45}}},"right":{"leaf":false,"id":109,"left":{"leaf":false,"id":107,"left":{"leaf":true,"id":37,"label":"37","site_id":37},"right":{"leaf":false,"id":105,"left":{"leaf":false,"id":102,"left":{"leaf":true,"id":40,"label":"40","site_id":40},"right":{"leaf":true,"id":46,"label":"46","site_id":46}},"right":{"leaf":false,"id":103,"left":{"leaf":true,"id":42,"label":"42","site_id":42},"right":{"leaf":true,"id":39,"label":"39","site_id":39}}}},"right":{"leaf":false,"id":106,"left":{"leaf":true,"id":38,"label":"38","site_id":38},"right":{"leaf":true,"id":41,"label":"41","site_id":41}}}}},"right":{"leaf":false,"id":101,"left":{"leaf":false,"id":100,"left":{"leaf":false,"id":99,"left":{"leaf":true,"id":32,"label":"32","site_id":32},"right":{"leaf":false,"id":97,"left":{"leaf":true,"id":35,"label":"35","site_id":35},"right":{"leaf":true,"id":30,"label":"30","site_id":30}}},"right":{"leaf":false,"id":98,"left":{"leaf":false,"id":96,"left":{"leaf":true,"id":36,"label":"36","site_id":36},"right":{"leaf":true,"id":33,"label":"33","site_id":33}},"right":{"leaf":true,"id":31,"label":"31","site_id":31}}},"right":{"leaf":true,"id":34,"label":"34","site_id":34}}},"right":{"leaf":false,"id":130,"left":{"leaf":false,"id":128,"left":{"leaf":true,"id":68,"label":"68","site_id":68},"right":{"leaf":false,"id":127,"left":{"leaf":false,"id":125,"left":{"leaf":true,"id":65,"label":"65","site_id":65},"right":{"leaf":true,"id":69,"label":"69","site_id":69}},"right":{"leaf":false,"id":126,"left":{"leaf":true,"id":66,"label":"66","site_id":66},"right":{"leaf":true,"id":67,"label":"67","site_id":67}}}},"right":{"leaf":false,"id":129,"left":{"leaf":true,"id":63,"label":"63","site_id":63},"right":{"leaf":true,"id":64,"label":"64","site_id":64}}}},"right":{"leaf":false,"id":87,"left":{"leaf":false,"id":86,"left":{"leaf":false,"id":85,"left":{"leaf":true,"id":20,"label":"20","site_id":20},"right":{"leaf":true,"id":15,"label":"15","site_id":15}},"right":{"leaf":true,"id":18,"label":"18","site_id":18}},"right":{"leaf":false,"id":84,"left":{"leaf":true,"id":14,"label":"14","site_id":14},"right":{"leaf":false,"id":83,"left":{"leaf":true,"id":16,"label":"16","site_id":16},"right":{"leaf":false,"id":82,"left":{"leaf":true,"id":17,"label":"17","site_id":17},"right":{"leaf":true,"id":19,"label":"19","site_id":19}}}}}},"num_sites":70,"sites":[{"x":414.2019741057076,"y":167.34541542187486,"cluster":0},{"x":420.6689204100689,"y":215.40645704606928,"cluster":0},{"x":449.43174113379075,"y":201.12994588178694,"cluster":0},{"x":402.3805376240298,"y":189.04398533667455,"cluster":0},{"x":439.7766272992181,"y":217.54208866622142,"cluster":0},{"x":407.1809261241576,"y":198.11831492842637,"cluster":0},{"x":458.49110523038286,"y":210.87252666430612,"cluster":0},{"x":184.76657672527267,"y":75.34310438518574,"cluster":1},{"x":112.56950725544777,"y":72.27971697214997,"cluster":1},{"x":148.2251884896287,"y":53.936640691469286,"cluster":1},{"x":148.06231427312886,"y":19.623045076375774,"cluster":1},{"x":165.3594864124927,"y":70.16325553237812,"cluster":1},{"x":180.91612624323994,"y":56.79179961888555,"cluster":1},{"x":159.93810106711533,"y":25.023778277769985,"cluster":1},{"x":448.1344263672394,"y":92.53698866242277,"cluster":2},{"x":481.6828066588607,"y":121.93726151771178,"cluster":2},{"x":449.3163595304094,"y":107.35749217533181,"cluster":2},{"x":443.1178662508007,"y":115.56218980847105,"cluster":2},{"x":477.1354489145071,"y":77.13208982276831,"cluster":2},{"x":439.78928851226004,"y":110.40868461902076,"cluster":2},{"x":469.19522161113736,"y":127.18224413000448,"cluster":2},{"x":309.74408795350735,"y":261.17810166803076,"cluster":3},{"x":254.8142798103862,"y":212.8188508028442,"cluster":3},{"x":272.2178489648386,"y":213.69767010869626,"cluster":3},{"x":328.4400475547949,"y":206.7681260556581,"cluster":3},{"x":264.50906310504183,"y":270.4197656617919,"cluster":3},{"x":263.4069762759023,"y":226.59518796216148,"cluster":3},{"x":336.0513826185718,"y":201.0896756366878,"cluster":3},{"x":256.09011288417275,"y":269.2960833772895,"cluster":3},{"x":263.66739255619314,"y":192.02209567729778,"cluster":3},{"x":187.07302427602465,"y":256.9190797010215,"cluster":4},{"x":188.00462290037495,"y":214.65008893242546,"cluster":4},{"x":181.17556863945703,"y":251.4774053554188,"cluster":4},{"x":189.25882404840556,"y":269.5319012616946,"cluster":4},{"x":166.85511145020735,"y":216.24113508310015,"cluster":4},{"x":174.92317286800497,"y":263.2460616855195,"cluster":4},{"x":183.41708318339593,"y":264.80697463826374,"cluster":4},{"x":136.19790269867138,"y":79.11374149189831,"cluster":5},{"x":77.92873222999992,"y":188.84330693688378,"cluster":5},{"x":111.58415696877822,"y":117.03359136494633,"cluster":5},{"x":117.78766353620503,"y":121.41009855975491,"cluster":5},{"x":121.99260939544506,"y":145.17487108512492,"cluster":5},{"x":42.91920376420766,"y":115.37026727218442,"cluster":5},{"x":36.00903677908631,"y":143.6679341766637,"cluster":5},{"x":27.3483762020621,"y":166.70504140303413,"cluster":5},{"x":27.266705459963035,"y":152.34025938212415,"cluster":5},{"x":113.5018736110295,"y":101.52348034721244,"cluster":5},{"x":123.34357332431817,"y":153.62372005362607,"cluster":6},{"x":83.99409023426736,"y":176.98971564586319,"cluster":6},{"x":196.23334191200632,"y":148.6587555716287,"cluster":6},{"x":160.95234918816664,"y":195.5909654580701,"cluster":6},{"x":174.52882926282325,"y":157.35293420430412,"cluster":6},{"x":143.924447256882,"y":189.9662662148304,"cluster":6},{"x":88.69163703054946,"y":170.68444902475,"cluster":6},{"x":185.5652245025187,"y":119.8364703060322,"cluster":6},{"x":113.959475333854,"y":188.26364573426486,"cluster":6},{"x":166.10360939933867,"y":170.62771133716865,"cluster":6},{"x":103.90544512192214,"y":84.4171186179278,"cluster":7},{"x":102.86363346388958,"y":70.25175147212767,"cluster":7},{"x":141.15721063579633,"y":138.8966685474903,"cluster":7},{"x":120.38997959415887,"y":132.56868058825427,"cluster":7},{"x":78.076544519077,"y":130.06623589047675,"cluster":7},{"x":81.22888092248739,"y":99.21480508690932,"cluster":7},{"x":80.89048124801968,"y":93.74565238886711,"cluster":8},{"x":53.35820183851921,"y":55.20330962575273,"cluster":8},{"x":22.463333831451468,"y":44.52810627138122,"cluster":8},{"x":21.496798937705282,"y":88.19456793161746,"cluster":8},{"x":15.512496313852203,"y":51.371360874773735,"cluster":8},{"x":59.73521121076786,"y":33.586319098558505,"cluster":8},{"x":77.95115143354755,"y":42.41419290557947,"cluster":8}],"num_clusters":9}