{"title":"cluster-n45-c6-r6-s7717975404813401053","map_width":500,"map_height":300,"num_leaves":45,"tree":{"leaf":false,"id":88,"left":{"leaf":false,"id":79,"left":{"leaf":false,"id":78,"left":{"leaf":true,"id":36,"label":"36","site_id":36},"right":{"leaf":false,"id":77,"left":{"leaf":true,"id":34,"label":"34","site_id":34},"right":{"leaf":false,"id":76,"left":{"leaf":true,"id":33,"label":"33","site_id":33},"right":{"leaf":false,"id":75,"left":{"leaf":true,"id":38,"label":"38","site_id":38},"right":{"leaf":false,"id":74,"left":{"leaf":true,"id":37,"label":"37","site_id":37},"right":{"leaf":false,"id":73,"left":{"leaf":true,"id":35,"label":"35","site_id":35},"right":{"leaf":true,"id":39,"label":"39","site_id":39}}}}}}},"right":{"leaf":true,"id":32,"label":"32","site_id":32}},"right":{"leaf":false,"id":87,"left":{"leaf":false,"id":52,"left":{"leaf":true,"id":4,"label":"4","site_id":4},"right":{"leaf":false,"id":51,"left":{"leaf":false,"id":49,"left":{"leaf":false,"id":47,"left":{"leaf":true,"id":0,"label":"0","site_id":0},"right":{"leaf":false,"id":45,"left":{"leaf":true,"id":3,"label":"3","site_id":3},"right":{"leaf":true,"id":2,"label":"2","site_id":2}}},"right":{"leaf":true,"id":8,"label":"8","site_id":8}},"right":{"leaf":false,"id":50,"left":{"leaf":true,"id":5,"label":"5","site_id":5},"right":{"leaf":false,"id":48,"left":{"leaf":true,"id":7,"label":"7","site_id":7},"right":{"leaf":false,"id":46,"left":{"leaf":true,"id":6,"label":"6","site_id":6},"right":{"leaf":true,"id":1,"label":"1","site_id":1}}}}}},"right":{"leaf":false,"id":86,"left":{"leaf":false,"id":84,"left":{"leaf":false,"id":66,"left":{"leaf":false,"id":64,"left":{"leaf":true,"id":24,"label":"24","site_id":24},"right":{"leaf":false,"id":63,"left":{"leaf":true,"id":15,"label":"15","site_id":15},"right":{"leaf":true,"id":22,"label":"22","site_id":22}}},"right":{"leaf":false,"id":65,"left":{"leaf":false,"id":58,"left":{"leaf":true,"id":20,"label":"20","site_id":20},"right":{"leaf":true,"id":21,"label":"21","site_id":21}},"right":{"leaf":false,"id":62,"left":{"leaf":false,"id":61,"left":{"leaf":false,"id":59,"left":{"leaf":true,"id":16,"label":"16","site_id":16},"right":{"leaf":true,"id":17,"label":"17","site_id":17}},"right":{"leaf":true,"id":23,"label":"23","site_id":23}},"right":{"leaf":false,"id":60,"left":{"leaf":true,"id":19,"label":"19","site_id":19},"right":{"leaf":true,"id":18,"label":"18","site_id":18}}}}},"right":{"leaf":false,"id":83,"left":{"leaf":false,"id":82,"left":{"leaf":true,"id":43,"label":"43","site_id":43},"right":{"leaf":false,"id":81,"left":{"leaf":true,"id":44,"label":"44","site_id":44},"right":{"leaf":true,"id":42,"label":"42","site_id":42}}},"right":{"leaf":false,"id":80,"left":{"leaf":true,"id":41,"label":"41","site_id":41},"right":{"leaf":true,"id":40,"label":"40","site_id":40}}}},"right":{"leaf":false,"id":85,"left":{"leaf":false,"id":72,"left":{"leaf":true,"id":28,"label":"28","site_id":28},"right":{"leaf":false,"id":71,"left":{"leaf":false,"id":69,"left":{"leaf":false,"id":67,"left":{"leaf":true,"id":31,"label":"31","site_id":31},"right":{"leaf":true,"id":30,"label":"30","site_id":30}},"right":{"leaf":false,"id":68,"left":{"leaf":true,"id":26,"label":"26","site_id":26},"right":{"leaf":true,"id":27,"label":"27","site_id":27}}},"right":{"leaf":false,"id":70,"left":{"leaf":true,"id":29,"label":"29","site_id":29},"right":{"leaf":true,"id":25,"label":"25","site_id":25}}}},"right":{"leaf":false,"id":57,"left":{"leaf":false,"id":56,"left":{"leaf":false,"id":55,"left":{"leaf":true,"id":10,"label":"10","site_id":10},"right":{"leaf":true,"id":14,"label":"14","site_id":14}},"right":{"leaf":false,"id":53,"left":{"leaf":true,"id":13,"label":"13","site_id":13},"right":{"leaf":true,"id":12,"label":"12","site_id":12}}},"right":{"leaf":false,"id":54,"left":{"leaf":true,"id":11,"label":"11","site_id":11},"right":{"leaf":true,"id":9,"label":"9","site_id":9}}}}}}},"num_sites":45,"sites":[{"x":200.0743930788046,"y":122.27851160620963,"cluster":0},{"x":283.7029599722553,"y":33.12238945529998,"cluster":0},{"x":247.18352039170242,"y":33.052653923090034,"cluster":0},{"x":209.78244777886644,"y":25.825484591752456,"cluster":0},{"x":310.9835352849934,"y":67.64227931812769,"cluster":0},{"x":199.15778214088965,"y":156.45742376893426,"cluster":0},{"x":211.56829560136813,"y":61.69827308919096,"cluster":0},{"x":157.3089295801082,"y":138.39302013310555,"cluster":0},{"x":227.34127822311592,"y":100.7589184225968,"cluster":0},{"x":139.60280161494302,"y":234.74219880895768,"cluster":1},{"x":164.06760015691748,"y":259.61011009868025,"cluster":1},{"x":139.84157412687736,"y":242.6048599974721,"cluster":1},{"x":207.71833562131513,"y":235.66272768543516,"cluster":1},{"x":208.56864225766296,"y":247.19714207614027,"cluster":1},{"x":167.4047201008762,"y":279.7463863550742,"cluster":1},{"x":330.6951169540043,"y":211.38154892907,"cluster":2},{"x":477.77127000472376,"y":180.31763100714053,"cluster":2},{"x":454.02255645245174,"y":188.6651012201553,"cluster":2},{"x":359.1202256821762,"y":278.3012063746378,"cluster":2},{"x":407.6635122872783,"y":274.365360400953,"cluster":2},{"x":323.21973187724745,"y":139.92259227996198,"cluster":2},{"x":475.6286276403383,"y":262.4713740924238,"cluster":2},{"x":312.60684658555954,"y":160.62695487598995,"cluster":2},{"x":466.81436100197334,"y":251.52894800554324,"cluster":2},{"x":313.71919546567295,"y":260.43776131414563,"cluster":2},{"x":238.7444963648685,"y":101.15376429082782,"cluster":3},{"x":292.25042390399983,"y":87.49535150099766,"cluster":3},{"x":256.5439689671254,"y":134.35801685927183,"cluster":3},{"x":330.5024127129175,"y":128.335700634628,"cluster":3},{"x":224.25758732497394,"y":78.80587201115719,"cluster":3},{"x":237.5303512312049,"y":65.89897962833213,"cluster":3},{"x":342.3669065244195,"y":174.55588866113925,"cluster":3},{"x":83.55100401210709,"y":271.39837846119894,"cluster":4},{"x":56.07170166728897,"y":239.74575702125594,"cluster":4},{"x":96.75289496601106,"y":252.886789752905,"cluster":4},{"x":56.52815010413215,"y":248.529223381248,"cluster":4},{"x":32.84662050499504,"y":281.02996587136835,"cluster":4},{"x":105.82423110288225,"y":266.86295913644324,"cluster":4},{"x":95.05217148850626,"y":268.9999734319734,"cluster":4},{"x":118.62730606777777,"y":268.1333192644271,"cluster":4},{"x":26.377139948751655,"y":47.28940051399579,"cluster":5},{"x":16.52339089753064,"y":23.76584802191642,"cluster":5},{"x":18.27177499909963,"y":77.16891556542409,"cluster":5},{"x":65.72968808825507,"y":52.85590754248929,"cluster":5},{"x":74.15751119357395,"y":89.57940190387876,"cluster":5}],"num_clusters":6}