{"title":"cluster-n65-c8-r6-s-208360137224181846","map_width":500,"map_height":300,"num_leaves":65,"tree":{"leaf":false,"id":128,"left":{"leaf":false,"id":127,"left":{"leaf":false,"id":126,"left":{"leaf":false,"id":122,"left":{"leaf":false,"id":97,"left":{"leaf":false,"id":95,"left":{"leaf":true,"id":36,"label":"36","site_id":36},"right":{"leaf":false,"id":94,"left":{"leaf":true,"id":35,"label":"35","site_id":35},"right":{"leaf":false,"id":91,"left":{"leaf":true,"id":33,"label":"33","site_id":33},"right":{"leaf":true,"id":29,"label":"29","site_id":29}}}},"right":{"leaf":false,"id":96,"left":{"leaf":false,"id":90,"left":{"leaf":true,"id":37,"label":"37","site_id":37},"right":{"leaf":true,"id":32,"label":"32","site_id":32}},"right":{"leaf":false,"id":93,"left":{"leaf":true,"id":31,"label":"31","site_id":31},"right":{"leaf":false,"id":92,"left":{"leaf":true,"id":34,"label":"34","site_id":34},"right":{"leaf":true,"id":30,"label":"30","site_id":30}}}}},"right":{"leaf":false,"id":73,"left":{"leaf":false,"id":72,"left":{"leaf":false,"id":70,"left":{"leaf":false,"id":69,"left":{"leaf":false,"id":68,"left":{"leaf":false,"id":67,"left":{"leaf":true,"id":6,"label":"6","site_id":6},"right":{"leaf":true,"id":4,"label":"4","site_id":4}},"right":{"leaf":true,"id":8,"label":"8","site_id":8}},"right":{"leaf":false,"id":65,"left":{"leaf":true,"id":7,"label":"7","site_id":7},"right":{"leaf":true,"id":9,"label":"9","site_id":9}}},"right":{"leaf":false,"id":66,"left":{"leaf":true,"id":0,"label":"0","site_id":0},"right":{"leaf":true,"id":5,"label":"5","site_id":5}}},"right":{"leaf":false,"id":71,"left":{"leaf":true,"id":1,"label":"1","site_id":1},"right":{"leaf":true,"id":3,"label":"3","site_id":3}}},"right":{"leaf":true,"id":2,"label":"2","site_id":2}}},"right":{"leaf":false,"id":86,"left":{"leaf":false,"id":85,"left":{"leaf":true,"id":19,"label":"19","site_id":19},"right":{"leaf":false,"id":83,"left":{"leaf":true,"id":22,"label":"22","site_id":22},"right":{"leaf":true,"id":23,"label":"23","site_id":23}}},"right":{"leaf":false,"id":84,"left":{"leaf":true,"id":21,"label":"21","site_id":21},"right":{"leaf":false,"id":82,"left":{"leaf":true,"id":20,"label":"20","site_id":20},"right":{"leaf":true,"id":24,"label":"24","site_id":24}}}}},"right":{"leaf":false,"id":124,"left":{"leaf":false,"id":81,"left":{"leaf":false,"id":80,"left":{"leaf":true,"id":17,"label":"17","site_id":17},"right":{"leaf":true,"id":13,"label":"13","site_id":13}},"right":{"leaf":false,"id":79,"left":{"leaf":false,"id":78,"left":{"leaf":false,"id":77,"left":{"leaf":true,"id":16,"label":"16","site_id":16},"right":{"leaf":true,"id":11,"label":"11","site_id":11}},"right":{"leaf":true,"id":15,"label":"15","site_id":15}},"right":{"leaf":false,"id":76,"left":{"leaf":false,"id":75,"left":{"leaf":true,"id":12,"label":"12","site_id":12},"right":{"leaf":true,"id":18,"label":"18","site_id":18}},"right":{"leaf":false,"id":74,"left":{"leaf":true,"id":14,"label":"14","site_id":14},"right":{"leaf":true,"id":10,"label":"10","site_id":10}}}}},"right":{"leaf":false,"id":121,"left":{"leaf":false,"id":119,"left":{"leaf":false,"id":117,"left":{"leaf":true,"id":61,"label":"61","site_id":61},"right":{"leaf":false,"id":116,"left":{"leaf":true,"id":58,"label":"58","site_id":58},"right":{"leaf":false,"id":115,"left":{"leaf":true,"id":59,"label":"59","site_id":59},"right":{"leaf":true,"id":62,"label":"62","site_id":62}}}},"right":{"leaf":false,"id":118,"left":{"leaf":true,"id":64,"label":"64","site_id":64},"right":{"leaf":true,"id":63,"label":"63","site_id":63}}},"right":{"leaf":false,"id":120,"left":{"leaf":true,"id":60,"label":"60","site_id":60},"right":{"leaf":true,"id":57,"label":"57","site_id":57}}}}},"right":{"leaf":false,"id":125,"left":{"leaf":false,"id":123,"left":{"leaf":false,"id":114,"left":{"leaf":false,"id":113,"left":{"leaf":false,"id":108,"left":{"leaf":true,"id":47,"label":"47","site_id":47},"right":{"leaf":false,"id":106,"left":{"leaf":true,"id":55,"label":"55","site_id":55},"right":{"leaf":true,"id":53,"label":"53","site_id":53}}},"right":{"leaf":false,"id":112,"left":{"leaf":false,"id":109,"left":{"leaf":true,"id":51,"label":"51","site_id":51},"right":{"leaf":true,"id":52,"label":"52","site_id":52}},"right":{"leaf":false,"id":111,"left":{"leaf":false,"id":110,"left":{"leaf":true,"id":48,"label":"48","site_id":48},"right":{"leaf":true,"id":49,"label":"49","site_id":49}},"right":{"leaf":false,"id":107,"left":{"leaf":true,"id":56,"label":"56","site_id":56},"right":{"leaf":true,"id":50,"label":"50","site_id":50}}}}},"right":{"leaf":true,"id":54,"label":"54","site_id":54}},"right":{"leaf":false,"id":89,"left":{"leaf":true,"id":27,"label":"27","site_id":27},"right":{"leaf":false,"id":88,"left":{"leaf":false,"id":87,"left":{"leaf":true,"id":25,"label":"25","site_id":25},"right":{"leaf":true,"id":26,"label":"26","site_id":26}},"right":{"leaf":true,"id":28,"label":"28","site_id":28}}}},"right":{"leaf":false,"id":105,"left":{"leaf":false,"id":98,"left":{"leaf":true,"id":38,"label":"38","site_id":38},"right":{"leaf":true,"id":43,"label":"43","site_id":43}},"right":{"leaf":false,"id":104,"left":{"leaf":false,"id":99,"left":{"leaf":true,"id":46,"label":"46","site_id":46},"right":{"leaf":true,"id":39,"label":"39","site_id":39}},"right":{"leaf":false,"id":103,"left":{"leaf":false,"id":102,"left":{"leaf":false,"id":101,"left":{"leaf":true,"id":42,"label":"42","site_id":42},"right":{"leaf":true,"id":41,"label":"41","site_id":41}},"right":{"leaf":true,"id":45,"label":"45","site_id":45}},"right":{"leaf":false,"id":100,"left":{"leaf":true,"id":40,"label":"40","site_id":40},"right":{"leaf":true,"id":44,"label":"44","site_id":44}}}}}}},"num_sites":65,"sites":[{"x":368.75148733514465,"y":58.06480792466661,"cluster":0},{"x":451.7644881485525,"y":106.51000401047382,"cluster":0},{"x":357.8347014185336,"y":102.26971400295041,"cluster":0},{"x":473.2408479047453,"y":100.74878158741666,"cluster":0},{"x":460.45373199596213,"y":55.665547041776776,"cluster":0},{"x":451.3504420684309,"y":92.35739871248224,"cluster":0},{"x":478.22634973274177,"y":31.123038073614744,"cluster":0},{"x":403.65932484284525,"y":57.2427408583574,"cluster":0},{"x":473.5429885356911,"y":36.531073722729786,"cluster":0},{"x":401.3084901040861,"y":140.0529006061823,"cluster":0},{"x":205.57689686140097,"y":194.59095470906806,"cluster":1},{"x":190.66996648054015,"y":211.8176436125632,"cluster":1},{"x":150.9925061191114,"y":206.3369717507292,"cluster":1},{"x":208.98799677005408,"y":122.94859572687518,"cluster":1},{"x":220.13801875371095,"y":178.55678108451355,"cluster":1},{"x":199.51174803001362,"y":130.13521004753693,"cluster":1},{"x":255.97947724804123,"y":200.38343026310798,"cluster":1},{"x":250.42395713556374,"y":156.56296612396784,"cluster":1},{"x":160.63666511334748,"y":159.60386281914444,"cluster":1},{"x":286.28222230245865,"y":51.18151658999641,"cluster":2},{"x":285.663072065737,"y":31.494765258335484,"cluster":2},{"x":329.0419287033592,"y":68.82758692004593,"cluster":2},{"x":301.54771402043457,"y":21.859401122145606,"cluster":2},{"x":324.4974095644924,"y":26.271828630726315,"cluster":2},{"x":316.83668116600313,"y":51.484050837188605,"cluster":2},{"x":375.99929132634463,"y":199.5246263009212,"cluster":3},{"x":362.79351331437516,"y":184.1758160862481,"cluster":3},{"x":356.82587184435283,"y":159.86400674032606,"cluster":3},{"x":336.84560567539074,"y":191.9231825007829,"cluster":3},{"x":452.22564523153113,"y":85.47617253710033,"cluster":4},{"x":444.41899706240184,"y":78.57861555610627,"cluster":4},{"x":419.7593241595817,"y":89.88142098841502,"cluster":4},{"x":478.02646844985475,"y":108.63443401615666,"cluster":4},{"x":434.5115945640295,"y":159.68872408887063,"cluster":4},{"x":482.5592122414529,"y":145.09789755550162,"cluster":4},{"x":426.245893271542,"y":86.24183532875085,"cluster":4},{"x":454.7018900257506,"y":114.34717335461443,"cluster":4},{"x":479.4564583586079,"y":123.84583031805857,"cluster":4},{"x":176.2593727532925,"y":157.2420558652058,"cluster":5},{"x":124.0959085933793,"y":68.48144762507609,"cluster":5},{"x":93.12545705221552,"y":92.7090045623441,"cluster":5},{"x":95.20268824496348,"y":171.32912059287173,"cluster":5},{"x":89.83726985112975,"y":168.23290759159812,"cluster":5},{"x":182.60470549155445,"y":142.486665330108,"cluster":5},{"x":135.4216980846953,"y":160.77024102806658,"cluster":5},{"x":162.70583265073103,"y":120.72243565456574,"cluster":5},{"x":157.87134637378213,"y":90.79392629844378,"cluster":5},{"x":107.04974165519008,"y":235.22596201544638,"cluster":6},{"x":133.49476889528052,"y":222.4630750225661,"cluster":6},{"x":63.63836549357975,"y":163.18911419027884,"cluster":6},{"x":95.27999449219139,"y":197.32055442870865,"cluster":6},{"x":57.97029239052564,"y":229.36294177665852,"cluster":6},{"x":65.19180035065415,"y":169.37262884938593,"cluster":6},{"x":138.30966928155243,"y":203.92923852543555,"cluster":6},{"x":49.08263415805385,"y":209.96128040815677,"cluster":6},{"x":120.76405503497982,"y":264.41311634000385,"cluster":6},{"x":106.0215569721098,"y":193.2301890131346,"cluster":6},{"x":426.75344943740885,"y":254.6769194208255,"cluster":7},{"x":341.9467326362017,"y":263.67575731723593,"cluster":7},{"x":381.0966764579381,"y":265.9830787962261,"cluster":7},{"x":350.7560112286341,"y":283.41853886572324,"cluster":7},{"x":341.0754295910988,"y":230.16723167230393,"cluster":7},{"x":385.05955271465143,"y":262.84657068091246,"cluster":7},{"x":352.663243136083,"y":228.6290734499942,"cluster":7},{"x":368.0464089215848,"y":235.14045473825206,"cluster":7}],"num_clusters":8}