{"title":"cluster-n30-c5-r8-s8690411351969139020","map_width":500,"map_height":300,"num_leaves":30,"tree":{"leaf":false,"id":58,"left":{"leaf":false,"id":57,"left":{"leaf":false,"id":56,"left":{"leaf":false,"id":49,"left":{"leaf":false,"id":47,"left":{"leaf":true,"id":20,"label":"20","site_id":20},"right":{"leaf":false,"id":46,"left":{"leaf":true,"id":21,"label":"21","site_id":21},"right":{"leaf":true,"id":22,"label":"22","site_id":22}}},"right":{"leaf":false,"id":48,"left":{"leaf":false,"id":45,"left":{"leaf":true,"id":23,"label":"23","site_id":23},"right":{"leaf":true,"id":19,"label":"19","site_id":19}},"right":{"leaf":true,"id":18,"label":"18","site_id":18}}},"right":{"leaf":false,"id":54,"left":{"leaf":true,"id":25,"label":"25","site_id":25},"right":{"leaf":false,"id":53,"left":{"leaf":true,"id":27,"label":"27","site_id":27},"right":{"leaf":false,"id":52,"left":{"leaf":false,"id":51,"left":{"leaf":true,"id":28,"label":"28","site_id":28},"right":{"leaf":false,"id":50,"left":{"leaf":true,"id":29,"label":"29","site_id":29},"right":{"leaf":true,"id":24,"label":"24","site_id":24}}},"right":{"leaf":true,"id":26,"label":"26","site_id":26}}}}},"right":{"leaf":false,"id":55,"left":{"leaf":false,"id":44,"left":{"leaf":true,"id":12,"label":"12","site_id":12},"right":{"leaf":false,"id":43,"left":{"leaf":false,"id":39,"left":{"leaf":true,"id":11,"label":"11","site_id":11},"right":{"leaf":true,"id":14,"label":"14","site_id":14}},"right":{"leaf":false,"id":42,"left":{"leaf":false,"id":40,"left":{"leaf":true,"id":17,"label":"17","site_id":17},"right":{"leaf":true,"id":13,"label":"13","site_id":13}},"right":{"leaf":false,"id":41,"left":{"leaf":true,"id":15,"label":"15","site_id":15},"right":{"leaf":true,"id":16,"label":"16","site_id":16}}}}},"right":{"leaf":false,"id":31,"left":{"leaf":true,"id":1,"label":"1","site_id":1},"right":{"leaf":false,"id":30,"left":{"leaf":true,"id":0,"label":"0","site_id":0},"right":{"leaf":true,"id":2,"label":"2","site_id":2}}}}},"right":{"leaf":false,"id":38,"left":{"leaf":true,"id":10,"label":"10","site_id":10},"right":{"leaf":false,"id":37,"left":{"leaf":false,"id":32,"left":{"leaf":true,"id":6,"label":"6","site_id":6},"right":{"leaf":true,"id":9,"label":"9","site_id":9}},"right":{"leaf":false,"id":36,"left":{"leaf":false,"id":34,"left":{"leaf":true,"id":5,"label":"5","site_id":5},"right":{"leaf":true,"id":7,"label":"7","site_id":7}},"right":{"leaf":false,"id":35,"left":{"leaf":true,"id":8,"label":"8","site_id":8},"right":{"leaf":false,"id":33,"left":{"leaf":true,"id":3,"label":"3","site_id":3},"right":{"leaf":true,"id":4,"label":"4","site_id":4}}}}}}},"num_sites":30,"sites":[{"x":122.58345618186071,"y":181.0700163612547,"cluster":0},{"x":162.70794894159553,"y":158.51688810916522,"cluster":0},{"x":106.67317693297898,"y":172.48042743161037,"cluster":0},{"x":211.7521900581179,"y":51.79818809857637,"cluster":1},{"x":347.47373901758135,"y":154.58229325347514,"cluster":1},{"x":219.35569950589314,"y":155.46271840253436,"cluster":1},{"x":294.1979395345753,"y":53.415867517880514,"cluster":1},{"x":241.73436330121666,"y":151.07389184210442,"cluster":1},{"x":211.06300433878351,"y":66.72182623991503,"cluster":1},{"x":285.0800463439912,"y":81.19279191754323,"cluster":1},{"x":162.94620348647175,"y":76.06246112642197,"cluster":1},{"x":230.490374249394,"y":232.0836760922827,"cluster":2},{"x":179.74176907348277,"y":232.27385745136635,"cluster":2},{"x":147.3851931231895,"y":173.84382578347063,"cluster":2},{"x":211.78290008659226,"y":228.41041721184024,"cluster":2},{"x":215.8462677718776,"y":164.5097010802795,"cluster":2},{"x":181.41490342119377,"y":179.82074263024992,"cluster":2},{"x":102.33634855003095,"y":190.5968765115383,"cluster":2},{"x":110.4757246695033,"y":61.990315786731784,"cluster":3},{"x":101.54306517623394,"y":58.82013119911626,"cluster":3},{"x":15.454638502135666,"y":208.54905300229922,"cluster":3},{"x":144.0520418336826,"y":180.8142817058773,"cluster":3},{"x":61.67310959621708,"y":158.92605103355723,"cluster":3},{"x":89.79363536934424,"y":63.65215742683836,"cluster":3},{"x":264.95657542003363,"y":126.56656618556576,"cluster":4},{"x":261.2620979895712,"y":236.5575167388314,"cluster":4},{"x":339.2333491995376,"y":205.52797199883597,"cluster":4},{"x":235.20306877483767,"y":121.0715658635296,"cluster":4},{"x":374.3591554116331,"y":191.29398665568453,"cluster":4},{"x":344.1598656895181,"y":160.075053301441,"cluster":4}],"num_clusters":5}