{"title":"cluster-n20-c4-r1-s3800096882043324115","map_width":500,"map_height":300,"num_leaves":20,"tree":{"leaf":false,"id":38,"left":{"leaf":false,"id":30,"left":{"leaf":true,"id":11,"label":"11","site_id":11},"right":{"leaf":false,"id":29,"left":{"leaf":false,"id":28,"left":{"leaf":true,"id":9,"label":"9","site_id":9},"right":{"leaf":true,"id":10,"label":"10","site_id":10}},"right":{"leaf":false,"id":27,"left":{"leaf":true,"id":12,"label":"12","site_id":12},"right":{"leaf":true,"id":13,"label":"13","site_id":13}}}},"right":{"leaf":false,"id":37,"left":{"leaf":false,"id":36,"left":{"leaf":false,"id":35,"left":{"leaf":false,"id":33,"left":{"leaf":false,"id":31,"left":{"leaf":true,"id":15,"label":"15","site_id":15},"right":{"leaf":true,"id":16,"label":"16","site_id":16}},"right":{"leaf":true,"id":19,"label":"19","site_id":19}},"right":{"leaf":false,"id":34,"left":{"leaf":true,"id":14,"label":"14","site_id":14},"right":{"leaf":false,"id":32,"left":{"leaf":true,"id":17,"label":"17","site_id":17},"right":{"leaf":true,"id":18,"label":"18","site_id":18}}}},"right":{"leaf":false,"id":22,"left":{"leaf":true,"id":0,"label":"0","site_id":0},"right":{"leaf":false,"id":21,"left":{"leaf":false,"id":20,"left":{"leaf":true,"id":2,"label":"2","site_id":2},"right":{"leaf":true,"id":3,"label":"3","site_id":3}},"right":{"leaf":true,"id":1,"label":"1","site_id":1}}}},"right":{"leaf":false,"id":26,"left":{"leaf":false,"id":25,"left":{"leaf":false,"id":24,"left":{"leaf":false,"id":23,"left":{"leaf":true,"id":6,"label":"6","site_id":6},"right":{"leaf":true,"id":8,"label":"8","site_id":8}},"right":{"leaf":true,"id":4,"label":"4","site_id":4}},"right":{"leaf":true,"id":7,"label":"7","site_id":7}},"right":{"leaf":true,"id":5,"label":"5","site_id":5}}}},"num_sites":20,"sites":[{"x":251.0252372033383,"y":64.66055504377226,"cluster":0},{"x":259.6222327437868,"y":26.644608403285446,"cluster":0},{"x":144.7722976705877,"y":124.7041515654262,"cluster":0},{"x":141.02521478000975,"y":106.24630085771958,"cluster":0},{"x":21.05092788167076,"y":158.76997177984987,"cluster":1},{"x":145.15423443997054,"y":209.52725736820014,"cluster":1},{"x":59.138220003814666,"y":87.86564853920869,"cluster":1},{"x":96.9740724645956,"y":233.60236335529527,"cluster":1},{"x":54.5190253282597,"y":223.70995786594943,"cluster":1},{"x":108.61327944357149,"y":213.7561758832426,"cluster":2},{"x":197.9600814269485,"y":72.00524447507097,"cluster":2},{"x":100.19982512117373,"y":134.84190678470935,"cluster":2},{"x":214.9437830718772,"y":213.28188186211207,"cluster":2},{"x":136.27210407550325,"y":144.72143143225063,"cluster":2},{"x":293.91334843237803,"y":47.43188270602924,"cluster":3},{"x":374.52680731430456,"y":159.611410187793,"cluster":3},{"x":332.9965252226099,"y":18.281150975881012,"cluster":3},{"x":289.6024880190994,"y":105.16022984571012,"cluster":3},{"x":283.05443409884697,"y":81.20306276535901,"cluster":3},{"x":354.92871574944616,"y":138.82715116172415,"cluster":3}],"num_clusters":4}