{"title":"cluster-n80-c10-r8-s2652227271075163873","map_width":500,"map_height":300,"num_leaves":80,"tree":{"leaf":false,"id":158,"left":{"leaf":false,"id":152,"left":{"leaf":false,"id":118,"left":{"leaf":true,"id":39,"label":"39","site_id":39},"right":{"leaf":false,"id":117,"left":{"leaf":true,"id":44,"label":"44","site_id":44},"right":{"leaf":false,"id":116,"left":{"leaf":true,"id":40,"label":"40","site_id":40},"right":{"leaf":false,"id":115,"left":{"leaf":true,"id":43,"label":"43","site_id":43},"right":{"leaf":false,"id":114,"left":{"leaf":true,"id":36,"label":"36","site_id":36},"right":{"leaf":false,"id":113,"left":{"leaf":true,"id":37,"label":"37","site_id":37},"right":{"leaf":false,"id":112,"left":{"leaf":false,"id":111,"left":{"leaf":true,"id":41,"label":"41","site_id":41},"right":{"leaf":true,"id":42,"label":"42","site_id":42}},"right":{"leaf":true,"id":38,"label":"38","site_id":38}}}}}}}},"right":{"leaf":false,"id":151,"left":{"leaf":false,"id":110,"left":{"leaf":false,"id":109,"left":{"leaf":false,"id":107,"left":{"leaf":true,"id":29,"label":"29","site_id":29},"right":{"leaf":true,"id":32,"label":"32","site_id":32}},"right":{"leaf":false,"id":106,"left":{"leaf":true,"id":31,"label":"31","site_id":31},"right":{"leaf":true,"id":30,"label":"30","site_id":30}}},"right":{"leaf":false,"id":108,"left":{"leaf":true,"id":33,"label":"33","site_id":33},"right":{"leaf":false,"id":105,"left":{"leaf":true,"id":35,"label":"35","site_id":35},"right":{"leaf":true,"id":34,"label":"34","site_id":34}}}},"right":{"leaf":false,"id":149,"left":{"leaf":false,"id":148,"left":{"leaf":false,"id":146,"left":{"leaf":true,"id":79,"label":"79","site_id":79},"right":{"leaf":false,"id":144,"left":{"leaf":false,"id":143,"left":{"leaf":true,"id":76,"label":"76","site_id":76},"right":{"leaf":true,"id":78,"label":"78","site_id":78}},"right":{"leaf":true,"id":73,"label":"73","site_id":73}}},"right":{"leaf":false,"id":147,"left":{"leaf":false,"id":145,"left":{"leaf":true,"id":75,"label":"75","site_id":75},"right":{"leaf":true,"id":72,"label":"72","site_id":72}},"right":{"leaf":true,"id":77,"label":"77","site_id":77}}},"right":{"leaf":true,"id":74,"label":"74","site_id":74}}}},"right":{"leaf":false,"id":157,"left":{"leaf":false,"id":150,"left":{"leaf":false,"id":128,"left":{"leaf":false,"id":126,"left":{"leaf":false,"id":124,"left":{"leaf":false,"id":120,"left":{"leaf":true,"id":51,"label":"51","site_id":51},"right":{"leaf":true,"id":55,"label":"55","site_id":55}},"right":{"leaf":false,"id":123,"left":{"leaf":false,"id":122,"left":{"leaf":true,"id":48,"label":"48","site_id":48},"right":{"leaf":true,"id":46,"label":"46","site_id":46}},"right":{"leaf":true,"id":45,"label":"45","site_id":45}}},"right":{"leaf":true,"id":47,"label":"47","site_id":47}},"right":{"leaf":false,"id":127,"left":{"leaf":false,"id":119,"left":{"leaf":true,"id":49,"label":"49","site_id":49},"right":{"leaf":true,"id":50,"label":"50","site_id":50}},"right":{"leaf":false,"id":125,"left":{"leaf":true,"id":53,"label":"53","site_id":53},"right":{"leaf":false,"id":121,"left":{"leaf":true,"id":52,"label":"52","site_id":52},"right":{"leaf":true,"id":54,"label":"54","site_id":54}}}}},"right":{"leaf":false,"id":87,"left":{"leaf":false,"id":84,"left":{"leaf":true,"id":6,"label":"6","site_id":6},"right":{"leaf":true,"id":2,"label":"2","site_id":2}},"right":{"leaf":false,"id":86,"left":{"leaf":false,"id":83,"left":{"leaf":true,"id":7,"label":"7","site_id":7},"right":{"leaf":false,"id":82,"left":{"leaf":true,"id":5,"label":"5","site_id":5},"right":{"leaf":false,"id":81,"left":{"leaf":false,"id":80,"left":{"leaf":true,"id":1,"label":"1","site_id":1},"right":{"leaf":true,"id":0,"label":"0","site_id":0}},"right":{"leaf":true,"id":8,"label":"8","site_id":8}}}},"right":{"leaf":false,"id":85,"left":{"leaf":true,"id":3,"label":"3","site_id":3},"right":{"leaf":true,"id":4,"label":"4","site_id":4}}}}},"right":{"leaf":false,"id":156,"left":{"leaf":false,"id":104,"left":{"leaf":false,"id":102,"left":{"leaf":true,"id":20,"label":"20","site_id":20},"right":{"leaf":false,"id":101,"left":{"leaf":true,"id":21,"label":"21","site_id":21},"right":{"leaf":true,"id":27,"label":"27","site_id":27}}},"right":{"leaf":false,"id":103,"left":{"leaf":false,"id":100,"left":{"leaf":true,"id":28,"label":"28","site_id":28},"right":{"leaf":false,"id":99,"left":{"leaf":true,"id":23,"label":"23","site_id":23},"right":{"leaf":true,"id":25,"label":"25","site_id":25}}},"right":{"leaf":false,"id":98,"left":{"leaf":true,"id":26,"label":"26","site_id":26},"right":{"leaf":false,"id":97,"left":{"leaf":true,"id":22,"label":"22","site_id":22},"right":{"leaf":true,"id":24,"label":"24","site_id":24}}}}},"right":{"leaf":false,"id":155,"left":{"leaf":false,"id":153,"left":{"leaf":false,"id":135,"left":{"leaf":false,"id":134,"left":{"leaf":false,"id":131,"left":{"leaf":false,"id":130,"left":{"leaf":true,"id":60,"label":"60","site_id":60},"right":{"leaf":true,"id":58,"label":"58","site_id":58}},"right":{"leaf":false,"id":129,"left":{"leaf":true,"id":59,"label":"59","site_id":59},"right":{"leaf":true,"id":62,"label":"62","site_id":62}}},"right":{"leaf":false,"id":132,"left":{"leaf":true,"id":57,"label":"57","site_id":57},"right":{"leaf":true,"id":56,"label":"56","site_id":56}}},"right":{"leaf":false,"id":133,"left":{"leaf":true,"id":63,"label":"63","site_id":63},"right":{"leaf":true,"id":61,"label":"61","site_id":61}}},"right":{"leaf":false,"id":96,"left":{"leaf":true,"id":17,"label":"17","site_id":17},"right":{"leaf":false,"id":95,"left":{"leaf":false,"id":94,"left":{"leaf":false,"id":93,"left":{"leaf":true,"id":15,"label":"15","site_id":15},"right":{"leaf":true,"id":18,"label":"18","site_id":18}},"right":{"leaf":true,"id":16,"label":"16","site_id":16}},"right":{"leaf":true,"id":19,"label":"19","site_id":19}}}},"right":{"leaf":false,"id":154,"left":{"leaf":false,"id":92,"left":{"leaf":false,"id":91,"left":{"leaf":true,"id":13,"label":"13","site_id":13},"right":{"leaf":false,"id":90,"left":{"leaf":true,"id":12,"label":"12","site_id":12},"right":{"leaf":true,"id":11,"label":"11","site_id":11}}},"right":{"leaf":false,"id":89,"left":{"leaf":true,"id":14,"label":"14","site_id":14},"right":{"leaf":false,"id":88,"left":{"leaf":true,"id":9,"label":"9","site_id":9},"right":{"leaf":true,"id":10,"label":"10","site_id":10}}}},"right":{"leaf":false,"id":142,"left":{"leaf":true,"id":67,"label":"67","site_id":67},"right":{"leaf":false,"id":141,"left":{"leaf":false,"id":136,"left":{"leaf":true,"id":66,"label":"66","site_id":66},"right":{"leaf":true,"id":71,"label":"71","site_id":71}},"right":{"leaf":false,"id":140,"left":{"leaf":true,"id":69,"label":"69","site_id":69},"right":{"leaf":false,"id":139,"left":{"leaf":false,"id":137,"left":{"leaf":true,"id":65,"label":"65","site_id":65},"right":{"leaf":true,"id":68,"label":"68","site_id":68}},"right":{"leaf":false,"id":138,"left":{"leaf":true,"id":70,"label":"70","site_id":70},"right":{"leaf":true,"id":64,"label":"64","site_id":64}}}}}}}}}}},"num_sites":80,"sites":[{"x":461.3426198191801,"y":88.01742078744502,"cluster":0},{"x":444.4705968728923,"y":130.11601664038412,"cluster":0},{"x":466.6439019130748,"y":71.1541967409078,"cluster":0},{"x":482.41539348070535,"y":143.99533538410768,"cluster":0},{"x":460.82653357542347,"y":129.661866544905,"cluster":0},{"x":473.72217764967644,"y":100.97280670765178,"cluster":0},{"x":429.3012423435786,"y":82.52819696917408,"cluster":0},{"x":476.0234190819038,"y":121.26628201847309,"cluster":0},{"x":407.23486877324,"y":114.72781912955284,"cluster":0},{"x":335.8465129033941,"y":182.05610121420634,"cluster":1},{"x":316.61354388117496,"y":188.76907243354833,"cluster":1},{"x":312.8219992623727,"y":182.2837584467231,"cluster":1},{"x":296.1321608949034,"y":189.1124561848003,"cluster":1},{"x":289.39124010195826,"y":203.92790580858258,"cluster":1},{"x":340.92170983188817,"y":200.78959606073997,"cluster":1},{"x":116.3849194866192,"y":229.56024508203186,"cluster":2},{"x":111.37414408978034,"y":208.45120346079574,"cluster":2},{"x":91.09392500450497,"y":209.86346245682077,"cluster":2},{"x":94.67597158316234,"y":235.70889389964162,"cluster":2},{"x":97.52108723068707,"y":209.155713396425,"cluster":2},{"x":357.4878201219203,"y":172.90463975281267,"cluster":3},{"x":380.75415142197164,"y":231.46483611743497,"cluster":3},{"x":342.7301430370479,"y":209.6737107246936,"cluster":3},{"x":401.2848338115057,"y":239.8233967202933,"cluster":3},{"x":349.80589773432337,"y":231.49763094402033,"cluster":3},{"x":371.26586685990037,"y":231.56237692660352,"cluster":3},{"x":352.42364609901495,"y":189.8384571403586,"cluster":3},{"x":367.4864619347183,"y":213.72340682050333,"cluster":3},{"x":393.3440857335571,"y":227.75031478447468,"cluster":3},{"x":406.3284558507699,"y":193.4985824655835,"cluster":4},{"x":430.16114183712625,"y":180.05072481363564,"cluster":4},{"x":440.59474473418464,"y":178.03113667175356,"cluster":4},{"x":419.3268546720039,"y":199.93777182984576,"cluster":4},{"x":439.3085753388989,"y":199.0150902246564,"cluster":4},{"x":421.52982735135123,"y":146.91902957796577,"cluster":4},{"x":426.7739985792117,"y":202.01983803334298,"cluster":4},{"x":171.58717854018178,"y":145.87110182723373,"cluster":5},{"x":175.98357625770325,"y":142.53114841733026,"cluster":5},{"x":192.36374209775732,"y":128.0972831131544,"cluster":5},{"x":152.7974490092074,"y":156.4258875065288,"cluster":5},{"x":123.16369903790306,"y":165.3606936909263,"cluster":5},{"x":202.65533639398956,"y":123.42239712603418,"cluster":5},{"x":172.98032600860242,"y":163.73279500498734,"cluster":5},{"x":200.72306965303216,"y":198.43247599855695,"cluster":5},{"x":158.06411981204846,"y":197.87848243919922,"cluster":5},{"x":34.30425798980176,"y":36.59807249229888,"cluster":6},{"x":45.83804279799858,"y":16.346850763489094,"cluster":6},{"x":68.21026049881574,"y":41.283267556450504,"cluster":6},{"x":56.44802415311409,"y":18.965380550865895,"cluster":6},{"x":27.922268625622237,"y":51.337716769797595,"cluster":6},{"x":28.72852033695345,"y":41.57932604791237,"cluster":6},{"x":131.5247217616488,"y":54.66534529793455,"cluster":6},{"x":66.6858894677808,"y":70.9400507008431,"cluster":6},{"x":106.66873282175203,"y":33.0429342761171,"cluster":6},{"x":96.79158356957828,"y":29.045110719731756,"cluster":6},{"x":132.63361882963193,"y":22.437455590854047,"cluster":6},{"x":386.51144238211464,"y":109.85631293667126,"cluster":7},{"x":457.1775604655478,"y":41.48536170263808,"cluster":7},{"x":448.85255035220393,"y":87.7320098281489,"cluster":7},{"x":412.77387227041044,"y":86.78962244267221,"cluster":7},{"x":396.65396584791404,"y":69.24079084595813,"cluster":7},{"x":381.9115075928472,"y":93.40692969390719,"cluster":7},{"x":414.52255238320384,"y":81.63151583815765,"cluster":7},{"x":445.23843607891627,"y":116.7889636125501,"cluster":7},{"x":283.45179231894457,"y":251.54271445776885,"cluster":8},{"x":291.8461735066339,"y":250.00579230875425,"cluster":8},{"x":213.91439329864215,"y":208.5645502769692,"cluster":8},{"x":264.82766708051906,"y":223.02883810378088,"cluster":8},{"x":248.5197205959979,"y":218.44856498293836,"cluster":8},{"x":270.0905175264194,"y":211.49043571084727,"cluster":8},{"x":226.1658876719553,"y":232.99292121303293,"cluster":8},{"x":230.27411541295766,"y":219.2555129146205,"cluster":8},{"x":22.497554173723977,"y":263.1492031189734,"cluster":9},{"x":45.0940526827158,"y":261.4137785563169,"cluster":9},{"x":40.37296782140278,"y":219.89585370593124,"cluster":9},{"x":59.884123698481275,"y":207.33899890742393,"cluster":9},{"x":76.63674141296985,"y":205.82945234575612,"cluster":9},{"x":48.74275058340569,"y":221.91344160211142,"cluster":9},{"x":54.13039553676704,"y":234.22503235932334,"cluster":9},{"x":40.05206063191395,"y":195.9874671831566,"cluster":9}],"num_clusters":10}