{"title":"cluster-n60-c8-r5-s3216824631405038100","map_width":500,"map_height":300,"num_leaves":60,"tree":{"leaf":false,"id":118,"left":{"leaf":false,"id":116,"left":{"leaf":false,"id":115,"left":{"leaf":false,"id":70,"left":{"leaf":false,"id":69,"left":{"leaf":true,"id":7,"label":"7","site_id":7},"right":{"leaf":false,"id":68,"left":{"leaf":false,"id":66,"left":{"leaf":true,"id":11,"label":"11","site_id":11},"right":{"leaf":false,"id":65,"left":{"leaf":true,"id":10,"label":"10","site_id":10},"right":{"leaf":true,"id":12,"label":"12","site_id":12}}},"right":{"leaf":false,"id":67,"left":{"leaf":true,"id":9,"label":"9","site_id":9},"right":{"leaf":true,"id":8,"label":"8","site_id":8}}}},"right":{"leaf":true,"id":6,"label":"6","site_id":6}},"right":{"leaf":false,"id":78,"left":{"leaf":true,"id":13,"label":"13","site_id":13},"right":{"leaf":false,"id":77,"left":{"leaf":false,"id":76,"left":{"leaf":false,"id":74,"left":{"leaf":true,"id":20,"label":"20","site_id":20},"right":{"leaf":true,"id":15,"label":"15","site_id":15}},"right":{"leaf":false,"id":75,"left":{"leaf":true,"id":18,"label":"18","site_id":18},"right":{"leaf":false,"id":73,"left":{"leaf":true,"id":21,"label":"21","site_id":21},"right":{"leaf":false,"id":72,"left":{"leaf":true,"id":17,"label":"17","site_id":17},"right":{"leaf":false,"id":71,"left":{"leaf":true,"id":16,"label":"16","site_id":16},"right":{"leaf":true,"id":19,"label":"19","site_id":19}}}}}},"right":{"leaf":true,"id":14,"label":"14","site_id":14}}}},"right":{"leaf":false,"id":112,"left":{"leaf":false,"id":111,"left":{"leaf":true,"id":55,"label":"55","site_id":55},"right":{"leaf":false,"id":110,"left":{"leaf":true,"id":58,"label":"58","site_id":58},"right":{"leaf":false,"id":109,"left":{"leaf":false,"id":108,"left":{"leaf":true,"id":57,"label":"57","site_id":57},"right":{"leaf":true,"id":56,"label":"56","site_id":56}},"right":{"leaf":true,"id":59,"label":"59","site_id":59}}}},"right":{"leaf":false,"id":99,"left":{"leaf":false,"id":98,"left":{"leaf":false,"id":97,"left":{"leaf":true,"id":41,"label":"41","site_id":41},"right":{"leaf":true,"id":44,"label":"44","site_id":44}},"right":{"leaf":false,"id":96,"left":{"leaf":false,"id":95,"left":{"leaf":true,"id":45,"label":"45","site_id":45},"right":{"leaf":false,"id":94,"left":{"leaf":true,"id":43,"label":"43","site_id":43},"right":{"leaf":true,"id":40,"label":"40","site_id":40}}},"right":{"leaf":true,"id":42,"label":"42","site_id":42}}},"right":{"leaf":true,"id":39,"label":"39","site_id":39}}}},"right":{"leaf":false,"id":117,"left":{"leaf":false,"id":107,"left":{"leaf":false,"id":106,"left":{"leaf":false,"id":104,"left":{"leaf":false,"id":102,"left":{"leaf":true,"id":52,"label":"52","site_id":52},"right":{"leaf":true,"id":46,"label":"46","site_id":46}},"right":{"leaf":true,"id":48,"label":"48","site_id":48}},"right":{"leaf":false,"id":105,"left":{"leaf":true,"id":50,"label":"50","site_id":50},"right":{"leaf":false,"id":103,"left":{"leaf":true,"id":53,"label":"53","site_id":53},"right":{"leaf":false,"id":100,"left":{"leaf":true,"id":54,"label":"54","site_id":54},"right":{"leaf":true,"id":51,"label":"51","site_id":51}}}}},"right":{"leaf":false,"id":101,"left":{"leaf":true,"id":49,"label":"49","site_id":49},"right":{"leaf":true,"id":47,"label":"47","site_id":47}}},"right":{"leaf":false,"id":114,"left":{"leaf":false,"id":86,"left":{"leaf":false,"id":85,"left":{"leaf":false,"id":84,"left":{"leaf":true,"id":23,"label":"23","site_id":23},"right":{"leaf":false,"id":83,"left":{"leaf":true,"id":30,"label":"30","site_id":30},"right":{"leaf":false,"id":82,"left":{"leaf":true,"id":22,"label":"22","site_id":22},"right":{"leaf":true,"id":28,"label":"28","site_id":28}}}},"right":{"leaf":false,"id":81,"left":{"leaf":true,"id":27,"label":"27","site_id":27},"right":{"leaf":false,"id":80,"left":{"leaf":true,"id":26,"label":"26","site_id":26},"right":{"leaf":true,"id":25,"label":"25","site_id":25}}}},"right":{"leaf":false,"id":79,"left":{"leaf":true,"id":29,"label":"29","site_id":29},"right":{"leaf":true,"id":24,"label":"24","site_id":24}}},"right":{"leaf":false,"id":113,"left":{"leaf":false,"id":93,"left":{"leaf":false,"id":92,"left":{"leaf":true,"id":34,"label":"34","site_id":34},"right":{"leaf":false,"id":89,"left":{"leaf":true,"id":36,"label":"36","site_id":36},"right":{"leaf":true,"id":37,"label":"37","site_id":37}}},"right":{"leaf":false,"id":91,"left":{"leaf":true,"id":38,"label":"38","site_id":38},"right":{"leaf":false,"id":90,"left":{"leaf":false,"id":88,"left":{"leaf":true,"id":33,"label":"33","site_id":33},"right":{"leaf":true,"id":32,"label":"32","site_id":32}},"right":{"leaf":false,"id":87,"left":{"leaf":true,"id":35,"label":"35","site_id":35},"right":{"leaf":true,"id":31,"label":"31","site_id":31}}}}},"right":{"leaf":false,"id":64,"left":{"leaf":false,"id":63,"left":{"leaf":true,"id":0,"label":"0","site_id":0},"right":{"leaf":false,"id":61,"left":{"leaf":false,"id":60,"left":{"leaf":true,"id":4,"label":"4","site_id":4},"right":{"leaf":true,"id":5,"label":"5","site_id":5}},"right":{"leaf":true,"id":1,"label":"1","site_id":1}}},"right":{"leaf":false,"id":62,"left":{"leaf":true,"id":3,"label":"3","site_id":3},"right":{"leaf":true,"id":2,"label":"2","site_id":2}}}}}}},"num_sites":60,"sites":[{"x":60.83906160522487,"y":66.81456985022331,"cluster":0},{"x":28.831629068628615,"y":38.08863123461794,"cluster":0},{"x":25.57512654609568,"y":71.33265666393784,"cluster":0},{"x":58.56812293056572,"y":40.17443736754005,"cluster":0},{"x":33.618056893207786,"y":54.54578558355949,"cluster":0},{"x":39.96130066084092,"y":59.256716148639576,"cluster":0},{"x":478.70400514337507,"y":62.25516888517552,"cluster":1},{"x":445.8520265058111,"y":81.02507297478739,"cluster":1},{"x":412.93341185810164,"y":19.40671186309488,"cluster":1},{"x":450.17994245734593,"y":18.146931263729524,"cluster":1},{"x":471.02332427219585,"y":16.718685334555868,"cluster":1},{"x":482.7021834167889,"y":42.83568187296887,"cluster":1},{"x":418.72480602210527,"y":63.56732703062659,"cluster":1},{"x":79.67868396604229,"y":141.60564516618086,"cluster":2},{"x":18.566109613032616,"y":189.5461225421672,"cluster":2},{"x":70.7918348049987,"y":225.5157389395419,"cluster":2},{"x":62.85397996000839,"y":140.20550409563918,"cluster":2},{"x":94.65411380716435,"y":138.69891650714135,"cluster":2},{"x":65.74147563370778,"y":188.23522699971193,"cluster":2},{"x":17.233070048044432,"y":246.15208345052793,"cluster":2},{"x":44.81746623671536,"y":226.27531472436897,"cluster":2},{"x":92.02866663795812,"y":233.27037613715277,"cluster":2},{"x":218.8868362466471,"y":77.69309904802373,"cluster":3},{"x":225.60962098387887,"y":23.588997868382343,"cluster":3},{"x":141.52097110384815,"y":33.37049648351757,"cluster":3},{"x":135.02970833620424,"y":66.94687589288758,"cluster":3},{"x":141.5862451751828,"y":41.52937612826889,"cluster":3},{"x":177.0586467952345,"y":45.47978769948533,"cluster":3},{"x":131.84568796364823,"y":45.60351110719259,"cluster":3},{"x":127.25258896525574,"y":109.6614146234505,"cluster":3},{"x":172.97923247905706,"y":108.42960484274636,"cluster":3},{"x":106.92584678509557,"y":47.860034166930234,"cluster":4},{"x":33.561625515114876,"y":118.55251609567736,"cluster":4},{"x":44.91568758424418,"y":133.0109272107547,"cluster":4},{"x":71.5889960873426,"y":80.09294526900499,"cluster":4},{"x":106.84819690316247,"y":133.7324626307126,"cluster":4},{"x":71.8593639712954,"y":110.59854635585317,"cluster":4},{"x":76.25358269549815,"y":119.23182181400395,"cluster":4},{"x":101.03195808810445,"y":108.71970596952494,"cluster":4},{"x":134.6712407774152,"y":117.7627678077144,"cluster":5},{"x":161.61188626467168,"y":64.36063047541029,"cluster":5},{"x":158.73143188052404,"y":55.97269578584796,"cluster":5},{"x":190.22891892730257,"y":72.6994041183855,"cluster":5},{"x":190.95410849963105,"y":145.67868079245642,"cluster":5},{"x":183.84618660562057,"y":95.22811130580855,"cluster":5},{"x":135.880555155663,"y":107.51042889929877,"cluster":5},{"x":65.39260673710388,"y":124.93507731739797,"cluster":6},{"x":73.77064391564527,"y":152.69913637069658,"cluster":6},{"x":27.670508561102878,"y":122.65974776918743,"cluster":6},{"x":34.87455079507265,"y":154.86363889271428,"cluster":6},{"x":55.213215359610835,"y":71.87889670277681,"cluster":6},{"x":77.72846197864843,"y":119.30636392495778,"cluster":6},{"x":101.17673526166624,"y":84.66933203657084,"cluster":6},{"x":98.86527506566406,"y":165.74432923110328,"cluster":6},{"x":93.11260245764977,"y":61.95998265195487,"cluster":6},{"x":400.9590955594274,"y":253.56015818489732,"cluster":7},{"x":381.30528289819495,"y":216.62154774859115,"cluster":7},{"x":365.64071177309205,"y":214.06299459234418,"cluster":7},{"x":349.5485870164722,"y":231.1340166786383,"cluster":7},{"x":365.06486751959415,"y":204.23931859729367,"cluster":7}],"num_clusters":8}