{"title":"cluster-n35-c5-r3-s-3668721473601085579","map_width":500,"map_height":300,"num_leaves":35,"tree":{"leaf":false,"id":68,"left":{"leaf":false,"id":67,"left":{"leaf":false,"id":40,"left":{"leaf":false,"id":39,"left":{"leaf":false,"id":38,"left":{"leaf":false,"id":35,"left":{"leaf":true,"id":5,"label":"5","site_id":5},"right":{"leaf":true,"id":3,"label":"3","site_id":3}},"right":{"leaf":true,"id":4,"label":"4","site_id":4}},"right":{"leaf":true,"id":1,"label":"1","site_id":1}},"right":{"leaf":false,"id":37,"left":{"leaf":true,"id":6,"label":"6","site_id":6},"right":{"leaf":false,"id":36,"left":{"leaf":true,"id":2,"label":"2","site_id":2},"right":{"leaf":true,"id":0,"label":"0","site_id":0}}}},"right":{"leaf":false,"id":49,"left":{"leaf":false,"id":48,"left":{"leaf":false,"id":44,"left":{"leaf":true,"id":17,"label":"17","site_id":17},"right":{"leaf":true,"id":16,"label":"16","site_id":16}},"right":{"leaf":false,"id":47,"left":{"leaf":true,"id":15,"label":"15","site_id":15},"right":{"leaf":false,"id":46,"left":{"leaf":true,"id":13,"label":"13","site_id":13},"right":{"leaf":true,"id":12,"label":"12","site_id":12}}}},"right":{"leaf":false,"id":45,"left":{"leaf":true,"id":11,"label":"11","site_id":11},"right":{"leaf":true,"id":14,"label":"14","site_id":14}}}},"right":{"leaf":false,"id":66,"left":{"leaf":false,"id":56,"left":{"leaf":false,"id":55,"left":{"leaf":true,"id":22,"label":"22","site_id":22},"right":{"leaf":false,"id":51,"left":{"leaf":true,"id":23,"label":"23","site_id":23},"right":{"leaf":false,"id":50,"left":{"leaf":true,"id":25,"label":"25","site_id":25},"right":{"leaf":true,"id":21,"label":"21","site_id":21}}}},"right":{"leaf":false,"id":54,"left":{"leaf":true,"id":19,"label":"19","site_id":19},"right":{"leaf":false,"id":53,"left":{"leaf":false,"id":52,"left":{"leaf":true,"id":24,"label":"24","site_id":24},"right":{"leaf":true,"id":20,"label":"20","site_id":20}},"right":{"leaf":true,"id":18,"label":"18","site_id":18}}}},"right":{"leaf":false,"id":65,"left":{"leaf":false,"id":43,"left":{"leaf":false,"id":42,"left":{"leaf":false,"id":41,"left":{"leaf":true,"id":7,"label":"7","site_id":7},"right":{"leaf":true,"id":8,"label":"8","site_id":8}},"right":{"leaf":true,"id":10,"label":"10","site_id":10}},"right":{"leaf":true,"id":9,"label":"9","site_id":9}},"right":{"leaf":false,"id":64,"left":{"leaf":true,"id":26,"label":"26","site_id":26},"right":{"leaf":false,"id":63,"left":{"leaf":false,"id":61,"left":{"leaf":true,"id":34,"label":"34","site_id":34},"right":{"leaf":true,"id":29,"label":"29","site_id":29}},"right":{"leaf":false,"id":62,"left":{"leaf":false,"id":60,"left":{"leaf":false,"id":57,"left":{"leaf":true,"id":31,"label":"31","site_id":31},"right":{"leaf":true,"id":30,"label":"30","site_id":30}},"right":{"leaf":false,"id":59,"left":{"leaf":true,"id":28,"label":"28","site_id":28},"right":{"leaf":false,"id":58,"left":{"leaf":true,"id":32,"label":"32","site_id":32},"right":{"leaf":true,"id":27,"label":"27","site_id":27}}}},"right":{"leaf":true,"id":33,"label":"33","site_id":33}}}}}}},"num_sites":35,"sites":[{"x":321.9605276282289,"y":226.94990974389532,"cluster":0},{"x":340.09485547846015,"y":213.31210586590873,"cluster":0},{"x":354.1088617769094,"y":262.3964871203622,"cluster":0},{"x":383.4510056474581,"y":192.48981617925466,"cluster":0},{"x":307.3828258069395,"y":206.55216734517288,"cluster":0},{"x":298.11456828999405,"y":187.10673314096277,"cluster":0},{"x":340.9747926840797,"y":149.81921395135578,"cluster":0},{"x":36.05617800939898,"y":44.1735295478678,"cluster":1},{"x":74.39980240545572,"y":56.16905551242256,"cluster":1},{"x":18.940651859106573,"y":46.369309649731974,"cluster":1},{"x":31.318747142212217,"y":38.419194290500464,"cluster":1},{"x":373.6308278031565,"y":279.03897438495454,"cluster":2},{"x":344.6159988426567,"y":274.4362924648748,"cluster":2},{"x":324.5844124201843,"y":269.11916976234704,"cluster":2},{"x":328.12174892250755,"y":273.85813887200675,"cluster":2},{"x":438.9120342951616,"y":227.7504785055294,"cluster":2},{"x":391.00286073806075,"y":236.86055550176008,"cluster":2},{"x":401.44940201284805,"y":229.25357806427368,"cluster":2},{"x":81.45588882154621,"y":227.25917413448192,"cluster":3},{"x":96.74098346032095,"y":278.41128922413805,"cluster":3},{"x":122.08436386874683,"y":204.00469853551314,"cluster":3},{"x":46.89259538911645,"y":163.33607716148177,"cluster":3},{"x":151.23707344304907,"y":178.33551962022716,"cluster":3},{"x":125.89959435218077,"y":186.64214402685462,"cluster":3},{"x":71.37106034910607,"y":209.40709253106712,"cluster":3},{"x":93.12727047189462,"y":130.34455518449965,"cluster":3},{"x":297.0583690236859,"y":254.99403872176674,"cluster":4},{"x":296.6845337076547,"y":270.9136926393437,"cluster":4},{"x":426.26808424556714,"y":251.3637088836316,"cluster":4},{"x":312.62348155482243,"y":122.9862650840713,"cluster":4},{"x":298.4596033030067,"y":110.62988567406182,"cluster":4},{"x":301.3246430771853,"y":159.43455899316362,"cluster":4},{"x":340.448422526353,"y":223.3235771093134,"cluster":4},{"x":447.8133063724706,"y":200.2725432779392,"cluster":4},{"x":312.5089700716058,"y":154.20521656219816,"cluster":4}],"num_clusters":5}