{"title":"cluster-n85-c10-r9-s-5157779626810751691","map_width":500,"map_height":300,"num_leaves":85,"tree":{"leaf":false,"id":168,"left":{"leaf":false,"id":108,"left":{"leaf":false,"id":107,"left":{"leaf":false,"id":105,"left":{"leaf":true,"id":24,"label":"24","site_id":24},"right":{"leaf":true,"id":25,"label":"25","site_id":25}},"right":{"leaf":true,"id":27,"label":"27","site_id":27}},"right":{"leaf":false,"id":106,"left":{"leaf":true,"id":23,"label":"23","site_id":23},"right":{"leaf":true,"id":26,"label":"26","site_id":26}}},"right":{"leaf":false,"id":167,"left":{"leaf":false,"id":165,"left":{"leaf":false,"id":161,"left":{"leaf":false,"id":160,"left":{"leaf":false,"id":97,"left":{"leaf":false,"id":95,"left":{"leaf":false,"id":93,"left":{"leaf":true,"id":10,"label":"10","site_id":10},"right":{"leaf":true,"id":9,"label":"9","site_id":9}},"right":{"leaf":true,"id":11,"label":"11","site_id":11}},"right":{"leaf":false,"id":96,"left":{"leaf":true,"id":12,"label":"12","site_id":12},"right":{"leaf":false,"id":94,"left":{"leaf":true,"id":13,"label":"13","site_id":13},"right":{"leaf":true,"id":14,"label":"14","site_id":14}}}},"right":{"leaf":false,"id":92,"left":{"leaf":false,"id":87,"left":{"leaf":true,"id":4,"label":"4","site_id":4},"right":{"leaf":true,"id":3,"label":"3","site_id":3}},"right":{"leaf":false,"id":91,"left":{"leaf":false,"id":88,"left":{"leaf":true,"id":8,"label":"8","site_id":8},"right":{"leaf":true,"id":7,"label":"7","site_id":7}},"right":{"leaf":false,"id":90,"left":{"leaf":false,"id":89,"left":{"leaf":false,"id":86,"left":{"leaf":true,"id":1,"label":"1","site_id":1},"right":{"leaf":false,"id":85,"left":{"leaf":true,"id":6,"label":"6","site_id":6},"right":{"leaf":true,"id":2,"label":"2","site_id":2}}},"right":{"leaf":true,"id":0,"label":"0","site_id":0}},"right":{"leaf":true,"id":5,"label":"5","site_id":5}}}}},"right":{"leaf":false,"id":159,"left":{"leaf":true,"id":77,"label":"77","site_id":77},"right":{"leaf":false,"id":158,"left":{"leaf":false,"id":157,"left":{"leaf":false,"id":155,"left":{"leaf":false,"id":150,"left":{"leaf":true,"id":78,"label":"78","site_id":78},"right":{"leaf":true,"id":82,"label":"82","site_id":82}},"right":{"leaf":true,"id":76,"label":"76","site_id":76}},"right":{"leaf":false,"id":154,"left":{"leaf":false,"id":152,"left":{"leaf":true,"id":80,"label":"80","site_id":80},"right":{"leaf":false,"id":151,"left":{"leaf":true,"id":79,"label":"79","site_id":79},"right":{"leaf":true,"id":75,"label":"75","site_id":75}}},"right":{"leaf":false,"id":153,"left":{"leaf":true,"id":83,"label":"83","site_id":83},"right":{"leaf":true,"id":81,"label":"81","site_id":81}}}},"right":{"leaf":false,"id":156,"left":{"leaf":true,"id":74,"label":"74","site_id":74},"right":{"leaf":true,"id":84,"label":"84","site_id":84}}}}},"right":{"leaf":false,"id":124,"left":{"leaf":false,"id":123,"left":{"leaf":false,"id":121,"left":{"leaf":false,"id":119,"left":{"leaf":true,"id":35,"label":"35","site_id":35},"right":{"leaf":false,"id":117,"left":{"leaf":true,"id":39,"label":"39","site_id":39},"right":{"leaf":true,"id":41,"label":"41","site_id":41}}},"right":{"leaf":false,"id":120,"left":{"leaf":false,"id":116,"left":{"leaf":true,"id":37,"label":"37","site_id":37},"right":{"leaf":true,"id":40,"label":"40","site_id":40}},"right":{"leaf":false,"id":118,"left":{"leaf":false,"id":115,"left":{"leaf":true,"id":43,"label":"43","site_id":43},"right":{"leaf":true,"id":45,"label":"45","site_id":45}},"right":{"leaf":true,"id":38,"label":"38","site_id":38}}}},"right":{"leaf":false,"id":122,"left":{"leaf":true,"id":44,"label":"44","site_id":44},"right":{"leaf":true,"id":36,"label":"36","site_id":36}}},"right":{"leaf":true,"id":42,"label":"42","site_id":42}}},"right":{"leaf":false,"id":166,"left":{"leaf":false,"id":142,"left":{"leaf":false,"id":141,"left":{"leaf":false,"id":134,"left":{"leaf":true,"id":59,"label":"59","site_id":59},"right":{"leaf":true,"id":56,"label":"56","site_id":56}},"right":{"leaf":false,"id":139,"left":{"leaf":false,"id":138,"left":{"leaf":false,"id":137,"left":{"leaf":true,"id":62,"label":"62","site_id":62},"right":{"leaf":true,"id":65,"label":"65","site_id":65}},"right":{"leaf":true,"id":57,"label":"57","site_id":57}},"right":{"leaf":true,"id":63,"label":"63","site_id":63}}},"right":{"leaf":false,"id":140,"left":{"leaf":false,"id":136,"left":{"leaf":true,"id":58,"label":"58","site_id":58},"right":{"leaf":true,"id":64,"label":"64","site_id":64}},"right":{"leaf":false,"id":135,"left":{"leaf":true,"id":61,"label":"61","site_id":61},"right":{"leaf":true,"id":60,"label":"60","site_id":60}}}},"right":{"leaf":false,"id":164,"left":{"leaf":false,"id":104,"left":{"leaf":true,"id":17,"label":"17","site_id":17},"right":{"leaf":false,"id":103,"left":{"leaf":false,"id":102,"left":{"leaf":false,"id":101,"left":{"leaf":false,"id":100,"left":{"leaf":false,"id":99,"left":{"leaf":true,"id":19,"label":"19","site_id":19},"right":{"leaf":false,"id":98,"left":{"leaf":true,"id":15,"label":"15","site_id":15},"right":{"leaf":true,"id":18,"label":"18","site_id":18}}},"right":{"leaf":true,"id":22,"label":"22","site_id":22}},"right":{"leaf":true,"id":20,"label":"20","site_id":20}},"right":{"leaf":true,"id":16,"label":"16","site_id":16}},"right":{"leaf":true,"id":21,"label":"21","site_id":21}}},"right":{"leaf":false,"id":163,"left":{"leaf":false,"id":133,"left":{"leaf":false,"id":131,"left":{"leaf":false,"id":128,"left":{"leaf":true,"id":50,"label":"50","site_id":50},"right":{"leaf":false,"id":127,"left":{"leaf":true,"id":51,"label":"51","site_id":51},"right":{"leaf":false,"id":125,"left":{"leaf":true,"id":49,"label":"49","site_id":49},"right":{"leaf":true,"id":47,"label":"47","site_id":47}}}},"right":{"leaf":false,"id":126,"left":{"leaf":true,"id":46,"label":"46","site_id":46},"right":{"leaf":true,"id":54,"label":"54","site_id":54}}},"right":{"leaf":false,"id":132,"left":{"leaf":true,"id":53,"label":"53","site_id":53},"right":{"leaf":false,"id":130,"left":{"leaf":true,"id":55,"label":"55","site_id":55},"right":{"leaf":false,"id":129,"left":{"leaf":true,"id":48,"label":"48","site_id":48},"right":{"leaf":true,"id":52,"label":"52","site_id":52}}}}},"right":{"leaf":false,"id":162,"left":{"leaf":false,"id":149,"left":{"leaf":false,"id":148,"left":{"leaf":true,"id":73,"label":"73","site_id":73},"right":{"leaf":false,"id":147,"left":{"leaf":true,"id":68,"label":"68","site_id":68},"right":{"leaf":false,"id":145,"left":{"leaf":false,"id":144,"left":{"leaf":true,"id":72,"label":"72","site_id":72},"right":{"leaf":true,"id":71,"label":"71","site_id":71}},"right":{"leaf":true,"id":70,"label":"70","site_id":70}}}},"right":{"leaf":false,"id":146,"left":{"leaf":false,"id":143,"left":{"leaf":true,"id":67,"label":"67","site_id":67},"right":{"leaf":true,"id":69,"label":"69","site_id":69}},"right":{"leaf":true,"id":66,"label":"66","site_id":66}}},"right":{"leaf":false,"id":114,"left":{"leaf":false,"id":112,"left":{"leaf":true,"id":33,"label":"33","site_id":33},"right":{"leaf":true,"id":31,"label":"31","site_id":31}},"right":{"leaf":false,"id":113,"left":{"leaf":false,"id":110,"left":{"leaf":true,"id":30,"label":"30","site_id":30},"right":{"leaf":true,"id":28,"label":"28","site_id":28}},"right":{"leaf":false,"id":111,"left":{"leaf":true,"id":34,"label":"34","site_id":34},"right":{"leaf":false,"id":109,"left":{"leaf":true,"id":29,"label":"29","site_id":29},"right":{"leaf":true,"id":32,"label":"32","site_id":32}}}}}}}}}}},"num_sites":85,"sites":[{"x":371.94715037931445,"y":152.95964080658595,"cluster":0},{"x":353.0389662199038,"y":143.3816680030737,"cluster":0},{"x":339.3808028952768,"y":155.2226677788395,"cluster":0},{"x":360.3497644933378,"y":123.53814830249601,"cluster":0},{"x":346.54347153594773,"y":89.39075765361501,"cluster":0},{"x":364.7502432045563,"y":131.01818452622837,"cluster":0},{"x":353.0281622288797,"y":163.9646738379225,"cluster":0},{"x":336.69054402002115,"y":85.95255903140114,"cluster":0},{"x":377.98872865676907,"y":92.42635562734344,"cluster":0},{"x":416.25102131285934,"y":135.08137707414278,"cluster":1},{"x":392.4428076811891,"y":145.11429198109496,"cluster":1},{"x":379.2265178620803,"y":174.75511333191966,"cluster":1},{"x":363.5865294798586,"y":175.73271008454444,"cluster":1},{"x":375.28246881734833,"y":126.51665850726084,"cluster":1},{"x":410.07411483638947,"y":137.70635494621396,"cluster":1},{"x":234.60055553616724,"y":251.44730583309394,"cluster":2},{"x":240.69426927890953,"y":226.76110550776477,"cluster":2},{"x":269.8384727572533,"y":217.01307007511122,"cluster":2},{"x":254.34848206617679,"y":275.6225213693533,"cluster":2},{"x":214.98521189409487,"y":223.57221811839074,"cluster":2},{"x":241.19927264188956,"y":259.53647313034116,"cluster":2},{"x":279.2205292431287,"y":237.8678382821241,"cluster":2},{"x":217.91789035186187,"y":264.20326858615994,"cluster":2},{"x":143.55629096410317,"y":240.93654120145757,"cluster":3},{"x":152.54445444581458,"y":244.92663355448846,"cluster":3},{"x":164.19570418612815,"y":236.67563160191565,"cluster":3},{"x":178.51322545284555,"y":222.83041641674066,"cluster":3},{"x":170.1006061471391,"y":228.0196831018279,"cluster":3},{"x":193.91924852894363,"y":73.77625230097388,"cluster":4},{"x":203.99484631746316,"y":102.278379592813,"cluster":4},{"x":225.72965506571114,"y":139.3104984742976,"cluster":4},{"x":197.88683012185712,"y":110.54229961714303,"cluster":4},{"x":178.71627340496096,"y":121.08856686791269,"cluster":4},{"x":166.98750726124888,"y":132.5898739116254,"cluster":4},{"x":228.66182939764596,"y":82.83340700808957,"cluster":4},{"x":254.44258307463102,"y":142.54755816163888,"cluster":5},{"x":206.5571813902209,"y":166.5702170607265,"cluster":5},{"x":265.2058826782681,"y":106.60008892836758,"cluster":5},{"x":230.56569892346226,"y":169.05302790047304,"cluster":5},{"x":291.3365003850452,"y":111.51799478400709,"cluster":5},{"x":258.55173779009647,"y":117.66669407636473,"cluster":5},{"x":270.8353299862061,"y":156.94673379894152,"cluster":5},{"x":229.41574358571285,"y":105.72732377208085,"cluster":5},{"x":237.38772972602533,"y":157.22840964673688,"cluster":5},{"x":242.37495108801969,"y":142.28588027522085,"cluster":5},{"x":245.62797482922198,"y":150.5509666630851,"cluster":5},{"x":399.8074347301132,"y":205.70284231680998,"cluster":6},{"x":408.1670073038907,"y":233.24899245559726,"cluster":6},{"x":476.33286001878764,"y":208.78221662849808,"cluster":6},{"x":407.15918959034803,"y":255.68958520545567,"cluster":6},{"x":480.93552245725914,"y":248.1627052689598,"cluster":6},{"x":397.59526067180883,"y":236.76288948678658,"cluster":6},{"x":461.6007224761239,"y":208.18093087571512,"cluster":6},{"x":481.6526386323113,"y":174.08387978021,"cluster":6},{"x":433.5940581397141,"y":220.44091689413142,"cluster":6},{"x":455.74062060769455,"y":164.9380470558359,"cluster":6},{"x":264.49895352660593,"y":148.4585791543304,"cluster":7},{"x":268.6233276005223,"y":155.01992754430736,"cluster":7},{"x":288.4317302652615,"y":195.76526766009798,"cluster":7},{"x":258.38034822805156,"y":170.5824191032609,"cluster":7},{"x":245.11846973786945,"y":152.9392767074895,"cluster":7},{"x":297.2233285812806,"y":186.4470321874013,"cluster":7},{"x":248.935122898031,"y":131.23969575924167,"cluster":7},{"x":278.9933096711663,"y":125.86604633994561,"cluster":7},{"x":285.4494051560166,"y":175.53763890961542,"cluster":7},{"x":244.31368868439608,"y":126.55860575496224,"cluster":7},{"x":59.03726864154384,"y":185.65666376135786,"cluster":8},{"x":46.90924503258723,"y":184.11536122119975,"cluster":8},{"x":38.582993526264914,"y":199.31827417570196,"cluster":8},{"x":64.94853857513245,"y":207.64835663157837,"cluster":8},{"x":25.177840746478445,"y":175.57961501796004,"cluster":8},{"x":85.70820524503841,"y":209.7385332807617,"cluster":8},{"x":95.89974824110317,"y":212.03065804801133,"cluster":8},{"x":92.92237433383372,"y":196.30607485946027,"cluster":8},{"x":402.6968982457727,"y":175.57043527774954,"cluster":9},{"x":362.55506752599314,"y":228.5360110408401,"cluster":9},{"x":328.4511705091857,"y":181.5779240956851,"cluster":9},{"x":364.17563359019135,"y":252.9024401735653,"cluster":9},{"x":327.66268671277976,"y":194.71766809012743,"cluster":9},{"x":390.4403156852839,"y":245.5318022794899,"cluster":9},{"x":309.74064848632645,"y":207.76572610337493,"cluster":9},{"x":388.6913626363894,"y":193.38512285649398,"cluster":9},{"x":336.36474114337705,"y":178.43927184443777,"cluster":9},{"x":345.2031523634975,"y":263.3427554490072,"cluster":9},{"x":397.7306453853829,"y":184.62857044918434,"cluster":9}],"num_clusters":10}