{"title":"cluster-n100-c12-r3-s-4087044595004343727","map_width":500,"map_height":300,"num_leaves":100,"tree":{"leaf":false,"id":198,"left":{"leaf":false,"id":197,"left":{"leaf":false,"id":194,"left":{"leaf":false,"id":193,"left":{"leaf":false,"id":192,"left":{"leaf":false,"id":190,"left":{"leaf":false,"id":131,"left":{"leaf":false,"id":128,"left":{"leaf":false,"id":124,"left":{"leaf":false,"id":122,"left":{"leaf":true,"id":28,"label":"28","site_id":28},"right":{"leaf":true,"id":34,"label":"34","site_id":34}},"right":{"leaf":true,"id":30,"label":"30","site_id":30}},"right":{"leaf":false,"id":127,"left":{"leaf":false,"id":125,"left":{"leaf":false,"id":123,"left":{"leaf":true,"id":32,"label":"32","site_id":32},"right":{"leaf":true,"id":33,"label":"33","site_id":33}},"right":{"leaf":true,"id":36,"label":"36","site_id":36}},"right":{"leaf":true,"id":31,"label":"31","site_id":31}}},"right":{"leaf":false,"id":130,"left":{"leaf":false,"id":129,"left":{"leaf":true,"id":27,"label":"27","site_id":27},"right":{"leaf":true,"id":35,"label":"35","site_id":35}},"right":{"leaf":false,"id":126,"left":{"leaf":true,"id":26,"label":"26","site_id":26},"right":{"leaf":true,"id":29,"label":"29","site_id":29}}}},"right":{"leaf":false,"id":121,"left":{"leaf":true,"id":25,"label":"25","site_id":25},"right":{"leaf":false,"id":120,"left":{"leaf":false,"id":119,"left":{"leaf":true,"id":22,"label":"22","site_id":22},"right":{"leaf":true,"id":23,"label":"23","site_id":23}},"right":{"leaf":true,"id":24,"label":"24","site_id":24}}}},"right":{"leaf":false,"id":188,"left":{"leaf":false,"id":106,"left":{"leaf":false,"id":103,"left":{"leaf":false,"id":102,"left":{"leaf":false,"id":101,"left":{"leaf":true,"id":6,"label":"6","site_id":6},"right":{"leaf":false,"id":100,"left":{"leaf":true,"id":3,"label":"3","site_id":3},"right":{"leaf":true,"id":5,"label":"5","site_id":5}}},"right":{"leaf":true,"id":0,"label":"0","site_id":0}},"right":{"leaf":true,"id":2,"label":"2","site_id":2}},"right":{"leaf":false,"id":105,"left":{"leaf":false,"id":104,"left":{"leaf":true,"id":7,"label":"7","site_id":7},"right":{"leaf":true,"id":4,"label":"4","site_id":4}},"right":{"leaf":true,"id":1,"label":"1","site_id":1}}},"right":{"leaf":false,"id":171,"left":{"leaf":false,"id":170,"left":{"leaf":true,"id":78,"label":"78","site_id":78},"right":{"leaf":false,"id":169,"left":{"leaf":false,"id":168,"left":{"leaf":true,"id":79,"label":"79","site_id":79},"right":{"leaf":false,"id":164,"left":{"leaf":false,"id":163,"left":{"leaf":true,"id":80,"label":"80","site_id":80},"right":{"leaf":true,"id":81,"label":"81","site_id":81}},"right":{"leaf":true,"id":73,"label":"73","site_id":73}}},"right":{"leaf":false,"id":167,"left":{"leaf":false,"id":166,"left":{"leaf":true,"id":74,"label":"74","site_id":74},"right":{"leaf":true,"id":77,"label":"77","site_id":77}},"right":{"leaf":false,"id":165,"left":{"leaf":true,"id":72,"label":"72","site_id":72},"right":{"leaf":true,"id":76,"label":"76","site_id":76}}}}},"right":{"leaf":true,"id":75,"label":"75","site_id":75}}}},"right":{"leaf":false,"id":180,"left":{"leaf":false,"id":179,"left":{"leaf":false,"id":178,"left":{"leaf":true,"id":83,"label":"83","site_id":83},"right":{"leaf":false,"id":177,"left":{"leaf":true,"id":84,"label":"84","site_id":84},"right":{"leaf":true,"id":89,"label":"89","site_id":89}}},"right":{"leaf":false,"id":175,"left":{"leaf":true,"id":87,"label":"87","site_id":87},"right":{"leaf":true,"id":91,"label":"91","site_id":91}}},"right":{"leaf":false,"id":176,"left":{"leaf":false,"id":174,"left":{"leaf":false,"id":172,"left":{"leaf":true,"id":82,"label":"82","site_id":82},"right":{"leaf":true,"id":90,"label":"90","site_id":90}},"right":{"leaf":false,"id":173,"left":{"leaf":true,"id":88,"label":"88","site_id":88},"right":{"leaf":true,"id":85,"label":"85","site_id":85}}},"right":{"leaf":true,"id":86,"label":"86","site_id":86}}}},"right":{"leaf":false,"id":118,"left":{"leaf":false,"id":115,"left":{"leaf":true,"id":12,"label":"12","site_id":12},"right":{"leaf":true,"id":15,"label":"15","site_id":15}},"right":{"leaf":false,"id":117,"left":{"leaf":false,"id":116,"left":{"leaf":false,"id":114,"left":{"leaf":true,"id":17,"label":"17","site_id":17},"right":{"leaf":false,"id":113,"left":{"leaf":true,"id":21,"label":"21","site_id":21},"right":{"leaf":false,"id":111,"left":{"leaf":true,"id":16,"label":"16","site_id":16},"right":{"leaf":true,"id":19,"label":"19","site_id":19}}}},"right":{"leaf":false,"id":112,"left":{"leaf":true,"id":14,"label":"14","site_id":14},"right":{"leaf":true,"id":13,"label":"13","site_id":13}}},"right":{"leaf":false,"id":110,"left":{"leaf":true,"id":20,"label":"20","site_id":20},"right":{"leaf":true,"id":18,"label":"18","site_id":18}}}}},"right":{"leaf":false,"id":195,"left":{"leaf":false,"id":152,"left":{"leaf":false,"id":151,"left":{"leaf":false,"id":150,"left":{"leaf":false,"id":148,"left":{"leaf":true,"id":56,"label":"56","site_id":56},"right":{"leaf":true,"id":60,"label":"60","site_id":60}},"right":{"leaf":false,"id":147,"left":{"leaf":true,"id":59,"label":"59","site_id":59},"right":{"leaf":true,"id":55,"label":"55","site_id":55}}},"right":{"leaf":false,"id":149,"left":{"leaf":true,"id":57,"label":"57","site_id":57},"right":{"leaf":true,"id":58,"label":"58","site_id":58}}},"right":{"leaf":true,"id":54,"label":"54","site_id":54}},"right":{"leaf":false,"id":162,"left":{"leaf":false,"id":158,"left":{"leaf":true,"id":70,"label":"70","site_id":70},"right":{"leaf":false,"id":154,"left":{"leaf":true,"id":62,"label":"62","site_id":62},"right":{"leaf":true,"id":63,"label":"63","site_id":63}}},"right":{"leaf":false,"id":161,"left":{"leaf":false,"id":160,"left":{"leaf":false,"id":156,"left":{"leaf":true,"id":66,"label":"66","site_id":66},"right":{"leaf":false,"id":153,"left":{"leaf":true,"id":61,"label":"61","site_id":61},"right":{"leaf":true,"id":69,"label":"69","site_id":69}}},"right":{"leaf":true,"id":67,"label":"67","site_id":67}},"right":{"leaf":false,"id":159,"left":{"leaf":false,"id":157,"left":{"leaf":false,"id":155,"left":{"leaf":true,"id":68,"label":"68","site_id":68},"right":{"leaf":true,"id":71,"label":"71","site_id":71}},"right":{"leaf":true,"id":64,"label":"64","site_id":64}},"right":{"leaf":true,"id":65,"label":"65","site_id":65}}}}}},"right":{"leaf":false,"id":196,"left":{"leaf":false,"id":136,"left":{"leaf":false,"id":135,"left":{"leaf":false,"id":134,"left":{"leaf":true,"id":40,"label":"40","site_id":40},"right":{"leaf":false,"id":133,"left":{"leaf":true,"id":37,"label":"37","site_id":37},"right":{"leaf":true,"id":39,"label":"39","site_id":39}}},"right":{"leaf":false,"id":132,"left":{"leaf":true,"id":38,"label":"38","site_id":38},"right":{"leaf":true,"id":41,"label":"41","site_id":41}}},"right":{"leaf":true,"id":42,"label":"42","site_id":42}},"right":{"leaf":false,"id":191,"left":{"leaf":false,"id":189,"left":{"leaf":false,"id":187,"left":{"leaf":false,"id":186,"left":{"leaf":true,"id":93,"label":"93","site_id":93},"right":{"leaf":true,"id":99,"label":"99","site_id":99}},"right":{"leaf":false,"id":185,"left":{"leaf":false,"id":183,"left":{"leaf":false,"id":182,"left":{"leaf":true,"id":97,"label":"97","site_id":97},"right":{"leaf":false,"id":181,"left":{"leaf":true,"id":94,"label":"94","site_id":94},"right":{"leaf":true,"id":95,"label":"95","site_id":95}}},"right":{"leaf":true,"id":98,"label":"98","site_id":98}},"right":{"leaf":false,"id":184,"left":{"leaf":true,"id":92,"label":"92","site_id":92},"right":{"leaf":true,"id":96,"label":"96","site_id":96}}}},"right":{"leaf":false,"id":109,"left":{"leaf":false,"id":108,"left":{"leaf":true,"id":8,"label":"8","site_id":8},"right":{"leaf":false,"id":107,"left":{"leaf":true,"id":11,"label":"11","site_id":11},"right":{"leaf":true,"id":9,"label":"9","site_id":9}}},"right":{"leaf":true,"id":10,"label":"10","site_id":10}}},"right":{"leaf":false,"id":146,"left":{"leaf":false,"id":145,"left":{"leaf":false,"id":144,"left":{"leaf":false,"id":141,"left":{"leaf":true,"id":44,"label":"44","site_id":44},"right":{"leaf":true,"id":47,"label":"47","site_id":47}},"right":{"leaf":false,"id":143,"left":{"leaf":true,"id":50,"label":"50","site_id":50},"right":{"leaf":true,"id":53,"label":"53","site_id":53}}},"right":{"leaf":false,"id":142,"left":{"leaf":false,"id":137,"left":{"leaf":true,"id":45,"label":"45","site_id":45},"right":{"leaf":true,"id":43,"label":"43","site_id":43}},"right":{"leaf":false,"id":140,"left":{"leaf":true,"id":48,"label":"48","site_id":48},"right":{"leaf":false,"id":139,"left":{"leaf":true,"id":49,"label":"49","site_id":49},"right":{"leaf":true,"id":46,"label":"46","site_id":46}}}}},"right":{"leaf":false,"id":138,"left":{"leaf":true,"id":52,"label":"52","site_id":52},"right":{"leaf":true,"id":51,"label":"51","site_id":51}}}}}},"num_sites":100,"sites":[{"x":69.52240833405868,"y":184.9592817388768,"cluster":0},{"x":76.14908106385373,"y":211.2899236510196,"cluster":0},{"x":85.2635955687997,"y":166.64730468503348,"cluster":0},{"x":114.57241068664085,"y":183.00448991648787,"cluster":0},{"x":83.78744852053718,"y":217.43066350452156,"cluster":0},{"x":92.06855728338776,"y":180.5601860955425,"cluster":0},{"x":63.78410831458804,"y":164.99486060264934,"cluster":0},{"x":89.17243511664884,"y":221.91003019024066,"cluster":0},{"x":376.45797151361666,"y":183.73016127409707,"cluster":1},{"x":372.2020973323831,"y":204.38236778524862,"cluster":1},{"x":384.76632564180204,"y":198.44155070464393,"cluster":1},{"x":370.75101884679367,"y":210.30209470367765,"cluster":1},{"x":22.257452144264125,"y":145.84321109441976,"cluster":2},{"x":86.26039955914285,"y":185.87361688571136,"cluster":2},{"x":67.02922346739363,"y":171.34062634937186,"cluster":2},{"x":32.85527285564339,"y":158.46610506493548,"cluster":2},{"x":64.67081451412815,"y":152.87356218183632,"cluster":2},{"x":34.848277609541405,"y":192.04291359361306,"cluster":2},{"x":40.52330964127083,"y":218.4852403235413,"cluster":2},{"x":28.82137913515792,"y":143.45176967135595,"cluster":2},{"x":19.192435391242245,"y":190.23633957096447,"cluster":2},{"x":44.35062359888823,"y":140.8969903172354,"cluster":2},{"x":230.73825631082465,"y":56.477132876027724,"cluster":3},{"x":218.52304995572115,"y":41.83340151683306,"cluster":3},{"x":222.35365694563552,"y":59.258418801748455,"cluster":3},{"x":228.81838522705806,"y":45.118007736715654,"cluster":3},{"x":346.2424018794168,"y":122.56366337905976,"cluster":4},{"x":309.9427285153297,"y":108.16348306442892,"cluster":4},{"x":327.997837089713,"y":91.18512061101629,"cluster":4},{"x":299.38690168096315,"y":146.01068669204165,"cluster":4},{"x":343.83422662812427,"y":92.26134120988718,"cluster":4},{"x":319.60725430516334,"y":101.14486457671427,"cluster":4},{"x":384.2623664449225,"y":113.11168675127718,"cluster":4},{"x":377.3672762684162,"y":110.32809516098335,"cluster":4},{"x":369.48890051494175,"y":108.43440817162642,"cluster":4},{"x":306.5485465253225,"y":85.3000959182553,"cluster":4},{"x":323.13400908216244,"y":71.95610752331622,"cluster":4},{"x":168.37868061449873,"y":238.50259399262308,"cluster":5},{"x":160.72325591114821,"y":279.6780341496304,"cluster":5},{"x":168.30974118792514,"y":256.4959125038864,"cluster":5},{"x":187.7418616828088,"y":275.60829102561945,"cluster":5},{"x":175.57471281955605,"y":236.58250998349772,"cluster":5},{"x":189.5304884218687,"y":250.1177379402772,"cluster":5},{"x":263.49139286049706,"y":172.05591600015643,"cluster":6},{"x":247.97184534495446,"y":150.83139736116348,"cluster":6},{"x":266.0363258355728,"y":166.09823086934503,"cluster":6},{"x":195.25717634772866,"y":172.18650722740892,"cluster":6},{"x":232.03223478141,"y":145.9010533390213,"cluster":6},{"x":215.29006489839298,"y":189.44739013702937,"cluster":6},{"x":195.03937671632593,"y":189.69781498186757,"cluster":6},{"x":242.34207965572278,"y":153.23259043900183,"cluster":6},{"x":226.6419668820405,"y":158.04760621040452,"cluster":6},{"x":188.8808745580904,"y":156.1413422230117,"cluster":6},{"x":260.83447765527467,"y":198.27481669842194,"cluster":6},{"x":424.0299219596315,"y":53.17975504636022,"cluster":7},{"x":419.2048618951683,"y":72.2067559085938,"cluster":7},{"x":443.0960426441392,"y":61.210417682289496,"cluster":7},{"x":451.9493987870321,"y":59.76707333007072,"cluster":7},{"x":413.21383922874503,"y":61.5364863393846,"cluster":7},{"x":411.3367503953498,"y":72.74368427727323,"cluster":7},{"x":407.8193905641102,"y":61.46691705921082,"cluster":7},{"x":136.65126895840342,"y":233.19060689165485,"cluster":8},{"x":159.11997971077142,"y":208.971055939416,"cluster":8},{"x":135.06913786227742,"y":242.72386246890903,"cluster":8},{"x":144.11683981153936,"y":173.7051288879384,"cluster":8},{"x":106.54394510239122,"y":198.81252217422193,"cluster":8},{"x":110.93234127914876,"y":227.86358984598576,"cluster":8},{"x":163.06030410328808,"y":162.94670262118137,"cluster":8},{"x":132.8128998377126,"y":179.68033253094308,"cluster":8},{"x":115.18809027478858,"y":232.7463829881246,"cluster":8},{"x":144.33216030069033,"y":247.1525000219125,"cluster":8},{"x":165.08897887233127,"y":174.95170421997872,"cluster":8},{"x":405.0213202258685,"y":36.23897822611161,"cluster":9},{"x":424.3193045330396,"y":35.312674070596316,"cluster":9},{"x":390.969228561851,"y":102.84368714761919,"cluster":9},{"x":389.87327207741936,"y":46.32586230787872,"cluster":9},{"x":455.2405465794544,"y":84.38985304127607,"cluster":9},{"x":425.00652456469976,"y":64.1524788939549,"cluster":9},{"x":419.2150040144764,"y":103.0686611994602,"cluster":9},{"x":460.0988472447676,"y":45.50221989293597,"cluster":9},{"x":435.90856960341904,"y":25.35446515020734,"cluster":9},{"x":410.47420626800925,"y":60.65226958955445,"cluster":9},{"x":232.39614687525605,"y":124.34988583448565,"cluster":10},{"x":226.44018126601352,"y":131.532362562419,"cluster":10},{"x":191.54111724580855,"y":137.31563542857154,"cluster":10},{"x":214.50217559990864,"y":182.68501989459787,"cluster":10},{"x":191.07898875078047,"y":157.197734310938,"cluster":10},{"x":245.2972428274876,"y":151.9680403957432,"cluster":10},{"x":256.84255815059714,"y":158.739676699013,"cluster":10},{"x":254.55705914306068,"y":190.38137670658318,"cluster":10},{"x":242.03056934907707,"y":127.16077859813743,"cluster":10},{"x":221.93656684103516,"y":149.55258926918253,"cluster":10},{"x":459.807669938196,"y":159.59204779479106,"cluster":11},{"x":407.1058336964268,"y":166.43898731898582,"cluster":11},{"x":454.3318372103869,"y":197.1794671229303,"cluster":11},{"x":428.8255232819295,"y":170.95824872606093,"cluster":11},{"x":426.609397692498,"y":158.4543717762456,"cluster":11},{"x":436.8164161550478,"y":179.45460402454935,"cluster":11},{"x":420.5160444438976,"y":212.635138054199,"cluster":11},{"x":414.4625935829981,"y":185.31028920895898,"cluster":11}],"num_clusters":12}