{"title":"cluster-n20-c4-r4-s2859573706375437232","map_width":500,"map_height":300,"num_leaves":20,"tree":{"leaf":false,"id":38,"left":{"leaf":false,"id":36,"left":{"leaf":false,"id":22,"left":{"leaf":true,"id":1,"label":"1","site_id":1},"right":{"leaf":false,"id":21,"left":{"leaf":false,"id":20,"left":{"leaf":true,"id":0,"label":"0","site_id":0},"right":{"leaf":true,"id":3,"label":"3","site_id":3}},"right":{"leaf":true,"id":2,"label":"2","site_id":2}}},"right":{"leaf":false,"id":35,"left":{"leaf":false,"id":33,"left":{"leaf":true,"id":16,"label":"16","site_id":16},"right":{"leaf":true,"id":18,"label":"18","site_id":18}},"right":{"leaf":false,"id":34,"left":{"leaf":true,"id":19,"label":"19","site_id":19},"right":{"leaf":true,"id":17,"label":"17","site_id":17}}}},"right":{"leaf":false,"id":37,"left":{"leaf":false,"id":26,"left":{"leaf":false,"id":25,"left":{"leaf":false,"id":23,"left":{"leaf":true,"id":7,"label":"7","site_id":7},"right":{"leaf":true,"id":5,"label":"5","site_id":5}},"right":{"leaf":true,"id":8,"label":"8","site_id":8}},"right":{"leaf":false,"id":24,"left":{"leaf":true,"id":4,"label":"4","site_id":4},"right":{"leaf":true,"id":6,"label":"6","site_id":6}}},"right":{"leaf":false,"id":32,"left":{"leaf":true,"id":11,"label":"11","site_id":11},"right":{"leaf":false,"id":31,"left":{"leaf":false,"id":30,"left":{"leaf":true,"id":13,"label":"13","site_id":13},"right":{"leaf":false,"id":29,"left":{"leaf":false,"id":28,"left":{"leaf":true,"id":10,"label":"10","site_id":10},"right":{"leaf":true,"id":9,"label":"9","site_id":9}},"right":{"leaf":true,"id":12,"label":"12","site_id":12}}},"right":{"leaf":false,"id":27,"left":{"leaf":true,"id":14,"label":"14","site_id":14},"right":{"leaf":true,"id":15,"label":"15","site_id":15}}}}}},"num_sites":20,"sites":[{"x":317.32645688445456,"y":283.2994691407739,"cluster":0},{"x":177.34733267150136,"y":136.90158032099208,"cluster":0},{"x":172.08371709674077,"y":279.56564579293007,"cluster":0},{"x":198.8019381432585,"y":181.2162054558046,"cluster":0},{"x":233.18792799542308,"y":202.77494534794766,"cluster":1},{"x":202.70341714740468,"y":122.2956158865884,"cluster":1},{"x":151.14523265354583,"y":206.1890823341688,"cluster":1},{"x":153.71881950669007,"y":16.865534478050193,"cluster":1},{"x":220.15177305629294,"y":188.4436735180641,"cluster":1},{"x":201.23463493909628,"y":129.40671192533864,"cluster":2},{"x":93.76398159333212,"y":112.5424687944328,"cluster":2},{"x":20.967380190127905,"y":187.37263386293907,"cluster":2},{"x":146.01716223930993,"y":118.83791421636569,"cluster":2},{"x":193.65884020839994,"y":204.2183178415447,"cluster":2},{"x":148.78558523648223,"y":231.33048612873444,"cluster":2},{"x":159.7742509872736,"y":227.5362735275757,"cluster":2},{"x":360.5167901281543,"y":76.49182557494986,"cluster":3},{"x":397.13314504652544,"y":175.69938337645203,"cluster":3},{"x":372.96313840561555,"y":162.82606367674992,"cluster":3},{"x":307.22081702497815,"y":113.97768179730463,"cluster":3}],"num_clusters":4}