{"title":"cluster-n65-c8-r5-s1321515393856809438","map_width":500,"map_height":300,"num_leaves":65,"tree":{"leaf":false,"id":128,"left":{"leaf":false,"id":125,"left":{"leaf":false,"id":124,"left":{"leaf":false,"id":123,"left":{"leaf":false,"id":81,"left":{"leaf":false,"id":75,"left":{"leaf":true,"id":8,"label":"8","site_id":8},"right":{"leaf":false,"id":74,"left":{"leaf":true,"id":18,"label":"18","site_id":18},"right":{"leaf":true,"id":10,"label":"10","site_id":10}}},"right":{"leaf":false,"id":80,"left":{"leaf":false,"id":79,"left":{"leaf":true,"id":9,"label":"9","site_id":9},"right":{"leaf":false,"id":78,"left":{"leaf":true,"id":14,"label":"14","site_id":14},"right":{"leaf":false,"id":73,"left":{"leaf":true,"id":13,"label":"13","site_id":13},"right":{"leaf":true,"id":17,"label":"17","site_id":17}}}},"right":{"leaf":false,"id":77,"left":{"leaf":false,"id":76,"left":{"leaf":false,"id":72,"left":{"leaf":true,"id":11,"label":"11","site_id":11},"right":{"leaf":true,"id":12,"label":"12","site_id":12}},"right":{"leaf":true,"id":16,"label":"16","site_id":16}},"right":{"leaf":true,"id":15,"label":"15","site_id":15}}}},"right":{"leaf":false,"id":71,"left":{"leaf":true,"id":7,"label":"7","site_id":7},"right":{"leaf":false,"id":70,"left":{"leaf":false,"id":69,"left":{"leaf":false,"id":67,"left":{"leaf":false,"id":65,"left":{"leaf":true,"id":1,"label":"1","site_id":1},"right":{"leaf":true,"id":2,"label":"2","site_id":2}},"right":{"leaf":true,"id":6,"label":"6","site_id":6}},"right":{"leaf":false,"id":68,"left":{"leaf":false,"id":66,"left":{"leaf":true,"id":4,"label":"4","site_id":4},"right":{"leaf":true,"id":3,"label":"3","site_id":3}},"right":{"leaf":true,"id":5,"label":"5","site_id":5}}},"right":{"leaf":true,"id":0,"label":"0","site_id":0}}}},"right":{"leaf":false,"id":98,"left":{"leaf":true,"id":35,"label":"35","site_id":35},"right":{"leaf":false,"id":97,"left":{"leaf":false,"id":93,"left":{"leaf":false,"id":92,"left":{"leaf":true,"id":33,"label":"33","site_id":33},"right":{"leaf":false,"id":91,"left":{"leaf":false,"id":90,"left":{"leaf":true,"id":29,"label":"29","site_id":29},"right":{"leaf":true,"id":36,"label":"36","site_id":36}},"right":{"leaf":true,"id":32,"label":"32","site_id":32}}},"right":{"leaf":true,"id":38,"label":"38","site_id":38}},"right":{"leaf":false,"id":96,"left":{"leaf":true,"id":30,"label":"30","site_id":30},"right":{"leaf":false,"id":95,"left":{"leaf":true,"id":31,"label":"31","site_id":31},"right":{"leaf":false,"id":94,"left":{"leaf":true,"id":37,"label":"37","site_id":37},"right":{"leaf":true,"id":34,"label":"34","site_id":34}}}}}}},"right":{"leaf":false,"id":89,"left":{"leaf":true,"id":26,"label":"26","site_id":26},"right":{"leaf":false,"id":88,"left":{"leaf":true,"id":28,"label":"28","site_id":28},"right":{"leaf":true,"id":27,"label":"27","site_id":27}}}},"right":{"leaf":false,"id":127,"left":{"leaf":false,"id":122,"left":{"leaf":false,"id":115,"left":{"leaf":false,"id":112,"left":{"leaf":true,"id":57,"label":"57","site_id":57},"right":{"leaf":false,"id":109,"left":{"leaf":true,"id":50,"label":"50","site_id":50},"right":{"leaf":true,"id":56,"label":"56","site_id":56}}},"right":{"leaf":false,"id":114,"left":{"leaf":false,"id":111,"left":{"leaf":true,"id":51,"label":"51","site_id":51},"right":{"leaf":true,"id":53,"label":"53","site_id":53}},"right":{"leaf":false,"id":113,"left":{"leaf":false,"id":110,"left":{"leaf":true,"id":49,"label":"49","site_id":49},"right":{"leaf":false,"id":108,"left":{"leaf":true,"id":55,"label":"55","site_id":55},"right":{"leaf":true,"id":52,"label":"52","site_id":52}}},"right":{"leaf":true,"id":54,"label":"54","site_id":54}}}},"right":{"leaf":false,"id":87,"left":{"leaf":false,"id":85,"left":{"leaf":true,"id":21,"label":"21","site_id":21},"right":{"leaf":true,"id":19,"label":"19","site_id":19}},"right":{"leaf":false,"id":86,"left":{"leaf":false,"id":84,"left":{"leaf":true,"id":24,"label":"24","site_id":24},"right":{"leaf":false,"id":83,"left":{"leaf":false,"id":82,"left":{"leaf":true,"id":20,"label":"20","site_id":20},"right":{"leaf":true,"id":25,"label":"25","site_id":25}},"right":{"leaf":true,"id":22,"label":"22","site_id":22}}},"right":{"leaf":true,"id":23,"label":"23","site_id":23}}}},"right":{"leaf":false,"id":126,"left":{"leaf":false,"id":107,"left":{"leaf":false,"id":106,"left":{"leaf":false,"id":99,"left":{"leaf":true,"id":45,"label":"45","site_id":45},"right":{"leaf":true,"id":39,"label":"39","site_id":39}},"right":{"leaf":false,"id":105,"left":{"leaf":true,"id":48,"label":"48","site_id":48},"right":{"leaf":false,"id":104,"left":{"leaf":true,"id":43,"label":"43","site_id":43},"right":{"leaf":false,"id":102,"left":{"leaf":false,"id":101,"left":{"leaf":true,"id":44,"label":"44","site_id":44},"right":{"leaf":true,"id":46,"label":"46","site_id":46}},"right":{"leaf":false,"id":100,"left":{"leaf":true,"id":42,"label":"42","site_id":42},"right":{"leaf":true,"id":47,"label":"47","site_id":47}}}}}},"right":{"leaf":false,"id":103,"left":{"leaf":true,"id":40,"label":"40","site_id":40},"right":{"leaf":true,"id":41,"label":"41","site_id":41}}},"right":{"leaf":false,"id":121,"left":{"leaf":false,"id":120,"left":{"leaf":false,"id":117,"left":{"leaf":true,"id":60,"label":"60","site_id":60},"right":{"leaf":true,"id":59,"label":"59","site_id":59}},"right":{"leaf":false,"id":118,"left":{"leaf":true,"id":63,"label":"63","site_id":63},"right":{"leaf":true,"id":61,"label":"61","site_id":61}}},"right":{"leaf":false,"id":119,"left":{"leaf":true,"id":58,"label":"58","site_id":58},"right":{"leaf":false,"id":116,"left":{"leaf":true,"id":62,"label":"62","site_id":62},"right":{"leaf":true,"id":64,"label":"64","site_id":64}}}}}}},"num_sites":65,"sites":[{"x":366.1463512440455,"y":137.91493710628424,"cluster":0},{"x":370.6311575462201,"y":197.6220725841006,"cluster":0},{"x":346.7835048810433,"y":200.37829787171773,"cluster":0},{"x":331.6826917585084,"y":129.21949534065757,"cluster":0},{"x":308.0955444322031,"y":110.25170881112884,"cluster":0},{"x":299.6602935654467,"y":145.82820616928882,"cluster":0},{"x":351.6553493514029,"y":196.25815681180288,"cluster":0},{"x":350.57014059681813,"y":167.52513741398317,"cluster":0},{"x":209.80900937255691,"y":272.05021896068786,"cluster":1},{"x":322.94905043280824,"y":225.02169330090803,"cluster":1},{"x":257.52598555915034,"y":180.77950875887936,"cluster":1},{"x":278.9477923188726,"y":251.99640448722388,"cluster":1},{"x":268.9896019038594,"y":206.31379586742253,"cluster":1},{"x":234.6402117262421,"y":193.3857375402048,"cluster":1},{"x":327.9570767776136,"y":147.30485704285644,"cluster":1},{"x":293.85675042157385,"y":162.00451077632906,"cluster":1},{"x":242.3423465929342,"y":229.31960454025935,"cluster":1},{"x":217.90964535954484,"y":184.562765994267,"cluster":1},{"x":261.30695739629994,"y":203.3724904636431,"cluster":1},{"x":78.6401501320639,"y":110.71767453233704,"cluster":2},{"x":110.96197053393502,"y":82.81124635259599,"cluster":2},{"x":101.61052924466308,"y":115.03141141655044,"cluster":2},{"x":81.07256465501577,"y":92.36267420202836,"cluster":2},{"x":105.23357581440814,"y":74.09247372420063,"cluster":2},{"x":99.35212426525196,"y":91.64958242016735,"cluster":2},{"x":117.25996711485148,"y":91.70326226434712,"cluster":2},{"x":87.99015531968122,"y":249.73013108764198,"cluster":3},{"x":83.88694945299211,"y":253.7084568100919,"cluster":3},{"x":63.387148254716145,"y":227.24377412483642,"cluster":3},{"x":175.60248234297921,"y":61.9694306043422,"cluster":4},{"x":163.4633782866267,"y":80.46915127560781,"cluster":4},{"x":164.68380550020777,"y":39.08513824164689,"cluster":4},{"x":154.83667400703112,"y":61.636611017965876,"cluster":4},{"x":189.69556542218058,"y":60.08938094453413,"cluster":4},{"x":182.54253645161157,"y":32.93331008377743,"cluster":4},{"x":234.89347800271094,"y":35.08415270740094,"cluster":4},{"x":235.00950360369316,"y":66.19368744430818,"cluster":4},{"x":231.87707083876467,"y":89.52238597247717,"cluster":4},{"x":177.3199563602846,"y":28.04416116754856,"cluster":4},{"x":103.81407962280991,"y":171.89884260883065,"cluster":5},{"x":170.01409107681897,"y":222.1896151023111,"cluster":5},{"x":163.03221855181854,"y":200.98858229455956,"cluster":5},{"x":132.34843607543738,"y":170.3766003850072,"cluster":5},{"x":146.71903239483612,"y":258.7956589099775,"cluster":5},{"x":191.51675163396064,"y":198.84232749066774,"cluster":5},{"x":97.57734288453457,"y":231.95378742403346,"cluster":5},{"x":184.4271099082391,"y":242.57001246579568,"cluster":5},{"x":163.7402584970008,"y":192.39681685076638,"cluster":5},{"x":136.9964492553274,"y":174.92709201603125,"cluster":5},{"x":35.944441606784785,"y":42.0610488380566,"cluster":6},{"x":24.83863525900924,"y":90.97769999173809,"cluster":6},{"x":59.32222497212015,"y":25.749192287710045,"cluster":6},{"x":22.101593869968546,"y":79.51568941833844,"cluster":6},{"x":59.34488958352044,"y":17.708481880463715,"cluster":6},{"x":44.01467433968676,"y":67.54337478880585,"cluster":6},{"x":23.96439879869981,"y":33.750338911814154,"cluster":6},{"x":31.152008740603215,"y":68.61602558906549,"cluster":6},{"x":81.06933274633849,"y":77.749582227031,"cluster":6},{"x":163.06218561129387,"y":129.40155749985888,"cluster":7},{"x":146.66778293910772,"y":208.3972009182751,"cluster":7},{"x":165.3893978733574,"y":183.80254182658626,"cluster":7},{"x":166.70245385159998,"y":208.92684505252655,"cluster":7},{"x":152.61007332629367,"y":189.0805576894639,"cluster":7},{"x":170.0913504549971,"y":192.6768897175339,"cluster":7},{"x":147.3103636452766,"y":189.8777522223413,"cluster":7}],"num_clusters":8}