{"title":"cluster-n75-c9-r5-s2011289256435275913","map_width":500,"map_height":300,"num_leaves":75,"tree":{"leaf":false,"id":148,"left":{"leaf":false,"id":112,"left":{"leaf":false,"id":103,"left":{"leaf":true,"id":40,"label":"40","site_id":40},"right":{"leaf":true,"id":41,"label":"41","site_id":41}},"right":{"leaf":false,"id":111,"left":{"leaf":false,"id":110,"left":{"leaf":false,"id":109,"left":{"leaf":false,"id":108,"left":{"leaf":true,"id":42,"label":"42","site_id":42},"right":{"leaf":false,"id":107,"left":{"leaf":true,"id":33,"label":"33","site_id":33},"right":{"leaf":true,"id":34,"label":"34","site_id":34}}},"right":{"leaf":true,"id":37,"label":"37","site_id":37}},"right":{"leaf":true,"id":36,"label":"36","site_id":36}},"right":{"leaf":false,"id":106,"left":{"leaf":true,"id":39,"label":"39","site_id":39},"right":{"leaf":false,"id":105,"left":{"leaf":true,"id":35,"label":"35","site_id":35},"right":{"leaf":false,"id":104,"left":{"leaf":true,"id":32,"label":"32","site_id":32},"right":{"leaf":true,"id":38,"label":"38","site_id":38}}}}}},"right":{"leaf":false,"id":147,"left":{"leaf":false,"id":142,"left":{"leaf":false,"id":133,"left":{"leaf":false,"id":127,"left":{"leaf":true,"id":62,"label":"62","site_id":62},"right":{"leaf":true,"id":64,"label":"64","site_id":64}},"right":{"leaf":false,"id":132,"left":{"leaf":false,"id":131,"left":{"leaf":false,"id":128,"left":{"leaf":false,"id":126,"left":{"leaf":true,"id":65,"label":"65","site_id":65},"right":{"leaf":true,"id":59,"label":"59","site_id":59}},"right":{"leaf":true,"id":66,"label":"66","site_id":66}},"right":{"leaf":true,"id":60,"label":"60","site_id":60}},"right":{"leaf":false,"id":130,"left":{"leaf":false,"id":129,"left":{"leaf":true,"id":63,"label":"63","site_id":63},"right":{"leaf":true,"id":61,"label":"61","site_id":61}},"right":{"leaf":true,"id":58,"label":"58","site_id":58}}}},"right":{"leaf":false,"id":140,"left":{"leaf":false,"id":139,"left":{"leaf":false,"id":138,"left":{"leaf":true,"id":72,"label":"72","site_id":72},"right":{"leaf":false,"id":137,"left":{"leaf":false,"id":136,"left":{"leaf":false,"id":135,"left":{"leaf":true,"id":71,"label":"71","site_id":71},"right":{"leaf":true,"id":68,"label":"68","site_id":68}},"right":{"leaf":true,"id":73,"label":"73","site_id":73}},"right":{"leaf":false,"id":134,"left":{"leaf":true,"id":74,"label":"74","site_id":74},"right":{"leaf":true,"id":67,"label":"67","site_id":67}}}},"right":{"leaf":true,"id":69,"label":"69","site_id":69}},"right":{"leaf":true,"id":70,"label":"70","site_id":70}}},"right":{"leaf":false,"id":146,"left":{"leaf":false,"id":144,"left":{"leaf":false,"id":80,"left":{"leaf":true,"id":3,"label":"3","site_id":3},"right":{"leaf":false,"id":79,"left":{"leaf":false,"id":78,"left":{"leaf":false,"id":77,"left":{"leaf":false,"id":76,"left":{"leaf":true,"id":5,"label":"5","site_id":5},"right":{"leaf":true,"id":6,"label":"6","site_id":6}},"right":{"leaf":false,"id":75,"left":{"leaf":true,"id":0,"label":"0","site_id":0},"right":{"leaf":true,"id":4,"label":"4","site_id":4}}},"right":{"leaf":true,"id":2,"label":"2","site_id":2}},"right":{"leaf":true,"id":1,"label":"1","site_id":1}}},"right":{"leaf":false,"id":102,"left":{"leaf":false,"id":100,"left":{"leaf":true,"id":27,"label":"27","site_id":27},"right":{"leaf":false,"id":98,"left":{"leaf":true,"id":30,"label":"30","site_id":30},"right":{"leaf":true,"id":26,"label":"26","site_id":26}}},"right":{"leaf":false,"id":101,"left":{"leaf":false,"id":99,"left":{"leaf":true,"id":29,"label":"29","site_id":29},"right":{"leaf":true,"id":31,"label":"31","site_id":31}},"right":{"leaf":true,"id":28,"label":"28","site_id":28}}}},"right":{"leaf":false,"id":145,"left":{"leaf":false,"id":143,"left":{"leaf":false,"id":125,"left":{"leaf":false,"id":124,"left":{"leaf":true,"id":56,"label":"56","site_id":56},"right":{"leaf":true,"id":54,"label":"54","site_id":54}},"right":{"leaf":false,"id":123,"left":{"leaf":false,"id":121,"left":{"leaf":true,"id":55,"label":"55","site_id":55},"right":{"leaf":true,"id":52,"label":"52","site_id":52}},"right":{"leaf":false,"id":122,"left":{"leaf":true,"id":53,"label":"53","site_id":53},"right":{"leaf":true,"id":57,"label":"57","site_id":57}}}},"right":{"leaf":false,"id":141,"left":{"leaf":false,"id":97,"left":{"leaf":false,"id":95,"left":{"leaf":true,"id":23,"label":"23","site_id":23},"right":{"leaf":false,"id":92,"left":{"leaf":false,"id":91,"left":{"leaf":true,"id":18,"label":"18","site_id":18},"right":{"leaf":true,"id":21,"label":"21","site_id":21}},"right":{"leaf":true,"id":20,"label":"20","site_id":20}}},"right":{"leaf":false,"id":96,"left":{"leaf":false,"id":93,"left":{"leaf":true,"id":19,"label":"19","site_id":19},"right":{"leaf":true,"id":22,"label":"22","site_id":22}},"right":{"leaf":false,"id":94,"left":{"leaf":true,"id":25,"label":"25","site_id":25},"right":{"leaf":true,"id":24,"label":"24","site_id":24}}}},"right":{"leaf":false,"id":90,"left":{"leaf":false,"id":89,"left":{"leaf":true,"id":17,"label":"17","site_id":17},"right":{"leaf":false,"id":88,"left":{"leaf":false,"id":84,"left":{"leaf":false,"id":82,"left":{"leaf":true,"id":15,"label":"15","site_id":15},"right":{"leaf":true,"id":16,"label":"16","site_id":16}},"right":{"leaf":true,"id":10,"label":"10","site_id":10}},"right":{"leaf":false,"id":87,"left":{"leaf":false,"id":85,"left":{"leaf":true,"id":14,"label":"14","site_id":14},"right":{"leaf":true,"id":12,"label":"12","site_id":12}},"right":{"leaf":false,"id":86,"left":{"leaf":true,"id":9,"label":"9","site_id":9},"right":{"leaf":false,"id":83,"left":{"leaf":true,"id":13,"label":"13","site_id":13},"right":{"leaf":false,"id":81,"left":{"leaf":true,"id":7,"label":"7","site_id":7},"right":{"leaf":true,"id":11,"label":"11","site_id":11}}}}}}},"right":{"leaf":true,"id":8,"label":"8","site_id":8}}}},"right":{"leaf":false,"id":120,"left":{"leaf":false,"id":118,"left":{"leaf":false,"id":115,"left":{"leaf":true,"id":43,"label":"43","site_id":43},"right":{"leaf":true,"id":45,"label":"45","site_id":45}},"right":{"leaf":false,"id":116,"left":{"leaf":false,"id":114,"left":{"leaf":true,"id":49,"label":"49","site_id":49},"right":{"leaf":false,"id":113,"left":{"leaf":true,"id":47,"label":"47","site_id":47},"right":{"leaf":true,"id":51,"label":"51","site_id":51}}},"right":{"leaf":true,"id":44,"label":"44","site_id":44}}},"right":{"leaf":false,"id":119,"left":{"leaf":false,"id":117,"left":{"leaf":true,"id":48,"label":"48","site_id":48},"right":{"leaf":true,"id":50,"label":"50","site_id":50}},"right":{"leaf":true,"id":46,"label":"46","site_id":46}}}}}}},"num_sites":75,"sites":[{"x":89.33489466425958,"y":277.6168919127746,"cluster":0},{"x":88.77886799777617,"y":239.51288267210364,"cluster":0},{"x":114.15364682450276,"y":215.0862403236506,"cluster":0},{"x":42.99027289336602,"y":246.4955795681958,"cluster":0},{"x":54.74235028427444,"y":275.34375130580383,"cluster":0},{"x":42.534740382119615,"y":281.0756732612102,"cluster":0},{"x":42.53580132963928,"y":275.8279414707954,"cluster":0},{"x":137.5246928384869,"y":134.12071118716193,"cluster":1},{"x":207.5893725559667,"y":223.53589422225326,"cluster":1},{"x":209.15590037172547,"y":132.22062628954419,"cluster":1},{"x":218.60455775388465,"y":203.13746537244347,"cluster":1},{"x":126.99591800716968,"y":160.5126566005348,"cluster":1},{"x":162.21610385725813,"y":151.72279528295581,"cluster":1},{"x":213.07031339882911,"y":175.27307117897115,"cluster":1},{"x":198.21355719247435,"y":162.64234476780072,"cluster":1},{"x":208.20887311279648,"y":205.43468410552313,"cluster":1},{"x":200.56606928989092,"y":195.48600018163418,"cluster":1},{"x":185.03124402377483,"y":216.81913548222735,"cluster":1},{"x":116.25932924689798,"y":95.22699572734393,"cluster":2},{"x":85.3187757629679,"y":109.67254266689487,"cluster":2},{"x":87.87684173136776,"y":133.58737391501097,"cluster":2},{"x":110.70714206494536,"y":105.01408350614119,"cluster":2},{"x":144.55836710852358,"y":118.60168942538887,"cluster":2},{"x":169.31958632491202,"y":148.29062987117234,"cluster":2},{"x":88.7626605819379,"y":93.7554004832993,"cluster":2},{"x":166.746681282893,"y":155.02918229892356,"cluster":2},{"x":254.5243538476003,"y":143.62548352035952,"cluster":3},{"x":225.62009598629194,"y":158.17935549731678,"cluster":3},{"x":264.6072193401979,"y":183.34419375554492,"cluster":3},{"x":270.94596557052625,"y":187.42490415319043,"cluster":3},{"x":242.54722160834237,"y":133.09281770928078,"cluster":3},{"x":281.37157527747627,"y":177.42343806277765,"cluster":3},{"x":18.622227841163248,"y":141.8755185406824,"cluster":4},{"x":73.13223993489558,"y":124.90586559262383,"cluster":4},{"x":59.3092514706417,"y":64.51390747688751,"cluster":4},{"x":24.698353864963558,"y":135.0701602368129,"cluster":4},{"x":56.71181808495794,"y":55.397623651128974,"cluster":4},{"x":67.88752737364945,"y":76.43119997361005,"cluster":4},{"x":31.65427536054267,"y":143.58971958676926,"cluster":4},{"x":23.660820669881417,"y":95.35706445390876,"cluster":4},{"x":76.90012612483093,"y":158.32779663869505,"cluster":4},{"x":55.81878171377805,"y":170.5523393883534,"cluster":4},{"x":77.10517424619405,"y":75.94429739346519,"cluster":4},{"x":152.60948912874682,"y":269.23179337856817,"cluster":5},{"x":152.78333252241893,"y":232.29249008301733,"cluster":5},{"x":167.14380864165423,"y":268.6656469882883,"cluster":5},{"x":142.31382848675028,"y":241.0512390346657,"cluster":5},{"x":137.23783652680385,"y":219.0960041498041,"cluster":5},{"x":167.94323877067,"y":237.66001838922386,"cluster":5},{"x":119.41039356522492,"y":226.32059260502916,"cluster":5},{"x":127.9775364540813,"y":252.6455421920545,"cluster":5},{"x":133.74716749100233,"y":239.73938756719423,"cluster":5},{"x":182.1203036938314,"y":185.03232901445375,"cluster":6},{"x":195.74813245928055,"y":174.94749419206624,"cluster":6},{"x":135.76196786680427,"y":148.4581408180174,"cluster":6},{"x":182.03226409411494,"y":162.63008972696852,"cluster":6},{"x":144.11986834599276,"y":167.22909560748394,"cluster":6},{"x":159.6748756830761,"y":155.94463109310445,"cluster":6},{"x":82.26319890752345,"y":78.93226988362241,"cluster":7},{"x":42.21688532675488,"y":50.59637641068781,"cluster":7},{"x":52.898814693181635,"y":47.49829869188539,"cluster":7},{"x":77.45283431385234,"y":85.95765910466648,"cluster":7},{"x":86.93274573185727,"y":88.81088897161075,"cluster":7},{"x":73.78438435552022,"y":80.71816788574667,"cluster":7},{"x":96.93516373540231,"y":91.60963453407658,"cluster":7},{"x":33.12854641322693,"y":49.37185598510378,"cluster":7},{"x":83.24047589605814,"y":31.52061931963842,"cluster":7},{"x":38.067110388529876,"y":118.4388914712734,"cluster":8},{"x":78.67476858418544,"y":80.33421471007313,"cluster":8},{"x":108.19182250539933,"y":92.90111764801205,"cluster":8},{"x":41.219565121466196,"y":54.54335992553015,"cluster":8},{"x":43.497365068708795,"y":119.20843273622316,"cluster":8},{"x":64.01408077209963,"y":54.69342417878304,"cluster":8},{"x":58.591991904148784,"y":59.17813157704422,"cluster":8},{"x":89.79360171099515,"y":58.716769656061665,"cluster":8}],"num_clusters":9}