{"title":"cluster-n15-c3-r1-s1946588598930985430","map_width":500,"map_height":300,"num_leaves":15,"tree":{"leaf":false,"id":28,"left":{"leaf":false,"id":26,"left":{"leaf":false,"id":25,"left":{"leaf":true,"id":12,"label":"12","site_id":12},"right":{"leaf":true,"id":14,"label":"14","site_id":14}},"right":{"leaf":false,"id":24,"left":{"leaf":true,"id":13,"label":"13","site_id":13},"right":{"leaf":true,"id":11,"label":"11","site_id":11}}},"right":{"leaf":false,"id":27,"left":{"leaf":false,"id":19,"left":{"leaf":true,"id":1,"label":"1","site_id":1},"right":{"leaf":false,"id":18,"left":{"leaf":true,"id":3,"label":"3","site_id":3},"right":{"leaf":false,"id":17,"left":{"leaf":true,"id":4,"label":"4","site_id":4},"right":{"leaf":false,"id":16,"left":{"leaf":false,"id":15,"left":{"leaf":true,"id":0,"label":"0","site_id":0},"right":{"leaf":true,"id":5,"label":"5","site_id":5}},"right":{"leaf":true,"id":2,"label":"2","site_id":2}}}}},"right":{"leaf":false,"id":23,"left":{"leaf":false,"id":22,"left":{"leaf":false,"id":21,"left":{"leaf":true,"id":6,"label":"6","site_id":6},"right":{"leaf":false,"id":20,"left":{"leaf":true,"id":9,"label":"9","site_id":9},"right":{"leaf":true,"id":7,"label":"7","site_id":7}}},"right":{"leaf":true,"id":10,"label":"10","site_id":10}},"right":{"leaf":true,"id":8,"label":"8","site_id":8}}}},"num_sites":15,"sites":[{"x":62.172409830883836,"y":97.45642058021986,"cluster":0},{"x":180.25751187595114,"y":177.8944608385453,"cluster":0},{"x":124.22234994100165,"y":220.99044629022654,"cluster":0},{"x":61.740464574760836,"y":214.84053406598088,"cluster":0},{"x":109.16959300057717,"y":144.2123455618098,"cluster":0},{"x":39.42388070341752,"y":171.85645273532253,"cluster":0},{"x":354.1627422947228,"y":169.41574637808878,"cluster":1},{"x":210.25256867470836,"y":184.57699127441697,"cluster":1},{"x":205.18805859206051,"y":38.992636811835,"cluster":1},{"x":243.98272276677392,"y":148.52289600102173,"cluster":1},{"x":212.3069845027921,"y":65.50456937283002,"cluster":1},{"x":293.41470392995757,"y":269.73109365270096,"cluster":2},{"x":302.0993011630528,"y":230.0728205302112,"cluster":2},{"x":465.0090285773764,"y":157.25991243281067,"cluster":2},{"x":399.8145920342588,"y":203.09780171866439,"cluster":2}],"num_clusters":3}