{"title":"cluster-n85-c10-r6-s858092368961490274","map_width":500,"map_height":300,"num_leaves":85,"tree":{"leaf":false,"id":168,"left":{"leaf":false,"id":165,"left":{"leaf":false,"id":164,"left":{"leaf":false,"id":131,"left":{"leaf":false,"id":130,"left":{"leaf":true,"id":50,"label":"50","site_id":50},"right":{"leaf":false,"id":129,"left":{"leaf":true,"id":52,"label":"52","site_id":52},"right":{"leaf":true,"id":48,"label":"48","site_id":48}}},"right":{"leaf":false,"id":128,"left":{"leaf":true,"id":49,"label":"49","site_id":49},"right":{"leaf":true,"id":51,"label":"51","site_id":51}}},"right":{"leaf":false,"id":163,"left":{"leaf":false,"id":92,"left":{"leaf":true,"id":8,"label":"8","site_id":8},"right":{"leaf":false,"id":91,"left":{"leaf":false,"id":90,"left":{"leaf":false,"id":89,"left":{"leaf":true,"id":2,"label":"2","site_id":2},"right":{"leaf":false,"id":88,"left":{"leaf":false,"id":87,"left":{"leaf":false,"id":85,"left":{"leaf":true,"id":4,"label":"4","site_id":4},"right":{"leaf":true,"id":6,"label":"6","site_id":6}},"right":{"leaf":false,"id":86,"left":{"leaf":true,"id":0,"label":"0","site_id":0},"right":{"leaf":true,"id":5,"label":"5","site_id":5}}},"right":{"leaf":true,"id":1,"label":"1","site_id":1}}},"right":{"leaf":true,"id":7,"label":"7","site_id":7}},"right":{"leaf":true,"id":3,"label":"3","site_id":3}}},"right":{"leaf":false,"id":113,"left":{"leaf":false,"id":111,"left":{"leaf":true,"id":28,"label":"28","site_id":28},"right":{"leaf":false,"id":103,"left":{"leaf":true,"id":23,"label":"23","site_id":23},"right":{"leaf":true,"id":21,"label":"21","site_id":21}}},"right":{"leaf":false,"id":112,"left":{"leaf":false,"id":110,"left":{"leaf":false,"id":108,"left":{"leaf":false,"id":104,"left":{"leaf":true,"id":31,"label":"31","site_id":31},"right":{"leaf":true,"id":25,"label":"25","site_id":25}},"right":{"leaf":false,"id":107,"left":{"leaf":true,"id":27,"label":"27","site_id":27},"right":{"leaf":true,"id":30,"label":"30","site_id":30}}},"right":{"leaf":false,"id":106,"left":{"leaf":false,"id":105,"left":{"leaf":true,"id":20,"label":"20","site_id":20},"right":{"leaf":true,"id":24,"label":"24","site_id":24}},"right":{"leaf":true,"id":29,"label":"29","site_id":29}}},"right":{"leaf":false,"id":109,"left":{"leaf":true,"id":22,"label":"22","site_id":22},"right":{"leaf":true,"id":26,"label":"26","site_id":26}}}}}},"right":{"leaf":false,"id":162,"left":{"leaf":false,"id":161,"left":{"leaf":false,"id":102,"left":{"leaf":false,"id":101,"left":{"leaf":true,"id":10,"label":"10","site_id":10},"right":{"leaf":false,"id":100,"left":{"leaf":false,"id":99,"left":{"leaf":false,"id":94,"left":{"leaf":true,"id":17,"label":"17","site_id":17},"right":{"leaf":true,"id":16,"label":"16","site_id":16}},"right":{"leaf":false,"id":97,"left":{"leaf":true,"id":19,"label":"19","site_id":19},"right":{"leaf":true,"id":12,"label":"12","site_id":12}}},"right":{"leaf":false,"id":96,"left":{"leaf":false,"id":93,"left":{"leaf":true,"id":13,"label":"13","site_id":13},"right":{"leaf":true,"id":9,"label":"9","site_id":9}},"right":{"leaf":false,"id":95,"left":{"leaf":true,"id":14,"label":"14","site_id":14},"right":{"leaf":true,"id":15,"label":"15","site_id":15}}}}},"right":{"leaf":false,"id":98,"left":{"leaf":true,"id":11,"label":"11","site_id":11},"right":{"leaf":true,"id":18,"label":"18","site_id":18}}},"right":{"leaf":false,"id":127,"left":{"leaf":false,"id":126,"left":{"leaf":false,"id":124,"left":{"leaf":false,"id":123,"left":{"leaf":true,"id":41,"label":"41","site_id":41},"right":{"leaf":false,"id":122,"left":{"leaf":true,"id":46,"label":"46","site_id":46},"right":{"leaf":true,"id":43,"label":"43","site_id":43}}},"right":{"leaf":true,"id":47,"label":"47","site_id":47}},"right":{"leaf":true,"id":44,"label":"44","site_id":44}},"right":{"leaf":false,"id":125,"left":{"leaf":true,"id":45,"label":"45","site_id":45},"right":{"leaf":true,"id":42,"label":"42","site_id":42}}}},"right":{"leaf":false,"id":151,"left":{"leaf":false,"id":150,"left":{"leaf":true,"id":70,"label":"70","site_id":70},"right":{"leaf":false,"id":145,"left":{"leaf":true,"id":67,"label":"67","site_id":67},"right":{"leaf":true,"id":73,"label":"73","site_id":73}}},"right":{"leaf":false,"id":149,"left":{"leaf":false,"id":148,"left":{"leaf":false,"id":144,"left":{"leaf":true,"id":71,"label":"71","site_id":71},"right":{"leaf":true,"id":69,"label":"69","site_id":69}},"right":{"leaf":false,"id":146,"left":{"leaf":true,"id":75,"label":"75","site_id":75},"right":{"leaf":true,"id":68,"label":"68","site_id":68}}},"right":{"leaf":false,"id":147,"left":{"leaf":true,"id":74,"label":"74","site_id":74},"right":{"leaf":true,"id":72,"label":"72","site_id":72}}}}}},"right":{"leaf":false,"id":167,"left":{"leaf":false,"id":166,"left":{"leaf":false,"id":160,"left":{"leaf":false,"id":137,"left":{"leaf":true,"id":53,"label":"53","site_id":53},"right":{"leaf":false,"id":136,"left":{"leaf":true,"id":54,"label":"54","site_id":54},"right":{"leaf":false,"id":135,"left":{"leaf":true,"id":57,"label":"57","site_id":57},"right":{"leaf":false,"id":134,"left":{"leaf":false,"id":132,"left":{"leaf":true,"id":55,"label":"55","site_id":55},"right":{"leaf":true,"id":59,"label":"59","site_id":59}},"right":{"leaf":false,"id":133,"left":{"leaf":true,"id":58,"label":"58","site_id":58},"right":{"leaf":true,"id":56,"label":"56","site_id":56}}}}}},"right":{"leaf":false,"id":159,"left":{"leaf":false,"id":158,"left":{"leaf":false,"id":157,"left":{"leaf":false,"id":155,"left":{"leaf":true,"id":84,"label":"84","site_id":84},"right":{"leaf":false,"id":152,"left":{"leaf":true,"id":80,"label":"80","site_id":80},"right":{"leaf":true,"id":79,"label":"79","site_id":79}}},"right":{"leaf":false,"id":154,"left":{"leaf":true,"id":81,"label":"81","site_id":81},"right":{"leaf":true,"id":78,"label":"78","site_id":78}}},"right":{"leaf":true,"id":83,"label":"83","site_id":83}},"right":{"leaf":false,"id":156,"left":{"leaf":true,"id":76,"label":"76","site_id":76},"right":{"leaf":false,"id":153,"left":{"leaf":true,"id":77,"label":"77","site_id":77},"right":{"leaf":true,"id":82,"label":"82","site_id":82}}}}},"right":{"leaf":false,"id":121,"left":{"leaf":false,"id":119,"left":{"leaf":false,"id":118,"left":{"leaf":false,"id":116,"left":{"leaf":true,"id":39,"label":"39","site_id":39},"right":{"leaf":false,"id":115,"left":{"leaf":false,"id":114,"left":{"leaf":true,"id":33,"label":"33","site_id":33},"right":{"leaf":true,"id":34,"label":"34","site_id":34}},"right":{"leaf":true,"id":40,"label":"40","site_id":40}}},"right":{"leaf":true,"id":35,"label":"35","site_id":35}},"right":{"leaf":false,"id":117,"left":{"leaf":true,"id":37,"label":"37","site_id":37},"right":{"leaf":true,"id":36,"label":"36","site_id":36}}},"right":{"leaf":false,"id":120,"left":{"leaf":true,"id":38,"label":"38","site_id":38},"right":{"leaf":true,"id":32,"label":"32","site_id":32}}}},"right":{"leaf":false,"id":143,"left":{"leaf":false,"id":142,"left":{"leaf":true,"id":62,"label":"62","site_id":62},"right":{"leaf":false,"id":141,"left":{"leaf":false,"id":140,"left":{"leaf":true,"id":66,"label":"66","site_id":66},"right":{"leaf":false,"id":139,"left":{"leaf":true,"id":64,"label":"64","site_id":64},"right":{"leaf":false,"id":138,"left":{"leaf":true,"id":60,"label":"60","site_id":60},"right":{"leaf":true,"id":63,"label":"63","site_id":63}}}},"right":{"leaf":true,"id":61,"label":"61","site_id":61}}},"right":{"leaf":true,"id":65,"label":"65","site_id":65}}}},"num_sites":85,"sites":[{"x":136.7147222658012,"y":204.86810985937052,"cluster":0},{"x":95.7390419860205,"y":229.6241627590874,"cluster":0},{"x":117.55009387004529,"y":184.30657283389965,"cluster":0},{"x":133.3988702376465,"y":199.64200409605726,"cluster":0},{"x":104.51597371559302,"y":214.78681631118957,"cluster":0},{"x":88.91804868729898,"y":199.46838016900656,"cluster":0},{"x":114.22861363819192,"y":224.86799730052292,"cluster":0},{"x":111.24290753654081,"y":189.48146142061265,"cluster":0},{"x":105.25946483928675,"y":157.16556490644643,"cluster":0},{"x":219.47394006568163,"y":210.8974497392926,"cluster":1},{"x":308.97103350890194,"y":215.10220911722254,"cluster":1},{"x":237.74977839904702,"y":279.26577642662346,"cluster":1},{"x":212.82964808478093,"y":242.13316728862927,"cluster":1},{"x":252.45930763951253,"y":277.09490082010285,"cluster":1},{"x":277.48033564683686,"y":229.78855651469559,"cluster":1},{"x":267.1637651777805,"y":249.40619566076327,"cluster":1},{"x":249.63655944516256,"y":271.67808388086553,"cluster":1},{"x":273.33770782130694,"y":267.2259993862523,"cluster":1},{"x":224.21224217967983,"y":277.92814990212656,"cluster":1},{"x":298.5912524285261,"y":240.01377768927836,"cluster":1},{"x":395.52267347865603,"y":103.76738645829025,"cluster":2},{"x":307.90053172564836,"y":47.865925623618885,"cluster":2},{"x":324.5094370951174,"y":107.43735244031261,"cluster":2},{"x":345.2615390448641,"y":25.118068396877902,"cluster":2},{"x":381.1942573726875,"y":24.292023645206704,"cluster":2},{"x":349.9457905597704,"y":70.70883036515005,"cluster":2},{"x":396.4801163138556,"y":35.33128379362243,"cluster":2},{"x":366.4810458607104,"y":80.37697502217645,"cluster":2},{"x":301.25582268807074,"y":39.623376608458074,"cluster":2},{"x":383.8440185913076,"y":65.77417081696402,"cluster":2},{"x":308.5629839978271,"y":108.70051575066194,"cluster":2},{"x":298.02718251507065,"y":99.16963901431606,"cluster":2},{"x":60.686439389353694,"y":165.92081881424173,"cluster":3},{"x":130.17893067262864,"y":171.95757361920545,"cluster":3},{"x":123.72358219735914,"y":126.08703858530923,"cluster":3},{"x":90.15393044180418,"y":174.71577870432037,"cluster":3},{"x":88.10261090454222,"y":148.42628063239587,"cluster":3},{"x":75.84811458758222,"y":131.9190220240228,"cluster":3},{"x":62.90567221345082,"y":104.3420461715128,"cluster":3},{"x":115.93010073611245,"y":146.30947373033536,"cluster":3},{"x":106.68746131950056,"y":139.51074557627152,"cluster":3},{"x":242.54155196968077,"y":110.88509232169467,"cluster":4},{"x":213.79999960568773,"y":121.60316766596013,"cluster":4},{"x":247.2401407542255,"y":82.4297788692503,"cluster":4},{"x":249.89814377269263,"y":103.3071394829627,"cluster":4},{"x":244.89018636524995,"y":59.78104710689195,"cluster":4},{"x":257.03567863205734,"y":79.38129395826635,"cluster":4},{"x":228.2084834616304,"y":80.08172538314834,"cluster":4},{"x":202.78683736695146,"y":222.5863024777358,"cluster":5},{"x":198.48266680731226,"y":214.17519640435435,"cluster":5},{"x":213.0595676918055,"y":221.44404576840878,"cluster":5},{"x":217.33598506833908,"y":241.17962479310802,"cluster":5},{"x":203.51331308326354,"y":216.98571695578718,"cluster":5},{"x":410.1285010743198,"y":121.54492842147464,"cluster":6},{"x":407.2784420538943,"y":75.59865138675985,"cluster":6},{"x":443.852310450329,"y":108.19583988443547,"cluster":6},{"x":419.263270879136,"y":70.39173265285024,"cluster":6},{"x":455.6625633559194,"y":72.94119637051705,"cluster":6},{"x":441.94639327979877,"y":68.51056334181132,"cluster":6},{"x":459.1702477221021,"y":132.66929258511146,"cluster":6},{"x":370.7939341087406,"y":214.2496435578878,"cluster":7},{"x":394.9245970917018,"y":239.72630968080054,"cluster":7},{"x":422.2320891876539,"y":248.23329818498274,"cluster":7},{"x":387.2492520001909,"y":225.59991744175784,"cluster":7},{"x":383.9539687542082,"y":233.7980125044785,"cluster":7},{"x":413.8819285952077,"y":231.14610332349312,"cluster":7},{"x":421.18088503566383,"y":185.19966188204907,"cluster":7},{"x":179.9982139292869,"y":151.4650879810007,"cluster":8},{"x":229.20004687976865,"y":88.54204030536025,"cluster":8},{"x":245.18831274016048,"y":90.85715394827687,"cluster":8},{"x":250.15252815159576,"y":153.0491212303519,"cluster":8},{"x":173.67735942742922,"y":123.4837968827946,"cluster":8},{"x":253.52692656829174,"y":75.498229308992,"cluster":8},{"x":183.2560755100002,"y":137.61534611218434,"cluster":8},{"x":245.48256772768235,"y":75.38987949993157,"cluster":8},{"x":223.27288586086465,"y":110.94772397735984,"cluster":8},{"x":313.0199530406447,"y":215.65805660919128,"cluster":9},{"x":298.93371027720383,"y":166.7404497601896,"cluster":9},{"x":360.2763322920813,"y":178.40625709681066,"cluster":9},{"x":327.2814709615547,"y":204.45403803092893,"cluster":9},{"x":332.2267243039302,"y":152.89127466967682,"cluster":9},{"x":358.87872838128135,"y":155.19173233475567,"cluster":9},{"x":309.0455764219499,"y":179.08713547891355,"cluster":9},{"x":310.71428903780014,"y":160.98192611128388,"cluster":9},{"x":352.81245922175367,"y":204.56752327690018,"cluster":9}],"num_clusters":10}