{"title":"cluster-n15-c3-r3-s2868790416052145765","map_width":500,"map_height":300,"num_leaves":15,"tree":{"leaf":false,"id":28,"left":{"leaf":false,"id":27,"left":{"leaf":false,"id":26,"left":{"leaf":false,"id":25,"left":{"leaf":false,"id":23,"left":{"leaf":false,"id":22,"left":{"leaf":true,"id":13,"label":"13","site_id":13},"right":{"leaf":true,"id":12,"label":"12","site_id":12}},"right":{"leaf":true,"id":11,"label":"11","site_id":11}},"right":{"leaf":false,"id":24,"left":{"leaf":true,"id":9,"label":"9","site_id":9},"right":{"leaf":true,"id":14,"label":"14","site_id":14}}},"right":{"leaf":true,"id":10,"label":"10","site_id":10}},"right":{"leaf":false,"id":18,"left":{"leaf":true,"id":0,"label":"0","site_id":0},"right":{"leaf":false,"id":17,"left":{"leaf":false,"id":15,"left":{"leaf":true,"id":3,"label":"3","site_id":3},"right":{"leaf":true,"id":4,"label":"4","site_id":4}},"right":{"leaf":false,"id":16,"left":{"leaf":true,"id":2,"label":"2","site_id":2},"right":{"leaf":true,"id":1,"label":"1","site_id":1}}}}},"right":{"leaf":false,"id":21,"left":{"leaf":true,"id":8,"label":"8","site_id":8},"right":{"leaf":false,"id":20,"left":{"leaf":false,"id":19,"left":{"leaf":true,"id":7,"label":"7","site_id":7},"right":{"leaf":true,"id":5,"label":"5","site_id":5}},"right":{"leaf":true,"id":6,"label":"6","site_id":6}}}},"num_sites":15,"sites":[{"x":57.532298192168895,"y":47.531746178812895,"cluster":0},{"x":267.51928254427025,"y":68.87171150880667,"cluster":0},{"x":257.93573428892915,"y":196.78230320052222,"cluster":0},{"x":98.98032107010933,"y":16.522587931960956,"cluster":0},{"x":142.24653002842547,"y":83.60519473526924,"cluster":0},{"x":64.63494994307237,"y":171.9455862521898,"cluster":1},{"x":163.70460416486225,"y":281.84729855837054,"cluster":1},{"x":20.190155934896417,"y":166.36744750358088,"cluster":1},{"x":72.37314428037871,"y":224.0153799285722,"cluster":1},{"x":246.32122559694534,"y":200.34047488664297,"cluster":2},{"x":167.06708538379425,"y":187.28661189162318,"cluster":2},{"x":419.6718096241641,"y":92.34098834236656,"cluster":2},{"x":415.0074155079188,"y":206.6970584272486,"cluster":2},{"x":430.53792606468227,"y":132.52048999895186,"cluster":2},{"x":286.57124630887705,"y":92.13260902255183,"cluster":2}],"num_clusters":3}