{"title":"cluster-n40-c6-r6-s-8747184784460496663","map_width":500,"map_height":300,"num_leaves":40,"tree":{"leaf":false,"id":78,"left":{"leaf":false,"id":74,"left":{"leaf":false,"id":51,"left":{"leaf":false,"id":50,"left":{"leaf":false,"id":49,"left":{"leaf":true,"id":9,"label":"9","site_id":9},"right":{"leaf":true,"id":10,"label":"10","site_id":10}},"right":{"leaf":false,"id":48,"left":{"leaf":true,"id":12,"label":"12","site_id":12},"right":{"leaf":true,"id":11,"label":"11","site_id":11}}},"right":{"leaf":true,"id":13,"label":"13","site_id":13}},"right":{"leaf":false,"id":73,"left":{"leaf":true,"id":34,"label":"34","site_id":34},"right":{"leaf":false,"id":72,"left":{"leaf":false,"id":71,"left":{"leaf":true,"id":35,"label":"35","site_id":35},"right":{"leaf":true,"id":37,"label":"37","site_id":37}},"right":{"leaf":false,"id":70,"left":{"leaf":false,"id":69,"left":{"leaf":true,"id":33,"label":"33","site_id":33},"right":{"leaf":false,"id":67,"left":{"leaf":true,"id":36,"label":"36","site_id":36},"right":{"leaf":true,"id":32,"label":"32","site_id":32}}},"right":{"leaf":false,"id":68,"left":{"leaf":true,"id":39,"label":"39","site_id":39},"right":{"leaf":true,"id":38,"label":"38","site_id":38}}}}}},"right":{"leaf":false,"id":77,"left":{"leaf":false,"id":75,"left":{"leaf":false,"id":66,"left":{"leaf":false,"id":65,"left":{"leaf":true,"id":25,"label":"25","site_id":25},"right":{"leaf":true,"id":24,"label":"24","site_id":24}},"right":{"leaf":false,"id":64,"left":{"leaf":true,"id":31,"label":"31","site_id":31},"right":{"leaf":false,"id":63,"left":{"leaf":false,"id":62,"left":{"leaf":false,"id":60,"left":{"leaf":true,"id":30,"label":"30","site_id":30},"right":{"leaf":true,"id":28,"label":"28","site_id":28}},"right":{"leaf":true,"id":27,"label":"27","site_id":27}},"right":{"leaf":false,"id":61,"left":{"leaf":true,"id":26,"label":"26","site_id":26},"right":{"leaf":true,"id":29,"label":"29","site_id":29}}}}},"right":{"leaf":false,"id":59,"left":{"leaf":false,"id":57,"left":{"leaf":true,"id":22,"label":"22","site_id":22},"right":{"leaf":true,"id":20,"label":"20","site_id":20}},"right":{"leaf":false,"id":58,"left":{"leaf":true,"id":23,"label":"23","site_id":23},"right":{"leaf":true,"id":21,"label":"21","site_id":21}}}},"right":{"leaf":false,"id":76,"left":{"leaf":false,"id":56,"left":{"leaf":false,"id":55,"left":{"leaf":false,"id":53,"left":{"leaf":true,"id":18,"label":"18","site_id":18},"right":{"leaf":true,"id":15,"label":"15","site_id":15}},"right":{"leaf":false,"id":52,"left":{"leaf":true,"id":14,"label":"14","site_id":14},"right":{"leaf":true,"id":19,"label":"19","site_id":19}}},"right":{"leaf":false,"id":54,"left":{"leaf":true,"id":17,"label":"17","site_id":17},"right":{"leaf":true,"id":16,"label":"16","site_id":16}}},"right":{"leaf":false,"id":47,"left":{"leaf":false,"id":46,"left":{"leaf":false,"id":42,"left":{"leaf":false,"id":40,"left":{"leaf":true,"id":4,"label":"4","site_id":4},"right":{"leaf":true,"id":0,"label":"0","site_id":0}},"right":{"leaf":true,"id":7,"label":"7","site_id":7}},"right":{"leaf":false,"id":45,"left":{"leaf":true,"id":6,"label":"6","site_id":6},"right":{"leaf":true,"id":1,"label":"1","site_id":1}}},"right":{"leaf":false,"id":44,"left":{"leaf":true,"id":3,"label":"3","site_id":3},"right":{"leaf":false,"id":43,"left":{"leaf":false,"id":41,"left":{"leaf":true,"id":5,"label":"5","site_id":5},"right":{"leaf":true,"id":8,"label":"8","site_id":8}},"right":{"leaf":true,"id":2,"label":"2","site_id":2}}}}}}},"num_sites":40,"sites":[{"x":127.49344628801519,"y":170.63846304980189,"cluster":0},{"x":97.76589807328634,"y":220.46494963265806,"cluster":0},{"x":224.94764944701765,"y":259.20833481031195,"cluster":0},{"x":205.8255390441398,"y":259.2856668856899,"cluster":0},{"x":245.72274782557457,"y":120.75609468694259,"cluster":0},{"x":273.2047258635084,"y":263.25164087702376,"cluster":0},{"x":223.57263197688565,"y":166.5414882376586,"cluster":0},{"x":137.58177847578108,"y":258.81778925229696,"cluster":0},{"x":218.373697183726,"y":274.42841849700346,"cluster":0},{"x":106.9546958457828,"y":245.93740397923017,"cluster":1},{"x":86.57158555363324,"y":273.0395871428689,"cluster":1},{"x":135.09457409291255,"y":244.40359588302354,"cluster":1},{"x":115.47963661150476,"y":278.97379375502885,"cluster":1},{"x":54.75696535936292,"y":281.6882163975088,"cluster":1},{"x":94.44360476509644,"y":239.59183892531559,"cluster":2},{"x":95.95935675010836,"y":194.43596703232504,"cluster":2},{"x":55.27683105733631,"y":187.43389438034782,"cluster":2},{"x":80.0193689281958,"y":260.9017996304161,"cluster":2},{"x":18.895583821635615,"y":186.83935105054144,"cluster":2},{"x":75.88001413832544,"y":142.20799550539007,"cluster":2},{"x":299.4690440783534,"y":69.04381700395025,"cluster":3},{"x":276.2924220303519,"y":95.00453654239175,"cluster":3},{"x":256.3205122972408,"y":42.83400049222911,"cluster":3},{"x":314.55294635167485,"y":99.30264983895098,"cluster":3},{"x":268.47266981686585,"y":255.42141085238387,"cluster":4},{"x":296.410855704379,"y":178.83631674148694,"cluster":4},{"x":294.71885473269424,"y":280.5936742069312,"cluster":4},{"x":325.9579708892393,"y":266.01486237937877,"cluster":4},{"x":168.67647576666383,"y":258.0791967356636,"cluster":4},{"x":197.96410537157556,"y":213.39358234514825,"cluster":4},{"x":174.6413222919861,"y":243.6345988354374,"cluster":4},{"x":292.2859303889339,"y":226.0834790963505,"cluster":4},{"x":482.9294192661592,"y":66.46879808600909,"cluster":5},{"x":390.0473617507594,"y":23.0597900393373,"cluster":5},{"x":374.05181389612324,"y":18.14156118779848,"cluster":5},{"x":349.3122024389452,"y":42.5358087324378,"cluster":5},{"x":482.81437131590434,"y":36.248178843316225,"cluster":5},{"x":343.075647399061,"y":37.993960014893936,"cluster":5},{"x":448.5265186284254,"y":41.82617413404738,"cluster":5},{"x":444.1937416302264,"y":59.18310510659088,"cluster":5}],"num_clusters":6}