{"title":"cluster-n70-c9-r3-s3337376797510278480","map_width":500,"map_height":300,"num_leaves":70,"tree":{"leaf":false,"id":138,"left":{"leaf":false,"id":137,"left":{"leaf":false,"id":135,"left":{"leaf":false,"id":132,"left":{"leaf":false,"id":84,"left":{"leaf":false,"id":83,"left":{"leaf":false,"id":82,"left":{"leaf":false,"id":81,"left":{"leaf":false,"id":79,"left":{"leaf":true,"id":8,"label":"8","site_id":8},"right":{"leaf":true,"id":15,"label":"15","site_id":15}},"right":{"leaf":true,"id":16,"label":"16","site_id":16}},"right":{"leaf":false,"id":80,"left":{"leaf":false,"id":77,"left":{"leaf":true,"id":9,"label":"9","site_id":9},"right":{"leaf":true,"id":13,"label":"13","site_id":13}},"right":{"leaf":false,"id":78,"left":{"leaf":true,"id":10,"label":"10","site_id":10},"right":{"leaf":true,"id":14,"label":"14","site_id":14}}}},"right":{"leaf":true,"id":11,"label":"11","site_id":11}},"right":{"leaf":true,"id":12,"label":"12","site_id":12}},"right":{"leaf":false,"id":89,"left":{"leaf":true,"id":18,"label":"18","site_id":18},"right":{"leaf":false,"id":88,"left":{"leaf":true,"id":21,"label":"21","site_id":21},"right":{"leaf":false,"id":87,"left":{"leaf":false,"id":85,"left":{"leaf":true,"id":20,"label":"20","site_id":20},"right":{"leaf":true,"id":17,"label":"17","site_id":17}},"right":{"leaf":false,"id":86,"left":{"leaf":true,"id":22,"label":"22","site_id":22},"right":{"leaf":true,"id":19,"label":"19","site_id":19}}}}}},"right":{"leaf":false,"id":102,"left":{"leaf":false,"id":101,"left":{"leaf":false,"id":98,"left":{"leaf":true,"id":36,"label":"36","site_id":36},"right":{"leaf":false,"id":97,"left":{"leaf":true,"id":30,"label":"30","site_id":30},"right":{"leaf":false,"id":96,"left":{"leaf":true,"id":31,"label":"31","site_id":31},"right":{"leaf":true,"id":33,"label":"33","site_id":33}}}},"right":{"leaf":false,"id":100,"left":{"leaf":true,"id":34,"label":"34","site_id":34},"right":{"leaf":false,"id":99,"left":{"leaf":true,"id":37,"label":"37","site_id":37},"right":{"leaf":true,"id":32,"label":"32","site_id":32}}}},"right":{"leaf":true,"id":35,"label":"35","site_id":35}}},"right":{"leaf":false,"id":136,"left":{"leaf":false,"id":134,"left":{"leaf":false,"id":76,"left":{"leaf":false,"id":72,"left":{"leaf":true,"id":2,"label":"2","site_id":2},"right":{"leaf":false,"id":71,"left":{"leaf":false,"id":70,"left":{"leaf":true,"id":5,"label":"5","site_id":5},"right":{"leaf":true,"id":0,"label":"0","site_id":0}},"right":{"leaf":true,"id":7,"label":"7","site_id":7}}},"right":{"leaf":false,"id":75,"left":{"leaf":false,"id":73,"left":{"leaf":true,"id":1,"label":"1","site_id":1},"right":{"leaf":true,"id":6,"label":"6","site_id":6}},"right":{"leaf":false,"id":74,"left":{"leaf":true,"id":3,"label":"3","site_id":3},"right":{"leaf":true,"id":4,"label":"4","site_id":4}}}},"right":{"leaf":false,"id":130,"left":{"leaf":false,"id":129,"left":{"leaf":false,"id":128,"left":{"leaf":true,"id":63,"label":"63","site_id":63},"right":{"leaf":true,"id":68,"label":"68","site_id":68}},"right":{"leaf":true,"id":65,"label":"65","site_id":65}},"right":{"leaf":false,"id":127,"left":{"leaf":false,"id":125,"left":{"leaf":true,"id":64,"label":"64","site_id":64},"right":{"leaf":true,"id":66,"label":"66","site_id":66}},"right":{"leaf":false,"id":126,"left":{"leaf":true,"id":67,"label":"67","site_id":67},"right":{"leaf":true,"id":69,"label":"69","site_id":69}}}}},"right":{"leaf":false,"id":133,"left":{"leaf":false,"id":111,"left":{"leaf":false,"id":110,"left":{"leaf":false,"id":108,"left":{"leaf":false,"id":106,"left":{"leaf":true,"id":44,"label":"44","site_id":44},"right":{"leaf":true,"id":46,"label":"46","site_id":46}},"right":{"leaf":false,"id":107,"left":{"leaf":true,"id":39,"label":"39","site_id":39},"right":{"leaf":false,"id":105,"left":{"leaf":false,"id":103,"left":{"leaf":true,"id":45,"label":"45","site_id":45},"right":{"leaf":true,"id":47,"label":"47","site_id":47}},"right":{"leaf":false,"id":104,"left":{"leaf":true,"id":40,"label":"40","site_id":40},"right":{"leaf":true,"id":42,"label":"42","site_id":42}}}}},"right":{"leaf":true,"id":43,"label":"43","site_id":43}},"right":{"leaf":false,"id":109,"left":{"leaf":true,"id":41,"label":"41","site_id":41},"right":{"leaf":true,"id":38,"label":"38","site_id":38}}},"right":{"leaf":false,"id":131,"left":{"leaf":false,"id":118,"left":{"leaf":false,"id":117,"left":{"leaf":true,"id":49,"label":"49","site_id":49},"right":{"leaf":false,"id":116,"left":{"leaf":true,"id":51,"label":"51","site_id":51},"right":{"leaf":false,"id":115,"left":{"leaf":false,"id":112,"left":{"leaf":true,"id":55,"label":"55","site_id":55},"right":{"leaf":true,"id":54,"label":"54","site_id":54}},"right":{"leaf":false,"id":114,"left":{"leaf":true,"id":50,"label":"50","site_id":50},"right":{"leaf":false,"id":113,"left":{"leaf":true,"id":53,"label":"53","site_id":53},"right":{"leaf":true,"id":48,"label":"48","site_id":48}}}}}},"right":{"leaf":true,"id":52,"label":"52","site_id":52}},"right":{"leaf":false,"id":124,"left":{"leaf":false,"id":122,"left":{"leaf":true,"id":56,"label":"56","site_id":56},"right":{"leaf":true,"id":62,"label":"62","site_id":62}},"right":{"leaf":false,"id":123,"left":{"leaf":false,"id":120,"left":{"leaf":false,"id":119,"left":{"leaf":true,"id":60,"label":"60","site_id":60},"right":{"leaf":true,"id":57,"label":"57","site_id":57}},"right":{"leaf":true,"id":59,"label":"59","site_id":59}},"right":{"leaf":false,"id":121,"left":{"leaf":true,"id":61,"label":"61","site_id":61},"right":{"leaf":true,"id":58,"label":"58","site_id":58}}}}}}}},"right":{"leaf":false,"id":95,"left":{"leaf":false,"id":94,"left":{"leaf":false,"id":92,"left":{"leaf":true,"id":24,"label":"24","site_id":24},"right":{"leaf":true,"id":26,"label":"26","site_id":26}},"right":{"leaf":false,"id":93,"left":{"leaf":true,"id":25,"label":"25","site_id":25},"right":{"leaf":false,"id":91,"left":{"leaf":true,"id":23,"label":"23","site_id":23},"right":{"leaf":false,"id":90,"left":{"leaf":true,"id":27,"label":"27","site_id":27},"right":{"leaf":true,"id":28,"label":"28","site_id":28}}}}},"right":{"leaf":true,"id":29,"label":"29","site_id":29}}},"num_sites":70,"sites":[{"x":455.21887965749517,"y":190.9090804002677,"cluster":0},{"x":449.8825544808407,"y":177.48368478958545,"cluster":0},{"x":465.7824187302493,"y":196.6583955644482,"cluster":0},{"x":452.05623782685564,"y":197.52362811957772,"cluster":0},{"x":445.4484155862473,"y":196.78406304302368,"cluster":0},{"x":460.2251920644764,"y":155.46801680865548,"cluster":0},{"x":435.2793449190507,"y":152.63977222517016,"cluster":0},{"x":478.3775957409212,"y":193.06944984792605,"cluster":0},{"x":70.00989047527986,"y":258.31111346771036,"cluster":1},{"x":110.66211435559147,"y":191.75949190156797,"cluster":1},{"x":149.05183286570116,"y":217.7616971239235,"cluster":1},{"x":101.01787138453633,"y":231.95742606206548,"cluster":1},{"x":64.73236673820955,"y":249.4021056351379,"cluster":1},{"x":137.91604342714882,"y":187.2036816238412,"cluster":1},{"x":66.01463825977746,"y":201.70740269267316,"cluster":1},{"x":76.70039169539062,"y":225.18725632345937,"cluster":1},{"x":112.35274213659682,"y":262.4237360882092,"cluster":1},{"x":84.64904303725679,"y":207.3181172065377,"cluster":2},{"x":100.65574009152454,"y":229.26500591557433,"cluster":2},{"x":101.9957704981758,"y":203.525961178823,"cluster":2},{"x":141.51477380188263,"y":229.58682163471684,"cluster":2},{"x":88.69394013727452,"y":249.8728355742292,"cluster":2},{"x":129.19267330913507,"y":219.85851301266183,"cluster":2},{"x":84.25185767808719,"y":154.17334322490143,"cluster":3},{"x":27.20985219802988,"y":163.46826900998835,"cluster":3},{"x":86.89279848143151,"y":142.6856058800207,"cluster":3},{"x":32.96565077547352,"y":137.03414626265854,"cluster":3},{"x":97.2068641769201,"y":149.57162138595672,"cluster":3},{"x":94.09980381911487,"y":164.08659761959666,"cluster":3},{"x":50.823318733613206,"y":128.29238985947515,"cluster":3},{"x":422.9335769508741,"y":209.17915898938514,"cluster":4},{"x":341.24136972532386,"y":223.4352783575345,"cluster":4},{"x":350.56028731457513,"y":228.87901914058642,"cluster":4},{"x":384.4949903095157,"y":212.1978519519164,"cluster":4},{"x":379.4935283720069,"y":266.6155433071829,"cluster":4},{"x":413.0247302038789,"y":257.05869867287873,"cluster":4},{"x":371.2306600115853,"y":211.06926625809322,"cluster":4},{"x":374.46372581608216,"y":225.8130010388504,"cluster":4},{"x":442.48175927911444,"y":53.19235443804804,"cluster":5},{"x":407.0030793480551,"y":125.79089137768625,"cluster":5},{"x":383.52645378255465,"y":156.01544431760894,"cluster":5},{"x":407.93838385820493,"y":71.64911756363088,"cluster":5},{"x":427.8505533199308,"y":103.57820558989579,"cluster":5},{"x":434.9767671295188,"y":156.50664866348296,"cluster":5},{"x":389.5332515388815,"y":82.90074517608753,"cluster":5},{"x":360.4988414139612,"y":104.54043605696104,"cluster":5},{"x":369.3636397731615,"y":93.4728065013169,"cluster":5},{"x":449.14691608192686,"y":153.74105277891186,"cluster":5},{"x":390.1456932563768,"y":93.79181129556025,"cluster":6},{"x":327.4424632798796,"y":67.10991817991632,"cluster":6},{"x":381.0693854493975,"y":30.149812558408705,"cluster":6},{"x":365.59221545510763,"y":22.038852427680904,"cluster":6},{"x":305.8235984961646,"y":57.158816207511876,"cluster":6},{"x":339.2523963184419,"y":28.974844313099783,"cluster":6},{"x":347.5394795890874,"y":35.60617893858061,"cluster":6},{"x":375.187174510083,"y":18.771259493430296,"cluster":6},{"x":298.7802860161168,"y":29.120838795924342,"cluster":7},{"x":342.6622569954026,"y":66.32801481391384,"cluster":7},{"x":359.67429387817407,"y":66.3250448971572,"cluster":7},{"x":363.16068682448724,"y":74.22393923082834,"cluster":7},{"x":348.42345856069596,"y":52.472300857679954,"cluster":7},{"x":369.55292097698197,"y":22.665705487455185,"cluster":7},{"x":293.3110798198825,"y":27.69230164994533,"cluster":7},{"x":204.42486389855077,"y":212.91862683307366,"cluster":8},{"x":138.65525945393415,"y":181.0562040692216,"cluster":8},{"x":159.83849285242778,"y":234.5687996544525,"cluster":8},{"x":191.0463146024469,"y":208.6255492490808,"cluster":8},{"x":173.31778777510445,"y":168.1445419705672,"cluster":8},{"x":182.08134949545664,"y":199.12714629609323,"cluster":8},{"x":166.0665809816532,"y":179.5665990927923,"cluster":8}],"num_clusters":9}