{"title":"cluster-n90-c11-r7-s-8187960511777098016","map_width":500,"map_height":300,"num_leaves":90,"tree":{"leaf":false,"id":178,"left":{"leaf":false,"id":176,"left":{"leaf":false,"id":112,"left":{"leaf":false,"id":110,"left":{"leaf":false,"id":107,"left":{"leaf":true,"id":22,"label":"22","site_id":22},"right":{"leaf":true,"id":18,"label":"18","site_id":18}},"right":{"leaf":false,"id":108,"left":{"leaf":true,"id":19,"label":"19","site_id":19},"right":{"leaf":true,"id":17,"label":"17","site_id":17}}},"right":{"leaf":false,"id":111,"left":{"leaf":true,"id":20,"label":"20","site_id":20},"right":{"leaf":false,"id":109,"left":{"leaf":true,"id":23,"label":"23","site_id":23},"right":{"leaf":false,"id":106,"left":{"leaf":true,"id":25,"label":"25","site_id":25},"right":{"leaf":false,"id":105,"left":{"leaf":false,"id":104,"left":{"leaf":true,"id":21,"label":"21","site_id":21},"right":{"leaf":true,"id":16,"label":"16","site_id":16}},"right":{"leaf":true,"id":24,"label":"24","site_id":24}}}}}},"right":{"leaf":false,"id":131,"left":{"leaf":false,"id":128,"left":{"leaf":true,"id":42,"label":"42","site_id":42},"right":{"leaf":true,"id":47,"label":"47","site_id":47}},"right":{"leaf":false,"id":130,"left":{"leaf":false,"id":129,"left":{"leaf":true,"id":43,"label":"43","site_id":43},"right":{"leaf":true,"id":46,"label":"46","site_id":46}},"right":{"leaf":false,"id":127,"left":{"leaf":true,"id":44,"label":"44","site_id":44},"right":{"leaf":true,"id":45,"label":"45","site_id":45}}}}},"right":{"leaf":false,"id":177,"left":{"leaf":false,"id":175,"left":{"leaf":false,"id":173,"left":{"leaf":false,"id":126,"left":{"leaf":true,"id":39,"label":"39","site_id":39},"right":{"leaf":false,"id":125,"left":{"leaf":false,"id":123,"left":{"leaf":false,"id":121,"left":{"leaf":false,"id":120,"left":{"leaf":true,"id":36,"label":"36","site_id":36},"right":{"leaf":true,"id":40,"label":"40","site_id":40}},"right":{"leaf":true,"id":35,"label":"35","site_id":35}},"right":{"leaf":true,"id":34,"label":"34","site_id":34}},"right":{"leaf":false,"id":124,"left":{"leaf":true,"id":37,"label":"37","site_id":37},"right":{"leaf":false,"id":122,"left":{"leaf":true,"id":41,"label":"41","site_id":41},"right":{"leaf":true,"id":38,"label":"38","site_id":38}}}}},"right":{"leaf":false,"id":172,"left":{"leaf":false,"id":157,"left":{"leaf":false,"id":156,"left":{"leaf":false,"id":154,"left":{"leaf":true,"id":73,"label":"73","site_id":73},"right":{"leaf":false,"id":151,"left":{"leaf":false,"id":149,"left":{"leaf":true,"id":74,"label":"74","site_id":74},"right":{"leaf":true,"id":76,"label":"76","site_id":76}},"right":{"leaf":false,"id":150,"left":{"leaf":true,"id":71,"label":"71","site_id":71},"right":{"leaf":false,"id":148,"left":{"leaf":true,"id":68,"label":"68","site_id":68},"right":{"leaf":true,"id":66,"label":"66","site_id":66}}}}},"right":{"leaf":false,"id":155,"left":{"leaf":true,"id":69,"label":"69","site_id":69},"right":{"leaf":false,"id":153,"left":{"leaf":false,"id":152,"left":{"leaf":true,"id":65,"label":"65","site_id":65},"right":{"leaf":true,"id":67,"label":"67","site_id":67}},"right":{"leaf":true,"id":70,"label":"70","site_id":70}}}},"right":{"leaf":false,"id":147,"left":{"leaf":true,"id":72,"label":"72","site_id":72},"right":{"leaf":true,"id":75,"label":"75","site_id":75}}},"right":{"leaf":false,"id":170,"left":{"leaf":false,"id":94,"left":{"leaf":false,"id":93,"left":{"leaf":true,"id":2,"label":"2","site_id":2},"right":{"leaf":false,"id":92,"left":{"leaf":true,"id":3,"label":"3","site_id":3},"right":{"leaf":false,"id":90,"left":{"leaf":true,"id":4,"label":"4","site_id":4},"right":{"leaf":true,"id":0,"label":"0","site_id":0}}}},"right":{"leaf":false,"id":91,"left":{"leaf":true,"id":5,"label":"5","site_id":5},"right":{"leaf":true,"id":1,"label":"1","site_id":1}}},"right":{"leaf":false,"id":119,"left":{"leaf":false,"id":117,"left":{"leaf":true,"id":30,"label":"30","site_id":30},"right":{"leaf":true,"id":28,"label":"28","site_id":28}},"right":{"leaf":false,"id":118,"left":{"leaf":true,"id":32,"label":"32","site_id":32},"right":{"leaf":false,"id":116,"left":{"leaf":true,"id":26,"label":"26","site_id":26},"right":{"leaf":false,"id":115,"left":{"leaf":true,"id":31,"label":"31","site_id":31},"right":{"leaf":false,"id":114,"left":{"leaf":true,"id":33,"label":"33","site_id":33},"right":{"leaf":false,"id":113,"left":{"leaf":true,"id":27,"label":"27","site_id":27},"right":{"leaf":true,"id":29,"label":"29","site_id":29}}}}}}}}}},"right":{"leaf":false,"id":174,"left":{"leaf":false,"id":168,"left":{"leaf":true,"id":87,"label":"87","site_id":87},"right":{"leaf":false,"id":167,"left":{"leaf":false,"id":166,"left":{"leaf":false,"id":165,"left":{"leaf":true,"id":85,"label":"85","site_id":85},"right":{"leaf":true,"id":88,"label":"88","site_id":88}},"right":{"leaf":true,"id":89,"label":"89","site_id":89}},"right":{"leaf":true,"id":86,"label":"86","site_id":86}}},"right":{"leaf":false,"id":171,"left":{"leaf":false,"id":169,"left":{"leaf":false,"id":140,"left":{"leaf":false,"id":139,"left":{"leaf":false,"id":138,"left":{"leaf":false,"id":133,"left":{"leaf":true,"id":50,"label":"50","site_id":50},"right":{"leaf":true,"id":49,"label":"49","site_id":49}},"right":{"leaf":false,"id":137,"left":{"leaf":true,"id":51,"label":"51","site_id":51},"right":{"leaf":true,"id":52,"label":"52","site_id":52}}},"right":{"leaf":false,"id":136,"left":{"leaf":false,"id":132,"left":{"leaf":true,"id":57,"label":"57","site_id":57},"right":{"leaf":true,"id":53,"label":"53","site_id":53}},"right":{"leaf":true,"id":48,"label":"48","site_id":48}}},"right":{"leaf":false,"id":135,"left":{"leaf":true,"id":56,"label":"56","site_id":56},"right":{"leaf":false,"id":134,"left":{"leaf":true,"id":54,"label":"54","site_id":54},"right":{"leaf":true,"id":55,"label":"55","site_id":55}}}},"right":{"leaf":false,"id":164,"left":{"leaf":false,"id":163,"left":{"leaf":false,"id":159,"left":{"leaf":true,"id":77,"label":"77","site_id":77},"right":{"leaf":true,"id":78,"label":"78","site_id":78}},"right":{"leaf":false,"id":162,"left":{"leaf":true,"id":80,"label":"80","site_id":80},"right":{"leaf":false,"id":161,"left":{"leaf":false,"id":160,"left":{"leaf":false,"id":158,"left":{"leaf":true,"id":83,"label":"83","site_id":83},"right":{"leaf":true,"id":81,"label":"81","site_id":81}},"right":{"leaf":true,"id":79,"label":"79","site_id":79}},"right":{"leaf":true,"id":84,"label":"84","site_id":84}}}},"right":{"leaf":true,"id":82,"label":"82","site_id":82}}},"right":{"leaf":false,"id":103,"left":{"leaf":false,"id":102,"left":{"leaf":true,"id":12,"label":"12","site_id":12},"right":{"leaf":false,"id":101,"left":{"leaf":false,"id":98,"left":{"leaf":true,"id":7,"label":"7","site_id":7},"right":{"leaf":true,"id":15,"label":"15","site_id":15}},"right":{"leaf":false,"id":95,"left":{"leaf":true,"id":9,"label":"9","site_id":9},"right":{"leaf":true,"id":6,"label":"6","site_id":6}}}},"right":{"leaf":false,"id":100,"left":{"leaf":false,"id":96,"left":{"leaf":true,"id":10,"label":"10","site_id":10},"right":{"leaf":true,"id":13,"label":"13","site_id":13}},"right":{"leaf":false,"id":99,"left":{"leaf":false,"id":97,"left":{"leaf":true,"id":8,"label":"8","site_id":8},"right":{"leaf":true,"id":14,"label":"14","site_id":14}},"right":{"leaf":true,"id":11,"label":"11","site_id":11}}}}}}},"right":{"leaf":false,"id":146,"left":{"leaf":true,"id":62,"label":"62","site_id":62},"right":{"leaf":false,"id":145,"left":{"leaf":true,"id":63,"label":"63","site_id":63},"right":{"leaf":false,"id":144,"left":{"leaf":false,"id":141,"left":{"leaf":true,"id":60,"label":"60","site_id":60},"right":{"leaf":true,"id":59,"label":"59","site_id":59}},"right":{"leaf":false,"id":143,"left":{"leaf":false,"id":142,"left":{"leaf":true,"id":61,"label":"61","site_id":61},"right":{"leaf":true,"id":64,"label":"64","site_id":64}},"right":{"leaf":true,"id":58,"label":"58","site_id":58}}}}}}},"num_sites":90,"sites":[{"x":279.962014670321,"y":161.22255970360166,"cluster":0},{"x":231.85898556190003,"y":147.61551533881993,"cluster":0},{"x":238.32306810948234,"y":161.9666329833815,"cluster":0},{"x":250.57750455380503,"y":168.1328438554014,"cluster":0},{"x":250.42620792321569,"y":149.77096288836933,"cluster":0},{"x":277.0957776584626,"y":144.15512817336412,"cluster":0},{"x":402.87133974083247,"y":61.17490569873296,"cluster":1},{"x":352.4070787066302,"y":74.14438157367891,"cluster":1},{"x":321.13335616151477,"y":101.6373219890587,"cluster":1},{"x":382.4408323335839,"y":54.79110326098303,"cluster":1},{"x":335.74295353805195,"y":76.89537687383272,"cluster":1},{"x":380.6604316800804,"y":29.736238631035768,"cluster":1},{"x":360.2710859069028,"y":47.48968599093453,"cluster":1},{"x":360.53164694938573,"y":64.38845204163347,"cluster":1},{"x":329.4731757268567,"y":24.48974874175005,"cluster":1},{"x":344.8267213596126,"y":80.03912568720239,"cluster":1},{"x":359.67754892461085,"y":130.74741445829028,"cluster":2},{"x":370.042880536843,"y":134.20280791329517,"cluster":2},{"x":321.9577261313434,"y":109.19199871361329,"cluster":2},{"x":384.7372765253148,"y":103.77965381671297,"cluster":2},{"x":310.32698362933246,"y":114.78837461833041,"cluster":2},{"x":368.63026704061036,"y":83.51517667446097,"cluster":2},{"x":328.70825227482226,"y":112.92287453597274,"cluster":2},{"x":358.8936898086178,"y":100.10962607317938,"cluster":2},{"x":309.83627989309895,"y":91.70543867017044,"cluster":2},{"x":313.2099863692663,"y":45.42612008941423,"cluster":2},{"x":423.224669888375,"y":165.6558943681886,"cluster":3},{"x":442.0560482149568,"y":195.40609866403696,"cluster":3},{"x":435.10184333689637,"y":196.871151835885,"cluster":3},{"x":429.22301439325855,"y":169.26210160640017,"cluster":3},{"x":392.14890252367866,"y":223.11733642944256,"cluster":3},{"x":394.547675721466,"y":188.66055111850355,"cluster":3},{"x":407.64414967451296,"y":178.69761189803478,"cluster":3},{"x":383.3501758321461,"y":191.46286948613596,"cluster":3},{"x":353.9582989971575,"y":185.60809483322825,"cluster":4},{"x":304.1438718793672,"y":209.27742433626403,"cluster":4},{"x":314.99387685009606,"y":213.62781548094603,"cluster":4},{"x":340.8458908618793,"y":226.47164161477417,"cluster":4},{"x":346.75230731622526,"y":217.28899774973237,"cluster":4},{"x":368.92067513020623,"y":173.36446761585432,"cluster":4},{"x":302.08685055361394,"y":227.16290353193236,"cluster":4},{"x":366.9330038505884,"y":234.11470918639074,"cluster":4},{"x":374.9407070665422,"y":58.97389026580079,"cluster":5},{"x":347.15475652551885,"y":22.73972970747867,"cluster":5},{"x":337.2305114491208,"y":22.4436344578756,"cluster":5},{"x":329.84488912253113,"y":55.45880990583913,"cluster":5},{"x":341.1726889606217,"y":47.6226809265676,"cluster":5},{"x":335.0350473729301,"y":46.674785409023826,"cluster":5},{"x":98.53917732423412,"y":229.971139250183,"cluster":6},{"x":116.36105507385761,"y":264.709513665896,"cluster":6},{"x":130.0825173217895,"y":278.60242259459847,"cluster":6},{"x":126.42279160711277,"y":205.67886619617843,"cluster":6},{"x":118.1000318261337,"y":210.0133247997458,"cluster":6},{"x":77.79472485147424,"y":256.85696494646885,"cluster":6},{"x":78.66356770737994,"y":199.26132274584134,"cluster":6},{"x":123.08153686471334,"y":275.9078296062758,"cluster":6},{"x":61.92773958167237,"y":236.7075905331204,"cluster":6},{"x":57.3425281031635,"y":273.0050890760329,"cluster":6},{"x":420.818678629737,"y":42.229637732110376,"cluster":7},{"x":445.8076295951644,"y":26.188785957942173,"cluster":7},{"x":421.11108655518456,"y":65.57196382827621,"cluster":7},{"x":454.31467872279444,"y":52.298131543595524,"cluster":7},{"x":405.2621499346179,"y":61.07332054882967,"cluster":7},{"x":445.2241800203627,"y":58.26692316012408,"cluster":7},{"x":407.6039674540303,"y":55.45208166711662,"cluster":7},{"x":182.93404912150336,"y":32.398334392995814,"cluster":8},{"x":203.49024725466188,"y":47.01099952684959,"cluster":8},{"x":180.30766349050654,"y":25.39584237482248,"cluster":8},{"x":190.1804591959296,"y":35.35311083034652,"cluster":8},{"x":167.8280183207777,"y":102.24048505025837,"cluster":8},{"x":262.098700578009,"y":98.96333014221479,"cluster":8},{"x":239.397595099578,"y":75.06693864594588,"cluster":8},{"x":254.28370456210865,"y":37.135310029733915,"cluster":8},{"x":227.95937914353712,"y":53.841189247750094,"cluster":8},{"x":225.650891143928,"y":61.108442354595596,"cluster":8},{"x":227.50100692488016,"y":73.35948393262949,"cluster":8},{"x":216.72502639383467,"y":35.882084958655966,"cluster":8},{"x":254.6845579671477,"y":271.9036808647799,"cluster":9},{"x":242.9335694549005,"y":273.9629888549724,"cluster":9},{"x":277.97740261567174,"y":243.25539793575985,"cluster":9},{"x":231.02436735792156,"y":240.79704137869297,"cluster":9},{"x":291.7491030260914,"y":238.62242806789817,"cluster":9},{"x":286.04881578014033,"y":273.82807134990685,"cluster":9},{"x":277.7495039907514,"y":265.54925360097445,"cluster":9},{"x":283.7436581878608,"y":237.6145172632113,"cluster":9},{"x":484.0692361967718,"y":233.0758278969121,"cluster":10},{"x":470.81327763901805,"y":226.93313290792312,"cluster":10},{"x":475.6007966749567,"y":213.324978807004,"cluster":10},{"x":466.65253089294845,"y":214.6447130592292,"cluster":10},{"x":461.44434812202786,"y":238.2319248717917,"cluster":10}],"num_clusters":11}