{"title":"cluster-n85-c10-r3-s208061894583071289","map_width":500,"map_height":300,"num_leaves":85,"tree":{"leaf":false,"id":168,"left":{"leaf":false,"id":161,"left":{"leaf":false,"id":110,"left":{"leaf":false,"id":109,"left":{"leaf":false,"id":104,"left":{"leaf":false,"id":102,"left":{"leaf":true,"id":22,"label":"22","site_id":22},"right":{"leaf":true,"id":25,"label":"25","site_id":25}},"right":{"leaf":false,"id":103,"left":{"leaf":true,"id":21,"label":"21","site_id":21},"right":{"leaf":false,"id":100,"left":{"leaf":true,"id":24,"label":"24","site_id":24},"right":{"leaf":true,"id":23,"label":"23","site_id":23}}}},"right":{"leaf":false,"id":106,"left":{"leaf":true,"id":26,"label":"26","site_id":26},"right":{"leaf":false,"id":105,"left":{"leaf":true,"id":27,"label":"27","site_id":27},"right":{"leaf":true,"id":20,"label":"20","site_id":20}}}},"right":{"leaf":false,"id":108,"left":{"leaf":false,"id":107,"left":{"leaf":false,"id":101,"left":{"leaf":true,"id":28,"label":"28","site_id":28},"right":{"leaf":true,"id":17,"label":"17","site_id":17}},"right":{"leaf":true,"id":18,"label":"18","site_id":18}},"right":{"leaf":true,"id":19,"label":"19","site_id":19}}},"right":{"leaf":false,"id":143,"left":{"leaf":false,"id":141,"left":{"leaf":true,"id":66,"label":"66","site_id":66},"right":{"leaf":false,"id":140,"left":{"leaf":true,"id":62,"label":"62","site_id":62},"right":{"leaf":true,"id":65,"label":"65","site_id":65}}},"right":{"leaf":false,"id":142,"left":{"leaf":true,"id":63,"label":"63","site_id":63},"right":{"leaf":true,"id":64,"label":"64","site_id":64}}}},"right":{"leaf":false,"id":167,"left":{"leaf":false,"id":166,"left":{"leaf":false,"id":99,"left":{"leaf":false,"id":94,"left":{"leaf":true,"id":16,"label":"16","site_id":16},"right":{"leaf":true,"id":13,"label":"13","site_id":13}},"right":{"leaf":false,"id":98,"left":{"leaf":false,"id":97,"left":{"leaf":true,"id":12,"label":"12","site_id":12},"right":{"leaf":false,"id":96,"left":{"leaf":false,"id":95,"left":{"leaf":true,"id":15,"label":"15","site_id":15},"right":{"leaf":true,"id":11,"label":"11","site_id":11}},"right":{"leaf":true,"id":14,"label":"14","site_id":14}}},"right":{"leaf":true,"id":10,"label":"10","site_id":10}}},"right":{"leaf":false,"id":165,"left":{"leaf":false,"id":164,"left":{"leaf":false,"id":132,"left":{"leaf":false,"id":131,"left":{"leaf":false,"id":127,"left":{"leaf":false,"id":126,"left":{"leaf":true,"id":46,"label":"46","site_id":46},"right":{"leaf":true,"id":50,"label":"50","site_id":50}},"right":{"leaf":true,"id":51,"label":"51","site_id":51}},"right":{"leaf":false,"id":130,"left":{"leaf":true,"id":49,"label":"49","site_id":49},"right":{"leaf":true,"id":53,"label":"53","site_id":53}}},"right":{"leaf":false,"id":129,"left":{"leaf":true,"id":48,"label":"48","site_id":48},"right":{"leaf":false,"id":128,"left":{"leaf":true,"id":47,"label":"47","site_id":47},"right":{"leaf":true,"id":52,"label":"52","site_id":52}}}},"right":{"leaf":false,"id":162,"left":{"leaf":false,"id":159,"left":{"leaf":false,"id":158,"left":{"leaf":false,"id":156,"left":{"leaf":true,"id":79,"label":"79","site_id":79},"right":{"leaf":true,"id":83,"label":"83","site_id":83}},"right":{"leaf":false,"id":157,"left":{"leaf":true,"id":80,"label":"80","site_id":80},"right":{"leaf":true,"id":84,"label":"84","site_id":84}}},"right":{"leaf":false,"id":155,"left":{"leaf":true,"id":81,"label":"81","site_id":81},"right":{"leaf":true,"id":82,"label":"82","site_id":82}}},"right":{"leaf":false,"id":139,"left":{"leaf":false,"id":138,"left":{"leaf":true,"id":56,"label":"56","site_id":56},"right":{"leaf":false,"id":134,"left":{"leaf":true,"id":61,"label":"61","site_id":61},"right":{"leaf":true,"id":54,"label":"54","site_id":54}}},"right":{"leaf":false,"id":137,"left":{"leaf":false,"id":136,"left":{"leaf":false,"id":135,"left":{"leaf":true,"id":55,"label":"55","site_id":55},"right":{"leaf":false,"id":133,"left":{"leaf":true,"id":59,"label":"59","site_id":59},"right":{"leaf":true,"id":57,"label":"57","site_id":57}}},"right":{"leaf":true,"id":60,"label":"60","site_id":60}},"right":{"leaf":true,"id":58,"label":"58","site_id":58}}}}},"right":{"leaf":false,"id":163,"left":{"leaf":false,"id":154,"left":{"leaf":false,"id":153,"left":{"leaf":false,"id":151,"left":{"leaf":false,"id":150,"left":{"leaf":false,"id":148,"left":{"leaf":true,"id":78,"label":"78","site_id":78},"right":{"leaf":true,"id":75,"label":"75","site_id":75}},"right":{"leaf":false,"id":149,"left":{"leaf":true,"id":69,"label":"69","site_id":69},"right":{"leaf":false,"id":147,"left":{"leaf":true,"id":73,"label":"73","site_id":73},"right":{"leaf":true,"id":70,"label":"70","site_id":70}}}},"right":{"leaf":false,"id":144,"left":{"leaf":true,"id":76,"label":"76","site_id":76},"right":{"leaf":true,"id":68,"label":"68","site_id":68}}},"right":{"leaf":false,"id":146,"left":{"leaf":true,"id":72,"label":"72","site_id":72},"right":{"leaf":false,"id":145,"left":{"leaf":true,"id":67,"label":"67","site_id":67},"right":{"leaf":true,"id":71,"label":"71","site_id":71}}}},"right":{"leaf":false,"id":152,"left":{"leaf":true,"id":74,"label":"74","site_id":74},"right":{"leaf":true,"id":77,"label":"77","site_id":77}}},"right":{"leaf":false,"id":93,"left":{"leaf":false,"id":91,"left":{"leaf":true,"id":0,"label":"0","site_id":0},"right":{"leaf":false,"id":90,"left":{"leaf":true,"id":1,"label":"1","site_id":1},"right":{"leaf":false,"id":89,"left":{"leaf":false,"id":87,"left":{"leaf":false,"id":86,"left":{"leaf":true,"id":7,"label":"7","site_id":7},"right":{"leaf":true,"id":3,"label":"3","site_id":3}},"right":{"leaf":false,"id":85,"left":{"leaf":true,"id":5,"label":"5","site_id":5},"right":{"leaf":true,"id":8,"label":"8","site_id":8}}},"right":{"leaf":true,"id":2,"label":"2","site_id":2}}}},"right":{"leaf":false,"id":92,"left":{"leaf":true,"id":4,"label":"4","site_id":4},"right":{"leaf":false,"id":88,"left":{"leaf":true,"id":9,"label":"9","site_id":9},"right":{"leaf":true,"id":6,"label":"6","site_id":6}}}}}}},"right":{"leaf":false,"id":160,"left":{"leaf":false,"id":125,"left":{"leaf":false,"id":123,"left":{"leaf":false,"id":122,"left":{"leaf":false,"id":120,"left":{"leaf":true,"id":37,"label":"37","site_id":37},"right":{"leaf":true,"id":39,"label":"39","site_id":39}},"right":{"leaf":true,"id":38,"label":"38","site_id":38}},"right":{"leaf":false,"id":119,"left":{"leaf":true,"id":41,"label":"41","site_id":41},"right":{"leaf":true,"id":43,"label":"43","site_id":43}}},"right":{"leaf":false,"id":124,"left":{"leaf":true,"id":40,"label":"40","site_id":40},"right":{"leaf":false,"id":121,"left":{"leaf":false,"id":118,"left":{"leaf":true,"id":45,"label":"45","site_id":45},"right":{"leaf":true,"id":44,"label":"44","site_id":44}},"right":{"leaf":true,"id":42,"label":"42","site_id":42}}}},"right":{"leaf":false,"id":117,"left":{"leaf":false,"id":113,"left":{"leaf":true,"id":30,"label":"30","site_id":30},"right":{"leaf":true,"id":32,"label":"32","site_id":32}},"right":{"leaf":false,"id":116,"left":{"leaf":false,"id":115,"left":{"leaf":true,"id":33,"label":"33","site_id":33},"right":{"leaf":false,"id":112,"left":{"leaf":true,"id":29,"label":"29","site_id":29},"right":{"leaf":true,"id":35,"label":"35","site_id":35}}},"right":{"leaf":false,"id":114,"left":{"leaf":true,"id":31,"label":"31","site_id":31},"right":{"leaf":false,"id":111,"left":{"leaf":true,"id":34,"label":"34","site_id":34},"right":{"leaf":true,"id":36,"label":"36","site_id":36}}}}}}}},"num_sites":85,"sites":[{"x":286.86065633923175,"y":51.79183277919339,"cluster":0},{"x":235.4323446560604,"y":32.190348738828604,"cluster":0},{"x":256.68778401040055,"y":54.70448132333222,"cluster":0},{"x":263.54182402413375,"y":73.78397137924995,"cluster":0},{"x":284.95566752183987,"y":63.131636506661096,"cluster":0},{"x":243.73979897758028,"y":76.22890688930487,"cluster":0},{"x":278.3705390864534,"y":44.938991006310474,"cluster":0},{"x":271.4991705166296,"y":78.65438156529851,"cluster":0},{"x":255.82025037833859,"y":23.991031106397724,"cluster":0},{"x":208.59741860280187,"y":60.515778858298745,"cluster":0},{"x":201.64852705075265,"y":101.60299942023269,"cluster":1},{"x":216.94538877392174,"y":60.202529576148635,"cluster":1},{"x":183.90516763424648,"y":93.65688530677862,"cluster":1},{"x":175.36735808852842,"y":100.1388693920867,"cluster":1},{"x":208.44357765146086,"y":83.28205723504367,"cluster":1},{"x":166.3399799135288,"y":74.8814014854039,"cluster":1},{"x":218.8019363181458,"y":67.39708763781955,"cluster":1},{"x":249.17416342153928,"y":240.0645575771441,"cluster":2},{"x":311.87033949422937,"y":232.99680617688097,"cluster":2},{"x":322.3978712977809,"y":228.1399686679307,"cluster":2},{"x":333.7304129301822,"y":226.19998007317838,"cluster":2},{"x":344.42544858497007,"y":216.37377363213125,"cluster":2},{"x":273.79229033652155,"y":224.59112728663115,"cluster":2},{"x":296.4459803149708,"y":265.4758211728193,"cluster":2},{"x":304.8997411865074,"y":274.48978486271903,"cluster":2},{"x":242.34032574550463,"y":243.59175609747604,"cluster":2},{"x":285.8770093141232,"y":209.90333429353362,"cluster":2},{"x":278.7357213192983,"y":265.0897656546327,"cluster":2},{"x":242.83608132556978,"y":258.138907328841,"cluster":2},{"x":122.68099446241307,"y":226.18927807309143,"cluster":3},{"x":96.44872660599921,"y":238.91832490864846,"cluster":3},{"x":97.32685432326193,"y":186.82458801210697,"cluster":3},{"x":87.64320680159608,"y":174.8174916064765,"cluster":3},{"x":138.7801971304118,"y":222.83849562226047,"cluster":3},{"x":103.89472319726967,"y":189.61985389131846,"cluster":3},{"x":90.85969702231134,"y":186.02467080851756,"cluster":3},{"x":104.6950222846257,"y":184.22551781902536,"cluster":3},{"x":106.67836450919945,"y":143.88564236416337,"cluster":4},{"x":116.55308413240093,"y":101.42606555160525,"cluster":4},{"x":105.8736260685413,"y":92.81382954096836,"cluster":4},{"x":157.232914668977,"y":88.63033189520995,"cluster":4},{"x":101.10146443051414,"y":97.95961520155579,"cluster":4},{"x":140.3952005883454,"y":104.04174750894227,"cluster":4},{"x":144.45970802563005,"y":97.93644281350733,"cluster":4},{"x":172.09541718600045,"y":115.13326392674563,"cluster":4},{"x":152.65805927696266,"y":81.8525699003943,"cluster":4},{"x":265.7585640676678,"y":185.86580441852155,"cluster":5},{"x":204.72085126427575,"y":196.9028992463186,"cluster":5},{"x":199.10788485443774,"y":127.22525142190197,"cluster":5},{"x":241.9634171989726,"y":156.6887795273264,"cluster":5},{"x":212.41374112192236,"y":175.8029324613382,"cluster":5},{"x":238.10824641205016,"y":173.11501962553024,"cluster":5},{"x":218.53361358764772,"y":189.12774750942324,"cluster":5},{"x":200.74128732868894,"y":184.86472224456145,"cluster":5},{"x":32.53035018682017,"y":245.04306321522353,"cluster":6},{"x":15.877286482085523,"y":205.86826185588652,"cluster":6},{"x":45.5098313275654,"y":257.92156838163396,"cluster":6},{"x":65.70646291402535,"y":239.38998050245442,"cluster":6},{"x":72.54423942201069,"y":236.47773598125207,"cluster":6},{"x":45.612820213015205,"y":220.94463169316336,"cluster":6},{"x":51.15540799457978,"y":208.8890871681188,"cluster":6},{"x":51.206497492671936,"y":249.36691714406157,"cluster":6},{"x":345.38362946782166,"y":168.96090711630742,"cluster":7},{"x":336.7940938191614,"y":185.57945532866722,"cluster":7},{"x":357.24784791683703,"y":147.91535968245265,"cluster":7},{"x":331.20256854561944,"y":186.5391149546105,"cluster":7},{"x":342.0370689871885,"y":186.8826767040379,"cluster":7},{"x":260.57523973860583,"y":76.58235474084329,"cluster":8},{"x":223.38245467934516,"y":68.56858881589537,"cluster":8},{"x":168.90764488040864,"y":35.43374950703593,"cluster":8},{"x":155.05084924888357,"y":46.784708199867225,"cluster":8},{"x":255.98667264352733,"y":31.633978242466803,"cluster":8},{"x":257.6690163172432,"y":54.511775784869606,"cluster":8},{"x":202.63403830401145,"y":108.95612403735116,"cluster":8},{"x":216.3598122500552,"y":42.10000539690867,"cluster":8},{"x":222.43062972324455,"y":118.07467807634526,"cluster":8},{"x":265.3662335363397,"y":98.81216338552457,"cluster":8},{"x":221.74344497073156,"y":35.08167170305808,"cluster":8},{"x":259.14091481638155,"y":109.59629552138398,"cluster":8},{"x":376.36407422082266,"y":167.605228947298,"cluster":9},{"x":379.75414311813483,"y":154.3408424604807,"cluster":9},{"x":390.21031621452164,"y":132.75916205392468,"cluster":9},{"x":397.3362316245339,"y":148.43791016565189,"cluster":9},{"x":393.0860642837591,"y":171.38612638018625,"cluster":9},{"x":386.595274353424,"y":128.7200107446435,"cluster":9}],"num_clusters":10}