{"title":"cluster-n10-c3-r5-s6836568506072080118","map_width":500,"map_height":300,"num_leaves":10,"tree":{"leaf":false,"id":18,"left":{"leaf":false,"id":13,"left":{"leaf":false,"id":12,"left":{"leaf":true,"id":5,"label":"5","site_id":5},"right":{"leaf":true,"id":3,"label":"3","site_id":3}},"right":{"leaf":true,"id":4,"label":"4","site_id":4}},"right":{"leaf":false,"id":17,"left":{"leaf":false,"id":16,"left":{"leaf":false,"id":15,"left":{"leaf":true,"id":8,"label":"8","site_id":8},"right":{"leaf":false,"id":14,"left":{"leaf":true,"id":6,"label":"6","site_id":6},"right":{"leaf":true,"id":7,"label":"7","site_id":7}}},"right":{"leaf":true,"id":9,"label":"9","site_id":9}},"right":{"leaf":false,"id":11,"left":{"leaf":false,"id":10,"left":{"leaf":true,"id":2,"label":"2","site_id":2},"right":{"leaf":true,"id":0,"label":"0","site_id":0}},"right":{"leaf":true,"id":1,"label":"1","site_id":1}}}},"num_sites":10,"sites":[{"x":320.74161910443405,"y":65.60237664225787,"cluster":0},{"x":300.52189452133325,"y":31.14875685536779,"cluster":0},{"x":386.69567111830327,"y":65.85178130141503,"cluster":0},{"x":146.6523496980409,"y":269.8372378391327,"cluster":1},{"x":264.7340443869725,"y":262.67513239413097,"cluster":1},{"x":205.41941695717108,"y":240.8136968487884,"cluster":1},{"x":110.99030762354448,"y":76.15179225994015,"cluster":2},{"x":132.69977711531388,"y":119.71303411773215,"cluster":2},{"x":122.56132858624221,"y":221.9586620991221,"cluster":2},{"x":138.06213925966904,"y":156.955991195743,"cluster":2}],"num_clusters":3}