{"title":"cluster-n30-c5-r3-s-2642370924545318939","map_width":500,"map_height":300,"num_leaves":30,"tree":{"leaf":false,"id":58,"left":{"leaf":false,"id":55,"left":{"leaf":false,"id":45,"left":{"leaf":false,"id":42,"left":{"leaf":false,"id":41,"left":{"leaf":true,"id":12,"label":"12","site_id":12},"right":{"leaf":true,"id":15,"label":"15","site_id":15}},"right":{"leaf":false,"id":40,"left":{"leaf":true,"id":17,"label":"17","site_id":17},"right":{"leaf":true,"id":18,"label":"18","site_id":18}}},"right":{"leaf":false,"id":44,"left":{"leaf":true,"id":14,"label":"14","site_id":14},"right":{"leaf":false,"id":43,"left":{"leaf":true,"id":13,"label":"13","site_id":13},"right":{"leaf":true,"id":16,"label":"16","site_id":16}}}},"right":{"leaf":false,"id":34,"left":{"leaf":false,"id":30,"left":{"leaf":true,"id":5,"label":"5","site_id":5},"right":{"leaf":true,"id":1,"label":"1","site_id":1}},"right":{"leaf":false,"id":33,"left":{"leaf":true,"id":3,"label":"3","site_id":3},"right":{"leaf":false,"id":32,"left":{"leaf":true,"id":2,"label":"2","site_id":2},"right":{"leaf":false,"id":31,"left":{"leaf":true,"id":4,"label":"4","site_id":4},"right":{"leaf":true,"id":0,"label":"0","site_id":0}}}}}},"right":{"leaf":false,"id":57,"left":{"leaf":false,"id":56,"left":{"leaf":false,"id":39,"left":{"leaf":false,"id":38,"left":{"leaf":true,"id":6,"label":"6","site_id":6},"right":{"leaf":false,"id":36,"left":{"leaf":true,"id":9,"label":"9","site_id":9},"right":{"leaf":false,"id":35,"left":{"leaf":true,"id":10,"label":"10","site_id":10},"right":{"leaf":true,"id":8,"label":"8","site_id":8}}}},"right":{"leaf":false,"id":37,"left":{"leaf":true,"id":11,"label":"11","site_id":11},"right":{"leaf":true,"id":7,"label":"7","site_id":7}}},"right":{"leaf":false,"id":49,"left":{"leaf":true,"id":23,"label":"23","site_id":23},"right":{"leaf":false,"id":48,"left":{"leaf":true,"id":20,"label":"20","site_id":20},"right":{"leaf":false,"id":47,"left":{"leaf":false,"id":46,"left":{"leaf":true,"id":22,"label":"22","site_id":22},"right":{"leaf":true,"id":19,"label":"19","site_id":19}},"right":{"leaf":true,"id":21,"label":"21","site_id":21}}}}},"right":{"leaf":false,"id":54,"left":{"leaf":false,"id":52,"left":{"leaf":true,"id":24,"label":"24","site_id":24},"right":{"leaf":false,"id":51,"left":{"leaf":true,"id":28,"label":"28","site_id":28},"right":{"leaf":false,"id":50,"left":{"leaf":true,"id":25,"label":"25","site_id":25},"right":{"leaf":true,"id":26,"label":"26","site_id":26}}}},"right":{"leaf":false,"id":53,"left":{"leaf":true,"id":29,"label":"29","site_id":29},"right":{"leaf":true,"id":27,"label":"27","site_id":27}}}}},"num_sites":30,"sites":[{"x":146.37129524219057,"y":135.9514454308349,"cluster":0},{"x":196.10747464587354,"y":167.2845296768318,"cluster":0},{"x":197.54092138799618,"y":253.94588408183006,"cluster":0},{"x":162.96562063344294,"y":199.396783331387,"cluster":0},{"x":230.9521543571928,"y":141.95606095525557,"cluster":0},{"x":189.03380135458482,"y":142.8891585814763,"cluster":0},{"x":259.4922294981259,"y":256.367152513436,"cluster":1},{"x":228.2339931407261,"y":219.97247435116626,"cluster":1},{"x":243.20975428877614,"y":160.4172541048191,"cluster":1},{"x":322.89237380881,"y":270.16927761799104,"cluster":1},{"x":223.8923874466543,"y":173.59782932603395,"cluster":1},{"x":230.4317660225949,"y":225.94478697626045,"cluster":1},{"x":346.71317578640986,"y":133.40833117075238,"cluster":2},{"x":205.30027050052541,"y":41.61866653434541,"cluster":2},{"x":297.10404942738535,"y":109.50266276872513,"cluster":2},{"x":267.4146562426617,"y":125.62064194716382,"cluster":2},{"x":244.0605535633266,"y":34.83176040967773,"cluster":2},{"x":334.4749944976498,"y":51.64108368899198,"cluster":2},{"x":317.07361535646464,"y":85.30336581253502,"cluster":2},{"x":360.30475345258026,"y":236.11046384329993,"cluster":3},{"x":453.2594900899063,"y":196.98476473112765,"cluster":3},{"x":472.281122931126,"y":232.68147554831822,"cluster":3},{"x":383.86964411819065,"y":226.08352926636968,"cluster":3},{"x":378.8455910561071,"y":167.73267309374177,"cluster":3},{"x":266.9941509812766,"y":145.3824396854918,"cluster":4},{"x":383.65746291172724,"y":149.98151264105064,"cluster":4},{"x":357.0635536638864,"y":238.32387468061398,"cluster":4},{"x":318.20896396371705,"y":231.32453150694127,"cluster":4},{"x":318.2677287818687,"y":267.0514394076463,"cluster":4},{"x":278.7923097300501,"y":195.80047846533228,"cluster":4}],"num_clusters":5}