{"title":"cluster-n90-c11-r4-s-7583107156058629055","map_width":500,"map_height":300,"num_leaves":90,"tree":{"leaf":false,"id":178,"left":{"leaf":false,"id":177,"left":{"leaf":false,"id":176,"left":{"leaf":false,"id":174,"left":{"leaf":false,"id":122,"left":{"leaf":false,"id":119,"left":{"leaf":true,"id":36,"label":"36","site_id":36},"right":{"leaf":true,"id":34,"label":"34","site_id":34}},"right":{"leaf":false,"id":121,"left":{"leaf":false,"id":120,"left":{"leaf":true,"id":35,"label":"35","site_id":35},"right":{"leaf":true,"id":37,"label":"37","site_id":37}},"right":{"leaf":true,"id":33,"label":"33","site_id":33}}},"right":{"leaf":false,"id":140,"left":{"leaf":false,"id":139,"left":{"leaf":false,"id":136,"left":{"leaf":true,"id":54,"label":"54","site_id":54},"right":{"leaf":true,"id":57,"label":"57","site_id":57}},"right":{"leaf":false,"id":138,"left":{"leaf":false,"id":137,"left":{"leaf":true,"id":53,"label":"53","site_id":53},"right":{"leaf":true,"id":55,"label":"55","site_id":55}},"right":{"leaf":true,"id":56,"label":"56","site_id":56}}},"right":{"leaf":true,"id":58,"label":"58","site_id":58}}},"right":{"leaf":false,"id":149,"left":{"leaf":false,"id":148,"left":{"leaf":false,"id":141,"left":{"leaf":true,"id":66,"label":"66","site_id":66},"right":{"leaf":true,"id":68,"label":"68","site_id":68}},"right":{"leaf":false,"id":147,"left":{"leaf":false,"id":146,"left":{"leaf":false,"id":143,"left":{"leaf":true,"id":65,"label":"65","site_id":65},"right":{"leaf":true,"id":62,"label":"62","site_id":62}},"right":{"leaf":true,"id":67,"label":"67","site_id":67}},"right":{"leaf":false,"id":145,"left":{"leaf":false,"id":144,"left":{"leaf":true,"id":59,"label":"59","site_id":59},"right":{"leaf":true,"id":61,"label":"61","site_id":61}},"right":{"leaf":true,"id":63,"label":"63","site_id":63}}}},"right":{"leaf":false,"id":142,"left":{"leaf":true,"id":64,"label":"64","site_id":64},"right":{"leaf":true,"id":60,"label":"60","site_id":60}}}},"right":{"leaf":false,"id":175,"left":{"leaf":false,"id":92,"left":{"leaf":false,"id":91,"left":{"leaf":true,"id":0,"label":"0","site_id":0},"right":{"leaf":false,"id":90,"left":{"leaf":true,"id":3,"label":"3","site_id":3},"right":{"leaf":true,"id":2,"label":"2","site_id":2}}},"right":{"leaf":true,"id":1,"label":"1","site_id":1}},"right":{"leaf":false,"id":173,"left":{"leaf":false,"id":168,"left":{"leaf":false,"id":167,"left":{"leaf":false,"id":166,"left":{"leaf":false,"id":165,"left":{"leaf":false,"id":163,"left":{"leaf":true,"id":89,"label":"89","site_id":89},"right":{"leaf":true,"id":84,"label":"84","site_id":84}},"right":{"leaf":false,"id":164,"left":{"leaf":true,"id":83,"label":"83","site_id":83},"right":{"leaf":true,"id":88,"label":"88","site_id":88}}},"right":{"leaf":true,"id":86,"label":"86","site_id":86}},"right":{"leaf":true,"id":87,"label":"87","site_id":87}},"right":{"leaf":true,"id":85,"label":"85","site_id":85}},"right":{"leaf":false,"id":172,"left":{"leaf":false,"id":171,"left":{"leaf":false,"id":108,"left":{"leaf":false,"id":106,"left":{"leaf":false,"id":103,"left":{"leaf":false,"id":102,"left":{"leaf":true,"id":16,"label":"16","site_id":16},"right":{"leaf":true,"id":19,"label":"19","site_id":19}},"right":{"leaf":true,"id":14,"label":"14","site_id":14}},"right":{"leaf":true,"id":15,"label":"15","site_id":15}},"right":{"leaf":false,"id":107,"left":{"leaf":true,"id":17,"label":"17","site_id":17},"right":{"leaf":false,"id":105,"left":{"leaf":true,"id":21,"label":"21","site_id":21},"right":{"leaf":false,"id":104,"left":{"leaf":true,"id":18,"label":"18","site_id":18},"right":{"leaf":true,"id":20,"label":"20","site_id":20}}}}},"right":{"leaf":false,"id":101,"left":{"leaf":false,"id":95,"left":{"leaf":true,"id":8,"label":"8","site_id":8},"right":{"leaf":true,"id":9,"label":"9","site_id":9}},"right":{"leaf":false,"id":100,"left":{"leaf":false,"id":97,"left":{"leaf":false,"id":94,"left":{"leaf":true,"id":10,"label":"10","site_id":10},"right":{"leaf":true,"id":6,"label":"6","site_id":6}},"right":{"leaf":true,"id":11,"label":"11","site_id":11}},"right":{"leaf":false,"id":99,"left":{"leaf":true,"id":5,"label":"5","site_id":5},"right":{"leaf":false,"id":98,"left":{"leaf":false,"id":96,"left":{"leaf":true,"id":7,"label":"7","site_id":7},"right":{"leaf":true,"id":4,"label":"4","site_id":4}},"right":{"leaf":false,"id":93,"left":{"leaf":true,"id":12,"label":"12","site_id":12},"right":{"leaf":true,"id":13,"label":"13","site_id":13}}}}}}},"right":{"leaf":false,"id":170,"left":{"leaf":false,"id":162,"left":{"leaf":false,"id":160,"left":{"leaf":false,"id":158,"left":{"leaf":false,"id":153,"left":{"leaf":true,"id":70,"label":"70","site_id":70},"right":{"leaf":true,"id":74,"label":"74","site_id":74}},"right":{"leaf":false,"id":155,"left":{"leaf":false,"id":154,"left":{"leaf":true,"id":76,"label":"76","site_id":76},"right":{"leaf":true,"id":78,"label":"78","site_id":78}},"right":{"leaf":false,"id":151,"left":{"leaf":true,"id":75,"label":"75","site_id":75},"right":{"leaf":true,"id":71,"label":"71","site_id":71}}}},"right":{"leaf":false,"id":152,"left":{"leaf":true,"id":73,"label":"73","site_id":73},"right":{"leaf":false,"id":150,"left":{"leaf":true,"id":77,"label":"77","site_id":77},"right":{"leaf":true,"id":69,"label":"69","site_id":69}}}},"right":{"leaf":false,"id":161,"left":{"leaf":false,"id":159,"left":{"leaf":true,"id":80,"label":"80","site_id":80},"right":{"leaf":false,"id":156,"left":{"leaf":true,"id":81,"label":"81","site_id":81},"right":{"leaf":true,"id":72,"label":"72","site_id":72}}},"right":{"leaf":false,"id":157,"left":{"leaf":true,"id":82,"label":"82","site_id":82},"right":{"leaf":true,"id":79,"label":"79","site_id":79}}}},"right":{"leaf":false,"id":169,"left":{"leaf":false,"id":118,"left":{"leaf":false,"id":111,"left":{"leaf":true,"id":30,"label":"30","site_id":30},"right":{"leaf":true,"id":24,"label":"24","site_id":24}},"right":{"leaf":false,"id":117,"left":{"leaf":false,"id":114,"left":{"leaf":true,"id":22,"label":"22","site_id":22},"right":{"leaf":false,"id":113,"left":{"leaf":true,"id":28,"label":"28","site_id":28},"right":{"leaf":false,"id":109,"left":{"leaf":true,"id":23,"label":"23","site_id":23},"right":{"leaf":true,"id":26,"label":"26","site_id":26}}}},"right":{"leaf":false,"id":116,"left":{"leaf":true,"id":29,"label":"29","site_id":29},"right":{"leaf":false,"id":115,"left":{"leaf":false,"id":112,"left":{"leaf":true,"id":25,"label":"25","site_id":25},"right":{"leaf":false,"id":110,"left":{"leaf":true,"id":32,"label":"32","site_id":32},"right":{"leaf":true,"id":31,"label":"31","site_id":31}}},"right":{"leaf":true,"id":27,"label":"27","site_id":27}}}}},"right":{"leaf":false,"id":135,"left":{"leaf":false,"id":134,"left":{"leaf":false,"id":133,"left":{"leaf":true,"id":48,"label":"48","site_id":48},"right":{"leaf":true,"id":47,"label":"47","site_id":47}},"right":{"leaf":false,"id":132,"left":{"leaf":true,"id":50,"label":"50","site_id":50},"right":{"leaf":false,"id":131,"left":{"leaf":true,"id":46,"label":"46","site_id":46},"right":{"leaf":false,"id":130,"left":{"leaf":true,"id":44,"label":"44","site_id":44},"right":{"leaf":true,"id":51,"label":"51","site_id":51}}}}},"right":{"leaf":false,"id":129,"left":{"leaf":true,"id":45,"label":"45","site_id":45},"right":{"leaf":false,"id":128,"left":{"leaf":true,"id":49,"label":"49","site_id":49},"right":{"leaf":true,"id":52,"label":"52","site_id":52}}}}}}}}}},"right":{"leaf":false,"id":127,"left":{"leaf":false,"id":126,"left":{"leaf":false,"id":125,"left":{"leaf":true,"id":43,"label":"43","site_id":43},"right":{"leaf":true,"id":38,"label":"38","site_id":38}},"right":{"leaf":false,"id":124,"left":{"leaf":true,"id":41,"label":"41","site_id":41},"right":{"leaf":false,"id":123,"left":{"leaf":true,"id":40,"label":"40","site_id":40},"right":{"leaf":true,"id":39,"label":"39","site_id":39}}}},"right":{"leaf":true,"id":42,"label":"42","site_id":42}}},"num_sites":90,"sites":[{"x":176.1676416729104,"y":182.2631338135143,"cluster":0},{"x":177.45068153531318,"y":152.66760564939977,"cluster":0},{"x":166.7796146698032,"y":163.11462142869718,"cluster":0},{"x":171.12136903342054,"y":167.1820479349084,"cluster":0},{"x":163.21807208147385,"y":155.93187393336945,"cluster":1},{"x":101.30784989391151,"y":150.6740613970388,"cluster":1},{"x":140.22706582722438,"y":165.99720011418782,"cluster":1},{"x":177.1955378966063,"y":153.15683268070953,"cluster":1},{"x":158.90658996814875,"y":220.82761145259735,"cluster":1},{"x":174.7616394037061,"y":215.6696241742638,"cluster":1},{"x":154.0705921110878,"y":164.45783848768085,"cluster":1},{"x":107.97192633221695,"y":182.72490496480032,"cluster":1},{"x":104.09828694377904,"y":174.36164038420432,"cluster":1},{"x":134.7473985035263,"y":179.41444165537536,"cluster":1},{"x":88.07726982981404,"y":200.1414293286341,"cluster":2},{"x":123.1821286060551,"y":204.88180656567633,"cluster":2},{"x":131.3472783075013,"y":203.52480852970078,"cluster":2},{"x":122.8182564468911,"y":217.48240369145742,"cluster":2},{"x":101.44746775187697,"y":170.3372951761911,"cluster":2},{"x":104.18211655833363,"y":196.8566242546308,"cluster":2},{"x":145.61877124117166,"y":228.7475809018741,"cluster":2},{"x":123.69773009026675,"y":199.7363632437932,"cluster":2},{"x":209.23485941794473,"y":71.91589487042123,"cluster":3},{"x":187.53647713639353,"y":136.87527444392745,"cluster":3},{"x":189.0245437706772,"y":102.21172941984179,"cluster":3},{"x":207.99871419102655,"y":104.21132627592715,"cluster":3},{"x":230.66148586504022,"y":113.81284910915899,"cluster":3},{"x":170.25431557833065,"y":98.32692092012694,"cluster":3},{"x":237.81519341023233,"y":101.1114318452775,"cluster":3},{"x":204.60941776354846,"y":114.54806566923382,"cluster":3},{"x":225.74695822311827,"y":85.16848843319556,"cluster":3},{"x":177.59476903628106,"y":102.99154192772785,"cluster":3},{"x":160.0531432424396,"y":129.23800415758325,"cluster":3},{"x":460.5988392615966,"y":186.22323983671055,"cluster":4},{"x":462.89748736468306,"y":168.18927512688597,"cluster":4},{"x":444.422605731604,"y":169.94102769196996,"cluster":4},{"x":465.05574044506795,"y":176.2311285708527,"cluster":4},{"x":457.50151737317253,"y":195.82705559414467,"cluster":4},{"x":385.1098503768251,"y":162.6684401580778,"cluster":5},{"x":339.7809480819375,"y":208.947344585451,"cluster":5},{"x":359.06888563519345,"y":177.28916841652295,"cluster":5},{"x":353.5073059130787,"y":204.90786743138236,"cluster":5},{"x":347.5322101206222,"y":176.4389315099643,"cluster":5},{"x":342.64869746163777,"y":172.0547353675973,"cluster":5},{"x":254.1278120334146,"y":67.70343577359908,"cluster":6},{"x":253.7509876276604,"y":112.63742320243242,"cluster":6},{"x":261.903291296545,"y":116.97968471963931,"cluster":6},{"x":183.08468694720216,"y":70.73247994916167,"cluster":6},{"x":204.0303009607917,"y":94.75919100371142,"cluster":6},{"x":255.03624307278102,"y":124.76217485763394,"cluster":6},{"x":248.7215242520558,"y":84.98590637414554,"cluster":6},{"x":245.2028740049983,"y":111.39522527522607,"cluster":6},{"x":234.26940719561193,"y":117.92510378185429,"cluster":6},{"x":447.49182054059156,"y":170.31554287627048,"cluster":7},{"x":479.39611910581453,"y":120.47695454243903,"cluster":7},{"x":440.8519499997945,"y":122.76893085139007,"cluster":7},{"x":434.3897866365743,"y":157.56621359460928,"cluster":7},{"x":483.82037197843516,"y":147.95108241233132,"cluster":7},{"x":452.2655282378696,"y":121.71495774676069,"cluster":7},{"x":265.3648622989194,"y":89.59791060234835,"cluster":8},{"x":252.95053237014235,"y":99.34841933404645,"cluster":8},{"x":303.5067587675119,"y":91.02534360324091,"cluster":8},{"x":242.23207596603635,"y":102.4067195272015,"cluster":8},{"x":284.54084768479214,"y":142.5237619667745,"cluster":8},{"x":253.3463143968639,"y":125.85420002308511,"cluster":8},{"x":257.8865719114186,"y":149.27513784971757,"cluster":8},{"x":261.0842730233925,"y":120.00462252302229,"cluster":8},{"x":290.0835283675814,"y":112.58326659251647,"cluster":8},{"x":300.1297073916771,"y":138.96297109071463,"cluster":8},{"x":165.55680595250496,"y":22.676171905685745,"cluster":9},{"x":174.67469331389916,"y":41.61179167076276,"cluster":9},{"x":109.10717033437061,"y":83.37642123543749,"cluster":9},{"x":63.55566254132752,"y":53.22833718820761,"cluster":9},{"x":167.1450736162889,"y":75.54930392950554,"cluster":9},{"x":138.96192339100995,"y":93.23247362181858,"cluster":9},{"x":81.4933846162489,"y":43.661047742456155,"cluster":9},{"x":174.3369802862336,"y":91.61618737524361,"cluster":9},{"x":160.0670085884388,"y":67.54695889209508,"cluster":9},{"x":184.9421328473988,"y":62.00748888698865,"cluster":9},{"x":104.34091488580614,"y":65.26848566114849,"cluster":9},{"x":118.80843696461156,"y":88.40245895499432,"cluster":9},{"x":175.7527660423283,"y":23.721305833907795,"cluster":9},{"x":71.13424093477414,"y":62.59784505559605,"cluster":9},{"x":163.97196664422535,"y":224.53555745750012,"cluster":10},{"x":154.10532183942203,"y":219.67000443171753,"cluster":10},{"x":156.05240314392626,"y":265.9147736275808,"cluster":10},{"x":193.32610654676654,"y":274.88287338207243,"cluster":10},{"x":183.0427478547881,"y":276.2811560254607,"cluster":10},{"x":135.27237869886397,"y":221.74487266466397,"cluster":10},{"x":149.71941598328397,"y":236.31814127265474,"cluster":10}],"num_clusters":11}