{"title":"cluster-n100-c12-r7-s8987754666945962503","map_width":500,"map_height":300,"num_leaves":100,"tree":{"leaf":false,"id":198,"left":{"leaf":false,"id":197,"left":{"leaf":false,"id":123,"left":{"leaf":false,"id":120,"left":{"leaf":false,"id":116,"left":{"leaf":true,"id":26,"label":"26","site_id":26},"right":{"leaf":true,"id":19,"label":"19","site_id":19}},"right":{"leaf":false,"id":119,"left":{"leaf":false,"id":117,"left":{"leaf":true,"id":20,"label":"20","site_id":20},"right":{"leaf":true,"id":21,"label":"21","site_id":21}},"right":{"leaf":false,"id":115,"left":{"leaf":false,"id":113,"left":{"leaf":true,"id":16,"label":"16","site_id":16},"right":{"leaf":true,"id":23,"label":"23","site_id":23}},"right":{"leaf":true,"id":25,"label":"25","site_id":25}}}},"right":{"leaf":false,"id":122,"left":{"leaf":false,"id":121,"left":{"leaf":false,"id":114,"left":{"leaf":true,"id":22,"label":"22","site_id":22},"right":{"leaf":true,"id":24,"label":"24","site_id":24}},"right":{"leaf":false,"id":118,"left":{"leaf":true,"id":18,"label":"18","site_id":18},"right":{"leaf":true,"id":15,"label":"15","site_id":15}}},"right":{"leaf":true,"id":17,"label":"17","site_id":17}}},"right":{"leaf":false,"id":196,"left":{"leaf":false,"id":195,"left":{"leaf":false,"id":193,"left":{"leaf":false,"id":157,"left":{"leaf":false,"id":156,"left":{"leaf":false,"id":154,"left":{"leaf":true,"id":63,"label":"63","site_id":63},"right":{"leaf":false,"id":153,"left":{"leaf":true,"id":64,"label":"64","site_id":64},"right":{"leaf":true,"id":60,"label":"60","site_id":60}}},"right":{"leaf":false,"id":155,"left":{"leaf":false,"id":152,"left":{"leaf":true,"id":61,"label":"61","site_id":61},"right":{"leaf":true,"id":65,"label":"65","site_id":65}},"right":{"leaf":true,"id":62,"label":"62","site_id":62}}},"right":{"leaf":true,"id":59,"label":"59","site_id":59}},"right":{"leaf":false,"id":192,"left":{"leaf":false,"id":168,"left":{"leaf":true,"id":66,"label":"66","site_id":66},"right":{"leaf":false,"id":167,"left":{"leaf":false,"id":162,"left":{"leaf":false,"id":158,"left":{"leaf":true,"id":76,"label":"76","site_id":76},"right":{"leaf":true,"id":67,"label":"67","site_id":67}},"right":{"leaf":true,"id":71,"label":"71","site_id":71}},"right":{"leaf":false,"id":166,"left":{"leaf":false,"id":164,"left":{"leaf":false,"id":163,"left":{"leaf":true,"id":70,"label":"70","site_id":70},"right":{"leaf":false,"id":159,"left":{"leaf":true,"id":69,"label":"69","site_id":69},"right":{"leaf":true,"id":74,"label":"74","site_id":74}}},"right":{"leaf":true,"id":75,"label":"75","site_id":75}},"right":{"leaf":false,"id":165,"left":{"leaf":false,"id":160,"left":{"leaf":true,"id":68,"label":"68","site_id":68},"right":{"leaf":true,"id":72,"label":"72","site_id":72}},"right":{"leaf":false,"id":161,"left":{"leaf":true,"id":77,"label":"77","site_id":77},"right":{"leaf":true,"id":73,"label":"73","site_id":73}}}}}},"right":{"leaf":false,"id":112,"left":{"leaf":false,"id":111,"left":{"leaf":true,"id":13,"label":"13","site_id":13},"right":{"leaf":false,"id":110,"left":{"leaf":true,"id":11,"label":"11","site_id":11},"right":{"leaf":true,"id":12,"label":"12","site_id":12}}},"right":{"leaf":true,"id":14,"label":"14","site_id":14}}}},"right":{"leaf":false,"id":151,"left":{"leaf":false,"id":150,"left":{"leaf":false,"id":148,"left":{"leaf":false,"id":144,"left":{"leaf":true,"id":57,"label":"57","site_id":57},"right":{"leaf":true,"id":52,"label":"52","site_id":52}},"right":{"leaf":true,"id":50,"label":"50","site_id":50}},"right":{"leaf":false,"id":147,"left":{"leaf":false,"id":145,"left":{"leaf":true,"id":51,"label":"51","site_id":51},"right":{"leaf":true,"id":56,"label":"56","site_id":56}},"right":{"leaf":false,"id":143,"left":{"leaf":true,"id":49,"label":"49","site_id":49},"right":{"leaf":true,"id":54,"label":"54","site_id":54}}}},"right":{"leaf":false,"id":149,"left":{"leaf":false,"id":146,"left":{"leaf":true,"id":55,"label":"55","site_id":55},"right":{"leaf":true,"id":58,"label":"58","site_id":58}},"right":{"leaf":true,"id":53,"label":"53","site_id":53}}}},"right":{"leaf":false,"id":194,"left":{"leaf":false,"id":191,"left":{"leaf":false,"id":142,"left":{"leaf":false,"id":140,"left":{"leaf":true,"id":44,"label":"44","site_id":44},"right":{"leaf":true,"id":46,"label":"46","site_id":46}},"right":{"leaf":false,"id":141,"left":{"leaf":true,"id":47,"label":"47","site_id":47},"right":{"leaf":false,"id":139,"left":{"leaf":false,"id":138,"left":{"leaf":true,"id":48,"label":"48","site_id":48},"right":{"leaf":true,"id":43,"label":"43","site_id":43}},"right":{"leaf":true,"id":45,"label":"45","site_id":45}}}},"right":{"leaf":false,"id":188,"left":{"leaf":false,"id":173,"left":{"leaf":false,"id":170,"left":{"leaf":true,"id":79,"label":"79","site_id":79},"right":{"leaf":true,"id":83,"label":"83","site_id":83}},"right":{"leaf":false,"id":172,"left":{"leaf":false,"id":171,"left":{"leaf":true,"id":80,"label":"80","site_id":80},"right":{"leaf":true,"id":82,"label":"82","site_id":82}},"right":{"leaf":false,"id":169,"left":{"leaf":true,"id":81,"label":"81","site_id":81},"right":{"leaf":true,"id":78,"label":"78","site_id":78}}}},"right":{"leaf":false,"id":109,"left":{"leaf":false,"id":102,"left":{"leaf":true,"id":6,"label":"6","site_id":6},"right":{"leaf":true,"id":5,"label":"5","site_id":5}},"right":{"leaf":false,"id":108,"left":{"leaf":false,"id":106,"left":{"leaf":false,"id":100,"left":{"leaf":true,"id":8,"label":"8","site_id":8},"right":{"leaf":true,"id":7,"label":"7","site_id":7}},"right":{"leaf":false,"id":103,"left":{"leaf":true,"id":2,"label":"2","site_id":2},"right":{"leaf":true,"id":1,"label":"1","site_id":1}}},"right":{"leaf":false,"id":107,"left":{"leaf":true,"id":0,"label":"0","site_id":0},"right":{"leaf":false,"id":105,"left":{"leaf":false,"id":101,"left":{"leaf":true,"id":4,"label":"4","site_id":4},"right":{"leaf":true,"id":10,"label":"10","site_id":10}},"right":{"leaf":false,"id":104,"left":{"leaf":true,"id":9,"label":"9","site_id":9},"right":{"leaf":true,"id":3,"label":"3","site_id":3}}}}}}}},"right":{"leaf":false,"id":180,"left":{"leaf":false,"id":174,"left":{"leaf":true,"id":87,"label":"87","site_id":87},"right":{"leaf":true,"id":89,"label":"89","site_id":89}},"right":{"leaf":false,"id":179,"left":{"leaf":true,"id":85,"label":"85","site_id":85},"right":{"leaf":false,"id":178,"left":{"leaf":false,"id":177,"left":{"leaf":true,"id":84,"label":"84","site_id":84},"right":{"leaf":false,"id":176,"left":{"leaf":true,"id":88,"label":"88","site_id":88},"right":{"leaf":false,"id":175,"left":{"leaf":true,"id":90,"label":"90","site_id":90},"right":{"leaf":true,"id":86,"label":"86","site_id":86}}}},"right":{"leaf":true,"id":91,"label":"91","site_id":91}}}}}}},"right":{"leaf":false,"id":190,"left":{"leaf":false,"id":189,"left":{"leaf":false,"id":132,"left":{"leaf":false,"id":128,"left":{"leaf":false,"id":126,"left":{"leaf":true,"id":30,"label":"30","site_id":30},"right":{"leaf":true,"id":29,"label":"29","site_id":29}},"right":{"leaf":true,"id":31,"label":"31","site_id":31}},"right":{"leaf":false,"id":131,"left":{"leaf":false,"id":130,"left":{"leaf":false,"id":125,"left":{"leaf":true,"id":35,"label":"35","site_id":35},"right":{"leaf":false,"id":124,"left":{"leaf":true,"id":36,"label":"36","site_id":36},"right":{"leaf":true,"id":27,"label":"27","site_id":27}}},"right":{"leaf":false,"id":129,"left":{"leaf":true,"id":33,"label":"33","site_id":33},"right":{"leaf":true,"id":32,"label":"32","site_id":32}}},"right":{"leaf":false,"id":127,"left":{"leaf":true,"id":34,"label":"34","site_id":34},"right":{"leaf":true,"id":28,"label":"28","site_id":28}}}},"right":{"leaf":false,"id":187,"left":{"leaf":true,"id":98,"label":"98","site_id":98},"right":{"leaf":false,"id":186,"left":{"leaf":false,"id":184,"left":{"leaf":false,"id":182,"left":{"leaf":true,"id":94,"label":"94","site_id":94},"right":{"leaf":true,"id":95,"label":"95","site_id":95}},"right":{"leaf":true,"id":93,"label":"93","site_id":93}},"right":{"leaf":false,"id":185,"left":{"leaf":false,"id":181,"left":{"leaf":true,"id":97,"label":"97","site_id":97},"right":{"leaf":true,"id":99,"label":"99","site_id":99}},"right":{"leaf":false,"id":183,"left":{"leaf":true,"id":92,"label":"92","site_id":92},"right":{"leaf":true,"id":96,"label":"96","site_id":96}}}}}},"right":{"leaf":false,"id":137,"left":{"leaf":false,"id":133,"left":{"leaf":true,"id":41,"label":"41","site_id":41},"right":{"leaf":true,"id":42,"label":"42","site_id":42}},"right":{"leaf":false,"id":136,"left":{"leaf":false,"id":134,"left":{"leaf":true,"id":38,"label":"38","site_id":38},"right":{"leaf":true,"id":37,"label":"37","site_id":37}},"right":{"leaf":false,"id":135,"left":{"leaf":true,"id":40,"label":"40","site_id":40},"right":{"leaf":true,"id":39,"label":"39","site_id":39}}}}}},"num_sites":100,"sites":[{"x":266.0633942992978,"y":58.35583808330437,"cluster":0},{"x":310.02229641545756,"y":102.67071790955457,"cluster":0},{"x":342.83719796595244,"y":54.08010801055462,"cluster":0},{"x":310.487363308375,"y":82.67212724362452,"cluster":0},{"x":292.1660312640202,"y":55.03283101942398,"cluster":0},{"x":328.1671852514274,"y":106.30891341257478,"cluster":0},{"x":345.6772940652091,"y":109.89771083155375,"cluster":0},{"x":327.01834764753215,"y":127.57051484984585,"cluster":0},{"x":276.55374566034595,"y":41.18920237262944,"cluster":0},{"x":271.72158405302116,"y":45.7462196601332,"cluster":0},{"x":300.25586459036487,"y":46.57796505207453,"cluster":0},{"x":455.55543173477207,"y":237.38796457252994,"cluster":1},{"x":478.6250878485741,"y":250.94693459464833,"cluster":1},{"x":472.20162333849487,"y":250.96989110203248,"cluster":1},{"x":467.6491636023574,"y":239.54938561062426,"cluster":1},{"x":480.5072514909222,"y":67.56351865582693,"cluster":2},{"x":419.7782529709902,"y":59.9283606763445,"cluster":2},{"x":436.32893142820205,"y":15.601787794912532,"cluster":2},{"x":477.65840556203824,"y":75.09935239253468,"cluster":2},{"x":447.2235847118076,"y":23.829816046540255,"cluster":2},{"x":460.8377745429713,"y":35.48214380708301,"cluster":2},{"x":477.9261657096823,"y":61.071090371074774,"cluster":2},{"x":405.75952116110875,"y":77.77048484167321,"cluster":2},{"x":418.17271752614846,"y":27.02319711006508,"cluster":2},{"x":431.6368234714135,"y":80.07435010593734,"cluster":2},{"x":396.96981098362187,"y":54.41948226969562,"cluster":2},{"x":420.4384243005573,"y":19.92742810123666,"cluster":2},{"x":98.2571964676284,"y":252.7204485220303,"cluster":3},{"x":145.72284111265202,"y":187.27729239909098,"cluster":3},{"x":132.36420466248575,"y":261.28172373885644,"cluster":3},{"x":122.34406558761012,"y":205.17608728536868,"cluster":3},{"x":125.62712625409425,"y":240.65004986302085,"cluster":3},{"x":133.37705514459188,"y":229.06129107455763,"cluster":3},{"x":156.86361220344546,"y":233.72989575374032,"cluster":3},{"x":109.40063984263944,"y":222.251616565612,"cluster":3},{"x":99.96302708724104,"y":205.63357436182716,"cluster":3},{"x":169.04836125017596,"y":213.8648669459973,"cluster":3},{"x":168.60955430902683,"y":275.80780380116767,"cluster":4},{"x":148.4251319103408,"y":279.5983819280685,"cluster":4},{"x":139.5466370162587,"y":262.1518170834349,"cluster":4},{"x":140.8444895434597,"y":254.93796491300213,"cluster":4},{"x":169.84179380283916,"y":253.99178062534298,"cluster":4},{"x":165.27637169984027,"y":245.90942418870316,"cluster":4},{"x":183.9697039193397,"y":88.1024968565906,"cluster":5},{"x":179.4881661518445,"y":47.68107132216963,"cluster":5},{"x":158.67608872359367,"y":55.23896345881418,"cluster":5},{"x":194.84627860589072,"y":58.030454879163166,"cluster":5},{"x":195.28564255964753,"y":86.84411250780306,"cluster":5},{"x":184.96235358080844,"y":69.0980415277296,"cluster":5},{"x":388.9378461631952,"y":178.05083754810082,"cluster":6},{"x":427.38702032992114,"y":137.7126352043539,"cluster":6},{"x":378.33796038300767,"y":138.45812853474976,"cluster":6},{"x":383.5852871268277,"y":127.21389891323489,"cluster":6},{"x":422.12961298001335,"y":136.81419700943593,"cluster":6},{"x":419.943035388549,"y":156.26243537437279,"cluster":6},{"x":447.1371585812768,"y":164.5984373742581,"cluster":6},{"x":396.83861685850775,"y":137.26899956935108,"cluster":6},{"x":409.65517441972503,"y":103.11482901626503,"cluster":6},{"x":395.47020195818374,"y":168.4284578485412,"cluster":6},{"x":393.76330195810317,"y":283.74243650961995,"cluster":7},{"x":418.1744924164008,"y":262.5114858122767,"cluster":7},{"x":412.483153746836,"y":278.0397063867719,"cluster":7},{"x":383.26902905400055,"y":268.8105125884674,"cluster":7},{"x":409.1529331401854,"y":253.36736622605085,"cluster":7},{"x":407.29691396652396,"y":243.35563308031402,"cluster":7},{"x":431.0217814555719,"y":273.25464675961814,"cluster":7},{"x":390.7112375060469,"y":257.45873546356773,"cluster":8},{"x":353.4481879200516,"y":186.39255905941795,"cluster":8},{"x":355.0696349040648,"y":225.4558893531722,"cluster":8},{"x":366.50006900847404,"y":167.75839621090788,"cluster":8},{"x":376.59253281750836,"y":233.4890547050081,"cluster":8},{"x":355.03792547587557,"y":170.62537408103225,"cluster":8},{"x":352.55854611999416,"y":195.4145205728011,"cluster":8},{"x":305.7312426111606,"y":214.17362974582036,"cluster":8},{"x":382.65928111495276,"y":229.4188568691702,"cluster":8},{"x":368.8899069329695,"y":190.96505729448074,"cluster":8},{"x":323.57775754934283,"y":167.20527793886663,"cluster":8},{"x":326.17512623859477,"y":233.49552096064642,"cluster":8},{"x":176.91320369777893,"y":56.14954245908435,"cluster":9},{"x":152.90079089195638,"y":58.622298156427284,"cluster":9},{"x":167.15442093808244,"y":45.609834495751926,"cluster":9},{"x":142.50060746996684,"y":31.59405753118643,"cluster":9},{"x":172.29494976863782,"y":58.34383489153475,"cluster":9},{"x":141.1467095677764,"y":61.72600201200594,"cluster":9},{"x":410.7484059431511,"y":56.13236850403457,"cluster":10},{"x":373.37924927456066,"y":28.393038247234948,"cluster":10},{"x":396.4236029339583,"y":52.8796099755413,"cluster":10},{"x":404.2666962997976,"y":86.33968387655234,"cluster":10},{"x":402.54348042680806,"y":27.271443001505773,"cluster":10},{"x":417.29820913812404,"y":56.11010133612578,"cluster":10},{"x":394.2828666392597,"y":32.560531560383964,"cluster":10},{"x":376.6739473495708,"y":64.92172296793194,"cluster":10},{"x":312.6779467784097,"y":257.454851149987,"cluster":11},{"x":311.4381476104935,"y":236.88046810242938,"cluster":11},{"x":308.8094754904537,"y":243.5991584742303,"cluster":11},{"x":306.3975731623324,"y":250.8610204221592,"cluster":11},{"x":300.73778622780924,"y":254.42636674910656,"cluster":11},{"x":292.153214279469,"y":221.98354701752655,"cluster":11},{"x":261.64638836539365,"y":265.80864172795526,"cluster":11},{"x":292.30933747229324,"y":227.83637149811128,"cluster":11}],"num_clusters":12}