{"title":"cluster-n45-c6-r7-s-720989783287981324","map_width":500,"map_height":300,"num_leaves":45,"tree":{"leaf":false,"id":88,"left":{"leaf":false,"id":51,"left":{"leaf":true,"id":5,"label":"5","site_id":5},"right":{"leaf":false,"id":50,"left":{"leaf":false,"id":49,"left":{"leaf":false,"id":48,"left":{"leaf":true,"id":2,"label":"2","site_id":2},"right":{"leaf":false,"id":47,"left":{"leaf":true,"id":4,"label":"4","site_id":4},"right":{"leaf":true,"id":1,"label":"1","site_id":1}}},"right":{"leaf":false,"id":46,"left":{"leaf":true,"id":3,"label":"3","site_id":3},"right":{"leaf":true,"id":7,"label":"7","site_id":7}}},"right":{"leaf":false,"id":45,"left":{"leaf":true,"id":0,"label":"0","site_id":0},"right":{"leaf":true,"id":6,"label":"6","site_id":6}}}},"right":{"leaf":false,"id":87,"left":{"leaf":false,"id":86,"left":{"leaf":false,"id":77,"left":{"leaf":false,"id":73,"left":{"leaf":true,"id":37,"label":"37","site_id":37},"right":{"leaf":true,"id":30,"label":"30","site_id":30}},"right":{"leaf":false,"id":76,"left":{"leaf":false,"id":75,"left":{"leaf":false,"id":72,"left":{"leaf":true,"id":32,"label":"32","site_id":32},"right":{"leaf":true,"id":36,"label":"36","site_id":36}},"right":{"leaf":false,"id":71,"left":{"leaf":true,"id":34,"label":"34","site_id":34},"right":{"leaf":true,"id":35,"label":"35","site_id":35}}},"right":{"leaf":false,"id":74,"left":{"leaf":true,"id":33,"label":"33","site_id":33},"right":{"leaf":true,"id":31,"label":"31","site_id":31}}}},"right":{"leaf":false,"id":65,"left":{"leaf":false,"id":63,"left":{"leaf":false,"id":62,"left":{"leaf":false,"id":61,"left":{"leaf":true,"id":20,"label":"20","site_id":20},"right":{"leaf":true,"id":22,"label":"22","site_id":22}},"right":{"leaf":true,"id":21,"label":"21","site_id":21}},"right":{"leaf":true,"id":23,"label":"23","site_id":23}},"right":{"leaf":false,"id":64,"left":{"leaf":false,"id":60,"left":{"leaf":true,"id":18,"label":"18","site_id":18},"right":{"leaf":true,"id":19,"label":"19","site_id":19}},"right":{"leaf":true,"id":17,"label":"17","site_id":17}}}},"right":{"leaf":false,"id":85,"left":{"leaf":false,"id":84,"left":{"leaf":false,"id":59,"left":{"leaf":false,"id":54,"left":{"leaf":true,"id":13,"label":"13","site_id":13},"right":{"leaf":false,"id":52,"left":{"leaf":true,"id":8,"label":"8","site_id":8},"right":{"leaf":true,"id":9,"label":"9","site_id":9}}},"right":{"leaf":false,"id":58,"left":{"leaf":false,"id":57,"left":{"leaf":false,"id":53,"left":{"leaf":true,"id":12,"label":"12","site_id":12},"right":{"leaf":true,"id":14,"label":"14","site_id":14}},"right":{"leaf":false,"id":55,"left":{"leaf":true,"id":10,"label":"10","site_id":10},"right":{"leaf":true,"id":11,"label":"11","site_id":11}}},"right":{"leaf":false,"id":56,"left":{"leaf":true,"id":16,"label":"16","site_id":16},"right":{"leaf":true,"id":15,"label":"15","site_id":15}}}},"right":{"leaf":false,"id":83,"left":{"leaf":false,"id":82,"left":{"leaf":false,"id":79,"left":{"leaf":true,"id":43,"label":"43","site_id":43},"right":{"leaf":true,"id":42,"label":"42","site_id":42}},"right":{"leaf":false,"id":80,"left":{"leaf":true,"id":38,"label":"38","site_id":38},"right":{"leaf":false,"id":78,"left":{"leaf":true,"id":39,"label":"39","site_id":39},"right":{"leaf":true,"id":41,"label":"41","site_id":41}}}},"right":{"leaf":false,"id":81,"left":{"leaf":true,"id":40,"label":"40","site_id":40},"right":{"leaf":true,"id":44,"label":"44","site_id":44}}}},"right":{"leaf":false,"id":70,"left":{"leaf":true,"id":28,"label":"28","site_id":28},"right":{"leaf":false,"id":69,"left":{"leaf":false,"id":67,"left":{"leaf":true,"id":27,"label":"27","site_id":27},"right":{"leaf":true,"id":25,"label":"25","site_id":25}},"right":{"leaf":false,"id":68,"left":{"leaf":true,"id":24,"label":"24","site_id":24},"right":{"leaf":false,"id":66,"left":{"leaf":true,"id":26,"label":"26","site_id":26},"right":{"leaf":true,"id":29,"label":"29","site_id":29}}}}}}}},"num_sites":45,"sites":[{"x":30.70553510632358,"y":164.012840290255,"cluster":0},{"x":79.15116755653118,"y":201.4296639134612,"cluster":0},{"x":120.92732404248838,"y":234.7122402526666,"cluster":0},{"x":70.70106573561712,"y":230.9512373597187,"cluster":0},{"x":46.923314374408946,"y":156.66002328039633,"cluster":0},{"x":39.46744660442261,"y":235.82509786072535,"cluster":0},{"x":47.80174420753406,"y":177.3906985654688,"cluster":0},{"x":140.5525576870732,"y":171.56560234586,"cluster":0},{"x":334.4026849607312,"y":111.09518547611314,"cluster":1},{"x":293.3826952943412,"y":154.64527912169535,"cluster":1},{"x":338.39167199980545,"y":73.11206231126859,"cluster":1},{"x":259.1813957332205,"y":171.30106644881297,"cluster":1},{"x":347.6524309124637,"y":45.97068035385986,"cluster":1},{"x":276.6550062333474,"y":144.75393220565155,"cluster":1},{"x":256.73397274055645,"y":156.5472513251235,"cluster":1},{"x":380.22040686421894,"y":185.91458572461295,"cluster":1},{"x":266.7637074295054,"y":195.80904885448638,"cluster":1},{"x":462.05632274919196,"y":103.02179045475329,"cluster":2},{"x":465.44525946877656,"y":199.46645634725877,"cluster":2},{"x":461.35569324625317,"y":111.31197936356855,"cluster":2},{"x":430.70692846503357,"y":152.14021487886703,"cluster":2},{"x":477.66156601470664,"y":162.30466016031593,"cluster":2},{"x":393.8765860716978,"y":142.7362178061894,"cluster":2},{"x":433.30301819608576,"y":161.1300299438449,"cluster":2},{"x":19.854251758637226,"y":247.7023870572252,"cluster":3},{"x":17.51537387671091,"y":258.66732989632175,"cluster":3},{"x":52.20734175754069,"y":222.9793613130943,"cluster":3},{"x":41.64803365544907,"y":262.5588734735491,"cluster":3},{"x":73.1769854905491,"y":279.27635678412395,"cluster":3},{"x":77.29532080645095,"y":273.2590224418876,"cluster":3},{"x":312.8097458895993,"y":40.12486781719252,"cluster":4},{"x":333.92888409417196,"y":141.69449088513275,"cluster":4},{"x":432.53057300307864,"y":165.7670187289749,"cluster":4},{"x":329.72359754019425,"y":114.00826647786664,"cluster":4},{"x":383.8952660717685,"y":145.36093372665127,"cluster":4},{"x":344.917506663928,"y":159.51837803333456,"cluster":4},{"x":435.30653844100374,"y":151.29503323877387,"cluster":4},{"x":320.6754353708903,"y":78.18823541435114,"cluster":4},{"x":214.01538377797146,"y":187.44791699052863,"cluster":5},{"x":199.3143817307409,"y":229.01134448011948,"cluster":5},{"x":203.6445671040622,"y":159.4052036277938,"cluster":5},{"x":214.24726364249932,"y":180.30622222126536,"cluster":5},{"x":236.36351988325785,"y":226.44104596344502,"cluster":5},{"x":314.03460590425715,"y":190.2629931150536,"cluster":5},{"x":284.08768589194926,"y":152.60093649508622,"cluster":5}],"num_clusters":6}