{"title":"cluster-n75-c9-r4-s-2167501044214559517","map_width":500,"map_height":300,"num_leaves":75,"tree":{"leaf":false,"id":148,"left":{"leaf":false,"id":147,"left":{"leaf":false,"id":96,"left":{"leaf":false,"id":90,"left":{"leaf":true,"id":24,"label":"24","site_id":24},"right":{"leaf":true,"id":18,"label":"18","site_id":18}},"right":{"leaf":false,"id":95,"left":{"leaf":true,"id":20,"label":"20","site_id":20},"right":{"leaf":false,"id":94,"left":{"leaf":false,"id":93,"left":{"leaf":true,"id":23,"label":"23","site_id":23},"right":{"leaf":false,"id":92,"left":{"leaf":true,"id":21,"label":"21","site_id":21},"right":{"leaf":true,"id":19,"label":"19","site_id":19}}},"right":{"leaf":false,"id":91,"left":{"leaf":true,"id":22,"label":"22","site_id":22},"right":{"leaf":true,"id":17,"label":"17","site_id":17}}}}},"right":{"leaf":false,"id":89,"left":{"leaf":false,"id":87,"left":{"leaf":true,"id":12,"label":"12","site_id":12},"right":{"leaf":false,"id":86,"left":{"leaf":true,"id":13,"label":"13","site_id":13},"right":{"leaf":true,"id":11,"label":"11","site_id":11}}},"right":{"leaf":false,"id":88,"left":{"leaf":true,"id":15,"label":"15","site_id":15},"right":{"leaf":false,"id":85,"left":{"leaf":true,"id":14,"label":"14","site_id":14},"right":{"leaf":false,"id":84,"left":{"leaf":true,"id":16,"label":"16","site_id":16},"right":{"leaf":true,"id":10,"label":"10","site_id":10}}}}}},"right":{"leaf":false,"id":146,"left":{"leaf":false,"id":145,"left":{"leaf":false,"id":144,"left":{"leaf":false,"id":110,"left":{"leaf":true,"id":36,"label":"36","site_id":36},"right":{"leaf":false,"id":109,"left":{"leaf":false,"id":108,"left":{"leaf":false,"id":106,"left":{"leaf":true,"id":35,"label":"35","site_id":35},"right":{"leaf":false,"id":104,"left":{"leaf":true,"id":38,"label":"38","site_id":38},"right":{"leaf":true,"id":34,"label":"34","site_id":34}}},"right":{"leaf":true,"id":40,"label":"40","site_id":40}},"right":{"leaf":false,"id":107,"left":{"leaf":false,"id":105,"left":{"leaf":true,"id":33,"label":"33","site_id":33},"right":{"leaf":true,"id":39,"label":"39","site_id":39}},"right":{"leaf":true,"id":37,"label":"37","site_id":37}}}},"right":{"leaf":false,"id":120,"left":{"leaf":false,"id":117,"left":{"leaf":false,"id":115,"left":{"leaf":false,"id":112,"left":{"leaf":true,"id":47,"label":"47","site_id":47},"right":{"leaf":false,"id":111,"left":{"leaf":true,"id":46,"label":"46","site_id":46},"right":{"leaf":true,"id":50,"label":"50","site_id":50}}},"right":{"leaf":false,"id":113,"left":{"leaf":true,"id":51,"label":"51","site_id":51},"right":{"leaf":true,"id":49,"label":"49","site_id":49}}},"right":{"leaf":false,"id":114,"left":{"leaf":true,"id":48,"label":"48","site_id":48},"right":{"leaf":true,"id":45,"label":"45","site_id":45}}},"right":{"leaf":false,"id":119,"left":{"leaf":false,"id":118,"left":{"leaf":true,"id":41,"label":"41","site_id":41},"right":{"leaf":true,"id":42,"label":"42","site_id":42}},"right":{"leaf":false,"id":116,"left":{"leaf":true,"id":44,"label":"44","site_id":44},"right":{"leaf":true,"id":43,"label":"43","site_id":43}}}}},"right":{"leaf":false,"id":143,"left":{"leaf":false,"id":83,"left":{"leaf":true,"id":2,"label":"2","site_id":2},"right":{"leaf":false,"id":82,"left":{"leaf":false,"id":81,"left":{"leaf":true,"id":3,"label":"3","site_id":3},"right":{"leaf":false,"id":76,"left":{"leaf":true,"id":6,"label":"6","site_id":6},"right":{"leaf":true,"id":1,"label":"1","site_id":1}}},"right":{"leaf":false,"id":80,"left":{"leaf":false,"id":78,"left":{"leaf":true,"id":7,"label":"7","site_id":7},"right":{"leaf":true,"id":4,"label":"4","site_id":4}},"right":{"leaf":false,"id":79,"left":{"leaf":false,"id":75,"left":{"leaf":true,"id":0,"label":"0","site_id":0},"right":{"leaf":true,"id":9,"label":"9","site_id":9}},"right":{"leaf":false,"id":77,"left":{"leaf":true,"id":5,"label":"5","site_id":5},"right":{"leaf":true,"id":8,"label":"8","site_id":8}}}}}},"right":{"leaf":false,"id":142,"left":{"leaf":false,"id":140,"left":{"leaf":true,"id":73,"label":"73","site_id":73},"right":{"leaf":false,"id":139,"left":{"leaf":true,"id":72,"label":"72","site_id":72},"right":{"leaf":true,"id":74,"label":"74","site_id":74}}},"right":{"leaf":false,"id":131,"left":{"leaf":true,"id":54,"label":"54","site_id":54},"right":{"leaf":false,"id":130,"left":{"leaf":false,"id":127,"left":{"leaf":false,"id":124,"left":{"leaf":false,"id":122,"left":{"leaf":true,"id":56,"label":"56","site_id":56},"right":{"leaf":true,"id":62,"label":"62","site_id":62}},"right":{"leaf":true,"id":63,"label":"63","site_id":63}},"right":{"leaf":false,"id":126,"left":{"leaf":true,"id":53,"label":"53","site_id":53},"right":{"leaf":true,"id":61,"label":"61","site_id":61}}},"right":{"leaf":false,"id":129,"left":{"leaf":false,"id":128,"left":{"leaf":true,"id":55,"label":"55","site_id":55},"right":{"leaf":false,"id":123,"left":{"leaf":true,"id":58,"label":"58","site_id":58},"right":{"leaf":true,"id":60,"label":"60","site_id":60}}},"right":{"leaf":false,"id":125,"left":{"leaf":true,"id":57,"label":"57","site_id":57},"right":{"leaf":false,"id":121,"left":{"leaf":true,"id":59,"label":"59","site_id":59},"right":{"leaf":true,"id":52,"label":"52","site_id":52}}}}}}}}},"right":{"leaf":false,"id":141,"left":{"leaf":false,"id":138,"left":{"leaf":true,"id":70,"label":"70","site_id":70},"right":{"leaf":false,"id":137,"left":{"leaf":false,"id":135,"left":{"leaf":true,"id":66,"label":"66","site_id":66},"right":{"leaf":false,"id":132,"left":{"leaf":true,"id":64,"label":"64","site_id":64},"right":{"leaf":true,"id":65,"label":"65","site_id":65}}},"right":{"leaf":false,"id":136,"left":{"leaf":true,"id":71,"label":"71","site_id":71},"right":{"leaf":false,"id":134,"left":{"leaf":true,"id":68,"label":"68","site_id":68},"right":{"leaf":false,"id":133,"left":{"leaf":true,"id":67,"label":"67","site_id":67},"right":{"leaf":true,"id":69,"label":"69","site_id":69}}}}}},"right":{"leaf":false,"id":103,"left":{"leaf":false,"id":102,"left":{"leaf":false,"id":101,"left":{"leaf":false,"id":99,"left":{"leaf":true,"id":27,"label":"27","site_id":27},"right":{"leaf":false,"id":98,"left":{"leaf":true,"id":30,"label":"30","site_id":30},"right":{"leaf":true,"id":31,"label":"31","site_id":31}}},"right":{"leaf":false,"id":97,"left":{"leaf":true,"id":25,"label":"25","site_id":25},"right":{"leaf":true,"id":29,"label":"29","site_id":29}}},"right":{"leaf":false,"id":100,"left":{"leaf":true,"id":32,"label":"32","site_id":32},"right":{"leaf":true,"id":28,"label":"28","site_id":28}}},"right":{"leaf":true,"id":26,"label":"26","site_id":26}}}}},"num_sites":75,"sites":[{"x":288.6915437312034,"y":125.92455252331379,"cluster":0},{"x":317.71463223119287,"y":135.14884978843133,"cluster":0},{"x":289.3513451398005,"y":155.14195722620838,"cluster":0},{"x":299.8631977810913,"y":158.17832286858385,"cluster":0},{"x":325.67563978202685,"y":197.45112001716393,"cluster":0},{"x":282.1869842091538,"y":217.65772124014086,"cluster":0},{"x":333.87015335068423,"y":111.94017399027693,"cluster":0},{"x":276.7018466603061,"y":143.1309082801796,"cluster":0},{"x":344.2802387245818,"y":213.98446011508045,"cluster":0},{"x":357.31960697884733,"y":215.50087307807954,"cluster":0},{"x":120.07605666892192,"y":63.900294237395954,"cluster":1},{"x":94.89075134951439,"y":75.2542148302111,"cluster":1},{"x":83.64908310057801,"y":46.60003298261222,"cluster":1},{"x":95.09271005077133,"y":81.48832308282084,"cluster":1},{"x":107.87272787967828,"y":49.237878506503904,"cluster":1},{"x":112.29871907623169,"y":70.22232992809936,"cluster":1},{"x":84.77183814710178,"y":78.09658071372404,"cluster":1},{"x":231.02054106469905,"y":214.2351310756314,"cluster":2},{"x":249.41346037756867,"y":243.94859430739865,"cluster":2},{"x":203.92045809346962,"y":198.0423989697059,"cluster":2},{"x":236.35580477830015,"y":223.6890490399209,"cluster":2},{"x":227.374646586489,"y":270.0659334252252,"cluster":2},{"x":229.2920696929288,"y":258.8863575917853,"cluster":2},{"x":233.26388887352257,"y":266.48320654160284,"cluster":2},{"x":221.550207272564,"y":245.05922354276487,"cluster":2},{"x":339.18737605219513,"y":213.62283406995374,"cluster":3},{"x":350.92495442633435,"y":162.46695642306113,"cluster":3},{"x":313.10811400866396,"y":201.06261063910787,"cluster":3},{"x":326.70249001142747,"y":180.9010184548559,"cluster":3},{"x":340.1140856359732,"y":219.76567846051202,"cluster":3},{"x":344.0220856569477,"y":232.34264000295295,"cluster":3},{"x":369.66539165145235,"y":236.9977535243918,"cluster":3},{"x":331.3495511256483,"y":171.77227680876388,"cluster":3},{"x":322.21012356275264,"y":42.30402743150959,"cluster":4},{"x":280.6072336017907,"y":29.64936652212441,"cluster":4},{"x":274.47165331770486,"y":19.407188888803763,"cluster":4},{"x":288.61419722693586,"y":27.624030022918888,"cluster":4},{"x":251.64668826760214,"y":18.629845900603378,"cluster":4},{"x":267.23905913159456,"y":29.450473384871916,"cluster":4},{"x":317.332327253072,"y":37.701537251607526,"cluster":4},{"x":258.3724436908601,"y":19.12178197608266,"cluster":4},{"x":160.8257809387441,"y":137.5218516460266,"cluster":5},{"x":184.09149945924486,"y":219.1339018763973,"cluster":5},{"x":150.6540377503348,"y":142.59348574716776,"cluster":5},{"x":200.13228118132395,"y":222.88687829798894,"cluster":5},{"x":110.09303562793812,"y":228.00377661291552,"cluster":5},{"x":209.20348942963304,"y":128.3076107086672,"cluster":5},{"x":106.37993992708888,"y":156.66028615727248,"cluster":5},{"x":124.2274329070051,"y":227.52468498136997,"cluster":5},{"x":181.31343088322606,"y":126.26901274514717,"cluster":5},{"x":182.26670346174842,"y":132.65998707354757,"cluster":5},{"x":179.49634244901313,"y":139.9258360090827,"cluster":5},{"x":386.0300703760978,"y":157.96327983176636,"cluster":6},{"x":336.98001089937924,"y":199.13426885243817,"cluster":6},{"x":377.1284779268561,"y":209.55784722046724,"cluster":6},{"x":346.44151136609673,"y":111.56415330191228,"cluster":6},{"x":388.82868620738253,"y":105.13189072206589,"cluster":6},{"x":356.84696331392456,"y":168.6821858591691,"cluster":6},{"x":319.9531353879759,"y":195.39081749146052,"cluster":6},{"x":370.9584520898457,"y":201.88886052935845,"cluster":6},{"x":315.903605438172,"y":138.41519627516746,"cluster":6},{"x":286.6799754992291,"y":130.19599364054983,"cluster":6},{"x":394.7885495951051,"y":83.09770514999796,"cluster":6},{"x":384.51564305793397,"y":134.15517582395148,"cluster":6},{"x":473.3038196959967,"y":102.42151073827523,"cluster":7},{"x":459.74439795421154,"y":111.76560749148747,"cluster":7},{"x":407.11248372891293,"y":68.57278801824273,"cluster":7},{"x":435.2586256683876,"y":93.33027696630526,"cluster":7},{"x":424.98018415135516,"y":79.24318278676134,"cluster":7},{"x":432.80542208035615,"y":78.1127640779477,"cluster":7},{"x":420.146488855429,"y":118.13625734263427,"cluster":7},{"x":477.4051683855392,"y":99.1853175698957,"cluster":7},{"x":396.15391188688875,"y":48.62815860216404,"cluster":8},{"x":387.82590539853504,"y":59.833948552874844,"cluster":8},{"x":367.89468882878845,"y":35.61763200758073,"cluster":8}],"num_clusters":9}