{"title":"cluster-n20-c4-r6-s8171938801505373957","map_width":500,"map_height":300,"num_leaves":20,"tree":{"leaf":false,"id":38,"left":{"leaf":false,"id":37,"left":{"leaf":false,"id":36,"left":{"leaf":false,"id":32,"left":{"leaf":true,"id":10,"label":"10","site_id":10},"right":{"leaf":false,"id":31,"left":{"leaf":false,"id":30,"left":{"leaf":false,"id":29,"left":{"leaf":false,"id":28,"left":{"leaf":true,"id":13,"label":"13","site_id":13},"right":{"leaf":true,"id":11,"label":"11","site_id":11}},"right":{"leaf":true,"id":12,"label":"12","site_id":12}},"right":{"leaf":true,"id":14,"label":"14","site_id":14}},"right":{"leaf":true,"id":15,"label":"15","site_id":15}}},"right":{"leaf":false,"id":27,"left":{"leaf":false,"id":26,"left":{"leaf":true,"id":8,"label":"8","site_id":8},"right":{"leaf":false,"id":25,"left":{"leaf":false,"id":23,"left":{"leaf":true,"id":7,"label":"7","site_id":7},"right":{"leaf":true,"id":9,"label":"9","site_id":9}},"right":{"leaf":false,"id":24,"left":{"leaf":true,"id":5,"label":"5","site_id":5},"right":{"leaf":true,"id":6,"label":"6","site_id":6}}}},"right":{"leaf":true,"id":4,"label":"4","site_id":4}}},"right":{"leaf":false,"id":35,"left":{"leaf":true,"id":18,"label":"18","site_id":18},"right":{"leaf":false,"id":34,"left":{"leaf":true,"id":19,"label":"19","site_id":19},"right":{"leaf":false,"id":33,"left":{"leaf":true,"id":17,"label":"17","site_id":17},"right":{"leaf":true,"id":16,"label":"16","site_id":16}}}}},"right":{"leaf":false,"id":22,"left":{"leaf":true,"id":1,"label":"1","site_id":1},"right":{"leaf":false,"id":21,"left":{"leaf":false,"id":20,"left":{"leaf":true,"id":0,"label":"0","site_id":0},"right":{"leaf":true,"id":2,"label":"2","site_id":2}},"right":{"leaf":true,"id":3,"label":"3","site_id":3}}}},"num_sites":20,"sites":[{"x":334.86908002298276,"y":193.32766655646654,"cluster":0},{"x":348.7764322911512,"y":268.4685635854583,"cluster":0},{"x":249.90438219800606,"y":202.69186348256176,"cluster":0},{"x":300.4819106260783,"y":227.103423978923,"cluster":0},{"x":167.10280584356448,"y":232.03010129770064,"cluster":1},{"x":266.22288027498826,"y":103.89433290217039,"cluster":1},{"x":195.00424386729543,"y":217.91959064036615,"cluster":1},{"x":102.28233356734752,"y":202.10201936291287,"cluster":1},{"x":150.935765951787,"y":52.66837466520634,"cluster":1},{"x":75.24300315518543,"y":228.70738506475476,"cluster":1},{"x":259.7389112142817,"y":52.77044970847234,"cluster":2},{"x":432.77485324170965,"y":226.41842461619666,"cluster":2},{"x":369.6800067757209,"y":130.27895442304848,"cluster":2},{"x":373.2646040964615,"y":69.45341825013122,"cluster":2},{"x":321.4035722571495,"y":90.73285680396013,"cluster":2},{"x":309.8999258783078,"y":189.79420807281974,"cluster":2},{"x":65.24803659058992,"y":68.91758789756625,"cluster":3},{"x":128.73847255883484,"y":55.50359698054449,"cluster":3},{"x":37.41869361520136,"y":34.77876397305829,"cluster":3},{"x":81.63615177281187,"y":149.7896027215688,"cluster":3}],"num_clusters":4}