{"title":"cluster-n50-c7-r1-s-7117529218541884335","map_width":500,"map_height":300,"num_leaves":50,"tree":{"leaf":false,"id":98,"left":{"leaf":false,"id":97,"left":{"leaf":false,"id":96,"left":{"leaf":false,"id":94,"left":{"leaf":false,"id":59,"left":{"leaf":false,"id":58,"left":{"leaf":false,"id":57,"left":{"leaf":true,"id":11,"label":"11","site_id":11},"right":{"leaf":true,"id":10,"label":"10","site_id":10}},"right":{"leaf":true,"id":9,"label":"9","site_id":9}},"right":{"leaf":true,"id":8,"label":"8","site_id":8}},"right":{"leaf":false,"id":86,"left":{"leaf":false,"id":85,"left":{"leaf":false,"id":82,"left":{"leaf":true,"id":38,"label":"38","site_id":38},"right":{"leaf":true,"id":42,"label":"42","site_id":42}},"right":{"leaf":true,"id":40,"label":"40","site_id":40}},"right":{"leaf":false,"id":84,"left":{"leaf":true,"id":39,"label":"39","site_id":39},"right":{"leaf":false,"id":83,"left":{"leaf":true,"id":41,"label":"41","site_id":41},"right":{"leaf":true,"id":37,"label":"37","site_id":37}}}}},"right":{"leaf":false,"id":93,"left":{"leaf":false,"id":81,"left":{"leaf":false,"id":80,"left":{"leaf":false,"id":75,"left":{"leaf":true,"id":32,"label":"32","site_id":32},"right":{"leaf":true,"id":27,"label":"27","site_id":27}},"right":{"leaf":false,"id":79,"left":{"leaf":true,"id":30,"label":"30","site_id":30},"right":{"leaf":false,"id":78,"left":{"leaf":true,"id":36,"label":"36","site_id":36},"right":{"leaf":false,"id":73,"left":{"leaf":true,"id":29,"label":"29","site_id":29},"right":{"leaf":true,"id":31,"label":"31","site_id":31}}}}},"right":{"leaf":false,"id":77,"left":{"leaf":true,"id":33,"label":"33","site_id":33},"right":{"leaf":false,"id":76,"left":{"leaf":false,"id":74,"left":{"leaf":true,"id":35,"label":"35","site_id":35},"right":{"leaf":true,"id":28,"label":"28","site_id":28}},"right":{"leaf":true,"id":34,"label":"34","site_id":34}}}},"right":{"leaf":false,"id":72,"left":{"leaf":false,"id":67,"left":{"leaf":true,"id":26,"label":"26","site_id":26},"right":{"leaf":true,"id":22,"label":"22","site_id":22}},"right":{"leaf":false,"id":71,"left":{"leaf":false,"id":65,"left":{"leaf":true,"id":23,"label":"23","site_id":23},"right":{"leaf":true,"id":18,"label":"18","site_id":18}},"right":{"leaf":false,"id":70,"left":{"leaf":false,"id":66,"left":{"leaf":true,"id":19,"label":"19","site_id":19},"right":{"leaf":true,"id":25,"label":"25","site_id":25}},"right":{"leaf":false,"id":69,"left":{"leaf":false,"id":68,"left":{"leaf":true,"id":24,"label":"24","site_id":24},"right":{"leaf":true,"id":21,"label":"21","site_id":21}},"right":{"leaf":true,"id":20,"label":"20","site_id":20}}}}}}},"right":{"leaf":false,"id":95,"left":{"leaf":false,"id":56,"left":{"leaf":false,"id":55,"left":{"leaf":false,"id":51,"left":{"leaf":true,"id":4,"label":"4","site_id":4},"right":{"leaf":true,"id":0,"label":"0","site_id":0}},"right":{"leaf":false,"id":54,"left":{"leaf":false,"id":52,"left":{"leaf":true,"id":5,"label":"5","site_id":5},"right":{"leaf":true,"id":6,"label":"6","site_id":6}},"right":{"leaf":true,"id":1,"label":"1","site_id":1}}},"right":{"leaf":false,"id":53,"left":{"leaf":true,"id":2,"label":"2","site_id":2},"right":{"leaf":false,"id":50,"left":{"leaf":true,"id":7,"label":"7","site_id":7},"right":{"leaf":true,"id":3,"label":"3","site_id":3}}}},"right":{"leaf":false,"id":64,"left":{"leaf":false,"id":61,"left":{"leaf":true,"id":14,"label":"14","site_id":14},"right":{"leaf":true,"id":15,"label":"15","site_id":15}},"right":{"leaf":false,"id":63,"left":{"leaf":true,"id":12,"label":"12","site_id":12},"right":{"leaf":false,"id":62,"left":{"leaf":true,"id":16,"label":"16","site_id":16},"right":{"leaf":false,"id":60,"left":{"leaf":true,"id":13,"label":"13","site_id":13},"right":{"leaf":true,"id":17,"label":"17","site_id":17}}}}}}},"right":{"leaf":false,"id":92,"left":{"leaf":false,"id":91,"left":{"leaf":true,"id":46,"label":"46","site_id":46},"right":{"leaf":false,"id":90,"left":{"leaf":false,"id":89,"left":{"leaf":false,"id":88,"left":{"leaf":true,"id":48,"label":"48","site_id":48},"right":{"leaf":true,"id":49,"label":"49","site_id":49}},"right":{"leaf":false,"id":87,"left":{"leaf":true,"id":47,"label":"47","site_id":47},"right":{"leaf":true,"id":44,"label":"44","site_id":44}}},"right":{"leaf":true,"id":43,"label":"43","site_id":43}}},"right":{"leaf":true,"id":45,"label":"45","site_id":45}}},"num_sites":50,"sites":[{"x":89.81354954761454,"y":191.7969091317827,"cluster":0},{"x":65.93684747492283,"y":163.82883241193025,"cluster":0},{"x":33.29923399945374,"y":153.12175924353042,"cluster":0},{"x":75.90012714234052,"y":99.3597436759191,"cluster":0},{"x":118.45010159897154,"y":160.81784959480785,"cluster":0},{"x":124.88306002475505,"y":187.91815774705856,"cluster":0},{"x":64.16243069500005,"y":146.99266929984412,"cluster":0},{"x":93.93107320349152,"y":106.73976127096294,"cluster":0},{"x":449.7478233289828,"y":87.85812646485388,"cluster":1},{"x":463.57576377320987,"y":111.76907810425348,"cluster":1},{"x":427.02673780720335,"y":107.14880917198883,"cluster":1},{"x":426.71889200009275,"y":96.89084445756133,"cluster":1},{"x":92.14806471259092,"y":49.55462922948171,"cluster":2},{"x":44.88559840241545,"y":82.81310297592805,"cluster":2},{"x":95.46642517349017,"y":133.0161564618162,"cluster":2},{"x":91.6253521940482,"y":55.998382899899276,"cluster":2},{"x":41.35878755954174,"y":132.40382316798517,"cluster":2},{"x":106.01003391916004,"y":133.4186748094694,"cluster":2},{"x":272.55663248288556,"y":187.5610098640301,"cluster":3},{"x":205.71351816066377,"y":284.1746014491698,"cluster":3},{"x":238.5883243131563,"y":209.89120117482383,"cluster":3},{"x":247.95388904677728,"y":241.4643308726197,"cluster":3},{"x":206.33504030050932,"y":237.4266367229727,"cluster":3},{"x":209.02229751413128,"y":157.67426571454865,"cluster":3},{"x":314.0084240009456,"y":173.56505242166705,"cluster":3},{"x":237.77689299925987,"y":230.88572348542573,"cluster":3},{"x":306.52421037270983,"y":215.10516139936195,"cluster":3},{"x":61.96584858591888,"y":245.6186783318159,"cluster":4},{"x":81.28942757439101,"y":214.24017392147505,"cluster":4},{"x":38.85416342904295,"y":262.54555838291674,"cluster":4},{"x":58.96805342375504,"y":278.9740156924578,"cluster":4},{"x":61.17086565865211,"y":252.13266301444014,"cluster":4},{"x":64.08582922645977,"y":240.83229215930987,"cluster":4},{"x":65.20048244236003,"y":197.301554065929,"cluster":4},{"x":138.56154791566186,"y":261.69602802486634,"cluster":4},{"x":91.94497346932505,"y":201.92081895478304,"cluster":4},{"x":96.18349599206906,"y":238.29674045031018,"cluster":4},{"x":266.93201644524606,"y":169.04753405535996,"cluster":5},{"x":277.59310874048157,"y":123.97247626496984,"cluster":5},{"x":253.3855297322969,"y":94.14273862313797,"cluster":5},{"x":278.0312232319762,"y":91.76815521257615,"cluster":5},{"x":249.2188825265063,"y":132.62399801000078,"cluster":5},{"x":322.9651861539428,"y":90.10434384694159,"cluster":5},{"x":428.3450641759015,"y":51.86920749717415,"cluster":6},{"x":456.2826345385281,"y":61.081618526263824,"cluster":6},{"x":422.7389612718816,"y":40.38844030949895,"cluster":6},{"x":443.80178687862417,"y":72.70646054792105,"cluster":6},{"x":463.0884710716191,"y":16.637029123213598,"cluster":6},{"x":462.839938706423,"y":88.65977438601419,"cluster":6},{"x":448.0953764357155,"y":75.871187209656,"cluster":6}],"num_clusters":7}