{"title":"cluster-n100-c12-r8-s-5895171329898275699","map_width":500,"map_height":300,"num_leaves":100,"tree":{"leaf":false,"id":198,"left":{"leaf":false,"id":189,"left":{"leaf":false,"id":142,"left":{"leaf":true,"id":41,"label":"41","site_id":41},"right":{"leaf":false,"id":141,"left":{"leaf":false,"id":134,"left":{"leaf":true,"id":44,"label":"44","site_id":44},"right":{"leaf":true,"id":48,"label":"48","site_id":48}},"right":{"leaf":false,"id":140,"left":{"leaf":false,"id":137,"left":{"leaf":true,"id":45,"label":"45","site_id":45},"right":{"leaf":false,"id":135,"left":{"leaf":true,"id":42,"label":"42","site_id":42},"right":{"leaf":true,"id":46,"label":"46","site_id":46}}},"right":{"leaf":false,"id":139,"left":{"leaf":false,"id":138,"left":{"leaf":false,"id":136,"left":{"leaf":false,"id":133,"left":{"leaf":true,"id":40,"label":"40","site_id":40},"right":{"leaf":true,"id":38,"label":"38","site_id":38}},"right":{"leaf":true,"id":43,"label":"43","site_id":43}},"right":{"leaf":true,"id":39,"label":"39","site_id":39}},"right":{"leaf":true,"id":47,"label":"47","site_id":47}}}}},"right":{"leaf":false,"id":187,"left":{"leaf":true,"id":99,"label":"99","site_id":99},"right":{"leaf":false,"id":186,"left":{"leaf":false,"id":185,"left":{"leaf":true,"id":98,"label":"98","site_id":98},"right":{"leaf":false,"id":179,"left":{"leaf":true,"id":96,"label":"96","site_id":96},"right":{"leaf":true,"id":93,"label":"93","site_id":93}}},"right":{"leaf":false,"id":184,"left":{"leaf":false,"id":182,"left":{"leaf":false,"id":181,"left":{"leaf":true,"id":95,"label":"95","site_id":95},"right":{"leaf":true,"id":90,"label":"90","site_id":90}},"right":{"leaf":true,"id":91,"label":"91","site_id":91}},"right":{"leaf":false,"id":183,"left":{"leaf":true,"id":97,"label":"97","site_id":97},"right":{"leaf":false,"id":180,"left":{"leaf":true,"id":94,"label":"94","site_id":94},"right":{"leaf":true,"id":92,"label":"92","site_id":92}}}}}}},"right":{"leaf":false,"id":197,"left":{"leaf":false,"id":195,"left":{"leaf":false,"id":194,"left":{"leaf":false,"id":193,"left":{"leaf":false,"id":151,"left":{"leaf":true,"id":59,"label":"59","site_id":59},"right":{"leaf":false,"id":150,"left":{"leaf":false,"id":149,"left":{"leaf":false,"id":148,"left":{"leaf":true,"id":55,"label":"55","site_id":55},"right":{"leaf":true,"id":54,"label":"54","site_id":54}},"right":{"leaf":false,"id":147,"left":{"leaf":true,"id":57,"label":"57","site_id":57},"right":{"leaf":true,"id":58,"label":"58","site_id":58}}},"right":{"leaf":true,"id":56,"label":"56","site_id":56}}},"right":{"leaf":false,"id":192,"left":{"leaf":false,"id":121,"left":{"leaf":false,"id":120,"left":{"leaf":false,"id":118,"left":{"leaf":true,"id":25,"label":"25","site_id":25},"right":{"leaf":true,"id":21,"label":"21","site_id":21}},"right":{"leaf":false,"id":117,"left":{"leaf":true,"id":23,"label":"23","site_id":23},"right":{"leaf":true,"id":20,"label":"20","site_id":20}}},"right":{"leaf":false,"id":119,"left":{"leaf":true,"id":22,"label":"22","site_id":22},"right":{"leaf":true,"id":24,"label":"24","site_id":24}}},"right":{"leaf":false,"id":191,"left":{"leaf":false,"id":116,"left":{"leaf":false,"id":113,"left":{"leaf":true,"id":17,"label":"17","site_id":17},"right":{"leaf":true,"id":14,"label":"14","site_id":14}},"right":{"leaf":false,"id":115,"left":{"leaf":false,"id":112,"left":{"leaf":false,"id":110,"left":{"leaf":true,"id":18,"label":"18","site_id":18},"right":{"leaf":true,"id":19,"label":"19","site_id":19}},"right":{"leaf":false,"id":111,"left":{"leaf":true,"id":16,"label":"16","site_id":16},"right":{"leaf":true,"id":15,"label":"15","site_id":15}}},"right":{"leaf":false,"id":114,"left":{"leaf":true,"id":12,"label":"12","site_id":12},"right":{"leaf":true,"id":13,"label":"13","site_id":13}}}},"right":{"leaf":false,"id":178,"left":{"leaf":false,"id":177,"left":{"leaf":true,"id":83,"label":"83","site_id":83},"right":{"leaf":false,"id":176,"left":{"leaf":false,"id":175,"left":{"leaf":false,"id":171,"left":{"leaf":false,"id":168,"left":{"leaf":true,"id":89,"label":"89","site_id":89},"right":{"leaf":true,"id":80,"label":"80","site_id":80}},"right":{"leaf":false,"id":170,"left":{"leaf":true,"id":88,"label":"88","site_id":88},"right":{"leaf":true,"id":81,"label":"81","site_id":81}}},"right":{"leaf":true,"id":85,"label":"85","site_id":85}},"right":{"leaf":false,"id":174,"left":{"leaf":false,"id":173,"left":{"leaf":true,"id":86,"label":"86","site_id":86},"right":{"leaf":false,"id":172,"left":{"leaf":true,"id":78,"label":"78","site_id":78},"right":{"leaf":true,"id":84,"label":"84","site_id":84}}},"right":{"leaf":false,"id":169,"left":{"leaf":true,"id":82,"label":"82","site_id":82},"right":{"leaf":true,"id":87,"label":"87","site_id":87}}}}},"right":{"leaf":true,"id":79,"label":"79","site_id":79}}}}},"right":{"leaf":false,"id":188,"left":{"leaf":false,"id":105,"left":{"leaf":false,"id":103,"left":{"leaf":true,"id":6,"label":"6","site_id":6},"right":{"leaf":false,"id":102,"left":{"leaf":true,"id":0,"label":"0","site_id":0},"right":{"leaf":true,"id":4,"label":"4","site_id":4}}},"right":{"leaf":false,"id":104,"left":{"leaf":true,"id":1,"label":"1","site_id":1},"right":{"leaf":false,"id":101,"left":{"leaf":false,"id":100,"left":{"leaf":true,"id":3,"label":"3","site_id":3},"right":{"leaf":true,"id":5,"label":"5","site_id":5}},"right":{"leaf":true,"id":2,"label":"2","site_id":2}}}},"right":{"leaf":false,"id":132,"left":{"leaf":false,"id":130,"left":{"leaf":false,"id":128,"left":{"leaf":true,"id":28,"label":"28","site_id":28},"right":{"leaf":true,"id":29,"label":"29","site_id":29}},"right":{"leaf":false,"id":129,"left":{"leaf":false,"id":125,"left":{"leaf":true,"id":26,"label":"26","site_id":26},"right":{"leaf":true,"id":36,"label":"36","site_id":36}},"right":{"leaf":false,"id":127,"left":{"leaf":true,"id":35,"label":"35","site_id":35},"right":{"leaf":false,"id":126,"left":{"leaf":false,"id":122,"left":{"leaf":true,"id":32,"label":"32","site_id":32},"right":{"leaf":true,"id":27,"label":"27","site_id":27}},"right":{"leaf":false,"id":124,"left":{"leaf":false,"id":123,"left":{"leaf":true,"id":31,"label":"31","site_id":31},"right":{"leaf":true,"id":37,"label":"37","site_id":37}},"right":{"leaf":true,"id":34,"label":"34","site_id":34}}}}}},"right":{"leaf":false,"id":131,"left":{"leaf":true,"id":30,"label":"30","site_id":30},"right":{"leaf":true,"id":33,"label":"33","site_id":33}}}}},"right":{"leaf":false,"id":157,"left":{"leaf":false,"id":156,"left":{"leaf":true,"id":61,"label":"61","site_id":61},"right":{"leaf":false,"id":153,"left":{"leaf":true,"id":62,"label":"62","site_id":62},"right":{"leaf":true,"id":63,"label":"63","site_id":63}}},"right":{"leaf":false,"id":155,"left":{"leaf":true,"id":66,"label":"66","site_id":66},"right":{"leaf":false,"id":154,"left":{"leaf":true,"id":65,"label":"65","site_id":65},"right":{"leaf":false,"id":152,"left":{"leaf":true,"id":64,"label":"64","site_id":64},"right":{"leaf":true,"id":60,"label":"60","site_id":60}}}}}},"right":{"leaf":false,"id":196,"left":{"leaf":false,"id":109,"left":{"leaf":true,"id":11,"label":"11","site_id":11},"right":{"leaf":false,"id":108,"left":{"leaf":true,"id":9,"label":"9","site_id":9},"right":{"leaf":false,"id":107,"left":{"leaf":true,"id":10,"label":"10","site_id":10},"right":{"leaf":false,"id":106,"left":{"leaf":true,"id":8,"label":"8","site_id":8},"right":{"leaf":true,"id":7,"label":"7","site_id":7}}}}},"right":{"leaf":false,"id":190,"left":{"leaf":false,"id":167,"left":{"leaf":false,"id":165,"left":{"leaf":false,"id":163,"left":{"leaf":true,"id":74,"label":"74","site_id":74},"right":{"leaf":false,"id":159,"left":{"leaf":false,"id":158,"left":{"leaf":true,"id":69,"label":"69","site_id":69},"right":{"leaf":true,"id":68,"label":"68","site_id":68}},"right":{"leaf":true,"id":73,"label":"73","site_id":73}}},"right":{"leaf":false,"id":164,"left":{"leaf":false,"id":162,"left":{"leaf":true,"id":67,"label":"67","site_id":67},"right":{"leaf":true,"id":76,"label":"76","site_id":76}},"right":{"leaf":false,"id":160,"left":{"leaf":true,"id":71,"label":"71","site_id":71},"right":{"leaf":true,"id":77,"label":"77","site_id":77}}}},"right":{"leaf":false,"id":166,"left":{"leaf":false,"id":161,"left":{"leaf":true,"id":72,"label":"72","site_id":72},"right":{"leaf":true,"id":75,"label":"75","site_id":75}},"right":{"leaf":true,"id":70,"label":"70","site_id":70}}},"right":{"leaf":false,"id":146,"left":{"leaf":false,"id":145,"left":{"leaf":false,"id":144,"left":{"leaf":false,"id":143,"left":{"leaf":true,"id":51,"label":"51","site_id":51},"right":{"leaf":true,"id":53,"label":"53","site_id":53}},"right":{"leaf":true,"id":49,"label":"49","site_id":49}},"right":{"leaf":true,"id":52,"label":"52","site_id":52}},"right":{"leaf":true,"id":50,"label":"50","site_id":50}}}}}},"num_sites":100,"sites":[{"x":250.3441858735981,"y":176.05666783681613,"cluster":0},{"x":272.0955469284267,"y":165.0088821162097,"cluster":0},{"x":255.69822978215575,"y":168.24990822290314,"cluster":0},{"x":267.18241005588635,"y":135.16867022910517,"cluster":0},{"x":232.52783706600206,"y":154.1054877614432,"cluster":0},{"x":250.69105242071544,"y":188.52527808361504,"cluster":0},{"x":272.36753048129606,"y":187.85461833232392,"cluster":0},{"x":231.22865569276766,"y":170.9215335645132,"cluster":1},{"x":218.00462894125894,"y":167.77908440055043,"cluster":1},{"x":240.2692025541951,"y":157.5437971991115,"cluster":1},{"x":227.8557905514481,"y":166.25768808108896,"cluster":1},{"x":253.2920525878992,"y":163.9328043595119,"cluster":1},{"x":388.4290580878673,"y":202.4844323381295,"cluster":2},{"x":379.9044045175269,"y":203.35446058870292,"cluster":2},{"x":345.44230507657545,"y":231.66305268275858,"cluster":2},{"x":396.46133920608054,"y":185.6018522864691,"cluster":2},{"x":402.2193055173361,"y":222.18079186887002,"cluster":2},{"x":344.59291016123046,"y":214.52520459665055,"cluster":2},{"x":404.86327207382425,"y":187.76827376375357,"cluster":2},{"x":402.22023345158306,"y":193.17626709458278,"cluster":2},{"x":426.4818530916888,"y":96.00063546794766,"cluster":3},{"x":390.9626954963417,"y":82.96744020006152,"cluster":3},{"x":386.34371581097133,"y":111.34094433445287,"cluster":3},{"x":409.0438585992485,"y":114.88580794916524,"cluster":3},{"x":426.08030845769315,"y":117.19447287273695,"cluster":3},{"x":422.1255048731897,"y":126.47121829620329,"cluster":3},{"x":360.6581753831244,"y":123.94482703551232,"cluster":4},{"x":343.75461111415603,"y":82.0420743448961,"cluster":4},{"x":307.7400936110776,"y":95.72027108482024,"cluster":4},{"x":345.42255667452304,"y":126.96489155871178,"cluster":4},{"x":372.88942428884684,"y":112.98056652465698,"cluster":4},{"x":339.68935126318377,"y":113.98214177939985,"cluster":4},{"x":382.84204959296505,"y":127.0168470361702,"cluster":4},{"x":355.5934492398131,"y":60.047864969791476,"cluster":4},{"x":359.3786983213066,"y":108.41424393291479,"cluster":4},{"x":361.6720402612715,"y":94.90961410249983,"cluster":4},{"x":365.38518848832894,"y":144.76265529085902,"cluster":4},{"x":349.5271752443234,"y":92.94030219018131,"cluster":4},{"x":302.25962524209996,"y":129.86370725678782,"cluster":5},{"x":283.9034284135381,"y":101.97303262975191,"cluster":5},{"x":290.1583404770119,"y":123.01566907797437,"cluster":5},{"x":324.32220365029787,"y":48.34676918022163,"cluster":5},{"x":297.4551742178138,"y":65.82319857848597,"cluster":5},{"x":270.37237553395425,"y":77.58535606319386,"cluster":5},{"x":286.68184196813127,"y":57.77885833748737,"cluster":5},{"x":278.0805267920304,"y":118.24596382762641,"cluster":5},{"x":316.6112587411124,"y":90.53340743257847,"cluster":5},{"x":255.27181017474228,"y":59.59697795435788,"cluster":5},{"x":259.9058932055436,"y":85.52383323302996,"cluster":5},{"x":83.59583814604002,"y":105.56332932001956,"cluster":6},{"x":92.22083581671288,"y":101.94207976852763,"cluster":6},{"x":87.07532920995759,"y":93.99874351746122,"cluster":6},{"x":84.3510249771155,"y":83.06170498331055,"cluster":6},{"x":67.20646425743126,"y":92.12064749718861,"cluster":6},{"x":122.90857731314937,"y":112.08456518188751,"cluster":7},{"x":142.5691041980245,"y":90.57443958096368,"cluster":7},{"x":132.50285608465842,"y":92.54276603514403,"cluster":7},{"x":107.21511974522605,"y":113.99615365718371,"cluster":7},{"x":130.7158023670101,"y":107.80389562133897,"cluster":7},{"x":150.30930185962015,"y":80.53657288247047,"cluster":7},{"x":196.1936111898822,"y":91.77433242976986,"cluster":8},{"x":226.29809727769182,"y":106.80072981603729,"cluster":8},{"x":238.683956276009,"y":112.31533092864194,"cluster":8},{"x":228.91564633290935,"y":117.06109428978462,"cluster":8},{"x":189.69912975585007,"y":119.05092395857038,"cluster":8},{"x":238.5032680122805,"y":126.12003765046356,"cluster":8},{"x":211.25460850532966,"y":134.14381133915924,"cluster":8},{"x":119.68222719524871,"y":80.38354015548873,"cluster":9},{"x":66.78695701679503,"y":75.4822277048005,"cluster":9},{"x":76.80587657645408,"y":71.48608799475576,"cluster":9},{"x":54.6283314021509,"y":147.26672952285335,"cluster":9},{"x":50.8621432677575,"y":99.96211796796125,"cluster":9},{"x":78.20887716065836,"y":137.83821244594833,"cluster":9},{"x":98.0507331979774,"y":104.70705444933327,"cluster":9},{"x":60.16478488980588,"y":78.16142711828962,"cluster":9},{"x":64.94972687553334,"y":108.5289686439045,"cluster":9},{"x":52.95422716171261,"y":142.35953450165772,"cluster":9},{"x":58.35999677102427,"y":64.48584852644927,"cluster":9},{"x":320.77843943716636,"y":88.42388340787438,"cluster":10},{"x":332.4187632760906,"y":59.176606084445694,"cluster":10},{"x":324.6983560875917,"y":70.9998775975771,"cluster":10},{"x":353.98111470187405,"y":152.26316737152678,"cluster":10},{"x":281.1989114215396,"y":143.52664206672165,"cluster":10},{"x":310.691995190733,"y":127.18605385540272,"cluster":10},{"x":285.2449754192776,"y":97.32230067872305,"cluster":10},{"x":264.47745543775113,"y":127.63039315465136,"cluster":10},{"x":268.4043093770552,"y":121.6756624605377,"cluster":10},{"x":331.89156927897506,"y":117.73534054606867,"cluster":10},{"x":298.316114807988,"y":100.310196770103,"cluster":10},{"x":294.72486606486535,"y":137.13615487366917,"cluster":10},{"x":341.4606599749412,"y":80.95304585666474,"cluster":11},{"x":356.8339314585269,"y":55.399794195158734,"cluster":11},{"x":305.97116653810497,"y":65.155479486336,"cluster":11},{"x":302.1618869880787,"y":33.01166008225775,"cluster":11},{"x":351.69613755600153,"y":29.716925823479176,"cluster":11},{"x":359.9855914940175,"y":74.22512510789646,"cluster":11},{"x":314.7477905349091,"y":33.98741416017841,"cluster":11},{"x":313.59976780428207,"y":61.38157307493877,"cluster":11},{"x":333.5754313657848,"y":48.46776424487795,"cluster":11},{"x":322.3832586732935,"y":72.76920796610048,"cluster":11}],"num_clusters":12}