{"title":"cluster-n35-c5-r0-s-5013995466868426345","map_width":500,"map_height":300,"num_leaves":35,"tree":{"leaf":false,"id":68,"left":{"leaf":false,"id":67,"left":{"leaf":false,"id":65,"left":{"leaf":false,"id":49,"left":{"leaf":false,"id":48,"left":{"leaf":false,"id":45,"left":{"leaf":true,"id":15,"label":"15","site_id":15},"right":{"leaf":true,"id":11,"label":"11","site_id":11}},"right":{"leaf":false,"id":47,"left":{"leaf":true,"id":16,"label":"16","site_id":16},"right":{"leaf":false,"id":46,"left":{"leaf":true,"id":14,"label":"14","site_id":14},"right":{"leaf":true,"id":12,"label":"12","site_id":12}}}},"right":{"leaf":false,"id":44,"left":{"leaf":true,"id":13,"label":"13","site_id":13},"right":{"leaf":true,"id":17,"label":"17","site_id":17}}},"right":{"leaf":false,"id":64,"left":{"leaf":true,"id":28,"label":"28","site_id":28},"right":{"leaf":false,"id":63,"left":{"leaf":false,"id":60,"left":{"leaf":false,"id":58,"left":{"leaf":true,"id":26,"label":"26","site_id":26},"right":{"leaf":false,"id":57,"left":{"leaf":true,"id":27,"label":"27","site_id":27},"right":{"leaf":true,"id":31,"label":"31","site_id":31}}},"right":{"leaf":false,"id":56,"left":{"leaf":true,"id":32,"label":"32","site_id":32},"right":{"leaf":true,"id":29,"label":"29","site_id":29}}},"right":{"leaf":false,"id":62,"left":{"leaf":false,"id":61,"left":{"leaf":true,"id":34,"label":"34","site_id":34},"right":{"leaf":false,"id":59,"left":{"leaf":true,"id":33,"label":"33","site_id":33},"right":{"leaf":true,"id":25,"label":"25","site_id":25}}},"right":{"leaf":true,"id":30,"label":"30","site_id":30}}}}},"right":{"leaf":false,"id":38,"left":{"leaf":false,"id":37,"left":{"leaf":true,"id":4,"label":"4","site_id":4},"right":{"leaf":true,"id":2,"label":"2","site_id":2}},"right":{"leaf":false,"id":36,"left":{"leaf":true,"id":1,"label":"1","site_id":1},"right":{"leaf":false,"id":35,"left":{"leaf":true,"id":0,"label":"0","site_id":0},"right":{"leaf":true,"id":3,"label":"3","site_id":3}}}}},"right":{"leaf":false,"id":66,"left":{"leaf":false,"id":43,"left":{"leaf":false,"id":41,"left":{"leaf":true,"id":7,"label":"7","site_id":7},"right":{"leaf":true,"id":10,"label":"10","site_id":10}},"right":{"leaf":false,"id":42,"left":{"leaf":false,"id":40,"left":{"leaf":true,"id":5,"label":"5","site_id":5},"right":{"leaf":false,"id":39,"left":{"leaf":true,"id":8,"label":"8","site_id":8},"right":{"leaf":true,"id":6,"label":"6","site_id":6}}},"right":{"leaf":true,"id":9,"label":"9","site_id":9}}},"right":{"leaf":false,"id":55,"left":{"leaf":true,"id":22,"label":"22","site_id":22},"right":{"leaf":false,"id":54,"left":{"leaf":false,"id":53,"left":{"leaf":false,"id":51,"left":{"leaf":true,"id":19,"label":"19","site_id":19},"right":{"leaf":true,"id":18,"label":"18","site_id":18}},"right":{"leaf":true,"id":21,"label":"21","site_id":21}},"right":{"leaf":false,"id":52,"left":{"leaf":false,"id":50,"left":{"leaf":true,"id":23,"label":"23","site_id":23},"right":{"leaf":true,"id":24,"label":"24","site_id":24}},"right":{"leaf":true,"id":20,"label":"20","site_id":20}}}}}},"num_sites":35,"sites":[{"x":244.02099720282186,"y":133.90955143974946,"cluster":0},{"x":266.5589883548583,"y":162.46552317316576,"cluster":0},{"x":243.55357173721268,"y":168.16422919522802,"cluster":0},{"x":274.07420084627074,"y":161.51946788809474,"cluster":0},{"x":195.89076088554478,"y":120.61698214019735,"cluster":0},{"x":144.0025174030221,"y":185.15545891867174,"cluster":1},{"x":69.90792756702452,"y":235.05561773923267,"cluster":1},{"x":36.922628899235725,"y":276.1981770696235,"cluster":1},{"x":95.95294799400469,"y":237.15240752188396,"cluster":1},{"x":108.42319317841911,"y":221.9791292223941,"cluster":1},{"x":99.28135483515935,"y":259.96298129245855,"cluster":1},{"x":234.96228189787337,"y":78.56421583736304,"cluster":2},{"x":355.3007993697688,"y":186.28590259071092,"cluster":2},{"x":272.61813816739993,"y":164.4636912032063,"cluster":2},{"x":302.36339560603983,"y":196.33117195411194,"cluster":2},{"x":253.1943140247539,"y":132.6161174946382,"cluster":2},{"x":380.04069198764455,"y":180.1561819394242,"cluster":2},{"x":340.52821788863713,"y":73.25785838604148,"cluster":2},{"x":255.52061239421323,"y":204.81403659664255,"cluster":3},{"x":191.40909826039308,"y":222.52804773044028,"cluster":3},{"x":158.1357065888132,"y":252.47744093910086,"cluster":3},{"x":169.4535749116827,"y":158.355806559614,"cluster":3},{"x":251.45402878507474,"y":162.7583224749204,"cluster":3},{"x":128.81477043298636,"y":184.61502401800047,"cluster":3},{"x":122.18654699351407,"y":264.09964179744946,"cluster":3},{"x":455.5591033690978,"y":279.0221563148438,"cluster":4},{"x":271.5645629917656,"y":117.3275733491754,"cluster":4},{"x":454.06418449185,"y":108.86234298729684,"cluster":4},{"x":319.36043230614143,"y":283.81500353828557,"cluster":4},{"x":375.7353285540064,"y":272.9337680218637,"cluster":4},{"x":277.78351251802826,"y":158.61361882711742,"cluster":4},{"x":441.3465932290407,"y":142.7965360375466,"cluster":4},{"x":473.09960343573914,"y":191.56396180319186,"cluster":4},{"x":385.9114525846299,"y":260.2923229578051,"cluster":4},{"x":457.729989754613,"y":174.0521729525569,"cluster":4}],"num_clusters":5}