{"title":"cluster-n95-c11-r5-s631741539868277555","map_width":500,"map_height":300,"num_leaves":95,"tree":{"leaf":false,"id":188,"left":{"leaf":false,"id":186,"left":{"leaf":false,"id":107,"left":{"leaf":false,"id":105,"left":{"leaf":false,"id":103,"left":{"leaf":true,"id":11,"label":"11","site_id":11},"right":{"leaf":true,"id":9,"label":"9","site_id":9}},"right":{"leaf":true,"id":13,"label":"13","site_id":13}},"right":{"leaf":false,"id":106,"left":{"leaf":false,"id":104,"left":{"leaf":true,"id":14,"label":"14","site_id":14},"right":{"leaf":true,"id":10,"label":"10","site_id":10}},"right":{"leaf":true,"id":12,"label":"12","site_id":12}}},"right":{"leaf":false,"id":172,"left":{"leaf":false,"id":169,"left":{"leaf":true,"id":80,"label":"80","site_id":80},"right":{"leaf":false,"id":168,"left":{"leaf":true,"id":85,"label":"85","site_id":85},"right":{"leaf":false,"id":167,"left":{"leaf":true,"id":79,"label":"79","site_id":79},"right":{"leaf":false,"id":166,"left":{"leaf":true,"id":82,"label":"82","site_id":82},"right":{"leaf":true,"id":87,"label":"87","site_id":87}}}}},"right":{"leaf":false,"id":171,"left":{"leaf":false,"id":170,"left":{"leaf":true,"id":84,"label":"84","site_id":84},"right":{"leaf":true,"id":81,"label":"81","site_id":81}},"right":{"leaf":false,"id":165,"left":{"leaf":true,"id":86,"label":"86","site_id":86},"right":{"leaf":true,"id":83,"label":"83","site_id":83}}}}},"right":{"leaf":false,"id":187,"left":{"leaf":false,"id":185,"left":{"leaf":false,"id":184,"left":{"leaf":false,"id":179,"left":{"leaf":false,"id":164,"left":{"leaf":false,"id":162,"left":{"leaf":false,"id":160,"left":{"leaf":false,"id":156,"left":{"leaf":true,"id":76,"label":"76","site_id":76},"right":{"leaf":true,"id":73,"label":"73","site_id":73}},"right":{"leaf":false,"id":153,"left":{"leaf":true,"id":75,"label":"75","site_id":75},"right":{"leaf":true,"id":67,"label":"67","site_id":67}}},"right":{"leaf":false,"id":161,"left":{"leaf":true,"id":70,"label":"70","site_id":70},"right":{"leaf":false,"id":157,"left":{"leaf":false,"id":155,"left":{"leaf":true,"id":66,"label":"66","site_id":66},"right":{"leaf":false,"id":154,"left":{"leaf":true,"id":69,"label":"69","site_id":69},"right":{"leaf":true,"id":74,"label":"74","site_id":74}}},"right":{"leaf":true,"id":71,"label":"71","site_id":71}}}},"right":{"leaf":false,"id":163,"left":{"leaf":false,"id":159,"left":{"leaf":false,"id":158,"left":{"leaf":true,"id":77,"label":"77","site_id":77},"right":{"leaf":true,"id":72,"label":"72","site_id":72}},"right":{"leaf":true,"id":68,"label":"68","site_id":68}},"right":{"leaf":true,"id":78,"label":"78","site_id":78}}},"right":{"leaf":false,"id":117,"left":{"leaf":true,"id":17,"label":"17","site_id":17},"right":{"leaf":false,"id":116,"left":{"leaf":false,"id":115,"left":{"leaf":false,"id":112,"left":{"leaf":true,"id":20,"label":"20","site_id":20},"right":{"leaf":false,"id":110,"left":{"leaf":false,"id":108,"left":{"leaf":true,"id":23,"label":"23","site_id":23},"right":{"leaf":true,"id":24,"label":"24","site_id":24}},"right":{"leaf":true,"id":18,"label":"18","site_id":18}}},"right":{"leaf":false,"id":114,"left":{"leaf":true,"id":21,"label":"21","site_id":21},"right":{"leaf":false,"id":113,"left":{"leaf":false,"id":109,"left":{"leaf":true,"id":22,"label":"22","site_id":22},"right":{"leaf":true,"id":25,"label":"25","site_id":25}},"right":{"leaf":true,"id":19,"label":"19","site_id":19}}}},"right":{"leaf":false,"id":111,"left":{"leaf":true,"id":16,"label":"16","site_id":16},"right":{"leaf":true,"id":15,"label":"15","site_id":15}}}}},"right":{"leaf":false,"id":182,"left":{"leaf":false,"id":133,"left":{"leaf":false,"id":128,"left":{"leaf":true,"id":36,"label":"36","site_id":36},"right":{"leaf":true,"id":43,"label":"43","site_id":43}},"right":{"leaf":false,"id":132,"left":{"leaf":true,"id":35,"label":"35","site_id":35},"right":{"leaf":false,"id":131,"left":{"leaf":false,"id":127,"left":{"leaf":true,"id":38,"label":"38","site_id":38},"right":{"leaf":false,"id":126,"left":{"leaf":true,"id":42,"label":"42","site_id":42},"right":{"leaf":true,"id":41,"label":"41","site_id":41}}},"right":{"leaf":false,"id":130,"left":{"leaf":true,"id":39,"label":"39","site_id":39},"right":{"leaf":false,"id":129,"left":{"leaf":true,"id":37,"label":"37","site_id":37},"right":{"leaf":true,"id":40,"label":"40","site_id":40}}}}}},"right":{"leaf":false,"id":178,"left":{"leaf":false,"id":177,"left":{"leaf":false,"id":176,"left":{"leaf":true,"id":88,"label":"88","site_id":88},"right":{"leaf":true,"id":90,"label":"90","site_id":90}},"right":{"leaf":false,"id":173,"left":{"leaf":true,"id":93,"label":"93","site_id":93},"right":{"leaf":true,"id":94,"label":"94","site_id":94}}},"right":{"leaf":false,"id":175,"left":{"leaf":true,"id":91,"label":"91","site_id":91},"right":{"leaf":false,"id":174,"left":{"leaf":true,"id":92,"label":"92","site_id":92},"right":{"leaf":true,"id":89,"label":"89","site_id":89}}}}}},"right":{"leaf":false,"id":183,"left":{"leaf":false,"id":180,"left":{"leaf":false,"id":147,"left":{"leaf":false,"id":143,"left":{"leaf":false,"id":142,"left":{"leaf":false,"id":139,"left":{"leaf":true,"id":54,"label":"54","site_id":54},"right":{"leaf":true,"id":58,"label":"58","site_id":58}},"right":{"leaf":false,"id":140,"left":{"leaf":true,"id":56,"label":"56","site_id":56},"right":{"leaf":true,"id":50,"label":"50","site_id":50}}},"right":{"leaf":false,"id":141,"left":{"leaf":true,"id":52,"label":"52","site_id":52},"right":{"leaf":true,"id":53,"label":"53","site_id":53}}},"right":{"leaf":false,"id":146,"left":{"leaf":true,"id":55,"label":"55","site_id":55},"right":{"leaf":false,"id":145,"left":{"leaf":false,"id":144,"left":{"leaf":true,"id":51,"label":"51","site_id":51},"right":{"leaf":true,"id":57,"label":"57","site_id":57}},"right":{"leaf":true,"id":59,"label":"59","site_id":59}}}},"right":{"leaf":false,"id":102,"left":{"leaf":false,"id":98,"left":{"leaf":true,"id":7,"label":"7","site_id":7},"right":{"leaf":true,"id":6,"label":"6","site_id":6}},"right":{"leaf":false,"id":101,"left":{"leaf":false,"id":100,"left":{"leaf":false,"id":96,"left":{"leaf":true,"id":3,"label":"3","site_id":3},"right":{"leaf":false,"id":95,"left":{"leaf":true,"id":0,"label":"0","site_id":0},"right":{"leaf":true,"id":1,"label":"1","site_id":1}}},"right":{"leaf":false,"id":99,"left":{"leaf":true,"id":4,"label":"4","site_id":4},"right":{"leaf":false,"id":97,"left":{"leaf":true,"id":8,"label":"8","site_id":8},"right":{"leaf":true,"id":2,"label":"2","site_id":2}}}},"right":{"leaf":true,"id":5,"label":"5","site_id":5}}}},"right":{"leaf":false,"id":152,"left":{"leaf":true,"id":61,"label":"61","site_id":61},"right":{"leaf":false,"id":151,"left":{"leaf":false,"id":150,"left":{"leaf":true,"id":62,"label":"62","site_id":62},"right":{"leaf":true,"id":65,"label":"65","site_id":65}},"right":{"leaf":false,"id":149,"left":{"leaf":false,"id":148,"left":{"leaf":true,"id":63,"label":"63","site_id":63},"right":{"leaf":true,"id":64,"label":"64","site_id":64}},"right":{"leaf":true,"id":60,"label":"60","site_id":60}}}}}},"right":{"leaf":false,"id":181,"left":{"leaf":false,"id":125,"left":{"leaf":false,"id":124,"left":{"leaf":false,"id":123,"left":{"leaf":false,"id":122,"left":{"leaf":true,"id":28,"label":"28","site_id":28},"right":{"leaf":true,"id":33,"label":"33","site_id":33}},"right":{"leaf":false,"id":119,"left":{"leaf":false,"id":118,"left":{"leaf":true,"id":26,"label":"26","site_id":26},"right":{"leaf":true,"id":30,"label":"30","site_id":30}},"right":{"leaf":true,"id":34,"label":"34","site_id":34}}},"right":{"leaf":true,"id":31,"label":"31","site_id":31}},"right":{"leaf":false,"id":121,"left":{"leaf":false,"id":120,"left":{"leaf":true,"id":29,"label":"29","site_id":29},"right":{"leaf":true,"id":27,"label":"27","site_id":27}},"right":{"leaf":true,"id":32,"label":"32","site_id":32}}},"right":{"leaf":false,"id":138,"left":{"leaf":false,"id":137,"left":{"leaf":false,"id":135,"left":{"leaf":false,"id":134,"left":{"leaf":true,"id":44,"label":"44","site_id":44},"right":{"leaf":true,"id":45,"label":"45","site_id":45}},"right":{"leaf":true,"id":48,"label":"48","site_id":48}},"right":{"leaf":false,"id":136,"left":{"leaf":true,"id":49,"label":"49","site_id":49},"right":{"leaf":true,"id":47,"label":"47","site_id":47}}},"right":{"leaf":true,"id":46,"label":"46","site_id":46}}}}},"num_sites":95,"sites":[{"x":43.85974919521961,"y":152.43671332234229,"cluster":0},{"x":111.11777957365538,"y":147.33775110043769,"cluster":0},{"x":98.11842847158357,"y":191.22030151516606,"cluster":0},{"x":89.92819578669365,"y":177.5054284435035,"cluster":0},{"x":41.83487574326486,"y":183.9561827932158,"cluster":0},{"x":91.12402479981583,"y":171.98430086844104,"cluster":0},{"x":113.39510571992159,"y":209.40048755132673,"cluster":0},{"x":99.62179383860911,"y":204.0556125325896,"cluster":0},{"x":98.86876917612602,"y":185.51244768092567,"cluster":0},{"x":468.05606483956655,"y":110.08187101382154,"cluster":1},{"x":433.2490223706272,"y":80.01767341586613,"cluster":1},{"x":455.0336939258809,"y":115.19923282834506,"cluster":1},{"x":479.2973684734898,"y":108.73043578005343,"cluster":1},{"x":429.5948089900066,"y":92.38030517524176,"cluster":1},{"x":456.0037325394151,"y":88.59379140465805,"cluster":1},{"x":281.42272472086466,"y":255.49298038131278,"cluster":2},{"x":233.7292585872437,"y":239.9384844958703,"cluster":2},{"x":259.8763652604758,"y":250.05579921043307,"cluster":2},{"x":242.72766088759042,"y":228.05353919594955,"cluster":2},{"x":243.0914586722157,"y":216.2853593763615,"cluster":2},{"x":284.4192688842216,"y":248.48021881507043,"cluster":2},{"x":290.26326345666695,"y":247.23611487295605,"cluster":2},{"x":299.7819177377328,"y":239.69777605481266,"cluster":2},{"x":309.2965093827727,"y":284.97882086618756,"cluster":2},{"x":272.9030376349779,"y":270.2036534365339,"cluster":2},{"x":281.58916800327677,"y":281.20743254956943,"cluster":2},{"x":198.10404995020934,"y":93.13035543624333,"cluster":3},{"x":162.6284394091676,"y":109.59838506644716,"cluster":3},{"x":150.41763671237305,"y":102.8475116429581,"cluster":3},{"x":203.3380076572987,"y":116.450856951222,"cluster":3},{"x":175.40673774295448,"y":74.39710389906959,"cluster":3},{"x":185.39697028707684,"y":121.19590032115649,"cluster":3},{"x":217.04622994710274,"y":108.78676178632617,"cluster":3},{"x":222.719849218026,"y":53.33364596454204,"cluster":3},{"x":192.99221857222582,"y":88.40324416462911,"cluster":3},{"x":146.56535103817924,"y":228.263232572862,"cluster":4},{"x":95.1060592185651,"y":214.38064358468654,"cluster":4},{"x":150.84963372420194,"y":267.12739911646725,"cluster":4},{"x":90.08351842070728,"y":250.93859004330204,"cluster":4},{"x":126.49881682052623,"y":249.0184811274016,"cluster":4},{"x":121.296462248977,"y":236.84847714782273,"cluster":4},{"x":105.25762880228206,"y":270.033289687525,"cluster":4},{"x":76.6990542029057,"y":264.15929146132066,"cluster":4},{"x":104.2348296888095,"y":216.62886710458793,"cluster":4},{"x":114.90520229602376,"y":73.44444027202205,"cluster":5},{"x":122.28501873817416,"y":67.08250367642225,"cluster":5},{"x":157.7131068873979,"y":56.45354607577308,"cluster":5},{"x":131.47276971081217,"y":53.5546797322135,"cluster":5},{"x":149.8007075610684,"y":67.55438146456072,"cluster":5},{"x":154.24215541610062,"y":61.82346393823376,"cluster":5},{"x":63.62107269758476,"y":82.42047200426346,"cluster":6},{"x":57.57805523246995,"y":67.46951960436638,"cluster":6},{"x":75.04021734767241,"y":27.49737572805327,"cluster":6},{"x":53.08346855676943,"y":79.59178272118702,"cluster":6},{"x":48.511674377386704,"y":41.37438632783936,"cluster":6},{"x":31.847536479757764,"y":22.610936215187444,"cluster":6},{"x":70.4467058147277,"y":86.88737413240887,"cluster":6},{"x":17.506972071976165,"y":85.84050277487019,"cluster":6},{"x":63.340382472189035,"y":16.746321364157836,"cluster":6},{"x":31.290977118175103,"y":17.113551917557842,"cluster":6},{"x":157.3129731160509,"y":196.89669412333524,"cluster":7},{"x":130.00887202071283,"y":210.56213811814493,"cluster":7},{"x":117.88097715448768,"y":182.22952029020178,"cluster":7},{"x":145.00731033194074,"y":190.9008623999346,"cluster":7},{"x":146.23518998979682,"y":196.2733939956494,"cluster":7},{"x":168.26034498677797,"y":219.05011642550622,"cluster":7},{"x":230.02413417109997,"y":142.65033200237247,"cluster":8},{"x":219.24353691289286,"y":175.19983055214163,"cluster":8},{"x":236.0123267311107,"y":182.06464694107913,"cluster":8},{"x":195.83726473847034,"y":181.11298563618857,"cluster":8},{"x":218.78481440578702,"y":194.62167273089318,"cluster":8},{"x":206.39151646167278,"y":153.90370564115642,"cluster":8},{"x":191.47702156526802,"y":164.47615494612353,"cluster":8},{"x":174.06092943426466,"y":252.72622598969485,"cluster":8},{"x":170.0314689870622,"y":151.42526301768885,"cluster":8},{"x":229.50968127942102,"y":250.3912301627218,"cluster":8},{"x":239.89670821893728,"y":247.91583232465976,"cluster":8},{"x":164.9788514581294,"y":192.5592225319648,"cluster":8},{"x":199.43009960887846,"y":144.14812840533133,"cluster":8},{"x":394.58343732288563,"y":190.44810844603603,"cluster":9},{"x":365.4717605381642,"y":188.04485083352907,"cluster":9},{"x":389.3135884074107,"y":189.43660225665568,"cluster":9},{"x":350.230419071188,"y":169.52351124746642,"cluster":9},{"x":397.09985248099224,"y":198.4377071666545,"cluster":9},{"x":357.40678786787214,"y":163.0781279500131,"cluster":9},{"x":356.10613822126396,"y":208.5126411084088,"cluster":9},{"x":391.69938830732053,"y":216.7725196619499,"cluster":9},{"x":352.10865138127116,"y":195.68687328008113,"cluster":9},{"x":343.36453924674913,"y":204.33198884232542,"cluster":10},{"x":323.29264965116175,"y":214.45888210842534,"cluster":10},{"x":335.27394763812487,"y":188.64148357813644,"cluster":10},{"x":334.5086866650664,"y":214.38778080868693,"cluster":10},{"x":328.4998686794979,"y":219.4823145971774,"cluster":10},{"x":343.2606020050367,"y":192.54710623853552,"cluster":10},{"x":319.95807501025075,"y":185.63099874559532,"cluster":10}],"num_clusters":11}