{"title":"cluster-n50-c7-r7-s6551831979849468160","map_width":500,"map_height":300,"num_leaves":50,"tree":{"leaf":false,"id":98,"left":{"leaf":false,"id":97,"left":{"leaf":false,"id":96,"left":{"leaf":false,"id":95,"left":{"leaf":false,"id":78,"left":{"leaf":false,"id":73,"left":{"leaf":true,"id":30,"label":"30","site_id":30},"right":{"leaf":true,"id":33,"label":"33","site_id":33}},"right":{"leaf":false,"id":77,"left":{"leaf":false,"id":75,"left":{"leaf":false,"id":74,"left":{"leaf":true,"id":32,"label":"32","site_id":32},"right":{"leaf":true,"id":26,"label":"26","site_id":26}},"right":{"leaf":true,"id":31,"label":"31","site_id":31}},"right":{"leaf":false,"id":76,"left":{"leaf":true,"id":29,"label":"29","site_id":29},"right":{"leaf":false,"id":72,"left":{"leaf":true,"id":27,"label":"27","site_id":27},"right":{"leaf":true,"id":28,"label":"28","site_id":28}}}}},"right":{"leaf":false,"id":94,"left":{"leaf":false,"id":83,"left":{"leaf":false,"id":80,"left":{"leaf":true,"id":36,"label":"36","site_id":36},"right":{"leaf":true,"id":37,"label":"37","site_id":37}},"right":{"leaf":false,"id":82,"left":{"leaf":false,"id":81,"left":{"leaf":false,"id":79,"left":{"leaf":true,"id":35,"label":"35","site_id":35},"right":{"leaf":true,"id":39,"label":"39","site_id":39}},"right":{"leaf":true,"id":38,"label":"38","site_id":38}},"right":{"leaf":true,"id":34,"label":"34","site_id":34}}},"right":{"leaf":false,"id":57,"left":{"leaf":false,"id":56,"left":{"leaf":true,"id":8,"label":"8","site_id":8},"right":{"leaf":false,"id":55,"left":{"leaf":false,"id":54,"left":{"leaf":true,"id":6,"label":"6","site_id":6},"right":{"leaf":false,"id":53,"left":{"leaf":true,"id":3,"label":"3","site_id":3},"right":{"leaf":false,"id":52,"left":{"leaf":true,"id":5,"label":"5","site_id":5},"right":{"leaf":true,"id":9,"label":"9","site_id":9}}}},"right":{"leaf":true,"id":4,"label":"4","site_id":4}}},"right":{"leaf":true,"id":7,"label":"7","site_id":7}}}},"right":{"leaf":false,"id":93,"left":{"leaf":false,"id":51,"left":{"leaf":true,"id":1,"label":"1","site_id":1},"right":{"leaf":false,"id":50,"left":{"leaf":true,"id":0,"label":"0","site_id":0},"right":{"leaf":true,"id":2,"label":"2","site_id":2}}},"right":{"leaf":false,"id":92,"left":{"leaf":false,"id":91,"left":{"leaf":false,"id":88,"left":{"leaf":true,"id":49,"label":"49","site_id":49},"right":{"leaf":true,"id":47,"label":"47","site_id":47}},"right":{"leaf":false,"id":90,"left":{"leaf":false,"id":89,"left":{"leaf":false,"id":86,"left":{"leaf":false,"id":85,"left":{"leaf":false,"id":84,"left":{"leaf":true,"id":41,"label":"41","site_id":41},"right":{"leaf":true,"id":43,"label":"43","site_id":43}},"right":{"leaf":true,"id":40,"label":"40","site_id":40}},"right":{"leaf":true,"id":46,"label":"46","site_id":46}},"right":{"leaf":true,"id":42,"label":"42","site_id":42}},"right":{"leaf":true,"id":44,"label":"44","site_id":44}}},"right":{"leaf":false,"id":87,"left":{"leaf":true,"id":45,"label":"45","site_id":45},"right":{"leaf":true,"id":48,"label":"48","site_id":48}}}}},"right":{"leaf":false,"id":71,"left":{"leaf":false,"id":70,"left":{"leaf":false,"id":65,"left":{"leaf":true,"id":21,"label":"21","site_id":21},"right":{"leaf":true,"id":22,"label":"22","site_id":22}},"right":{"leaf":true,"id":18,"label":"18","site_id":18}},"right":{"leaf":false,"id":69,"left":{"leaf":false,"id":67,"left":{"leaf":true,"id":24,"label":"24","site_id":24},"right":{"leaf":true,"id":19,"label":"19","site_id":19}},"right":{"leaf":false,"id":68,"left":{"leaf":false,"id":66,"left":{"leaf":true,"id":23,"label":"23","site_id":23},"right":{"leaf":true,"id":25,"label":"25","site_id":25}},"right":{"leaf":true,"id":20,"label":"20","site_id":20}}}}},"right":{"leaf":false,"id":64,"left":{"leaf":true,"id":16,"label":"16","site_id":16},"right":{"leaf":false,"id":63,"left":{"leaf":true,"id":15,"label":"15","site_id":15},"right":{"leaf":false,"id":62,"left":{"leaf":true,"id":10,"label":"10","site_id":10},"right":{"leaf":false,"id":61,"left":{"leaf":true,"id":12,"label":"12","site_id":12},"right":{"leaf":false,"id":60,"left":{"leaf":false,"id":59,"left":{"leaf":true,"id":13,"label":"13","site_id":13},"right":{"leaf":true,"id":14,"label":"14","site_id":14}},"right":{"leaf":false,"id":58,"left":{"leaf":true,"id":11,"label":"11","site_id":11},"right":{"leaf":true,"id":17,"label":"17","site_id":17}}}}}}}},"num_sites":50,"sites":[{"x":348.1907071893915,"y":118.62903476424914,"cluster":0},{"x":372.29972807036984,"y":111.85743699081407,"cluster":0},{"x":354.67741345307445,"y":130.74777054341925,"cluster":0},{"x":103.9633235290672,"y":68.94167134561873,"cluster":1},{"x":122.89352098709527,"y":52.46719025124282,"cluster":1},{"x":194.50342131953894,"y":53.91436236216342,"cluster":1},{"x":131.48644060942306,"y":88.9327494582064,"cluster":1},{"x":188.05325830765477,"y":16.72258417745264,"cluster":1},{"x":114.15275694310407,"y":89.20085005778213,"cluster":1},{"x":201.13184157596072,"y":68.46711917322389,"cluster":1},{"x":383.11137347842066,"y":144.8100222390516,"cluster":2},{"x":336.29409047413765,"y":196.17093384935418,"cluster":2},{"x":280.1985219373,"y":173.73456385750453,"cluster":2},{"x":388.1791930212648,"y":135.96805205503938,"cluster":2},{"x":300.5933102626023,"y":189.74313255730374,"cluster":2},{"x":263.30500853452054,"y":221.71478611470644,"cluster":2},{"x":344.58971511313257,"y":125.37648240283836,"cluster":2},{"x":351.14924310902353,"y":150.52647506353134,"cluster":2},{"x":423.7428103657135,"y":226.87130484025735,"cluster":3},{"x":369.2634268344414,"y":234.1313335201182,"cluster":3},{"x":376.0023004924233,"y":276.29214095052777,"cluster":3},{"x":415.7823256136872,"y":162.7464090853713,"cluster":3},{"x":464.08478272402454,"y":212.96458599213852,"cluster":3},{"x":386.82277075985377,"y":274.5568228985441,"cluster":3},{"x":341.7414741890481,"y":236.36072676796172,"cluster":3},{"x":366.40353445958476,"y":277.01752019094,"cluster":3},{"x":204.40325954613374,"y":126.12779231695558,"cluster":4},{"x":184.6687989331388,"y":192.56167709255885,"cluster":4},{"x":140.18394340202653,"y":188.41755887152846,"cluster":4},{"x":100.75309103809626,"y":90.65057039269611,"cluster":4},{"x":169.48426540548192,"y":123.34048371303992,"cluster":4},{"x":148.17549362559456,"y":140.63501582172998,"cluster":4},{"x":100.28446860507827,"y":164.59357553773586,"cluster":4},{"x":202.15428109323793,"y":196.8351846900822,"cluster":4},{"x":164.86909671550205,"y":120.93113603411251,"cluster":5},{"x":118.15216253432102,"y":98.73019827068241,"cluster":5},{"x":133.49897256311644,"y":119.56143656273278,"cluster":5},{"x":209.262099048181,"y":55.93431254239717,"cluster":5},{"x":183.63747140865902,"y":111.21678490570791,"cluster":5},{"x":198.80594684355262,"y":116.40104952669836,"cluster":5},{"x":170.791759907856,"y":273.9788356734967,"cluster":6},{"x":240.79887764193563,"y":245.06018876637114,"cluster":6},{"x":192.13509353577513,"y":160.1713212929389,"cluster":6},{"x":227.6936756428127,"y":148.51884113671866,"cluster":6},{"x":94.79113323079261,"y":276.18782441842575,"cluster":6},{"x":102.1427381980473,"y":197.69684684167106,"cluster":6},{"x":198.23899063310475,"y":201.5770167859438,"cluster":6},{"x":119.43462286477777,"y":234.1653671391762,"cluster":6},{"x":126.57651708732101,"y":268.5696439767785,"cluster":6},{"x":151.12807407033847,"y":166.59762306113475,"cluster":6}],"num_clusters":7}