{"title":"cluster-n55-c7-r4-s-6796755928382580220","map_width":500,"map_height":300,"num_leaves":55,"tree":{"leaf":false,"id":108,"left":{"leaf":false,"id":107,"left":{"leaf":false,"id":60,"left":{"leaf":false,"id":59,"left":{"leaf":false,"id":57,"left":{"leaf":true,"id":4,"label":"4","site_id":4},"right":{"leaf":true,"id":0,"label":"0","site_id":0}},"right":{"leaf":false,"id":58,"left":{"leaf":false,"id":56,"left":{"leaf":false,"id":55,"left":{"leaf":true,"id":2,"label":"2","site_id":2},"right":{"leaf":true,"id":5,"label":"5","site_id":5}},"right":{"leaf":true,"id":1,"label":"1","site_id":1}},"right":{"leaf":true,"id":6,"label":"6","site_id":6}}},"right":{"leaf":true,"id":3,"label":"3","site_id":3}},"right":{"leaf":false,"id":83,"left":{"leaf":false,"id":82,"left":{"leaf":false,"id":81,"left":{"leaf":true,"id":26,"label":"26","site_id":26},"right":{"leaf":false,"id":80,"left":{"leaf":false,"id":78,"left":{"leaf":true,"id":32,"label":"32","site_id":32},"right":{"leaf":true,"id":29,"label":"29","site_id":29}},"right":{"leaf":true,"id":25,"label":"25","site_id":25}}},"right":{"leaf":false,"id":77,"left":{"leaf":true,"id":30,"label":"30","site_id":30},"right":{"leaf":true,"id":28,"label":"28","site_id":28}}},"right":{"leaf":false,"id":79,"left":{"leaf":true,"id":27,"label":"27","site_id":27},"right":{"leaf":true,"id":31,"label":"31","site_id":31}}}},"right":{"leaf":false,"id":106,"left":{"leaf":false,"id":67,"left":{"leaf":false,"id":66,"left":{"leaf":false,"id":64,"left":{"leaf":false,"id":62,"left":{"leaf":true,"id":8,"label":"8","site_id":8},"right":{"leaf":true,"id":14,"label":"14","site_id":14}},"right":{"leaf":false,"id":61,"left":{"leaf":true,"id":7,"label":"7","site_id":7},"right":{"leaf":true,"id":13,"label":"13","site_id":13}}},"right":{"leaf":false,"id":65,"left":{"leaf":true,"id":11,"label":"11","site_id":11},"right":{"leaf":false,"id":63,"left":{"leaf":true,"id":9,"label":"9","site_id":9},"right":{"leaf":true,"id":12,"label":"12","site_id":12}}}},"right":{"leaf":true,"id":10,"label":"10","site_id":10}},"right":{"leaf":false,"id":105,"left":{"leaf":false,"id":103,"left":{"leaf":false,"id":102,"left":{"leaf":false,"id":98,"left":{"leaf":true,"id":49,"label":"49","site_id":49},"right":{"leaf":true,"id":53,"label":"53","site_id":53}},"right":{"leaf":false,"id":101,"left":{"leaf":true,"id":51,"label":"51","site_id":51},"right":{"leaf":false,"id":100,"left":{"leaf":true,"id":52,"label":"52","site_id":52},"right":{"leaf":false,"id":99,"left":{"leaf":true,"id":54,"label":"54","site_id":54},"right":{"leaf":false,"id":97,"left":{"leaf":true,"id":50,"label":"50","site_id":50},"right":{"leaf":true,"id":48,"label":"48","site_id":48}}}}}},"right":{"leaf":false,"id":96,"left":{"leaf":false,"id":92,"left":{"leaf":true,"id":40,"label":"40","site_id":40},"right":{"leaf":true,"id":42,"label":"42","site_id":42}},"right":{"leaf":false,"id":95,"left":{"leaf":true,"id":45,"label":"45","site_id":45},"right":{"leaf":false,"id":94,"left":{"leaf":false,"id":91,"left":{"leaf":true,"id":47,"label":"47","site_id":47},"right":{"leaf":false,"id":90,"left":{"leaf":true,"id":44,"label":"44","site_id":44},"right":{"leaf":true,"id":43,"label":"43","site_id":43}}},"right":{"leaf":false,"id":93,"left":{"leaf":true,"id":41,"label":"41","site_id":41},"right":{"leaf":true,"id":46,"label":"46","site_id":46}}}}}},"right":{"leaf":false,"id":104,"left":{"leaf":false,"id":89,"left":{"leaf":false,"id":88,"left":{"leaf":false,"id":84,"left":{"leaf":true,"id":36,"label":"36","site_id":36},"right":{"leaf":true,"id":39,"label":"39","site_id":39}},"right":{"leaf":false,"id":87,"left":{"leaf":true,"id":38,"label":"38","site_id":38},"right":{"leaf":false,"id":86,"left":{"leaf":true,"id":35,"label":"35","site_id":35},"right":{"leaf":false,"id":85,"left":{"leaf":true,"id":34,"label":"34","site_id":34},"right":{"leaf":true,"id":33,"label":"33","site_id":33}}}}},"right":{"leaf":true,"id":37,"label":"37","site_id":37}},"right":{"leaf":false,"id":76,"left":{"leaf":false,"id":74,"left":{"leaf":false,"id":73,"left":{"leaf":true,"id":21,"label":"21","site_id":21},"right":{"leaf":false,"id":70,"left":{"leaf":true,"id":16,"label":"16","site_id":16},"right":{"leaf":true,"id":19,"label":"19","site_id":19}}},"right":{"leaf":false,"id":72,"left":{"leaf":false,"id":68,"left":{"leaf":true,"id":18,"label":"18","site_id":18},"right":{"leaf":true,"id":17,"label":"17","site_id":17}},"right":{"leaf":true,"id":24,"label":"24","site_id":24}}},"right":{"leaf":false,"id":75,"left":{"leaf":true,"id":15,"label":"15","site_id":15},"right":{"leaf":false,"id":71,"left":{"leaf":true,"id":20,"label":"20","site_id":20},"right":{"leaf":false,"id":69,"left":{"leaf":true,"id":23,"label":"23","site_id":23},"right":{"leaf":true,"id":22,"label":"22","site_id":22}}}}}}}}},"num_sites":55,"sites":[{"x":69.80443461597,"y":201.62111143750093,"cluster":0},{"x":56.23959448561735,"y":221.56574308824338,"cluster":0},{"x":69.97932702601565,"y":265.1021648074063,"cluster":0},{"x":138.17025510342205,"y":277.68443302703895,"cluster":0},{"x":79.11933557799982,"y":203.81938119312,"cluster":0},{"x":91.72332104685904,"y":247.18308363835135,"cluster":0},{"x":146.3721048313319,"y":203.08375441876888,"cluster":0},{"x":172.7033126968763,"y":93.35904112226052,"cluster":1},{"x":178.23537597695722,"y":118.1265181083574,"cluster":1},{"x":153.43734822430176,"y":53.34534829341676,"cluster":1},{"x":203.01555295614997,"y":106.60635860655303,"cluster":1},{"x":132.6542068882615,"y":122.5793379109427,"cluster":1},{"x":190.2194510718519,"y":55.05562867462818,"cluster":1},{"x":204.80878435828805,"y":115.14453258393127,"cluster":1},{"x":168.40351444030887,"y":120.52840440920093,"cluster":1},{"x":289.5909191518276,"y":94.48175196369762,"cluster":2},{"x":386.78341072780654,"y":61.819581107703335,"cluster":2},{"x":355.376557373019,"y":79.16060672371455,"cluster":2},{"x":315.70491290271923,"y":151.65155549081476,"cluster":2},{"x":390.20567515778964,"y":49.24290893232004,"cluster":2},{"x":376.2233616086322,"y":158.92545789166076,"cluster":2},{"x":306.0444335582172,"y":40.74658504458245,"cluster":2},{"x":339.0144549551445,"y":107.42870265131425,"cluster":2},{"x":315.30451822298033,"y":122.7409081066865,"cluster":2},{"x":408.50608070282084,"y":126.09641849054262,"cluster":2},{"x":176.9935015209153,"y":190.99149478838024,"cluster":3},{"x":199.46574225784497,"y":254.80122583049598,"cluster":3},{"x":219.64734622403452,"y":267.0783494537649,"cluster":3},{"x":160.12354975386762,"y":216.57065514987138,"cluster":3},{"x":180.29560044752762,"y":212.93593415265613,"cluster":3},{"x":160.77745508411735,"y":222.53302064632885,"cluster":3},{"x":276.6190845407655,"y":211.19283601675056,"cluster":3},{"x":172.98913387263812,"y":220.0691668766337,"cluster":3},{"x":471.00817389570267,"y":152.973944104299,"cluster":4},{"x":439.23647892930256,"y":67.20226316651622,"cluster":4},{"x":401.8490046926225,"y":97.9927394737576,"cluster":4},{"x":453.5401956171227,"y":100.3660609763806,"cluster":4},{"x":432.79280557356003,"y":167.07573365172968,"cluster":4},{"x":404.3509404673607,"y":114.7105788669564,"cluster":4},{"x":479.4956895390602,"y":88.54885062056435,"cluster":4},{"x":313.1972564715771,"y":202.83904779972625,"cluster":5},{"x":348.29134721476044,"y":217.72528165771786,"cluster":5},{"x":297.53286568154107,"y":196.1335953857386,"cluster":5},{"x":358.8084098814466,"y":258.81961645934894,"cluster":5},{"x":359.100428772566,"y":238.05023079689562,"cluster":5},{"x":295.6168789642579,"y":246.3935899460736,"cluster":5},{"x":328.92643221462333,"y":165.06730842418565,"cluster":5},{"x":361.37660898608175,"y":204.67440632256188,"cluster":5},{"x":319.3474667088745,"y":214.8336859582976,"cluster":6},{"x":300.08081273138265,"y":279.7575829421213,"cluster":6},{"x":327.9379365950589,"y":246.32556721550944,"cluster":6},{"x":323.0658594674582,"y":220.47377991289858,"cluster":6},{"x":358.8450323332658,"y":229.95888511374628,"cluster":6},{"x":289.4813749688842,"y":278.5127175807235,"cluster":6},{"x":258.1265437299582,"y":247.42482098140408,"cluster":6}],"num_clusters":7}