{"title":"cluster-n75-c9-r7-s-3845494477905899732","map_width":500,"map_height":300,"num_leaves":75,"tree":{"leaf":false,"id":148,"left":{"leaf":false,"id":85,"left":{"leaf":false,"id":82,"left":{"leaf":false,"id":81,"left":{"leaf":true,"id":9,"label":"9","site_id":9},"right":{"leaf":true,"id":8,"label":"8","site_id":8}},"right":{"leaf":true,"id":7,"label":"7","site_id":7}},"right":{"leaf":false,"id":84,"left":{"leaf":true,"id":10,"label":"10","site_id":10},"right":{"leaf":false,"id":83,"left":{"leaf":true,"id":12,"label":"12","site_id":12},"right":{"leaf":true,"id":11,"label":"11","site_id":11}}}},"right":{"leaf":false,"id":147,"left":{"leaf":false,"id":146,"left":{"leaf":false,"id":105,"left":{"leaf":true,"id":31,"label":"31","site_id":31},"right":{"leaf":false,"id":104,"left":{"leaf":false,"id":102,"left":{"leaf":true,"id":32,"label":"32","site_id":32},"right":{"leaf":true,"id":34,"label":"34","site_id":34}},"right":{"leaf":false,"id":103,"left":{"leaf":true,"id":35,"label":"35","site_id":35},"right":{"leaf":true,"id":33,"label":"33","site_id":33}}}},"right":{"leaf":false,"id":144,"left":{"leaf":false,"id":80,"left":{"leaf":false,"id":79,"left":{"leaf":false,"id":77,"left":{"leaf":true,"id":4,"label":"4","site_id":4},"right":{"leaf":true,"id":1,"label":"1","site_id":1}},"right":{"leaf":true,"id":5,"label":"5","site_id":5}},"right":{"leaf":false,"id":78,"left":{"leaf":false,"id":75,"left":{"leaf":true,"id":0,"label":"0","site_id":0},"right":{"leaf":true,"id":6,"label":"6","site_id":6}},"right":{"leaf":false,"id":76,"left":{"leaf":true,"id":2,"label":"2","site_id":2},"right":{"leaf":true,"id":3,"label":"3","site_id":3}}}},"right":{"leaf":false,"id":143,"left":{"leaf":false,"id":101,"left":{"leaf":false,"id":99,"left":{"leaf":false,"id":96,"left":{"leaf":true,"id":26,"label":"26","site_id":26},"right":{"leaf":true,"id":23,"label":"23","site_id":23}},"right":{"leaf":false,"id":95,"left":{"leaf":true,"id":27,"label":"27","site_id":27},"right":{"leaf":true,"id":25,"label":"25","site_id":25}}},"right":{"leaf":false,"id":100,"left":{"leaf":false,"id":98,"left":{"leaf":false,"id":97,"left":{"leaf":true,"id":29,"label":"29","site_id":29},"right":{"leaf":true,"id":30,"label":"30","site_id":30}},"right":{"leaf":true,"id":24,"label":"24","site_id":24}},"right":{"leaf":true,"id":28,"label":"28","site_id":28}}},"right":{"leaf":false,"id":142,"left":{"leaf":false,"id":114,"left":{"leaf":false,"id":113,"left":{"leaf":false,"id":107,"left":{"leaf":true,"id":38,"label":"38","site_id":38},"right":{"leaf":false,"id":106,"left":{"leaf":true,"id":40,"label":"40","site_id":40},"right":{"leaf":true,"id":44,"label":"44","site_id":44}}},"right":{"leaf":false,"id":110,"left":{"leaf":false,"id":109,"left":{"leaf":true,"id":42,"label":"42","site_id":42},"right":{"leaf":true,"id":43,"label":"43","site_id":43}},"right":{"leaf":true,"id":36,"label":"36","site_id":36}}},"right":{"leaf":false,"id":112,"left":{"leaf":false,"id":111,"left":{"leaf":false,"id":108,"left":{"leaf":true,"id":37,"label":"37","site_id":37},"right":{"leaf":true,"id":41,"label":"41","site_id":41}},"right":{"leaf":true,"id":39,"label":"39","site_id":39}},"right":{"leaf":true,"id":45,"label":"45","site_id":45}}},"right":{"leaf":false,"id":120,"left":{"leaf":false,"id":118,"left":{"leaf":true,"id":46,"label":"46","site_id":46},"right":{"leaf":true,"id":48,"label":"48","site_id":48}},"right":{"leaf":false,"id":119,"left":{"leaf":false,"id":116,"left":{"leaf":false,"id":115,"left":{"leaf":true,"id":47,"label":"47","site_id":47},"right":{"leaf":true,"id":51,"label":"51","site_id":51}},"right":{"leaf":true,"id":50,"label":"50","site_id":50}},"right":{"leaf":false,"id":117,"left":{"leaf":true,"id":49,"label":"49","site_id":49},"right":{"leaf":true,"id":52,"label":"52","site_id":52}}}}}}}},"right":{"leaf":false,"id":145,"left":{"leaf":false,"id":94,"left":{"leaf":true,"id":15,"label":"15","site_id":15},"right":{"leaf":false,"id":93,"left":{"leaf":false,"id":92,"left":{"leaf":false,"id":90,"left":{"leaf":false,"id":88,"left":{"leaf":true,"id":14,"label":"14","site_id":14},"right":{"leaf":true,"id":21,"label":"21","site_id":21}},"right":{"leaf":false,"id":89,"left":{"leaf":true,"id":18,"label":"18","site_id":18},"right":{"leaf":true,"id":22,"label":"22","site_id":22}}},"right":{"leaf":false,"id":87,"left":{"leaf":true,"id":17,"label":"17","site_id":17},"right":{"leaf":true,"id":20,"label":"20","site_id":20}}},"right":{"leaf":false,"id":91,"left":{"leaf":false,"id":86,"left":{"leaf":true,"id":19,"label":"19","site_id":19},"right":{"leaf":true,"id":13,"label":"13","site_id":13}},"right":{"leaf":true,"id":16,"label":"16","site_id":16}}}},"right":{"leaf":false,"id":141,"left":{"leaf":false,"id":140,"left":{"leaf":false,"id":139,"left":{"leaf":true,"id":67,"label":"67","site_id":67},"right":{"leaf":false,"id":138,"left":{"leaf":false,"id":137,"left":{"leaf":false,"id":130,"left":{"leaf":true,"id":65,"label":"65","site_id":65},"right":{"leaf":true,"id":72,"label":"72","site_id":72}},"right":{"leaf":false,"id":136,"left":{"leaf":false,"id":134,"left":{"leaf":false,"id":132,"left":{"leaf":true,"id":68,"label":"68","site_id":68},"right":{"leaf":true,"id":71,"label":"71","site_id":71}},"right":{"leaf":false,"id":133,"left":{"leaf":true,"id":63,"label":"63","site_id":63},"right":{"leaf":true,"id":74,"label":"74","site_id":74}}},"right":{"leaf":false,"id":131,"left":{"leaf":true,"id":69,"label":"69","site_id":69},"right":{"leaf":true,"id":64,"label":"64","site_id":64}}}},"right":{"leaf":false,"id":135,"left":{"leaf":true,"id":70,"label":"70","site_id":70},"right":{"leaf":true,"id":73,"label":"73","site_id":73}}}},"right":{"leaf":true,"id":66,"label":"66","site_id":66}},"right":{"leaf":false,"id":129,"left":{"leaf":false,"id":128,"left":{"leaf":true,"id":53,"label":"53","site_id":53},"right":{"leaf":false,"id":127,"left":{"leaf":false,"id":126,"left":{"leaf":false,"id":125,"left":{"leaf":true,"id":54,"label":"54","site_id":54},"right":{"leaf":false,"id":124,"left":{"leaf":false,"id":122,"left":{"leaf":true,"id":55,"label":"55","site_id":55},"right":{"leaf":true,"id":58,"label":"58","site_id":58}},"right":{"leaf":true,"id":62,"label":"62","site_id":62}}},"right":{"leaf":false,"id":123,"left":{"leaf":true,"id":57,"label":"57","site_id":57},"right":{"leaf":true,"id":59,"label":"59","site_id":59}}},"right":{"leaf":false,"id":121,"left":{"leaf":true,"id":60,"label":"60","site_id":60},"right":{"leaf":true,"id":61,"label":"61","site_id":61}}}},"right":{"leaf":true,"id":56,"label":"56","site_id":56}}}}}},"num_sites":75,"sites":[{"x":233.06240841215654,"y":28.062194460598104,"cluster":0},{"x":246.94986119739104,"y":22.158693874996146,"cluster":0},{"x":227.9669210768076,"y":56.08086290595669,"cluster":0},{"x":235.80321662354982,"y":16.301747346860758,"cluster":0},{"x":215.10686377857118,"y":38.2385674742318,"cluster":0},{"x":208.46829772552604,"y":44.18757571582501,"cluster":0},{"x":251.27314199850838,"y":50.75201281341779,"cluster":0},{"x":319.6119240969355,"y":67.65608601756755,"cluster":1},{"x":320.87384470548227,"y":48.40631547459726,"cluster":1},{"x":321.16998276776576,"y":92.82459489867911,"cluster":1},{"x":276.23391499471666,"y":58.239732137810705,"cluster":1},{"x":301.1289485688571,"y":67.02434886443548,"cluster":1},{"x":303.27563812046833,"y":77.69862417897987,"cluster":1},{"x":450.4319032715033,"y":273.8972021385206,"cluster":2},{"x":460.4245321633501,"y":210.2907003799286,"cluster":2},{"x":379.4677299524159,"y":258.7647381921551,"cluster":2},{"x":437.5602459520943,"y":263.366104279221,"cluster":2},{"x":401.30495860237545,"y":248.3060523391557,"cluster":2},{"x":396.24459764971016,"y":205.3510068825439,"cluster":2},{"x":417.5162951589843,"y":269.1769298698042,"cluster":2},{"x":433.01126488303174,"y":205.62194205642913,"cluster":2},{"x":445.5446224214809,"y":205.31379191205718,"cluster":2},{"x":437.6623130551319,"y":232.86407400947027,"cluster":2},{"x":284.32064819233693,"y":194.2542928600641,"cluster":3},{"x":293.29325045992204,"y":158.54177279908714,"cluster":3},{"x":272.55726846567467,"y":152.02885399076413,"cluster":3},{"x":266.8174530196761,"y":177.75527442795897,"cluster":3},{"x":289.55747823953647,"y":120.71944498830494,"cluster":3},{"x":303.142127323483,"y":158.65142755395928,"cluster":3},{"x":316.566900633141,"y":140.94812463268832,"cluster":3},{"x":293.061367702773,"y":139.54111264293317,"cluster":3},{"x":207.22816772404087,"y":202.67276024493069,"cluster":4},{"x":181.3584214048787,"y":213.74442801772287,"cluster":4},{"x":200.87812457017503,"y":189.65729660931146,"cluster":4},{"x":190.42384405728103,"y":202.6902861056593,"cluster":4},{"x":196.19644139709507,"y":202.4516446082292,"cluster":4},{"x":457.75552262133533,"y":130.73775612571944,"cluster":5},{"x":466.1121886148269,"y":78.89354535698538,"cluster":5},{"x":426.9508492606169,"y":91.64995268358606,"cluster":5},{"x":467.8925923734858,"y":90.59833396594823,"cluster":5},{"x":465.8278348096243,"y":157.52228536648272,"cluster":5},{"x":473.5287522359707,"y":98.71449778948073,"cluster":5},{"x":433.51543359385124,"y":129.6098929508022,"cluster":5},{"x":441.6143844360782,"y":136.44681291166916,"cluster":5},{"x":476.3818025381692,"y":155.4456000059012,"cluster":5},{"x":459.0897538855741,"y":154.27341060376685,"cluster":5},{"x":337.22767454240505,"y":176.32326317525343,"cluster":6},{"x":330.0948451995571,"y":112.51629725032925,"cluster":6},{"x":351.78403225996294,"y":153.42168185769464,"cluster":6},{"x":304.66713589660526,"y":126.67181723024166,"cluster":6},{"x":309.51190347282295,"y":109.83436011025469,"cluster":6},{"x":356.14128214195745,"y":129.40055259898065,"cluster":6},{"x":320.06972021892744,"y":173.8758028397997,"cluster":6},{"x":225.9694012012821,"y":67.86724862328128,"cluster":7},{"x":328.561057159999,"y":163.07675067679034,"cluster":7},{"x":322.76874763870734,"y":119.48862420938735,"cluster":7},{"x":330.365087900369,"y":87.98655939620431,"cluster":7},{"x":288.77264759563525,"y":115.97327045532236,"cluster":7},{"x":330.8758201311357,"y":112.85533570435668,"cluster":7},{"x":320.01837909782887,"y":81.74254285849794,"cluster":7},{"x":306.0544119173161,"y":91.89144827543089,"cluster":7},{"x":233.66841405212736,"y":134.24363895397343,"cluster":7},{"x":238.79041131128534,"y":123.84796752371943,"cluster":7},{"x":381.30488538894696,"y":219.43687233348462,"cluster":8},{"x":390.1294153207621,"y":188.23816548276002,"cluster":8},{"x":422.46432254107225,"y":215.67116805079255,"cluster":8},{"x":354.6872680964692,"y":176.45681911881263,"cluster":8},{"x":425.585241048518,"y":267.9960175714836,"cluster":8},{"x":349.46149591213725,"y":206.028808956168,"cluster":8},{"x":408.6187595102613,"y":212.20688322129513,"cluster":8},{"x":326.3763150435387,"y":260.78788223070825,"cluster":8},{"x":314.2518089925365,"y":244.16901870533968,"cluster":8},{"x":391.0172403247856,"y":195.7347595258458,"cluster":8},{"x":320.81910389074915,"y":181.1284172168309,"cluster":8},{"x":399.69129362405965,"y":215.151179805859,"cluster":8}],"num_clusters":9}