{"title":"cluster-n90-c11-r9-s-5234647896416602497","map_width":500,"map_height":300,"num_leaves":90,"tree":{"leaf":false,"id":178,"left":{"leaf":false,"id":177,"left":{"leaf":false,"id":172,"left":{"leaf":false,"id":97,"left":{"leaf":false,"id":96,"left":{"leaf":false,"id":95,"left":{"leaf":true,"id":7,"label":"7","site_id":7},"right":{"leaf":false,"id":94,"left":{"leaf":false,"id":92,"left":{"leaf":false,"id":91,"left":{"leaf":true,"id":4,"label":"4","site_id":4},"right":{"leaf":true,"id":2,"label":"2","site_id":2}},"right":{"leaf":true,"id":1,"label":"1","site_id":1}},"right":{"leaf":false,"id":90,"left":{"leaf":true,"id":6,"label":"6","site_id":6},"right":{"leaf":true,"id":5,"label":"5","site_id":5}}}},"right":{"leaf":true,"id":8,"label":"8","site_id":8}},"right":{"leaf":false,"id":93,"left":{"leaf":true,"id":0,"label":"0","site_id":0},"right":{"leaf":true,"id":3,"label":"3","site_id":3}}},"right":{"leaf":false,"id":170,"left":{"leaf":false,"id":117,"left":{"leaf":false,"id":116,"left":{"leaf":false,"id":115,"left":{"leaf":true,"id":28,"label":"28","site_id":28},"right":{"leaf":true,"id":29,"label":"29","site_id":29}},"right":{"leaf":true,"id":31,"label":"31","site_id":31}},"right":{"leaf":true,"id":30,"label":"30","site_id":30}},"right":{"leaf":false,"id":114,"left":{"leaf":false,"id":106,"left":{"leaf":true,"id":27,"label":"27","site_id":27},"right":{"leaf":true,"id":24,"label":"24","site_id":24}},"right":{"leaf":false,"id":113,"left":{"leaf":false,"id":112,"left":{"leaf":false,"id":110,"left":{"leaf":false,"id":108,"left":{"leaf":true,"id":22,"label":"22","site_id":22},"right":{"leaf":true,"id":21,"label":"21","site_id":21}},"right":{"leaf":true,"id":23,"label":"23","site_id":23}},"right":{"leaf":false,"id":111,"left":{"leaf":true,"id":20,"label":"20","site_id":20},"right":{"leaf":false,"id":107,"left":{"leaf":true,"id":26,"label":"26","site_id":26},"right":{"leaf":true,"id":19,"label":"19","site_id":19}}}},"right":{"leaf":false,"id":109,"left":{"leaf":true,"id":25,"label":"25","site_id":25},"right":{"leaf":true,"id":18,"label":"18","site_id":18}}}}}},"right":{"leaf":false,"id":130,"left":{"leaf":false,"id":129,"left":{"leaf":false,"id":124,"left":{"leaf":true,"id":46,"label":"46","site_id":46},"right":{"leaf":true,"id":37,"label":"37","site_id":37}},"right":{"leaf":false,"id":128,"left":{"leaf":true,"id":43,"label":"43","site_id":43},"right":{"leaf":false,"id":125,"left":{"leaf":true,"id":38,"label":"38","site_id":38},"right":{"leaf":false,"id":123,"left":{"leaf":true,"id":45,"label":"45","site_id":45},"right":{"leaf":true,"id":44,"label":"44","site_id":44}}}}},"right":{"leaf":false,"id":127,"left":{"leaf":true,"id":40,"label":"40","site_id":40},"right":{"leaf":false,"id":126,"left":{"leaf":false,"id":122,"left":{"leaf":true,"id":41,"label":"41","site_id":41},"right":{"leaf":true,"id":42,"label":"42","site_id":42}},"right":{"leaf":true,"id":39,"label":"39","site_id":39}}}}},"right":{"leaf":false,"id":176,"left":{"leaf":false,"id":174,"left":{"leaf":false,"id":173,"left":{"leaf":false,"id":141,"left":{"leaf":true,"id":47,"label":"47","site_id":47},"right":{"leaf":false,"id":140,"left":{"leaf":false,"id":139,"left":{"leaf":true,"id":50,"label":"50","site_id":50},"right":{"leaf":false,"id":138,"left":{"leaf":false,"id":137,"left":{"leaf":false,"id":135,"left":{"leaf":false,"id":133,"left":{"leaf":true,"id":53,"label":"53","site_id":53},"right":{"leaf":true,"id":56,"label":"56","site_id":56}},"right":{"leaf":true,"id":55,"label":"55","site_id":55}},"right":{"leaf":false,"id":131,"left":{"leaf":true,"id":49,"label":"49","site_id":49},"right":{"leaf":true,"id":51,"label":"51","site_id":51}}},"right":{"leaf":false,"id":136,"left":{"leaf":true,"id":52,"label":"52","site_id":52},"right":{"leaf":false,"id":132,"left":{"leaf":true,"id":57,"label":"57","site_id":57},"right":{"leaf":true,"id":48,"label":"48","site_id":48}}}}},"right":{"leaf":false,"id":134,"left":{"leaf":true,"id":54,"label":"54","site_id":54},"right":{"leaf":true,"id":58,"label":"58","site_id":58}}}},"right":{"leaf":false,"id":168,"left":{"leaf":false,"id":167,"left":{"leaf":true,"id":85,"label":"85","site_id":85},"right":{"leaf":false,"id":166,"left":{"leaf":false,"id":165,"left":{"leaf":false,"id":164,"left":{"leaf":true,"id":88,"label":"88","site_id":88},"right":{"leaf":true,"id":84,"label":"84","site_id":84}},"right":{"leaf":true,"id":89,"label":"89","site_id":89}},"right":{"leaf":true,"id":87,"label":"87","site_id":87}}},"right":{"leaf":true,"id":86,"label":"86","site_id":86}}},"right":{"leaf":false,"id":147,"left":{"leaf":false,"id":146,"left":{"leaf":true,"id":65,"label":"65","site_id":65},"right":{"leaf":false,"id":145,"left":{"leaf":false,"id":144,"left":{"leaf":true,"id":62,"label":"62","site_id":62},"right":{"leaf":true,"id":61,"label":"61","site_id":61}},"right":{"leaf":false,"id":142,"left":{"leaf":true,"id":63,"label":"63","site_id":63},"right":{"leaf":true,"id":59,"label":"59","site_id":59}}}},"right":{"leaf":false,"id":143,"left":{"leaf":true,"id":60,"label":"60","site_id":60},"right":{"leaf":true,"id":64,"label":"64","site_id":64}}}},"right":{"leaf":false,"id":175,"left":{"leaf":false,"id":169,"left":{"leaf":false,"id":105,"left":{"leaf":false,"id":99,"left":{"leaf":true,"id":13,"label":"13","site_id":13},"right":{"leaf":true,"id":16,"label":"16","site_id":16}},"right":{"leaf":false,"id":104,"left":{"leaf":false,"id":103,"left":{"leaf":false,"id":101,"left":{"leaf":true,"id":11,"label":"11","site_id":11},"right":{"leaf":false,"id":98,"left":{"leaf":true,"id":14,"label":"14","site_id":14},"right":{"leaf":true,"id":17,"label":"17","site_id":17}}},"right":{"leaf":false,"id":100,"left":{"leaf":true,"id":10,"label":"10","site_id":10},"right":{"leaf":true,"id":15,"label":"15","site_id":15}}},"right":{"leaf":false,"id":102,"left":{"leaf":true,"id":9,"label":"9","site_id":9},"right":{"leaf":true,"id":12,"label":"12","site_id":12}}}},"right":{"leaf":false,"id":163,"left":{"leaf":false,"id":162,"left":{"leaf":false,"id":158,"left":{"leaf":false,"id":155,"left":{"leaf":true,"id":80,"label":"80","site_id":80},"right":{"leaf":true,"id":74,"label":"74","site_id":74}},"right":{"leaf":false,"id":157,"left":{"leaf":true,"id":82,"label":"82","site_id":82},"right":{"leaf":true,"id":78,"label":"78","site_id":78}}},"right":{"leaf":false,"id":160,"left":{"leaf":false,"id":159,"left":{"leaf":false,"id":154,"left":{"leaf":true,"id":81,"label":"81","site_id":81},"right":{"leaf":true,"id":79,"label":"79","site_id":79}},"right":{"leaf":true,"id":75,"label":"75","site_id":75}},"right":{"leaf":false,"id":156,"left":{"leaf":true,"id":76,"label":"76","site_id":76},"right":{"leaf":true,"id":73,"label":"73","site_id":73}}}},"right":{"leaf":false,"id":161,"left":{"leaf":true,"id":77,"label":"77","site_id":77},"right":{"leaf":true,"id":83,"label":"83","site_id":83}}}},"right":{"leaf":false,"id":171,"left":{"leaf":false,"id":121,"left":{"leaf":false,"id":120,"left":{"leaf":true,"id":36,"label":"36","site_id":36},"right":{"leaf":false,"id":119,"left":{"leaf":true,"id":33,"label":"33","site_id":33},"right":{"leaf":false,"id":118,"left":{"leaf":true,"id":32,"label":"32","site_id":32},"right":{"leaf":true,"id":34,"label":"34","site_id":34}}}},"right":{"leaf":true,"id":35,"label":"35","site_id":35}},"right":{"leaf":false,"id":153,"left":{"leaf":false,"id":152,"left":{"leaf":false,"id":150,"left":{"leaf":true,"id":67,"label":"67","site_id":67},"right":{"leaf":true,"id":70,"label":"70","site_id":70}},"right":{"leaf":false,"id":148,"left":{"leaf":true,"id":66,"label":"66","site_id":66},"right":{"leaf":true,"id":69,"label":"69","site_id":69}}},"right":{"leaf":false,"id":151,"left":{"leaf":true,"id":68,"label":"68","site_id":68},"right":{"leaf":false,"id":149,"left":{"leaf":true,"id":72,"label":"72","site_id":72},"right":{"leaf":true,"id":71,"label":"71","site_id":71}}}}}}}},"num_sites":90,"sites":[{"x":458.8589967686966,"y":156.0624201894764,"cluster":0},{"x":408.1444380839151,"y":114.5865564802027,"cluster":0},{"x":435.5581086882304,"y":108.84417032681992,"cluster":0},{"x":469.19299057230694,"y":151.22282459770258,"cluster":0},{"x":428.3320171528096,"y":90.75846299971494,"cluster":0},{"x":467.1843767382521,"y":140.56450830341728,"cluster":0},{"x":445.0498850442182,"y":108.6919995514333,"cluster":0},{"x":428.36219756871554,"y":115.0864268400221,"cluster":0},{"x":470.44980931868383,"y":113.51100311770077,"cluster":0},{"x":208.0412291878864,"y":194.38374845314172,"cluster":1},{"x":167.9479218470666,"y":204.31383900684762,"cluster":1},{"x":176.9317333699422,"y":237.02349600249454,"cluster":1},{"x":202.7232841473301,"y":203.56590872410132,"cluster":1},{"x":163.799593605868,"y":227.2901882144476,"cluster":1},{"x":163.67534722874998,"y":254.76743101563565,"cluster":1},{"x":172.2138235240786,"y":224.44297792378748,"cluster":1},{"x":136.01934282987622,"y":235.974165146809,"cluster":1},{"x":148.5503179129344,"y":201.53828345037388,"cluster":1},{"x":403.30082898205205,"y":132.29600466353082,"cluster":2},{"x":417.3149259737647,"y":174.30150640867592,"cluster":2},{"x":427.9290517286247,"y":151.44229750899905,"cluster":2},{"x":387.67109250605444,"y":164.50447278808642,"cluster":2},{"x":354.3248717348611,"y":143.02452411782025,"cluster":2},{"x":357.08094246088996,"y":193.30263582116265,"cluster":2},{"x":425.3308557497362,"y":171.95485703341922,"cluster":2},{"x":382.22702353519145,"y":118.61845728741798,"cluster":2},{"x":424.46961810732705,"y":140.53588834853886,"cluster":2},{"x":355.24835488791894,"y":113.46146993887305,"cluster":2},{"x":321.47884969291044,"y":107.94250683484634,"cluster":3},{"x":303.23359659707626,"y":111.5686033543611,"cluster":3},{"x":305.49889172734436,"y":90.88768351533173,"cluster":3},{"x":330.17282634729895,"y":90.80163068056046,"cluster":3},{"x":205.867661494998,"y":136.40270026467414,"cluster":4},{"x":189.819608344441,"y":107.32305728448162,"cluster":4},{"x":181.41907468496916,"y":145.83620071580984,"cluster":4},{"x":218.49063611640932,"y":147.5005978565685,"cluster":4},{"x":222.3388858449991,"y":108.574603860174,"cluster":4},{"x":398.4528047179822,"y":173.84752719207205,"cluster":5},{"x":429.5212617388315,"y":221.35890335919805,"cluster":5},{"x":383.0024803829765,"y":170.36366981975922,"cluster":5},{"x":447.5157231345583,"y":185.28458913546916,"cluster":5},{"x":419.16935291287837,"y":162.04190688450512,"cluster":5},{"x":402.9819134927083,"y":187.71461723085199,"cluster":5},{"x":447.2276364096846,"y":201.702719508872,"cluster":5},{"x":414.00769043428375,"y":173.7217079028933,"cluster":5},{"x":406.77450160026774,"y":214.4954206404074,"cluster":5},{"x":402.1219731872012,"y":161.85981355507255,"cluster":5},{"x":249.2760239572548,"y":115.27821180945855,"cluster":6},{"x":181.32482989860466,"y":128.12531259644203,"cluster":6},{"x":222.18854672960546,"y":145.27341808757697,"cluster":6},{"x":217.9355302683998,"y":140.22618837280987,"cluster":6},{"x":203.85730477709762,"y":141.03483298905715,"cluster":6},{"x":223.86323342375556,"y":128.9383946214445,"cluster":6},{"x":264.4580773741564,"y":143.84475545666186,"cluster":6},{"x":198.39949901010627,"y":179.6296456563635,"cluster":6},{"x":222.6712576556753,"y":158.15191907871775,"cluster":6},{"x":222.21421181340327,"y":108.50565601072734,"cluster":6},{"x":252.95550296624143,"y":137.6489792069624,"cluster":6},{"x":205.4072547342958,"y":182.64614111872797,"cluster":6},{"x":394.75156786480557,"y":203.8456943752689,"cluster":7},{"x":442.49706159522015,"y":179.29543874285216,"cluster":7},{"x":441.40879258300293,"y":193.2367500312702,"cluster":7},{"x":426.1899756907461,"y":204.36137502903046,"cluster":7},{"x":398.27132491410777,"y":208.65128340392175,"cluster":7},{"x":401.028978523661,"y":153.3390320534578,"cluster":7},{"x":440.50744305816625,"y":206.7154039942771,"cluster":7},{"x":171.22525223304183,"y":15.542972844971047,"cluster":8},{"x":154.29229907281254,"y":72.81505870081098,"cluster":8},{"x":167.8047719023544,"y":62.973945611740355,"cluster":8},{"x":162.49171435566677,"y":24.622341654930473,"cluster":8},{"x":118.50330001326122,"y":36.23619552693542,"cluster":8},{"x":137.72586469994556,"y":17.06637601354147,"cluster":8},{"x":153.42385579411015,"y":44.32437165952826,"cluster":8},{"x":222.053908679318,"y":275.52055897150683,"cluster":9},{"x":158.37240472883045,"y":279.9825783604131,"cluster":9},{"x":238.28898487084172,"y":247.81993800385504,"cluster":9},{"x":200.87964550897468,"y":278.019453660889,"cluster":9},{"x":241.35766020783296,"y":255.93777016961428,"cluster":9},{"x":228.68026993845803,"y":280.92503956262624,"cluster":9},{"x":177.99549144652156,"y":243.13292915572026,"cluster":9},{"x":215.5873970941849,"y":270.0462378618878,"cluster":9},{"x":152.45032658685813,"y":248.45680274743083,"cluster":9},{"x":149.70546100011063,"y":259.4681438416265,"cluster":9},{"x":205.18531433841304,"y":248.60575963219952,"cluster":9},{"x":184.25834069010497,"y":37.09521473594785,"cluster":10},{"x":151.52399577138166,"y":22.205114556849807,"cluster":10},{"x":187.2319989541791,"y":72.47765538875868,"cluster":10},{"x":139.70705974084572,"y":44.962560240161984,"cluster":10},{"x":152.79676936128644,"y":60.8545108837006,"cluster":10},{"x":173.7668770249555,"y":49.894673547145246,"cluster":10}],"num_clusters":11}