{"title":"cluster-n95-c11-r6-s-8898505920986121594","map_width":500,"map_height":300,"num_leaves":95,"tree":{"leaf":false,"id":188,"left":{"leaf":false,"id":184,"left":{"leaf":false,"id":180,"left":{"leaf":false,"id":179,"left":{"leaf":false,"id":101,"left":{"leaf":false,"id":100,"left":{"leaf":true,"id":1,"label":"1","site_id":1},"right":{"leaf":false,"id":97,"left":{"leaf":true,"id":6,"label":"6","site_id":6},"right":{"leaf":false,"id":96,"left":{"leaf":true,"id":3,"label":"3","site_id":3},"right":{"leaf":true,"id":4,"label":"4","site_id":4}}}},"right":{"leaf":false,"id":99,"left":{"leaf":true,"id":0,"label":"0","site_id":0},"right":{"leaf":false,"id":98,"left":{"leaf":true,"id":7,"label":"7","site_id":7},"right":{"leaf":false,"id":95,"left":{"leaf":true,"id":2,"label":"2","site_id":2},"right":{"leaf":true,"id":5,"label":"5","site_id":5}}}}},"right":{"leaf":false,"id":122,"left":{"leaf":false,"id":120,"left":{"leaf":true,"id":26,"label":"26","site_id":26},"right":{"leaf":true,"id":24,"label":"24","site_id":24}},"right":{"leaf":false,"id":121,"left":{"leaf":false,"id":117,"left":{"leaf":false,"id":115,"left":{"leaf":true,"id":28,"label":"28","site_id":28},"right":{"leaf":true,"id":27,"label":"27","site_id":27}},"right":{"leaf":true,"id":23,"label":"23","site_id":23}},"right":{"leaf":false,"id":119,"left":{"leaf":true,"id":30,"label":"30","site_id":30},"right":{"leaf":false,"id":118,"left":{"leaf":true,"id":25,"label":"25","site_id":25},"right":{"leaf":false,"id":116,"left":{"leaf":true,"id":29,"label":"29","site_id":29},"right":{"leaf":true,"id":31,"label":"31","site_id":31}}}}}}},"right":{"leaf":false,"id":178,"left":{"leaf":false,"id":176,"left":{"leaf":true,"id":91,"label":"91","site_id":91},"right":{"leaf":true,"id":92,"label":"92","site_id":92}},"right":{"leaf":false,"id":177,"left":{"leaf":true,"id":93,"label":"93","site_id":93},"right":{"leaf":false,"id":175,"left":{"leaf":false,"id":174,"left":{"leaf":true,"id":88,"label":"88","site_id":88},"right":{"leaf":true,"id":94,"label":"94","site_id":94}},"right":{"leaf":false,"id":173,"left":{"leaf":true,"id":89,"label":"89","site_id":89},"right":{"leaf":true,"id":90,"label":"90","site_id":90}}}}}},"right":{"leaf":false,"id":162,"left":{"leaf":false,"id":161,"left":{"leaf":false,"id":159,"left":{"leaf":true,"id":70,"label":"70","site_id":70},"right":{"leaf":true,"id":71,"label":"71","site_id":71}},"right":{"leaf":true,"id":75,"label":"75","site_id":75}},"right":{"leaf":false,"id":160,"left":{"leaf":false,"id":158,"left":{"leaf":false,"id":157,"left":{"leaf":true,"id":72,"label":"72","site_id":72},"right":{"leaf":false,"id":156,"left":{"leaf":true,"id":74,"label":"74","site_id":74},"right":{"leaf":true,"id":73,"label":"73","site_id":73}}},"right":{"leaf":true,"id":69,"label":"69","site_id":69}},"right":{"leaf":true,"id":76,"label":"76","site_id":76}}}},"right":{"leaf":false,"id":187,"left":{"leaf":false,"id":114,"left":{"leaf":false,"id":112,"left":{"leaf":true,"id":20,"label":"20","site_id":20},"right":{"leaf":false,"id":111,"left":{"leaf":true,"id":18,"label":"18","site_id":18},"right":{"leaf":true,"id":21,"label":"21","site_id":21}}},"right":{"leaf":false,"id":113,"left":{"leaf":false,"id":110,"left":{"leaf":true,"id":22,"label":"22","site_id":22},"right":{"leaf":true,"id":19,"label":"19","site_id":19}},"right":{"leaf":true,"id":17,"label":"17","site_id":17}}},"right":{"leaf":false,"id":186,"left":{"leaf":false,"id":182,"left":{"leaf":false,"id":172,"left":{"leaf":false,"id":169,"left":{"leaf":false,"id":167,"left":{"leaf":true,"id":80,"label":"80","site_id":80},"right":{"leaf":false,"id":166,"left":{"leaf":false,"id":165,"left":{"leaf":true,"id":79,"label":"79","site_id":79},"right":{"leaf":true,"id":85,"label":"85","site_id":85}},"right":{"leaf":true,"id":83,"label":"83","site_id":83}}},"right":{"leaf":true,"id":84,"label":"84","site_id":84}},"right":{"leaf":false,"id":171,"left":{"leaf":false,"id":163,"left":{"leaf":true,"id":86,"label":"86","site_id":86},"right":{"leaf":true,"id":78,"label":"78","site_id":78}},"right":{"leaf":false,"id":170,"left":{"leaf":false,"id":168,"left":{"leaf":true,"id":81,"label":"81","site_id":81},"right":{"leaf":true,"id":82,"label":"82","site_id":82}},"right":{"leaf":false,"id":164,"left":{"leaf":true,"id":77,"label":"77","site_id":77},"right":{"leaf":true,"id":87,"label":"87","site_id":87}}}}},"right":{"leaf":false,"id":181,"left":{"leaf":false,"id":109,"left":{"leaf":false,"id":106,"left":{"leaf":false,"id":105,"left":{"leaf":false,"id":104,"left":{"leaf":true,"id":16,"label":"16","site_id":16},"right":{"leaf":true,"id":8,"label":"8","site_id":8}},"right":{"leaf":true,"id":13,"label":"13","site_id":13}},"right":{"leaf":false,"id":103,"left":{"leaf":true,"id":15,"label":"15","site_id":15},"right":{"leaf":true,"id":14,"label":"14","site_id":14}}},"right":{"leaf":false,"id":108,"left":{"leaf":false,"id":107,"left":{"leaf":false,"id":102,"left":{"leaf":true,"id":10,"label":"10","site_id":10},"right":{"leaf":true,"id":9,"label":"9","site_id":9}},"right":{"leaf":true,"id":11,"label":"11","site_id":11}},"right":{"leaf":true,"id":12,"label":"12","site_id":12}}},"right":{"leaf":false,"id":155,"left":{"leaf":false,"id":154,"left":{"leaf":false,"id":152,"left":{"leaf":false,"id":150,"left":{"leaf":true,"id":67,"label":"67","site_id":67},"right":{"leaf":true,"id":66,"label":"66","site_id":66}},"right":{"leaf":false,"id":151,"left":{"leaf":false,"id":149,"left":{"leaf":false,"id":148,"left":{"leaf":true,"id":64,"label":"64","site_id":64},"right":{"leaf":true,"id":62,"label":"62","site_id":62}},"right":{"leaf":true,"id":65,"label":"65","site_id":65}},"right":{"leaf":true,"id":60,"label":"60","site_id":60}}},"right":{"leaf":false,"id":153,"left":{"leaf":true,"id":68,"label":"68","site_id":68},"right":{"leaf":true,"id":61,"label":"61","site_id":61}}},"right":{"leaf":true,"id":63,"label":"63","site_id":63}}}},"right":{"leaf":false,"id":185,"left":{"leaf":false,"id":132,"left":{"leaf":false,"id":129,"left":{"leaf":false,"id":128,"left":{"leaf":true,"id":40,"label":"40","site_id":40},"right":{"leaf":true,"id":34,"label":"34","site_id":34}},"right":{"leaf":false,"id":127,"left":{"leaf":false,"id":126,"left":{"leaf":true,"id":32,"label":"32","site_id":32},"right":{"leaf":false,"id":125,"left":{"leaf":false,"id":124,"left":{"leaf":true,"id":35,"label":"35","site_id":35},"right":{"leaf":true,"id":38,"label":"38","site_id":38}},"right":{"leaf":false,"id":123,"left":{"leaf":true,"id":37,"label":"37","site_id":37},"right":{"leaf":true,"id":41,"label":"41","site_id":41}}}},"right":{"leaf":true,"id":42,"label":"42","site_id":42}}},"right":{"leaf":false,"id":131,"left":{"leaf":true,"id":36,"label":"36","site_id":36},"right":{"leaf":false,"id":130,"left":{"leaf":true,"id":39,"label":"39","site_id":39},"right":{"leaf":true,"id":33,"label":"33","site_id":33}}}},"right":{"leaf":false,"id":183,"left":{"leaf":false,"id":147,"left":{"leaf":false,"id":140,"left":{"leaf":true,"id":59,"label":"59","site_id":59},"right":{"leaf":true,"id":55,"label":"55","site_id":55}},"right":{"leaf":false,"id":146,"left":{"leaf":false,"id":145,"left":{"leaf":false,"id":143,"left":{"leaf":false,"id":142,"left":{"leaf":false,"id":141,"left":{"leaf":true,"id":56,"label":"56","site_id":56},"right":{"leaf":true,"id":54,"label":"54","site_id":54}},"right":{"leaf":true,"id":58,"label":"58","site_id":58}},"right":{"leaf":true,"id":52,"label":"52","site_id":52}},"right":{"leaf":false,"id":144,"left":{"leaf":true,"id":53,"label":"53","site_id":53},"right":{"leaf":true,"id":51,"label":"51","site_id":51}}},"right":{"leaf":true,"id":57,"label":"57","site_id":57}}},"right":{"leaf":false,"id":139,"left":{"leaf":true,"id":44,"label":"44","site_id":44},"right":{"leaf":false,"id":138,"left":{"leaf":false,"id":137,"left":{"leaf":false,"id":136,"left":{"leaf":true,"id":48,"label":"48","site_id":48},"right":{"leaf":true,"id":47,"label":"47","site_id":47}},"right":{"leaf":false,"id":135,"left":{"leaf":true,"id":46,"label":"46","site_id":46},"right":{"leaf":false,"id":133,"left":{"leaf":true,"id":49,"label":"49","site_id":49},"right":{"leaf":true,"id":43,"label":"43","site_id":43}}}},"right":{"leaf":false,"id":134,"left":{"leaf":true,"id":50,"label":"50","site_id":50},"right":{"leaf":true,"id":45,"label":"45","site_id":45}}}}}}}}},"num_sites":95,"sites":[{"x":322.0779372252505,"y":175.40198723720943,"cluster":0},{"x":382.4416785898083,"y":187.29235397753826,"cluster":0},{"x":323.23357410120167,"y":205.6685787943777,"cluster":0},{"x":343.2164215781822,"y":181.02646420631118,"cluster":0},{"x":356.0855657761103,"y":174.8012426846864,"cluster":0},{"x":327.85617581183146,"y":203.15056704545486,"cluster":0},{"x":363.24893738026987,"y":158.48541177912713,"cluster":0},{"x":382.29584223445795,"y":156.44676956011648,"cluster":0},{"x":263.378743448828,"y":223.02457950797574,"cluster":1},{"x":246.92096473659907,"y":180.09565092012792,"cluster":1},{"x":255.48323346048684,"y":171.03969133868785,"cluster":1},{"x":210.25640801928304,"y":165.08695640374378,"cluster":1},{"x":217.37585275076785,"y":204.41151392100582,"cluster":1},{"x":206.21443540637173,"y":230.01957673093338,"cluster":1},{"x":224.7940825366113,"y":224.09035176866487,"cluster":1},{"x":213.0150733955698,"y":188.5523555374491,"cluster":1},{"x":251.60040241045306,"y":229.63366464076122,"cluster":1},{"x":89.20931319666595,"y":282.31155573435115,"cluster":2},{"x":94.73799519323822,"y":269.45026068184967,"cluster":2},{"x":80.57736513236254,"y":240.18489164098355,"cluster":2},{"x":59.70069081946656,"y":245.1817214933151,"cluster":2},{"x":62.523355420731775,"y":280.9037668806401,"cluster":2},{"x":73.66709413536051,"y":247.52455635718752,"cluster":2},{"x":155.69380769713803,"y":108.54887970211566,"cluster":3},{"x":195.75562808746287,"y":153.39351132407478,"cluster":3},{"x":160.8734190538863,"y":156.82560564444526,"cluster":3},{"x":193.88903954922964,"y":148.4842686961676,"cluster":3},{"x":200.71869281450654,"y":122.3653320976233,"cluster":3},{"x":157.0285944324625,"y":169.01661744503315,"cluster":3},{"x":176.047986945595,"y":166.80334395593397,"cluster":3},{"x":145.20928222826362,"y":168.64763440998084,"cluster":3},{"x":181.61585944618278,"y":169.1417396147683,"cluster":3},{"x":432.01908456385735,"y":109.71250262892542,"cluster":4},{"x":421.1209415956569,"y":54.40401776128205,"cluster":4},{"x":371.71842507677536,"y":73.55200363717113,"cluster":4},{"x":379.4400760505421,"y":64.08922701792585,"cluster":4},{"x":412.03971027524284,"y":114.33657009311841,"cluster":4},{"x":422.9035399103101,"y":64.05134916763602,"cluster":4},{"x":426.1375340683468,"y":113.66682523388205,"cluster":4},{"x":390.6895005859186,"y":43.41866019906701,"cluster":4},{"x":431.96385119822753,"y":120.8656524966647,"cluster":4},{"x":387.7167474865208,"y":54.98594408083878,"cluster":4},{"x":397.6551243282661,"y":47.23203658278071,"cluster":4},{"x":457.6514848088335,"y":98.9209614821081,"cluster":5},{"x":400.9217326571571,"y":109.12249892681122,"cluster":5},{"x":450.7137261124299,"y":114.35149161029054,"cluster":5},{"x":420.99801924247083,"y":53.3710010181792,"cluster":5},{"x":450.88760047698486,"y":64.77239073947177,"cluster":5},{"x":421.3034648280575,"y":97.67691401554075,"cluster":5},{"x":435.70246305282865,"y":52.747345594696384,"cluster":5},{"x":446.98833085999485,"y":95.19284383390301,"cluster":5},{"x":316.62000486334625,"y":250.77925594236285,"cluster":6},{"x":369.12119778200315,"y":213.34358037594075,"cluster":6},{"x":317.8114630156699,"y":233.98288007566413,"cluster":6},{"x":345.07348692195933,"y":221.23557252212728,"cluster":6},{"x":375.7071528149914,"y":208.2534519743116,"cluster":6},{"x":340.5723033854079,"y":205.9277582845811,"cluster":6},{"x":326.55890788048237,"y":208.53773808579479,"cluster":6},{"x":323.19766158789156,"y":254.41624260779184,"cluster":6},{"x":366.03026703388326,"y":240.68764902477682,"cluster":6},{"x":464.50242168858307,"y":219.68941136515855,"cluster":7},{"x":470.035063413989,"y":270.36834950817047,"cluster":7},{"x":455.6678223806573,"y":267.94633638963774,"cluster":7},{"x":451.72619237806964,"y":215.2504856841618,"cluster":7},{"x":455.206317041052,"y":252.77438115998712,"cluster":7},{"x":457.94688002118914,"y":219.96187031330302,"cluster":7},{"x":428.47945948603035,"y":217.0698224357303,"cluster":7},{"x":432.8628318242515,"y":214.40236052263248,"cluster":7},{"x":426.31933151806584,"y":245.53284192355878,"cluster":7},{"x":112.3363516217385,"y":152.45529428633992,"cluster":8},{"x":86.30931167583459,"y":140.65327134127378,"cluster":8},{"x":92.37006354331311,"y":161.53760701691542,"cluster":8},{"x":53.502162574802426,"y":176.5629418867189,"cluster":8},{"x":66.20684124393989,"y":146.71127828915266,"cluster":8},{"x":52.90844018930835,"y":125.45290326616902,"cluster":8},{"x":91.35514411003864,"y":154.0891665665342,"cluster":8},{"x":117.73010932741838,"y":165.7216148128947,"cluster":8},{"x":380.3797399719509,"y":197.06027754183825,"cluster":9},{"x":342.57421836056403,"y":236.47152000754892,"cluster":9},{"x":411.50029488099193,"y":227.47315048076482,"cluster":9},{"x":350.8211306974197,"y":192.92400286586744,"cluster":9},{"x":344.1675798205054,"y":151.556157708396,"cluster":9},{"x":344.1946820359438,"y":161.35864840836226,"cluster":9},{"x":420.09288403373927,"y":165.67265802531784,"cluster":9},{"x":408.52581321358423,"y":202.39440843449327,"cluster":9},{"x":433.3312891051868,"y":168.31316530139057,"cluster":9},{"x":351.9988548467635,"y":235.61062264288384,"cluster":9},{"x":393.2045877642212,"y":209.96150620368527,"cluster":9},{"x":207.98146739748157,"y":167.91604894576145,"cluster":10},{"x":204.5247965615514,"y":186.6837677559422,"cluster":10},{"x":212.34188341890325,"y":202.85780653490775,"cluster":10},{"x":226.47555328609886,"y":171.7883997661707,"cluster":10},{"x":227.64969801962468,"y":210.40116941198065,"cluster":10},{"x":188.69921036479607,"y":218.59397151721407,"cluster":10},{"x":190.39593361248905,"y":185.4648176402705,"cluster":10}],"num_clusters":11}