{"title":"cluster-n30-c5-r2-s3977725003942149108","map_width":500,"map_height":300,"num_leaves":30,"tree":{"leaf":false,"id":58,"left":{"leaf":false,"id":55,"left":{"leaf":false,"id":54,"left":{"leaf":true,"id":25,"label":"25","site_id":25},"right":{"leaf":false,"id":53,"left":{"leaf":true,"id":28,"label":"28","site_id":28},"right":{"leaf":false,"id":52,"left":{"leaf":true,"id":27,"label":"27","site_id":27},"right":{"leaf":false,"id":51,"left":{"leaf":true,"id":26,"label":"26","site_id":26},"right":{"leaf":false,"id":50,"left":{"leaf":true,"id":29,"label":"29","site_id":29},"right":{"leaf":true,"id":24,"label":"24","site_id":24}}}}}},"right":{"leaf":false,"id":35,"left":{"leaf":false,"id":34,"left":{"leaf":false,"id":33,"left":{"leaf":false,"id":30,"left":{"leaf":true,"id":3,"label":"3","site_id":3},"right":{"leaf":true,"id":1,"label":"1","site_id":1}},"right":{"leaf":false,"id":31,"left":{"leaf":true,"id":2,"label":"2","site_id":2},"right":{"leaf":true,"id":0,"label":"0","site_id":0}}},"right":{"leaf":false,"id":32,"left":{"leaf":true,"id":5,"label":"5","site_id":5},"right":{"leaf":true,"id":4,"label":"4","site_id":4}}},"right":{"leaf":true,"id":6,"label":"6","site_id":6}}},"right":{"leaf":false,"id":57,"left":{"leaf":false,"id":44,"left":{"leaf":false,"id":43,"left":{"leaf":false,"id":41,"left":{"leaf":false,"id":40,"left":{"leaf":true,"id":16,"label":"16","site_id":16},"right":{"leaf":true,"id":13,"label":"13","site_id":13}},"right":{"leaf":true,"id":15,"label":"15","site_id":15}},"right":{"leaf":true,"id":12,"label":"12","site_id":12}},"right":{"leaf":false,"id":42,"left":{"leaf":true,"id":17,"label":"17","site_id":17},"right":{"leaf":true,"id":14,"label":"14","site_id":14}}},"right":{"leaf":false,"id":56,"left":{"leaf":false,"id":49,"left":{"leaf":true,"id":19,"label":"19","site_id":19},"right":{"leaf":false,"id":48,"left":{"leaf":false,"id":47,"left":{"leaf":false,"id":46,"left":{"leaf":true,"id":18,"label":"18","site_id":18},"right":{"leaf":true,"id":21,"label":"21","site_id":21}},"right":{"leaf":false,"id":45,"left":{"leaf":true,"id":23,"label":"23","site_id":23},"right":{"leaf":true,"id":22,"label":"22","site_id":22}}},"right":{"leaf":true,"id":20,"label":"20","site_id":20}}},"right":{"leaf":false,"id":39,"left":{"leaf":false,"id":38,"left":{"leaf":true,"id":9,"label":"9","site_id":9},"right":{"leaf":false,"id":37,"left":{"leaf":false,"id":36,"left":{"leaf":true,"id":10,"label":"10","site_id":10},"right":{"leaf":true,"id":7,"label":"7","site_id":7}},"right":{"leaf":true,"id":8,"label":"8","site_id":8}}},"right":{"leaf":true,"id":11,"label":"11","site_id":11}}}}},"num_sites":30,"sites":[{"x":361.45519931738994,"y":162.20646203570834,"cluster":0},{"x":390.2356041067093,"y":244.54987823244983,"cluster":0},{"x":441.58104462250424,"y":232.45829824010164,"cluster":0},{"x":404.467411547013,"y":154.99189450266942,"cluster":0},{"x":362.7898508304766,"y":144.44900276259654,"cluster":0},{"x":385.4366192586376,"y":145.1888210149751,"cluster":0},{"x":483.52430992517753,"y":175.73716415232062,"cluster":0},{"x":209.22406380773714,"y":55.06842387367432,"cluster":1},{"x":247.33992892133415,"y":48.883280128815464,"cluster":1},{"x":288.60591335899903,"y":89.83197436346796,"cluster":1},{"x":298.65778702591405,"y":124.42482300597281,"cluster":1},{"x":196.4026267015338,"y":141.97878611041827,"cluster":1},{"x":250.08944042559614,"y":151.66669893332931,"cluster":2},{"x":254.46760943823608,"y":247.84243402781723,"cluster":2},{"x":160.83278308898727,"y":204.7213278859624,"cluster":2},{"x":259.79528932591495,"y":243.73740052015813,"cluster":2},{"x":252.27281807906053,"y":253.37613641581783,"cluster":2},{"x":207.82242119704358,"y":145.53845413881504,"cluster":2},{"x":395.4987266539075,"y":144.24793342964742,"cluster":3},{"x":383.98701050629086,"y":116.42539676658848,"cluster":3},{"x":352.1060261030503,"y":179.14130888969524,"cluster":3},{"x":475.9448583840242,"y":122.57046696646334,"cluster":3},{"x":438.7604147986158,"y":234.49362852280353,"cluster":3},{"x":474.9176979422538,"y":203.23825661283098,"cluster":3},{"x":395.0987879707566,"y":164.64090454122683,"cluster":4},{"x":325.96236160635993,"y":191.74802364443218,"cluster":4},{"x":420.49396585243045,"y":145.3242894535519,"cluster":4},{"x":380.37861219849935,"y":254.58315891442592,"cluster":4},{"x":449.1565728665383,"y":185.84341660946131,"cluster":4},{"x":386.2640673410242,"y":194.55130943905408,"cluster":4}],"num_clusters":5}