{"title":"cluster-n30-c5-r1-s4118605333692038088","map_width":500,"map_height":300,"num_leaves":30,"tree":{"leaf":false,"id":58,"left":{"leaf":false,"id":57,"left":{"leaf":false,"id":32,"left":{"leaf":false,"id":31,"left":{"leaf":true,"id":1,"label":"1","site_id":1},"right":{"leaf":true,"id":3,"label":"3","site_id":3}},"right":{"leaf":false,"id":30,"left":{"leaf":true,"id":2,"label":"2","site_id":2},"right":{"leaf":true,"id":0,"label":"0","site_id":0}}},"right":{"leaf":false,"id":55,"left":{"leaf":false,"id":54,"left":{"leaf":true,"id":29,"label":"29","site_id":29},"right":{"leaf":false,"id":53,"left":{"leaf":true,"id":26,"label":"26","site_id":26},"right":{"leaf":false,"id":52,"left":{"leaf":true,"id":27,"label":"27","site_id":27},"right":{"leaf":true,"id":28,"label":"28","site_id":28}}}},"right":{"leaf":false,"id":45,"left":{"leaf":false,"id":44,"left":{"leaf":true,"id":18,"label":"18","site_id":18},"right":{"leaf":true,"id":14,"label":"14","site_id":14}},"right":{"leaf":false,"id":43,"left":{"leaf":true,"id":11,"label":"11","site_id":11},"right":{"leaf":false,"id":42,"left":{"leaf":false,"id":39,"left":{"leaf":true,"id":16,"label":"16","site_id":16},"right":{"leaf":true,"id":13,"label":"13","site_id":13}},"right":{"leaf":false,"id":41,"left":{"leaf":true,"id":12,"label":"12","site_id":12},"right":{"leaf":false,"id":40,"left":{"leaf":true,"id":17,"label":"17","site_id":17},"right":{"leaf":true,"id":15,"label":"15","site_id":15}}}}}}}},"right":{"leaf":false,"id":56,"left":{"leaf":false,"id":51,"left":{"leaf":false,"id":50,"left":{"leaf":true,"id":21,"label":"21","site_id":21},"right":{"leaf":false,"id":49,"left":{"leaf":false,"id":48,"left":{"leaf":false,"id":47,"left":{"leaf":true,"id":20,"label":"20","site_id":20},"right":{"leaf":true,"id":19,"label":"19","site_id":19}},"right":{"leaf":true,"id":24,"label":"24","site_id":24}},"right":{"leaf":false,"id":46,"left":{"leaf":true,"id":25,"label":"25","site_id":25},"right":{"leaf":true,"id":23,"label":"23","site_id":23}}}},"right":{"leaf":true,"id":22,"label":"22","site_id":22}},"right":{"leaf":false,"id":38,"left":{"leaf":false,"id":36,"left":{"leaf":false,"id":34,"left":{"leaf":true,"id":5,"label":"5","site_id":5},"right":{"leaf":true,"id":8,"label":"8","site_id":8}},"right":{"leaf":false,"id":35,"left":{"leaf":true,"id":10,"label":"10","site_id":10},"right":{"leaf":true,"id":7,"label":"7","site_id":7}}},"right":{"leaf":false,"id":37,"left":{"leaf":false,"id":33,"left":{"leaf":true,"id":4,"label":"4","site_id":4},"right":{"leaf":true,"id":6,"label":"6","site_id":6}},"right":{"leaf":true,"id":9,"label":"9","site_id":9}}}}},"num_sites":30,"sites":[{"x":376.4068859177448,"y":213.3526380710591,"cluster":0},{"x":384.35458622149656,"y":256.7590351246008,"cluster":0},{"x":420.097682473167,"y":222.35471439384713,"cluster":0},{"x":363.4718790793185,"y":249.17730115770868,"cluster":0},{"x":323.03696057193014,"y":44.80760565335943,"cluster":1},{"x":451.7663040806098,"y":151.27171801287858,"cluster":1},{"x":330.08710834087947,"y":115.67272819172283,"cluster":1},{"x":329.2517254158914,"y":106.43796607540571,"cluster":1},{"x":461.7380445851646,"y":203.19868280206228,"cluster":1},{"x":434.0817832200698,"y":48.45762419189617,"cluster":1},{"x":354.1933932002934,"y":148.13487647978025,"cluster":1},{"x":186.32212846290605,"y":283.98542889645415,"cluster":2},{"x":60.45464287299359,"y":269.19724447145467,"cluster":2},{"x":54.54272929715367,"y":105.52326121495155,"cluster":2},{"x":196.57797625635942,"y":183.04961863246203,"cluster":2},{"x":16.543146751865407,"y":118.512937910413,"cluster":2},{"x":86.96696376178357,"y":149.39349190745966,"cluster":2},{"x":158.60228600426206,"y":256.9747087393198,"cluster":2},{"x":81.86212440212361,"y":72.94947324077731,"cluster":2},{"x":234.7086729294075,"y":106.1179711462151,"cluster":3},{"x":223.68936111495734,"y":32.872483112053615,"cluster":3},{"x":184.0594619835594,"y":136.2989834780448,"cluster":3},{"x":179.54352003362524,"y":51.65458884720739,"cluster":3},{"x":261.19667350479995,"y":118.09497952582817,"cluster":3},{"x":176.60816615572182,"y":112.35033108550809,"cluster":3},{"x":242.85123382293028,"y":216.23782307118807,"cluster":3},{"x":95.87908807679463,"y":102.32442221551827,"cluster":4},{"x":75.20125436198319,"y":35.52671848659951,"cluster":4},{"x":19.20623188016185,"y":75.86047552037043,"cluster":4},{"x":44.357363650057906,"y":59.9028890952499,"cluster":4}],"num_clusters":5}