{"title":"cluster-n85-c10-r8-s8925263588453694120","map_width":500,"map_height":300,"num_leaves":85,"tree":{"leaf":false,"id":168,"left":{"leaf":false,"id":167,"left":{"leaf":false,"id":163,"left":{"leaf":false,"id":103,"left":{"leaf":false,"id":101,"left":{"leaf":false,"id":99,"left":{"leaf":false,"id":97,"left":{"leaf":true,"id":17,"label":"17","site_id":17},"right":{"leaf":true,"id":18,"label":"18","site_id":18}},"right":{"leaf":false,"id":98,"left":{"leaf":true,"id":20,"label":"20","site_id":20},"right":{"leaf":true,"id":15,"label":"15","site_id":15}}},"right":{"leaf":true,"id":21,"label":"21","site_id":21}},"right":{"leaf":false,"id":102,"left":{"leaf":false,"id":100,"left":{"leaf":true,"id":16,"label":"16","site_id":16},"right":{"leaf":true,"id":14,"label":"14","site_id":14}},"right":{"leaf":true,"id":19,"label":"19","site_id":19}}},"right":{"leaf":false,"id":123,"left":{"leaf":false,"id":122,"left":{"leaf":false,"id":119,"left":{"leaf":false,"id":117,"left":{"leaf":true,"id":39,"label":"39","site_id":39},"right":{"leaf":true,"id":43,"label":"43","site_id":43}},"right":{"leaf":true,"id":38,"label":"38","site_id":38}},"right":{"leaf":false,"id":121,"left":{"leaf":true,"id":36,"label":"36","site_id":36},"right":{"leaf":true,"id":35,"label":"35","site_id":35}}},"right":{"leaf":false,"id":120,"left":{"leaf":false,"id":116,"left":{"leaf":true,"id":41,"label":"41","site_id":41},"right":{"leaf":true,"id":40,"label":"40","site_id":40}},"right":{"leaf":false,"id":118,"left":{"leaf":true,"id":37,"label":"37","site_id":37},"right":{"leaf":true,"id":42,"label":"42","site_id":42}}}}},"right":{"leaf":false,"id":131,"left":{"leaf":false,"id":130,"left":{"leaf":false,"id":127,"left":{"leaf":true,"id":45,"label":"45","site_id":45},"right":{"leaf":false,"id":126,"left":{"leaf":true,"id":46,"label":"46","site_id":46},"right":{"leaf":false,"id":125,"left":{"leaf":true,"id":48,"label":"48","site_id":48},"right":{"leaf":true,"id":49,"label":"49","site_id":49}}}},"right":{"leaf":false,"id":129,"left":{"leaf":false,"id":128,"left":{"leaf":false,"id":124,"left":{"leaf":true,"id":50,"label":"50","site_id":50},"right":{"leaf":true,"id":52,"label":"52","site_id":52}},"right":{"leaf":true,"id":44,"label":"44","site_id":44}},"right":{"leaf":true,"id":47,"label":"47","site_id":47}}},"right":{"leaf":true,"id":51,"label":"51","site_id":51}}},"right":{"leaf":false,"id":166,"left":{"leaf":false,"id":164,"left":{"leaf":false,"id":162,"left":{"leaf":false,"id":160,"left":{"leaf":false,"id":140,"left":{"leaf":false,"id":136,"left":{"leaf":false,"id":135,"left":{"leaf":false,"id":133,"left":{"leaf":true,"id":58,"label":"58","site_id":58},"right":{"leaf":true,"id":57,"label":"57","site_id":57}},"right":{"leaf":false,"id":134,"left":{"leaf":true,"id":54,"label":"54","site_id":54},"right":{"leaf":false,"id":132,"left":{"leaf":true,"id":61,"label":"61","site_id":61},"right":{"leaf":true,"id":62,"label":"62","site_id":62}}}},"right":{"leaf":true,"id":59,"label":"59","site_id":59}},"right":{"leaf":false,"id":139,"left":{"leaf":true,"id":60,"label":"60","site_id":60},"right":{"leaf":false,"id":138,"left":{"leaf":false,"id":137,"left":{"leaf":true,"id":56,"label":"56","site_id":56},"right":{"leaf":true,"id":55,"label":"55","site_id":55}},"right":{"leaf":true,"id":53,"label":"53","site_id":53}}}},"right":{"leaf":false,"id":90,"left":{"leaf":false,"id":89,"left":{"leaf":false,"id":88,"left":{"leaf":true,"id":0,"label":"0","site_id":0},"right":{"leaf":false,"id":87,"left":{"leaf":true,"id":5,"label":"5","site_id":5},"right":{"leaf":false,"id":86,"left":{"leaf":false,"id":85,"left":{"leaf":true,"id":6,"label":"6","site_id":6},"right":{"leaf":true,"id":1,"label":"1","site_id":1}},"right":{"leaf":true,"id":4,"label":"4","site_id":4}}}},"right":{"leaf":true,"id":3,"label":"3","site_id":3}},"right":{"leaf":true,"id":2,"label":"2","site_id":2}}},"right":{"leaf":false,"id":115,"left":{"leaf":false,"id":110,"left":{"leaf":false,"id":107,"left":{"leaf":true,"id":24,"label":"24","site_id":24},"right":{"leaf":true,"id":22,"label":"22","site_id":22}},"right":{"leaf":true,"id":31,"label":"31","site_id":31}},"right":{"leaf":false,"id":114,"left":{"leaf":false,"id":111,"left":{"leaf":true,"id":26,"label":"26","site_id":26},"right":{"leaf":false,"id":109,"left":{"leaf":false,"id":104,"left":{"leaf":true,"id":33,"label":"33","site_id":33},"right":{"leaf":true,"id":28,"label":"28","site_id":28}},"right":{"leaf":false,"id":108,"left":{"leaf":true,"id":29,"label":"29","site_id":29},"right":{"leaf":true,"id":32,"label":"32","site_id":32}}}},"right":{"leaf":false,"id":113,"left":{"leaf":false,"id":112,"left":{"leaf":false,"id":106,"left":{"leaf":false,"id":105,"left":{"leaf":true,"id":23,"label":"23","site_id":23},"right":{"leaf":true,"id":30,"label":"30","site_id":30}},"right":{"leaf":true,"id":25,"label":"25","site_id":25}},"right":{"leaf":true,"id":34,"label":"34","site_id":34}},"right":{"leaf":true,"id":27,"label":"27","site_id":27}}}}},"right":{"leaf":false,"id":159,"left":{"leaf":false,"id":158,"left":{"leaf":true,"id":83,"label":"83","site_id":83},"right":{"leaf":false,"id":157,"left":{"leaf":true,"id":81,"label":"81","site_id":81},"right":{"leaf":true,"id":82,"label":"82","site_id":82}}},"right":{"leaf":true,"id":84,"label":"84","site_id":84}}},"right":{"leaf":false,"id":165,"left":{"leaf":false,"id":96,"left":{"leaf":false,"id":95,"left":{"leaf":false,"id":94,"left":{"leaf":false,"id":91,"left":{"leaf":true,"id":10,"label":"10","site_id":10},"right":{"leaf":true,"id":11,"label":"11","site_id":11}},"right":{"leaf":true,"id":13,"label":"13","site_id":13}},"right":{"leaf":false,"id":92,"left":{"leaf":true,"id":12,"label":"12","site_id":12},"right":{"leaf":true,"id":9,"label":"9","site_id":9}}},"right":{"leaf":false,"id":93,"left":{"leaf":true,"id":8,"label":"8","site_id":8},"right":{"leaf":true,"id":7,"label":"7","site_id":7}}},"right":{"leaf":false,"id":161,"left":{"leaf":false,"id":149,"left":{"leaf":false,"id":148,"left":{"leaf":true,"id":72,"label":"72","site_id":72},"right":{"leaf":false,"id":146,"left":{"leaf":false,"id":142,"left":{"leaf":false,"id":141,"left":{"leaf":true,"id":68,"label":"68","site_id":68},"right":{"leaf":true,"id":66,"label":"66","site_id":66}},"right":{"leaf":true,"id":63,"label":"63","site_id":63}},"right":{"leaf":false,"id":145,"left":{"leaf":true,"id":64,"label":"64","site_id":64},"right":{"leaf":true,"id":69,"label":"69","site_id":69}}}},"right":{"leaf":false,"id":147,"left":{"leaf":true,"id":67,"label":"67","site_id":67},"right":{"leaf":false,"id":144,"left":{"leaf":false,"id":143,"left":{"leaf":true,"id":71,"label":"71","site_id":71},"right":{"leaf":true,"id":65,"label":"65","site_id":65}},"right":{"leaf":true,"id":70,"label":"70","site_id":70}}}},"right":{"leaf":false,"id":156,"left":{"leaf":true,"id":78,"label":"78","site_id":78},"right":{"leaf":false,"id":155,"left":{"leaf":true,"id":77,"label":"77","site_id":77},"right":{"leaf":false,"id":154,"left":{"leaf":false,"id":153,"left":{"leaf":true,"id":79,"label":"79","site_id":79},"right":{"leaf":false,"id":152,"left":{"leaf":true,"id":76,"label":"76","site_id":76},"right":{"leaf":false,"id":150,"left":{"leaf":true,"id":75,"label":"75","site_id":75},"right":{"leaf":true,"id":74,"label":"74","site_id":74}}}},"right":{"leaf":false,"id":151,"left":{"leaf":true,"id":73,"label":"73","site_id":73},"right":{"leaf":true,"id":80,"label":"80","site_id":80}}}}}}}}},"num_sites":85,"sites":[{"x":228.7409843784406,"y":179.96134308004224,"cluster":0},{"x":223.6727621468321,"y":154.36038239776326,"cluster":0},{"x":187.2725130310683,"y":150.1762289753527,"cluster":0},{"x":188.30734189224452,"y":171.15101219257198,"cluster":0},{"x":231.0271774263981,"y":155.09465007440954,"cluster":0},{"x":203.29955917259298,"y":178.8917643322547,"cluster":0},{"x":234.87615667864554,"y":191.73778886336126,"cluster":0},{"x":73.00908477403455,"y":256.90814347955353,"cluster":1},{"x":69.26350181927226,"y":245.25537136600505,"cluster":1},{"x":69.13001282638976,"y":251.3326075194086,"cluster":1},{"x":108.13611979229329,"y":224.09586806409604,"cluster":1},{"x":80.09667060860039,"y":264.11783236067674,"cluster":1},{"x":92.82536861943899,"y":270.03826964690677,"cluster":1},{"x":72.51662696182764,"y":232.69451930020884,"cluster":1},{"x":379.8426995505682,"y":221.5544886569623,"cluster":2},{"x":399.5662192253042,"y":209.7885831232941,"cluster":2},{"x":380.564515713328,"y":235.2848528161233,"cluster":2},{"x":426.94285752917256,"y":261.5083649429203,"cluster":2},{"x":401.0310515212983,"y":202.66128773025846,"cluster":2},{"x":438.9505226152723,"y":258.8257339329761,"cluster":2},{"x":375.79767661499034,"y":213.11014848207952,"cluster":2},{"x":411.53796940814493,"y":204.6391022464369,"cluster":2},{"x":199.93524586854272,"y":186.89412509635486,"cluster":3},{"x":136.59602806635786,"y":92.92837207959396,"cluster":3},{"x":206.42093346567904,"y":190.3555162425648,"cluster":3},{"x":152.37115608643256,"y":124.5471793021753,"cluster":3},{"x":142.20389197012997,"y":93.51586193882181,"cluster":3},{"x":231.66679451964418,"y":127.91441513052726,"cluster":3},{"x":157.08452253431057,"y":183.5334525903833,"cluster":3},{"x":170.9882893052684,"y":183.65624295134344,"cluster":3},{"x":212.26275346512537,"y":139.34979525421159,"cluster":3},{"x":218.97334037397815,"y":171.29325847712335,"cluster":3},{"x":207.4887526657633,"y":82.62147723126166,"cluster":3},{"x":181.63048049663254,"y":147.13386479586825,"cluster":3},{"x":215.5581556950367,"y":76.44964496712014,"cluster":3},{"x":430.6741280809047,"y":181.2419679373052,"cluster":4},{"x":478.30850720354795,"y":137.3563621564963,"cluster":4},{"x":462.3054129473435,"y":158.38979223378942,"cluster":4},{"x":467.9897065799314,"y":135.81291319325751,"cluster":4},{"x":440.66972585379887,"y":181.79310408760526,"cluster":4},{"x":454.83896561438064,"y":164.05910328876203,"cluster":4},{"x":483.88693474851294,"y":130.62579784614422,"cluster":4},{"x":482.83248741521834,"y":118.82919447062397,"cluster":4},{"x":437.3081581705831,"y":168.653450995411,"cluster":4},{"x":64.17877890453673,"y":50.778292272387105,"cluster":5},{"x":87.29056817661107,"y":75.73047658290145,"cluster":5},{"x":63.05511268987104,"y":84.47546466928686,"cluster":5},{"x":55.27655101936195,"y":47.78161346835294,"cluster":5},{"x":74.14427934922104,"y":94.27604153549497,"cluster":5},{"x":55.48805424495461,"y":81.78758260762521,"cluster":5},{"x":80.62782482635255,"y":24.740708896304305,"cluster":5},{"x":106.0298601223161,"y":38.14486089569796,"cluster":5},{"x":36.14346079141354,"y":82.02906554410694,"cluster":5},{"x":200.2135989529406,"y":139.89235604672228,"cluster":6},{"x":222.82932651150392,"y":185.50457558821586,"cluster":6},{"x":278.72350149875274,"y":135.84117676098754,"cluster":6},{"x":209.31883672254216,"y":146.3613225093199,"cluster":6},{"x":214.23355907417044,"y":196.09277086514447,"cluster":6},{"x":224.10119472726157,"y":206.34953091690437,"cluster":6},{"x":222.77646425623763,"y":172.94365646983894,"cluster":6},{"x":212.80787951088303,"y":187.35532025672575,"cluster":6},{"x":266.99147092275393,"y":196.51817964818434,"cluster":6},{"x":206.06513905351545,"y":205.34207486727175,"cluster":6},{"x":169.16233118078762,"y":278.80722916246896,"cluster":7},{"x":173.6665810412889,"y":250.4985821275921,"cluster":7},{"x":165.26063872454947,"y":242.6615207827718,"cluster":7},{"x":201.88238658558365,"y":233.30451662093077,"cluster":7},{"x":223.07328853357723,"y":284.86155028190956,"cluster":7},{"x":170.1739523383023,"y":266.2096978373466,"cluster":7},{"x":176.10600512213395,"y":234.29496021027117,"cluster":7},{"x":245.02650088836145,"y":200.35712460433626,"cluster":7},{"x":225.1195731102534,"y":206.20719252883234,"cluster":7},{"x":152.21038726627182,"y":264.30575228054283,"cluster":7},{"x":276.51589872894306,"y":239.1869815770908,"cluster":8},{"x":208.2154040714861,"y":233.7111396218752,"cluster":8},{"x":240.42020978124822,"y":260.9457492205752,"cluster":8},{"x":213.81754440217037,"y":189.40473930618484,"cluster":8},{"x":270.47087184448935,"y":253.85661086146615,"cluster":8},{"x":210.16069983037139,"y":200.109352139209,"cluster":8},{"x":253.89371842557344,"y":233.6433554349279,"cluster":8},{"x":268.92614055081475,"y":239.192830170816,"cluster":8},{"x":167.9107660150403,"y":69.54615454933916,"cluster":9},{"x":197.6913785857213,"y":71.64360394465041,"cluster":9},{"x":194.15315634392863,"y":101.12339171167818,"cluster":9},{"x":163.2295305648523,"y":96.5821015978909,"cluster":9}],"num_clusters":10}