{"title":"cluster-n50-c7-r9-s-2159917000513420551","map_width":500,"map_height":300,"num_leaves":50,"tree":{"leaf":false,"id":98,"left":{"leaf":false,"id":96,"left":{"leaf":false,"id":95,"left":{"leaf":false,"id":93,"left":{"leaf":false,"id":72,"left":{"leaf":false,"id":71,"left":{"leaf":false,"id":69,"left":{"leaf":true,"id":24,"label":"24","site_id":24},"right":{"leaf":false,"id":68,"left":{"leaf":true,"id":25,"label":"25","site_id":25},"right":{"leaf":true,"id":21,"label":"21","site_id":21}}},"right":{"leaf":false,"id":70,"left":{"leaf":true,"id":22,"label":"22","site_id":22},"right":{"leaf":true,"id":23,"label":"23","site_id":23}}},"right":{"leaf":true,"id":20,"label":"20","site_id":20}},"right":{"leaf":false,"id":92,"left":{"leaf":false,"id":91,"left":{"leaf":true,"id":43,"label":"43","site_id":43},"right":{"leaf":false,"id":89,"left":{"leaf":false,"id":88,"left":{"leaf":true,"id":48,"label":"48","site_id":48},"right":{"leaf":true,"id":47,"label":"47","site_id":47}},"right":{"leaf":true,"id":46,"label":"46","site_id":46}}},"right":{"leaf":false,"id":90,"left":{"leaf":true,"id":45,"label":"45","site_id":45},"right":{"leaf":false,"id":87,"left":{"leaf":true,"id":49,"label":"49","site_id":49},"right":{"leaf":true,"id":44,"label":"44","site_id":44}}}}},"right":{"leaf":false,"id":76,"left":{"leaf":false,"id":75,"left":{"leaf":false,"id":74,"left":{"leaf":false,"id":73,"left":{"leaf":true,"id":28,"label":"28","site_id":28},"right":{"leaf":true,"id":27,"label":"27","site_id":27}},"right":{"leaf":true,"id":30,"label":"30","site_id":30}},"right":{"leaf":true,"id":29,"label":"29","site_id":29}},"right":{"leaf":true,"id":26,"label":"26","site_id":26}}},"right":{"leaf":false,"id":94,"left":{"leaf":false,"id":86,"left":{"leaf":false,"id":84,"left":{"leaf":true,"id":42,"label":"42","site_id":42},"right":{"leaf":true,"id":39,"label":"39","site_id":39}},"right":{"leaf":false,"id":85,"left":{"leaf":false,"id":83,"left":{"leaf":true,"id":36,"label":"36","site_id":36},"right":{"leaf":false,"id":82,"left":{"leaf":true,"id":41,"label":"41","site_id":41},"right":{"leaf":false,"id":81,"left":{"leaf":true,"id":40,"label":"40","site_id":40},"right":{"leaf":true,"id":38,"label":"38","site_id":38}}}},"right":{"leaf":true,"id":37,"label":"37","site_id":37}}},"right":{"leaf":false,"id":80,"left":{"leaf":false,"id":78,"left":{"leaf":true,"id":34,"label":"34","site_id":34},"right":{"leaf":false,"id":77,"left":{"leaf":true,"id":31,"label":"31","site_id":31},"right":{"leaf":true,"id":32,"label":"32","site_id":32}}},"right":{"leaf":false,"id":79,"left":{"leaf":true,"id":35,"label":"35","site_id":35},"right":{"leaf":true,"id":33,"label":"33","site_id":33}}}}},"right":{"leaf":false,"id":97,"left":{"leaf":false,"id":67,"left":{"leaf":false,"id":61,"left":{"leaf":false,"id":60,"left":{"leaf":false,"id":57,"left":{"leaf":true,"id":19,"label":"19","site_id":19},"right":{"leaf":true,"id":8,"label":"8","site_id":8}},"right":{"leaf":false,"id":58,"left":{"leaf":true,"id":10,"label":"10","site_id":10},"right":{"leaf":true,"id":14,"label":"14","site_id":14}}},"right":{"leaf":true,"id":11,"label":"11","site_id":11}},"right":{"leaf":false,"id":66,"left":{"leaf":false,"id":65,"left":{"leaf":false,"id":64,"left":{"leaf":true,"id":15,"label":"15","site_id":15},"right":{"leaf":false,"id":59,"left":{"leaf":true,"id":17,"label":"17","site_id":17},"right":{"leaf":true,"id":9,"label":"9","site_id":9}}},"right":{"leaf":true,"id":13,"label":"13","site_id":13}},"right":{"leaf":false,"id":63,"left":{"leaf":true,"id":16,"label":"16","site_id":16},"right":{"leaf":false,"id":62,"left":{"leaf":true,"id":12,"label":"12","site_id":12},"right":{"leaf":false,"id":56,"left":{"leaf":true,"id":7,"label":"7","site_id":7},"right":{"leaf":true,"id":18,"label":"18","site_id":18}}}}}},"right":{"leaf":false,"id":55,"left":{"leaf":false,"id":53,"left":{"leaf":true,"id":0,"label":"0","site_id":0},"right":{"leaf":true,"id":5,"label":"5","site_id":5}},"right":{"leaf":false,"id":54,"left":{"leaf":false,"id":52,"left":{"leaf":true,"id":6,"label":"6","site_id":6},"right":{"leaf":false,"id":51,"left":{"leaf":true,"id":1,"label":"1","site_id":1},"right":{"leaf":false,"id":50,"left":{"leaf":true,"id":2,"label":"2","site_id":2},"right":{"leaf":true,"id":4,"label":"4","site_id":4}}}},"right":{"leaf":true,"id":3,"label":"3","site_id":3}}}}},"num_sites":50,"sites":[{"x":100.08080511053808,"y":165.91741961707086,"cluster":0},{"x":33.98380852180061,"y":115.45216568873407,"cluster":0},{"x":72.16215697119964,"y":67.97687915904925,"cluster":0},{"x":33.58154032514473,"y":149.01326475989964,"cluster":0},{"x":88.21640012574926,"y":127.79886861485916,"cluster":0},{"x":30.254999988321227,"y":173.53815402135223,"cluster":0},{"x":55.95658173950323,"y":89.05196342368615,"cluster":0},{"x":105.81466792845768,"y":243.55813351529787,"cluster":1},{"x":223.37573685039607,"y":192.6741977027976,"cluster":1},{"x":262.1733981637461,"y":235.15161253579967,"cluster":1},{"x":140.8854633619189,"y":124.23002889096335,"cluster":1},{"x":144.61838479230002,"y":210.5456315640813,"cluster":1},{"x":157.73701014705455,"y":246.10801608905547,"cluster":1},{"x":144.90017471768488,"y":134.18498000341873,"cluster":1},{"x":98.03175912326827,"y":153.24259220895527,"cluster":1},{"x":177.4924585920659,"y":233.5655135704336,"cluster":1},{"x":103.41882400911143,"y":284.7181366079883,"cluster":1},{"x":284.60812396638147,"y":231.9106702379482,"cluster":1},{"x":98.16310669901334,"y":270.54240956092895,"cluster":1},{"x":194.24932353994524,"y":201.83158748366318,"cluster":1},{"x":351.94257887772653,"y":180.63719493577452,"cluster":2},{"x":336.32447594306274,"y":223.07702295410334,"cluster":2},{"x":303.46094046340176,"y":226.01630842253365,"cluster":2},{"x":330.0270212050589,"y":264.6330717337785,"cluster":2},{"x":361.822987545278,"y":180.01203581886284,"cluster":2},{"x":309.21435395930234,"y":215.8895939440033,"cluster":2},{"x":61.84352468997674,"y":121.9587878705197,"cluster":3},{"x":101.42023958482712,"y":141.51438299164897,"cluster":3},{"x":75.77802100725454,"y":148.2373205437792,"cluster":3},{"x":99.97719690127319,"y":174.85975524224105,"cluster":3},{"x":88.0681178010991,"y":136.02352794248148,"cluster":3},{"x":474.62363481188476,"y":194.2357756280111,"cluster":4},{"x":411.3569406019962,"y":188.19426456900857,"cluster":4},{"x":410.2314104014141,"y":221.0192755507083,"cluster":4},{"x":420.21169757255194,"y":231.30291208974353,"cluster":4},{"x":468.2054416994512,"y":245.3111643931299,"cluster":4},{"x":247.6514703552502,"y":166.22156373698098,"cluster":5},{"x":244.86019467638775,"y":216.86455033465663,"cluster":5},{"x":203.11063428999182,"y":144.33067489500917,"cluster":5},{"x":306.84273686255585,"y":204.0306509263518,"cluster":5},{"x":203.01985969712044,"y":154.82006166690638,"cluster":5},{"x":254.0009149904525,"y":165.1192967476093,"cluster":5},{"x":270.0236079025328,"y":220.8729508090895,"cluster":5},{"x":452.56704381627344,"y":277.181394971661,"cluster":6},{"x":466.9004572484086,"y":264.53648839162213,"cluster":6},{"x":455.99576838721583,"y":213.42942374238447,"cluster":6},{"x":477.23086718661415,"y":184.2448411573291,"cluster":6},{"x":471.03240602097065,"y":218.5483480828425,"cluster":6},{"x":481.6468339146479,"y":284.809854561697,"cluster":6},{"x":444.02918081967,"y":257.6419746756952,"cluster":6}],"num_clusters":7}