{"title":"cluster-n25-c4-r5-s-6955770901250213415","map_width":500,"map_height":300,"num_leaves":25,"tree":{"leaf":false,"id":48,"left":{"leaf":false,"id":47,"left":{"leaf":false,"id":46,"left":{"leaf":false,"id":35,"left":{"leaf":true,"id":8,"label":"8","site_id":8},"right":{"leaf":false,"id":34,"left":{"leaf":true,"id":6,"label":"6","site_id":6},"right":{"leaf":false,"id":33,"left":{"leaf":true,"id":9,"label":"9","site_id":9},"right":{"leaf":false,"id":32,"left":{"leaf":false,"id":31,"left":{"leaf":true,"id":7,"label":"7","site_id":7},"right":{"leaf":false,"id":30,"left":{"leaf":true,"id":10,"label":"10","site_id":10},"right":{"leaf":true,"id":12,"label":"12","site_id":12}}},"right":{"leaf":true,"id":11,"label":"11","site_id":11}}}}},"right":{"leaf":false,"id":29,"left":{"leaf":false,"id":25,"left":{"leaf":true,"id":2,"label":"2","site_id":2},"right":{"leaf":true,"id":3,"label":"3","site_id":3}},"right":{"leaf":false,"id":28,"left":{"leaf":false,"id":26,"left":{"leaf":true,"id":4,"label":"4","site_id":4},"right":{"leaf":true,"id":1,"label":"1","site_id":1}},"right":{"leaf":false,"id":27,"left":{"leaf":true,"id":0,"label":"0","site_id":0},"right":{"leaf":true,"id":5,"label":"5","site_id":5}}}}},"right":{"leaf":false,"id":45,"left":{"leaf":true,"id":21,"label":"21","site_id":21},"right":{"leaf":false,"id":44,"left":{"leaf":false,"id":42,"left":{"leaf":true,"id":20,"label":"20","site_id":20},"right":{"leaf":true,"id":24,"label":"24","site_id":24}},"right":{"leaf":false,"id":43,"left":{"leaf":true,"id":23,"label":"23","site_id":23},"right":{"leaf":true,"id":22,"label":"22","site_id":22}}}}},"right":{"leaf":false,"id":41,"left":{"leaf":true,"id":13,"label":"13","site_id":13},"right":{"leaf":false,"id":40,"left":{"leaf":false,"id":39,"left":{"leaf":true,"id":19,"label":"19","site_id":19},"right":{"leaf":true,"id":15,"label":"15","site_id":15}},"right":{"leaf":false,"id":38,"left":{"leaf":false,"id":37,"left":{"leaf":true,"id":18,"label":"18","site_id":18},"right":{"leaf":true,"id":16,"label":"16","site_id":16}},"right":{"leaf":false,"id":36,"left":{"leaf":true,"id":14,"label":"14","site_id":14},"right":{"leaf":true,"id":17,"label":"17","site_id":17}}}}}},"num_sites":25,"sites":[{"x":97.76067257789532,"y":53.15753964352541,"cluster":0},{"x":116.28131814370568,"y":118.07667297594195,"cluster":0},{"x":122.91492155899246,"y":151.66921794034346,"cluster":0},{"x":258.3293763980468,"y":16.999334036998548,"cluster":0},{"x":153.9747437552883,"y":103.18190074578615,"cluster":0},{"x":142.4540037214685,"y":32.951375795107836,"cluster":0},{"x":137.7560563922937,"y":228.5430014609309,"cluster":1},{"x":192.7303920578021,"y":247.79641688458423,"cluster":1},{"x":314.9527478306154,"y":155.25353883726228,"cluster":1},{"x":256.3282661355368,"y":137.4887012103565,"cluster":1},{"x":160.10407630159614,"y":209.69040664297714,"cluster":1},{"x":227.53633332073082,"y":278.02204588158753,"cluster":1},{"x":232.44724362665434,"y":242.9530743660602,"cluster":1},{"x":314.1661202139348,"y":258.2232797478251,"cluster":2},{"x":469.2027250366819,"y":175.23487149423568,"cluster":2},{"x":337.2754514826608,"y":185.62816764116567,"cluster":2},{"x":431.1951735854896,"y":176.98863307176043,"cluster":2},{"x":465.48007009714456,"y":169.2738217242254,"cluster":2},{"x":454.980088366945,"y":163.30995813196773,"cluster":2},{"x":439.40514179606777,"y":223.83345079755216,"cluster":2},{"x":360.7289912707236,"y":168.7150165076612,"cluster":3},{"x":395.86937675177177,"y":171.8630610850529,"cluster":3},{"x":380.3460846793619,"y":224.2429752425043,"cluster":3},{"x":258.00767053580387,"y":177.5961458181318,"cluster":3},{"x":351.6470091706719,"y":138.1760078424398,"cluster":3}],"num_clusters":4}