{"title":"cluster-n30-c5-r7-s4698356184513008144","map_width":500,"map_height":300,"num_leaves":30,"tree":{"leaf":false,"id":58,"left":{"leaf":false,"id":57,"left":{"leaf":false,"id":56,"left":{"leaf":false,"id":37,"left":{"leaf":false,"id":35,"left":{"leaf":false,"id":34,"left":{"leaf":true,"id":3,"label":"3","site_id":3},"right":{"leaf":false,"id":33,"left":{"leaf":false,"id":31,"left":{"leaf":true,"id":1,"label":"1","site_id":1},"right":{"leaf":false,"id":30,"left":{"leaf":true,"id":4,"label":"4","site_id":4},"right":{"leaf":true,"id":5,"label":"5","site_id":5}}},"right":{"leaf":false,"id":32,"left":{"leaf":true,"id":6,"label":"6","site_id":6},"right":{"leaf":true,"id":7,"label":"7","site_id":7}}}},"right":{"leaf":true,"id":2,"label":"2","site_id":2}},"right":{"leaf":false,"id":36,"left":{"leaf":true,"id":8,"label":"8","site_id":8},"right":{"leaf":true,"id":0,"label":"0","site_id":0}}},"right":{"leaf":false,"id":48,"left":{"leaf":false,"id":46,"left":{"leaf":false,"id":45,"left":{"leaf":true,"id":18,"label":"18","site_id":18},"right":{"leaf":false,"id":44,"left":{"leaf":true,"id":19,"label":"19","site_id":19},"right":{"leaf":true,"id":22,"label":"22","site_id":22}}},"right":{"leaf":true,"id":17,"label":"17","site_id":17}},"right":{"leaf":false,"id":47,"left":{"leaf":true,"id":21,"label":"21","site_id":21},"right":{"leaf":true,"id":20,"label":"20","site_id":20}}}},"right":{"leaf":false,"id":55,"left":{"leaf":false,"id":54,"left":{"leaf":false,"id":53,"left":{"leaf":false,"id":52,"left":{"leaf":false,"id":51,"left":{"leaf":true,"id":26,"label":"26","site_id":26},"right":{"leaf":false,"id":50,"left":{"leaf":true,"id":27,"label":"27","site_id":27},"right":{"leaf":true,"id":29,"label":"29","site_id":29}}},"right":{"leaf":true,"id":25,"label":"25","site_id":25}},"right":{"leaf":true,"id":28,"label":"28","site_id":28}},"right":{"leaf":false,"id":49,"left":{"leaf":true,"id":24,"label":"24","site_id":24},"right":{"leaf":true,"id":23,"label":"23","site_id":23}}},"right":{"leaf":false,"id":40,"left":{"leaf":false,"id":39,"left":{"leaf":false,"id":38,"left":{"leaf":true,"id":9,"label":"9","site_id":9},"right":{"leaf":true,"id":10,"label":"10","site_id":10}},"right":{"leaf":true,"id":12,"label":"12","site_id":12}},"right":{"leaf":true,"id":11,"label":"11","site_id":11}}}},"right":{"leaf":false,"id":43,"left":{"leaf":false,"id":42,"left":{"leaf":true,"id":16,"label":"16","site_id":16},"right":{"leaf":false,"id":41,"left":{"leaf":true,"id":14,"label":"14","site_id":14},"right":{"leaf":true,"id":15,"label":"15","site_id":15}}},"right":{"leaf":true,"id":13,"label":"13","site_id":13}}},"num_sites":30,"sites":[{"x":352.71134300534254,"y":111.89975418306923,"cluster":0},{"x":384.20726212641205,"y":263.26617159873,"cluster":0},{"x":412.88665744061973,"y":157.51200301557301,"cluster":0},{"x":336.78439191247054,"y":211.84624236600547,"cluster":0},{"x":329.2608865246862,"y":259.74739502186816,"cluster":0},{"x":354.60071036776947,"y":272.3740310098568,"cluster":0},{"x":417.9795940731315,"y":216.89998669960696,"cluster":0},{"x":433.911629460877,"y":218.71799779212924,"cluster":0},{"x":409.0597082443252,"y":140.3419078442996,"cluster":0},{"x":279.79387476960477,"y":236.93499796797843,"cluster":1},{"x":352.94406896036367,"y":231.04410502728985,"cluster":1},{"x":370.996214064407,"y":282.5266663802096,"cluster":1},{"x":364.35325472602864,"y":274.4731399607911,"cluster":1},{"x":63.34539044981659,"y":111.97408898754816,"cluster":2},{"x":132.5775948097492,"y":125.9319896383152,"cluster":2},{"x":86.43365841765299,"y":187.75359799624613,"cluster":2},{"x":63.14757232582593,"y":197.6719292384355,"cluster":2},{"x":412.9757030996838,"y":93.10936820768218,"cluster":3},{"x":459.70244622272554,"y":41.110866449000326,"cluster":3},{"x":353.96476709045436,"y":106.26106941319057,"cluster":3},{"x":442.95353248073576,"y":141.98600811861508,"cluster":3},{"x":463.8788517004467,"y":150.772199108654,"cluster":3},{"x":364.11315786590507,"y":169.27810466600897,"cluster":3},{"x":302.8803273185638,"y":63.65244752435557,"cluster":4},{"x":326.58396384964163,"y":37.957558140648544,"cluster":4},{"x":238.51206600470294,"y":71.23753212628151,"cluster":4},{"x":235.6721618696999,"y":38.686722060555354,"cluster":4},{"x":228.70156405317266,"y":124.21151009986696,"cluster":4},{"x":342.47625653380356,"y":121.11440709386702,"cluster":4},{"x":317.93881823785915,"y":55.280599144493706,"cluster":4}],"num_clusters":5}