{"title":"cluster-n25-c4-r7-s5528019601652888196","map_width":500,"map_height":300,"num_leaves":25,"tree":{"leaf":false,"id":48,"left":{"leaf":false,"id":46,"left":{"leaf":false,"id":39,"left":{"leaf":false,"id":34,"left":{"leaf":true,"id":13,"label":"13","site_id":13},"right":{"leaf":true,"id":15,"label":"15","site_id":15}},"right":{"leaf":false,"id":38,"left":{"leaf":false,"id":35,"left":{"leaf":true,"id":16,"label":"16","site_id":16},"right":{"leaf":true,"id":11,"label":"11","site_id":11}},"right":{"leaf":false,"id":37,"left":{"leaf":false,"id":36,"left":{"leaf":true,"id":14,"label":"14","site_id":14},"right":{"leaf":true,"id":12,"label":"12","site_id":12}},"right":{"leaf":true,"id":17,"label":"17","site_id":17}}}},"right":{"leaf":false,"id":33,"left":{"leaf":false,"id":32,"left":{"leaf":false,"id":31,"left":{"leaf":true,"id":9,"label":"9","site_id":9},"right":{"leaf":true,"id":7,"label":"7","site_id":7}},"right":{"leaf":true,"id":8,"label":"8","site_id":8}},"right":{"leaf":true,"id":10,"label":"10","site_id":10}}},"right":{"leaf":false,"id":47,"left":{"leaf":false,"id":45,"left":{"leaf":false,"id":44,"left":{"leaf":false,"id":40,"left":{"leaf":true,"id":19,"label":"19","site_id":19},"right":{"leaf":true,"id":22,"label":"22","site_id":22}},"right":{"leaf":false,"id":41,"left":{"leaf":true,"id":18,"label":"18","site_id":18},"right":{"leaf":true,"id":23,"label":"23","site_id":23}}},"right":{"leaf":false,"id":43,"left":{"leaf":true,"id":24,"label":"24","site_id":24},"right":{"leaf":false,"id":42,"left":{"leaf":true,"id":20,"label":"20","site_id":20},"right":{"leaf":true,"id":21,"label":"21","site_id":21}}}},"right":{"leaf":false,"id":30,"left":{"leaf":false,"id":27,"left":{"leaf":true,"id":4,"label":"4","site_id":4},"right":{"leaf":true,"id":2,"label":"2","site_id":2}},"right":{"leaf":false,"id":29,"left":{"leaf":false,"id":28,"left":{"leaf":false,"id":25,"left":{"leaf":true,"id":1,"label":"1","site_id":1},"right":{"leaf":true,"id":6,"label":"6","site_id":6}},"right":{"leaf":true,"id":3,"label":"3","site_id":3}},"right":{"leaf":false,"id":26,"left":{"leaf":true,"id":0,"label":"0","site_id":0},"right":{"leaf":true,"id":5,"label":"5","site_id":5}}}}}},"num_sites":25,"sites":[{"x":208.68714920882297,"y":241.87954874112398,"cluster":0},{"x":285.0884175782171,"y":134.89156492002598,"cluster":0},{"x":179.74070496756124,"y":65.53736760453293,"cluster":0},{"x":393.6232868409064,"y":208.05145886400265,"cluster":0},{"x":225.237466181973,"y":31.115448960877018,"cluster":0},{"x":223.98080492535297,"y":130.5420266832007,"cluster":0},{"x":342.00837034424643,"y":47.83879049100685,"cluster":0},{"x":92.49567660098141,"y":31.463742753379,"cluster":1},{"x":81.24506596247643,"y":54.926480036598655,"cluster":1},{"x":16.03051048497439,"y":31.043817931855457,"cluster":1},{"x":20.154948541083552,"y":97.95980892433117,"cluster":1},{"x":247.70562841085672,"y":87.3513056882003,"cluster":2},{"x":250.78925879537502,"y":216.23585671000507,"cluster":2},{"x":370.7285663164773,"y":210.94008610607733,"cluster":2},{"x":244.9622923759988,"y":148.80558032532866,"cluster":2},{"x":374.27329809176354,"y":146.5951466827927,"cluster":2},{"x":437.8376460184329,"y":107.10324862148366,"cluster":2},{"x":445.43603061359977,"y":78.57912156492455,"cluster":2},{"x":341.06119073679554,"y":36.18762744651179,"cluster":3},{"x":401.79034627418906,"y":129.37503357104816,"cluster":3},{"x":337.7252969889064,"y":105.11835002893622,"cluster":3},{"x":452.46730806399063,"y":48.714535328600206,"cluster":3},{"x":422.8816301967209,"y":135.08804501147372,"cluster":3},{"x":346.4819513099975,"y":15.517952404877423,"cluster":3},{"x":422.4146720901243,"y":72.52216613863429,"cluster":3}],"num_clusters":4}