{"title":"cluster-n10-c3-r6-s-2651111998922877327","map_width":500,"map_height":300,"num_leaves":10,"tree":{"leaf":false,"id":18,"left":{"leaf":false,"id":17,"left":{"leaf":false,"id":13,"left":{"leaf":false,"id":12,"left":{"leaf":true,"id":3,"label":"3","site_id":3},"right":{"leaf":true,"id":5,"label":"5","site_id":5}},"right":{"leaf":true,"id":4,"label":"4","site_id":4}},"right":{"leaf":false,"id":16,"left":{"leaf":false,"id":15,"left":{"leaf":false,"id":14,"left":{"leaf":true,"id":7,"label":"7","site_id":7},"right":{"leaf":true,"id":8,"label":"8","site_id":8}},"right":{"leaf":true,"id":6,"label":"6","site_id":6}},"right":{"leaf":true,"id":9,"label":"9","site_id":9}}},"right":{"leaf":false,"id":11,"left":{"leaf":false,"id":10,"left":{"leaf":true,"id":2,"label":"2","site_id":2},"right":{"leaf":true,"id":0,"label":"0","site_id":0}},"right":{"leaf":true,"id":1,"label":"1","site_id":1}}},"num_sites":10,"sites":[{"x":108.44625414920951,"y":50.54287955710889,"cluster":0},{"x":29.58688635310568,"y":63.24174161847849,"cluster":0},{"x":108.4241585153886,"y":61.632497790211794,"cluster":0},{"x":304.38152962605125,"y":183.56524209567465,"cluster":1},{"x":274.9834346727337,"y":47.78389975906612,"cluster":1},{"x":476.4012212763581,"y":42.6134624096157,"cluster":1},{"x":96.60506590158295,"y":122.34133598393295,"cluster":2},{"x":340.0315646301392,"y":97.00037645664452,"cluster":2},{"x":148.4543485311443,"y":94.71914302729319,"cluster":2},{"x":166.04564095387423,"y":117.80611466953984,"cluster":2}],"num_clusters":3}