{"title":"cluster-n70-c9-r7-s302822594908598640","map_width":500,"map_height":300,"num_leaves":70,"tree":{"leaf":false,"id":138,"left":{"leaf":false,"id":137,"left":{"leaf":false,"id":105,"left":{"leaf":false,"id":104,"left":{"leaf":false,"id":103,"left":{"leaf":true,"id":37,"label":"37","site_id":37},"right":{"leaf":false,"id":99,"left":{"leaf":true,"id":34,"label":"34","site_id":34},"right":{"leaf":true,"id":36,"label":"36","site_id":36}}},"right":{"leaf":false,"id":102,"left":{"leaf":false,"id":101,"left":{"leaf":true,"id":40,"label":"40","site_id":40},"right":{"leaf":false,"id":100,"left":{"leaf":true,"id":35,"label":"35","site_id":35},"right":{"leaf":true,"id":39,"label":"39","site_id":39}}},"right":{"leaf":true,"id":38,"label":"38","site_id":38}}},"right":{"leaf":true,"id":33,"label":"33","site_id":33}},"right":{"leaf":false,"id":127,"left":{"leaf":false,"id":125,"left":{"leaf":true,"id":59,"label":"59","site_id":59},"right":{"leaf":false,"id":124,"left":{"leaf":false,"id":123,"left":{"leaf":false,"id":122,"left":{"leaf":true,"id":65,"label":"65","site_id":65},"right":{"leaf":false,"id":121,"left":{"leaf":true,"id":62,"label":"62","site_id":62},"right":{"leaf":false,"id":120,"left":{"leaf":true,"id":60,"label":"60","site_id":60},"right":{"leaf":true,"id":61,"label":"61","site_id":61}}}},"right":{"leaf":true,"id":57,"label":"57","site_id":57}},"right":{"leaf":true,"id":64,"label":"64","site_id":64}}},"right":{"leaf":false,"id":126,"left":{"leaf":true,"id":63,"label":"63","site_id":63},"right":{"leaf":true,"id":58,"label":"58","site_id":58}}}},"right":{"leaf":false,"id":136,"left":{"leaf":false,"id":135,"left":{"leaf":false,"id":132,"left":{"leaf":false,"id":90,"left":{"leaf":false,"id":88,"left":{"leaf":true,"id":21,"label":"21","site_id":21},"right":{"leaf":true,"id":19,"label":"19","site_id":19}},"right":{"leaf":false,"id":89,"left":{"leaf":false,"id":87,"left":{"leaf":true,"id":22,"label":"22","site_id":22},"right":{"leaf":false,"id":86,"left":{"leaf":true,"id":18,"label":"18","site_id":18},"right":{"leaf":true,"id":23,"label":"23","site_id":23}}},"right":{"leaf":true,"id":20,"label":"20","site_id":20}}},"right":{"leaf":false,"id":119,"left":{"leaf":false,"id":118,"left":{"leaf":false,"id":115,"left":{"leaf":true,"id":55,"label":"55","site_id":55},"right":{"leaf":true,"id":50,"label":"50","site_id":50}},"right":{"leaf":false,"id":117,"left":{"leaf":false,"id":116,"left":{"leaf":true,"id":56,"label":"56","site_id":56},"right":{"leaf":false,"id":114,"left":{"leaf":true,"id":52,"label":"52","site_id":52},"right":{"leaf":true,"id":51,"label":"51","site_id":51}}},"right":{"leaf":true,"id":54,"label":"54","site_id":54}}},"right":{"leaf":true,"id":53,"label":"53","site_id":53}}},"right":{"leaf":false,"id":133,"left":{"leaf":false,"id":98,"left":{"leaf":true,"id":29,"label":"29","site_id":29},"right":{"leaf":false,"id":97,"left":{"leaf":false,"id":96,"left":{"leaf":true,"id":30,"label":"30","site_id":30},"right":{"leaf":true,"id":25,"label":"25","site_id":25}},"right":{"leaf":false,"id":95,"left":{"leaf":false,"id":93,"left":{"leaf":false,"id":92,"left":{"leaf":true,"id":24,"label":"24","site_id":24},"right":{"leaf":true,"id":28,"label":"28","site_id":28}},"right":{"leaf":false,"id":91,"left":{"leaf":true,"id":31,"label":"31","site_id":31},"right":{"leaf":true,"id":26,"label":"26","site_id":26}}},"right":{"leaf":false,"id":94,"left":{"leaf":true,"id":32,"label":"32","site_id":32},"right":{"leaf":true,"id":27,"label":"27","site_id":27}}}}},"right":{"leaf":false,"id":85,"left":{"leaf":false,"id":82,"left":{"leaf":true,"id":14,"label":"14","site_id":14},"right":{"leaf":false,"id":81,"left":{"leaf":false,"id":80,"left":{"leaf":true,"id":15,"label":"15","site_id":15},"right":{"leaf":true,"id":11,"label":"11","site_id":11}},"right":{"leaf":false,"id":79,"left":{"leaf":true,"id":16,"label":"16","site_id":16},"right":{"leaf":true,"id":17,"label":"17","site_id":17}}}},"right":{"leaf":false,"id":84,"left":{"leaf":false,"id":83,"left":{"leaf":true,"id":10,"label":"10","site_id":10},"right":{"leaf":true,"id":12,"label":"12","site_id":12}},"right":{"leaf":true,"id":13,"label":"13","site_id":13}}}}},"right":{"leaf":false,"id":134,"left":{"leaf":false,"id":131,"left":{"leaf":false,"id":78,"left":{"leaf":false,"id":77,"left":{"leaf":false,"id":76,"left":{"leaf":true,"id":9,"label":"9","site_id":9},"right":{"leaf":false,"id":75,"left":{"leaf":true,"id":4,"label":"4","site_id":4},"right":{"leaf":false,"id":74,"left":{"leaf":false,"id":71,"left":{"leaf":true,"id":8,"label":"8","site_id":8},"right":{"leaf":true,"id":7,"label":"7","site_id":7}},"right":{"leaf":false,"id":73,"left":{"leaf":true,"id":5,"label":"5","site_id":5},"right":{"leaf":true,"id":1,"label":"1","site_id":1}}}}},"right":{"leaf":false,"id":72,"left":{"leaf":true,"id":6,"label":"6","site_id":6},"right":{"leaf":true,"id":2,"label":"2","site_id":2}}},"right":{"leaf":false,"id":70,"left":{"leaf":true,"id":0,"label":"0","site_id":0},"right":{"leaf":true,"id":3,"label":"3","site_id":3}}},"right":{"leaf":false,"id":130,"left":{"leaf":true,"id":69,"label":"69","site_id":69},"right":{"leaf":false,"id":129,"left":{"leaf":false,"id":128,"left":{"leaf":true,"id":67,"label":"67","site_id":67},"right":{"leaf":true,"id":66,"label":"66","site_id":66}},"right":{"leaf":true,"id":68,"label":"68","site_id":68}}}},"right":{"leaf":false,"id":113,"left":{"leaf":false,"id":107,"left":{"leaf":true,"id":47,"label":"47","site_id":47},"right":{"leaf":true,"id":48,"label":"48","site_id":48}},"right":{"leaf":false,"id":112,"left":{"leaf":false,"id":110,"left":{"leaf":false,"id":109,"left":{"leaf":true,"id":45,"label":"45","site_id":45},"right":{"leaf":true,"id":49,"label":"49","site_id":49}},"right":{"leaf":true,"id":43,"label":"43","site_id":43}},"right":{"leaf":false,"id":111,"left":{"leaf":false,"id":108,"left":{"leaf":false,"id":106,"left":{"leaf":true,"id":46,"label":"46","site_id":46},"right":{"leaf":true,"id":42,"label":"42","site_id":42}},"right":{"leaf":true,"id":44,"label":"44","site_id":44}},"right":{"leaf":true,"id":41,"label":"41","site_id":41}}}}}}},"num_sites":70,"sites":[{"x":289.0381706241993,"y":43.01511152175058,"cluster":0},{"x":231.74053194541688,"y":73.97806018407638,"cluster":0},{"x":261.9408092686769,"y":35.19181333984056,"cluster":0},{"x":267.5385197265886,"y":65.91615643005832,"cluster":0},{"x":252.40091723955823,"y":45.016178872465545,"cluster":0},{"x":218.91248719869128,"y":85.57453846344336,"cluster":0},{"x":304.4113785298897,"y":23.290430802276127,"cluster":0},{"x":267.93204439103357,"y":58.43890312323144,"cluster":0},{"x":295.6541608325993,"y":79.05740540543007,"cluster":0},{"x":260.6825073898882,"y":57.249353350547516,"cluster":0},{"x":102.82393534256606,"y":65.63758310361989,"cluster":1},{"x":126.91905568595882,"y":78.2150193821517,"cluster":1},{"x":70.79873160616908,"y":65.22990931545917,"cluster":1},{"x":78.40396530315842,"y":37.784077121345746,"cluster":1},{"x":95.77149866621404,"y":21.73436276368909,"cluster":1},{"x":124.45171993871571,"y":50.58007130209015,"cluster":1},{"x":83.40644082581267,"y":52.10858339216401,"cluster":1},{"x":109.55945904730899,"y":30.20353667065496,"cluster":1},{"x":381.0041813196375,"y":174.77055743164726,"cluster":2},{"x":332.39630157319596,"y":200.79738099233384,"cluster":2},{"x":350.7248241910353,"y":231.9521736455302,"cluster":2},{"x":363.8535194260961,"y":198.7105188206804,"cluster":2},{"x":387.40489175246813,"y":183.50992995224934,"cluster":2},{"x":389.17345132708834,"y":190.56681084490478,"cluster":2},{"x":108.99372827262802,"y":35.0437867278352,"cluster":3},{"x":114.74439338418783,"y":98.2578579025294,"cluster":3},{"x":129.011088272723,"y":89.62747047474053,"cluster":3},{"x":156.4066494984727,"y":48.939425427055525,"cluster":3},{"x":68.85688408617784,"y":48.08864486359712,"cluster":3},{"x":123.7989107281554,"y":41.8928202972508,"cluster":3},{"x":60.8332281176502,"y":67.63799731532676,"cluster":3},{"x":79.27712801332994,"y":54.28224477360013,"cluster":3},{"x":95.08269822285412,"y":76.49338619535212,"cluster":3},{"x":398.25832518528716,"y":40.44682632743084,"cluster":4},{"x":356.80295734936874,"y":83.56707247092842,"cluster":4},{"x":388.558191821913,"y":16.96510484932862,"cluster":4},{"x":384.8886860123405,"y":39.055959896793155,"cluster":4},{"x":424.9471369937387,"y":74.48249233651627,"cluster":4},{"x":379.1816822544938,"y":48.7847067003922,"cluster":4},{"x":418.2990292034811,"y":17.48918768213246,"cluster":4},{"x":430.89113968240395,"y":32.41622072466205,"cluster":4},{"x":257.10554041471704,"y":137.11691257475877,"cluster":5},{"x":220.00704584638225,"y":152.82504683874285,"cluster":5},{"x":227.38507204662315,"y":190.95579802071614,"cluster":5},{"x":250.7797136037935,"y":185.87847113068463,"cluster":5},{"x":198.44398652897334,"y":125.86523904558435,"cluster":5},{"x":220.99520720247614,"y":141.12792765636325,"cluster":5},{"x":196.0302071225841,"y":218.43251234705212,"cluster":5},{"x":171.4416976048161,"y":220.44748534541364,"cluster":5},{"x":169.98797715412692,"y":168.04776563109166,"cluster":5},{"x":250.047596300058,"y":193.81907570932006,"cluster":6},{"x":267.6403493094361,"y":223.52235518777022,"cluster":6},{"x":223.01558612974176,"y":182.438654098219,"cluster":6},{"x":259.8534919570511,"y":225.4713154310947,"cluster":6},{"x":245.2661674657185,"y":242.90975712298282,"cluster":6},{"x":273.00483949597435,"y":200.07145451040253,"cluster":6},{"x":215.1199468611427,"y":247.79010097261346,"cluster":6},{"x":75.78186355367438,"y":175.156932639581,"cluster":7},{"x":61.01681100321574,"y":174.35908986301604,"cluster":7},{"x":41.848863607733115,"y":182.2890147150483,"cluster":7},{"x":130.84355864225478,"y":144.13131627571454,"cluster":7},{"x":52.01367942052984,"y":188.34665687077057,"cluster":7},{"x":34.93497398361462,"y":156.50605909819473,"cluster":7},{"x":125.78131183887012,"y":114.18811021099013,"cluster":7},{"x":82.24431069500368,"y":175.19284929584205,"cluster":7},{"x":45.74616144266153,"y":93.3882349220217,"cluster":7},{"x":303.1226728720128,"y":48.45036252487577,"cluster":8},{"x":292.20984256588474,"y":50.453145150920776,"cluster":8},{"x":309.6874124772818,"y":48.44952401283257,"cluster":8},{"x":280.47532996426884,"y":60.023933544404976,"cluster":8}],"num_clusters":9}