{"title":"cluster-n75-c9-r9-s-6541408526960706460","map_width":500,"map_height":300,"num_leaves":75,"tree":{"leaf":false,"id":148,"left":{"leaf":false,"id":147,"left":{"leaf":false,"id":132,"left":{"leaf":false,"id":131,"left":{"leaf":false,"id":130,"left":{"leaf":false,"id":127,"left":{"leaf":true,"id":60,"label":"60","site_id":60},"right":{"leaf":true,"id":62,"label":"62","site_id":62}},"right":{"leaf":true,"id":61,"label":"61","site_id":61}},"right":{"leaf":false,"id":129,"left":{"leaf":true,"id":63,"label":"63","site_id":63},"right":{"leaf":false,"id":128,"left":{"leaf":true,"id":64,"label":"64","site_id":64},"right":{"leaf":true,"id":59,"label":"59","site_id":59}}}},"right":{"leaf":true,"id":65,"label":"65","site_id":65}},"right":{"leaf":false,"id":140,"left":{"leaf":false,"id":139,"left":{"leaf":true,"id":69,"label":"69","site_id":69},"right":{"leaf":false,"id":138,"left":{"leaf":false,"id":134,"left":{"leaf":true,"id":74,"label":"74","site_id":74},"right":{"leaf":true,"id":66,"label":"66","site_id":66}},"right":{"leaf":true,"id":70,"label":"70","site_id":70}}},"right":{"leaf":false,"id":137,"left":{"leaf":false,"id":136,"left":{"leaf":true,"id":68,"label":"68","site_id":68},"right":{"leaf":false,"id":135,"left":{"leaf":false,"id":133,"left":{"leaf":true,"id":71,"label":"71","site_id":71},"right":{"leaf":true,"id":72,"label":"72","site_id":72}},"right":{"leaf":true,"id":73,"label":"73","site_id":73}}},"right":{"leaf":true,"id":67,"label":"67","site_id":67}}}},"right":{"leaf":false,"id":146,"left":{"leaf":false,"id":84,"left":{"leaf":false,"id":83,"left":{"leaf":false,"id":82,"left":{"leaf":false,"id":80,"left":{"leaf":true,"id":6,"label":"6","site_id":6},"right":{"leaf":true,"id":7,"label":"7","site_id":7}},"right":{"leaf":true,"id":10,"label":"10","site_id":10}},"right":{"leaf":true,"id":11,"label":"11","site_id":11}},"right":{"leaf":false,"id":81,"left":{"leaf":true,"id":8,"label":"8","site_id":8},"right":{"leaf":true,"id":9,"label":"9","site_id":9}}},"right":{"leaf":false,"id":145,"left":{"leaf":false,"id":144,"left":{"leaf":false,"id":103,"left":{"leaf":false,"id":102,"left":{"leaf":true,"id":29,"label":"29","site_id":29},"right":{"leaf":false,"id":98,"left":{"leaf":true,"id":30,"label":"30","site_id":30},"right":{"leaf":true,"id":26,"label":"26","site_id":26}}},"right":{"leaf":false,"id":101,"left":{"leaf":false,"id":100,"left":{"leaf":false,"id":97,"left":{"leaf":true,"id":28,"label":"28","site_id":28},"right":{"leaf":true,"id":31,"label":"31","site_id":31}},"right":{"leaf":false,"id":99,"left":{"leaf":true,"id":33,"label":"33","site_id":33},"right":{"leaf":true,"id":27,"label":"27","site_id":27}}},"right":{"leaf":true,"id":32,"label":"32","site_id":32}}},"right":{"leaf":false,"id":143,"left":{"leaf":false,"id":142,"left":{"leaf":false,"id":141,"left":{"leaf":false,"id":89,"left":{"leaf":false,"id":88,"left":{"leaf":true,"id":13,"label":"13","site_id":13},"right":{"leaf":false,"id":87,"left":{"leaf":true,"id":12,"label":"12","site_id":12},"right":{"leaf":false,"id":86,"left":{"leaf":false,"id":85,"left":{"leaf":true,"id":15,"label":"15","site_id":15},"right":{"leaf":true,"id":16,"label":"16","site_id":16}},"right":{"leaf":true,"id":17,"label":"17","site_id":17}}}},"right":{"leaf":true,"id":14,"label":"14","site_id":14}},"right":{"leaf":false,"id":96,"left":{"leaf":false,"id":95,"left":{"leaf":true,"id":24,"label":"24","site_id":24},"right":{"leaf":true,"id":22,"label":"22","site_id":22}},"right":{"leaf":false,"id":94,"left":{"leaf":false,"id":93,"left":{"leaf":false,"id":91,"left":{"leaf":true,"id":23,"label":"23","site_id":23},"right":{"leaf":true,"id":18,"label":"18","site_id":18}},"right":{"leaf":false,"id":90,"left":{"leaf":true,"id":25,"label":"25","site_id":25},"right":{"leaf":true,"id":21,"label":"21","site_id":21}}},"right":{"leaf":false,"id":92,"left":{"leaf":true,"id":19,"label":"19","site_id":19},"right":{"leaf":true,"id":20,"label":"20","site_id":20}}}}},"right":{"leaf":false,"id":116,"left":{"leaf":false,"id":115,"left":{"leaf":false,"id":113,"left":{"leaf":true,"id":39,"label":"39","site_id":39},"right":{"leaf":false,"id":108,"left":{"leaf":false,"id":104,"left":{"leaf":true,"id":44,"label":"44","site_id":44},"right":{"leaf":true,"id":34,"label":"34","site_id":34}},"right":{"leaf":true,"id":41,"label":"41","site_id":41}}},"right":{"leaf":false,"id":114,"left":{"leaf":false,"id":112,"left":{"leaf":true,"id":38,"label":"38","site_id":38},"right":{"leaf":false,"id":111,"left":{"leaf":false,"id":107,"left":{"leaf":true,"id":45,"label":"45","site_id":45},"right":{"leaf":true,"id":37,"label":"37","site_id":37}},"right":{"leaf":true,"id":42,"label":"42","site_id":42}}},"right":{"leaf":true,"id":46,"label":"46","site_id":46}}},"right":{"leaf":false,"id":110,"left":{"leaf":true,"id":43,"label":"43","site_id":43},"right":{"leaf":false,"id":109,"left":{"leaf":false,"id":106,"left":{"leaf":true,"id":36,"label":"36","site_id":36},"right":{"leaf":true,"id":40,"label":"40","site_id":40}},"right":{"leaf":false,"id":105,"left":{"leaf":true,"id":47,"label":"47","site_id":47},"right":{"leaf":true,"id":35,"label":"35","site_id":35}}}}}},"right":{"leaf":false,"id":126,"left":{"leaf":false,"id":124,"left":{"leaf":false,"id":122,"left":{"leaf":true,"id":48,"label":"48","site_id":48},"right":{"leaf":false,"id":117,"left":{"leaf":true,"id":58,"label":"58","site_id":58},"right":{"leaf":true,"id":57,"label":"57","site_id":57}}},"right":{"leaf":false,"id":123,"left":{"leaf":true,"id":54,"label":"54","site_id":54},"right":{"leaf":true,"id":56,"label":"56","site_id":56}}},"right":{"leaf":false,"id":125,"left":{"leaf":false,"id":120,"left":{"leaf":true,"id":49,"label":"49","site_id":49},"right":{"leaf":false,"id":118,"left":{"leaf":true,"id":53,"label":"53","site_id":53},"right":{"leaf":true,"id":51,"label":"51","site_id":51}}},"right":{"leaf":false,"id":121,"left":{"leaf":false,"id":119,"left":{"leaf":true,"id":52,"label":"52","site_id":52},"right":{"leaf":true,"id":55,"label":"55","site_id":55}},"right":{"leaf":true,"id":50,"label":"50","site_id":50}}}}}},"right":{"leaf":false,"id":79,"left":{"leaf":false,"id":78,"left":{"leaf":false,"id":76,"left":{"leaf":true,"id":4,"label":"4","site_id":4},"right":{"leaf":true,"id":0,"label":"0","site_id":0}},"right":{"leaf":true,"id":1,"label":"1","site_id":1}},"right":{"leaf":false,"id":77,"left":{"leaf":true,"id":2,"label":"2","site_id":2},"right":{"leaf":false,"id":75,"left":{"leaf":true,"id":3,"label":"3","site_id":3},"right":{"leaf":true,"id":5,"label":"5","site_id":5}}}}}}},"num_sites":75,"sites":[{"x":120.99232184192596,"y":69.34285155975816,"cluster":0},{"x":170.48532930537056,"y":62.40356540687901,"cluster":0},{"x":141.23130171273309,"y":90.5310805039628,"cluster":0},{"x":161.60068266975588,"y":58.75654931980946,"cluster":0},{"x":119.64264704276225,"y":82.82114742105033,"cluster":0},{"x":140.45855595154825,"y":81.26176084565022,"cluster":0},{"x":410.2315893249815,"y":225.74142771720457,"cluster":1},{"x":442.9920362763426,"y":232.03449960986728,"cluster":1},{"x":388.26120088082223,"y":204.3320535322248,"cluster":1},{"x":395.12846892611753,"y":191.99745016019668,"cluster":1},{"x":385.5421128141741,"y":211.65665013067618,"cluster":1},{"x":383.51463854579106,"y":183.93037250115333,"cluster":1},{"x":229.69197715279626,"y":123.74973433920404,"cluster":2},{"x":217.3224882253055,"y":164.3828744663779,"cluster":2},{"x":236.49162086721378,"y":117.16676819813807,"cluster":2},{"x":247.04828063095187,"y":168.92539795878895,"cluster":2},{"x":255.8526048782506,"y":164.67358043020567,"cluster":2},{"x":245.62726510409635,"y":137.6881233843849,"cluster":2},{"x":281.3112668717193,"y":243.54699398260883,"cluster":3},{"x":229.25780965679422,"y":236.737910224896,"cluster":3},{"x":272.10325861726824,"y":260.68693193637165,"cluster":3},{"x":267.6967178207107,"y":242.2205909885554,"cluster":3},{"x":296.2752491889185,"y":224.86879751743405,"cluster":3},{"x":241.2349870598286,"y":244.46924312023899,"cluster":3},{"x":274.85683077965444,"y":194.43936852162037,"cluster":3},{"x":251.66514211419252,"y":261.12232050192335,"cluster":3},{"x":347.73170853556104,"y":116.41870549496,"cluster":4},{"x":340.4376910313237,"y":122.70753353106109,"cluster":4},{"x":307.70272924910785,"y":127.18870195806879,"cluster":4},{"x":355.38259727996007,"y":85.83165206191433,"cluster":4},{"x":309.4481136585647,"y":81.32516754294389,"cluster":4},{"x":329.6454242101325,"y":79.00403767851506,"cluster":4},{"x":333.6951572690031,"y":136.20425226919318,"cluster":4},{"x":321.0286815777352,"y":129.5695635930534,"cluster":4},{"x":205.0034522412955,"y":139.658381664096,"cluster":5},{"x":299.3461298409561,"y":143.07359850553885,"cluster":5},{"x":338.4947569625879,"y":220.61774656553735,"cluster":5},{"x":219.78955831007548,"y":277.6038217698698,"cluster":5},{"x":294.96804385201096,"y":151.1646604804853,"cluster":5},{"x":202.1044420740802,"y":170.41497044188458,"cluster":5},{"x":295.3815854004187,"y":206.60745204192162,"cluster":5},{"x":193.09001465304266,"y":169.17590178796792,"cluster":5},{"x":213.4326361687468,"y":201.47514688562933,"cluster":5},{"x":269.5401899989448,"y":222.04673541551225,"cluster":5},{"x":236.1709787887665,"y":212.45414801949866,"cluster":5},{"x":211.38417651525776,"y":219.9541363675357,"cluster":5},{"x":281.02681993935664,"y":282.82320371436833,"cluster":5},{"x":285.86806277573965,"y":145.2196574955227,"cluster":5},{"x":358.6153532047953,"y":223.76241475592215,"cluster":6},{"x":266.40765248738103,"y":271.9623961926544,"cluster":6},{"x":340.36649238036836,"y":230.51796494565488,"cluster":6},{"x":298.8762216096855,"y":238.8685845755754,"cluster":6},{"x":346.0880773377304,"y":220.79427694069759,"cluster":6},{"x":274.2454274804056,"y":250.32115128945082,"cluster":6},{"x":252.67815026718608,"y":234.91457794017563,"cluster":6},{"x":265.01751301470193,"y":215.83573034380322,"cluster":6},{"x":282.0177474803079,"y":284.2394449228913,"cluster":6},{"x":354.4328204679469,"y":247.17887763738315,"cluster":6},{"x":345.7856622585134,"y":215.40766734879193,"cluster":6},{"x":474.5210131984529,"y":16.11938693183088,"cluster":7},{"x":463.6971292746756,"y":51.37939310764216,"cluster":7},{"x":456.7892898567968,"y":45.52588498197382,"cluster":7},{"x":474.19787408952055,"y":60.68695501952051,"cluster":7},{"x":482.6329773816489,"y":56.74192970688042,"cluster":7},{"x":438.2766383663669,"y":69.33767832994344,"cluster":7},{"x":479.3834872378146,"y":17.382979696593036,"cluster":7},{"x":361.9667131658655,"y":161.32827565535075,"cluster":8},{"x":324.99008409903587,"y":159.8119192605198,"cluster":8},{"x":358.8320833998671,"y":129.6158029138186,"cluster":8},{"x":344.92942741985826,"y":176.16224767332506,"cluster":8},{"x":319.03816501548306,"y":126.60707946222972,"cluster":8},{"x":345.11218517372504,"y":148.67539300011452,"cluster":8},{"x":370.4754429251722,"y":131.84430760693533,"cluster":8},{"x":346.12481410314854,"y":106.81595167939687,"cluster":8},{"x":410.1665235227628,"y":130.11347236457155,"cluster":8}],"num_clusters":9}