{"title":"cluster-n95-c11-r8-s-1993836903542627741","map_width":500,"map_height":300,"num_leaves":95,"tree":{"leaf":false,"id":188,"left":{"leaf":false,"id":181,"left":{"leaf":false,"id":178,"left":{"leaf":false,"id":172,"left":{"leaf":true,"id":89,"label":"89","site_id":89},"right":{"leaf":true,"id":90,"label":"90","site_id":90}},"right":{"leaf":false,"id":177,"left":{"leaf":true,"id":87,"label":"87","site_id":87},"right":{"leaf":false,"id":176,"left":{"leaf":false,"id":175,"left":{"leaf":true,"id":93,"label":"93","site_id":93},"right":{"leaf":false,"id":174,"left":{"leaf":true,"id":88,"label":"88","site_id":88},"right":{"leaf":false,"id":173,"left":{"leaf":true,"id":94,"label":"94","site_id":94},"right":{"leaf":true,"id":91,"label":"91","site_id":91}}}},"right":{"leaf":true,"id":92,"label":"92","site_id":92}}}},"right":{"leaf":false,"id":115,"left":{"leaf":false,"id":113,"left":{"leaf":true,"id":18,"label":"18","site_id":18},"right":{"leaf":true,"id":17,"label":"17","site_id":17}},"right":{"leaf":false,"id":114,"left":{"leaf":false,"id":112,"left":{"leaf":false,"id":111,"left":{"leaf":true,"id":20,"label":"20","site_id":20},"right":{"leaf":true,"id":22,"label":"22","site_id":22}},"right":{"leaf":false,"id":110,"left":{"leaf":true,"id":19,"label":"19","site_id":19},"right":{"leaf":true,"id":23,"label":"23","site_id":23}}},"right":{"leaf":true,"id":21,"label":"21","site_id":21}}}},"right":{"leaf":false,"id":187,"left":{"leaf":false,"id":186,"left":{"leaf":false,"id":179,"left":{"leaf":false,"id":129,"left":{"leaf":false,"id":128,"left":{"leaf":true,"id":34,"label":"34","site_id":34},"right":{"leaf":false,"id":124,"left":{"leaf":false,"id":123,"left":{"leaf":true,"id":37,"label":"37","site_id":37},"right":{"leaf":false,"id":122,"left":{"leaf":true,"id":35,"label":"35","site_id":35},"right":{"leaf":true,"id":39,"label":"39","site_id":39}}},"right":{"leaf":true,"id":38,"label":"38","site_id":38}}},"right":{"leaf":false,"id":127,"left":{"leaf":true,"id":33,"label":"33","site_id":33},"right":{"leaf":false,"id":126,"left":{"leaf":true,"id":32,"label":"32","site_id":32},"right":{"leaf":false,"id":125,"left":{"leaf":true,"id":31,"label":"31","site_id":31},"right":{"leaf":true,"id":36,"label":"36","site_id":36}}}}},"right":{"leaf":false,"id":100,"left":{"leaf":false,"id":99,"left":{"leaf":false,"id":96,"left":{"leaf":true,"id":4,"label":"4","site_id":4},"right":{"leaf":true,"id":1,"label":"1","site_id":1}},"right":{"leaf":true,"id":3,"label":"3","site_id":3}},"right":{"leaf":false,"id":98,"left":{"leaf":true,"id":0,"label":"0","site_id":0},"right":{"leaf":false,"id":97,"left":{"leaf":true,"id":6,"label":"6","site_id":6},"right":{"leaf":false,"id":95,"left":{"leaf":true,"id":5,"label":"5","site_id":5},"right":{"leaf":true,"id":2,"label":"2","site_id":2}}}}}},"right":{"leaf":false,"id":184,"left":{"leaf":false,"id":121,"left":{"leaf":false,"id":119,"left":{"leaf":false,"id":118,"left":{"leaf":false,"id":116,"left":{"leaf":true,"id":26,"label":"26","site_id":26},"right":{"leaf":true,"id":27,"label":"27","site_id":27}},"right":{"leaf":true,"id":28,"label":"28","site_id":28}},"right":{"leaf":true,"id":24,"label":"24","site_id":24}},"right":{"leaf":false,"id":120,"left":{"leaf":true,"id":29,"label":"29","site_id":29},"right":{"leaf":false,"id":117,"left":{"leaf":true,"id":25,"label":"25","site_id":25},"right":{"leaf":true,"id":30,"label":"30","site_id":30}}}},"right":{"leaf":false,"id":183,"left":{"leaf":false,"id":182,"left":{"leaf":false,"id":180,"left":{"leaf":false,"id":153,"left":{"leaf":true,"id":66,"label":"66","site_id":66},"right":{"leaf":false,"id":152,"left":{"leaf":true,"id":63,"label":"63","site_id":63},"right":{"leaf":false,"id":151,"left":{"leaf":false,"id":150,"left":{"leaf":true,"id":64,"label":"64","site_id":64},"right":{"leaf":true,"id":61,"label":"61","site_id":61}},"right":{"leaf":false,"id":149,"left":{"leaf":false,"id":148,"left":{"leaf":true,"id":60,"label":"60","site_id":60},"right":{"leaf":true,"id":65,"label":"65","site_id":65}},"right":{"leaf":false,"id":147,"left":{"leaf":true,"id":62,"label":"62","site_id":62},"right":{"leaf":true,"id":59,"label":"59","site_id":59}}}}}},"right":{"leaf":false,"id":146,"left":{"leaf":false,"id":145,"left":{"leaf":true,"id":51,"label":"51","site_id":51},"right":{"leaf":false,"id":144,"left":{"leaf":true,"id":55,"label":"55","site_id":55},"right":{"leaf":false,"id":140,"left":{"leaf":true,"id":56,"label":"56","site_id":56},"right":{"leaf":true,"id":53,"label":"53","site_id":53}}}},"right":{"leaf":false,"id":143,"left":{"leaf":true,"id":57,"label":"57","site_id":57},"right":{"leaf":false,"id":142,"left":{"leaf":false,"id":141,"left":{"leaf":true,"id":52,"label":"52","site_id":52},"right":{"leaf":true,"id":58,"label":"58","site_id":58}},"right":{"leaf":true,"id":54,"label":"54","site_id":54}}}}},"right":{"leaf":false,"id":158,"left":{"leaf":false,"id":157,"left":{"leaf":false,"id":155,"left":{"leaf":true,"id":68,"label":"68","site_id":68},"right":{"leaf":true,"id":71,"label":"71","site_id":71}},"right":{"leaf":false,"id":154,"left":{"leaf":true,"id":70,"label":"70","site_id":70},"right":{"leaf":true,"id":67,"label":"67","site_id":67}}},"right":{"leaf":false,"id":156,"left":{"leaf":true,"id":72,"label":"72","site_id":72},"right":{"leaf":true,"id":69,"label":"69","site_id":69}}}},"right":{"leaf":false,"id":139,"left":{"leaf":true,"id":43,"label":"43","site_id":43},"right":{"leaf":false,"id":138,"left":{"leaf":true,"id":48,"label":"48","site_id":48},"right":{"leaf":false,"id":137,"left":{"leaf":true,"id":41,"label":"41","site_id":41},"right":{"leaf":false,"id":136,"left":{"leaf":false,"id":135,"left":{"leaf":false,"id":132,"left":{"leaf":false,"id":130,"left":{"leaf":true,"id":44,"label":"44","site_id":44},"right":{"leaf":true,"id":47,"label":"47","site_id":47}},"right":{"leaf":true,"id":42,"label":"42","site_id":42}},"right":{"leaf":false,"id":134,"left":{"leaf":false,"id":133,"left":{"leaf":true,"id":40,"label":"40","site_id":40},"right":{"leaf":true,"id":45,"label":"45","site_id":45}},"right":{"leaf":true,"id":50,"label":"50","site_id":50}}},"right":{"leaf":false,"id":131,"left":{"leaf":true,"id":46,"label":"46","site_id":46},"right":{"leaf":true,"id":49,"label":"49","site_id":49}}}}}}}}},"right":{"leaf":false,"id":185,"left":{"leaf":false,"id":109,"left":{"leaf":false,"id":108,"left":{"leaf":false,"id":107,"left":{"leaf":false,"id":106,"left":{"leaf":true,"id":9,"label":"9","site_id":9},"right":{"leaf":false,"id":105,"left":{"leaf":false,"id":102,"left":{"leaf":true,"id":16,"label":"16","site_id":16},"right":{"leaf":true,"id":10,"label":"10","site_id":10}},"right":{"leaf":true,"id":13,"label":"13","site_id":13}}},"right":{"leaf":false,"id":103,"left":{"leaf":false,"id":101,"left":{"leaf":true,"id":8,"label":"8","site_id":8},"right":{"leaf":true,"id":12,"label":"12","site_id":12}},"right":{"leaf":true,"id":14,"label":"14","site_id":14}}},"right":{"leaf":false,"id":104,"left":{"leaf":true,"id":7,"label":"7","site_id":7},"right":{"leaf":true,"id":15,"label":"15","site_id":15}}},"right":{"leaf":true,"id":11,"label":"11","site_id":11}},"right":{"leaf":false,"id":171,"left":{"leaf":false,"id":170,"left":{"leaf":false,"id":169,"left":{"leaf":false,"id":160,"left":{"leaf":true,"id":82,"label":"82","site_id":82},"right":{"leaf":true,"id":75,"label":"75","site_id":75}},"right":{"leaf":true,"id":78,"label":"78","site_id":78}},"right":{"leaf":false,"id":164,"left":{"leaf":true,"id":80,"label":"80","site_id":80},"right":{"leaf":false,"id":163,"left":{"leaf":false,"id":161,"left":{"leaf":true,"id":85,"label":"85","site_id":85},"right":{"leaf":false,"id":159,"left":{"leaf":true,"id":86,"label":"86","site_id":86},"right":{"leaf":true,"id":74,"label":"74","site_id":74}}},"right":{"leaf":true,"id":81,"label":"81","site_id":81}}}},"right":{"leaf":false,"id":168,"left":{"leaf":true,"id":73,"label":"73","site_id":73},"right":{"leaf":false,"id":167,"left":{"leaf":false,"id":165,"left":{"leaf":true,"id":84,"label":"84","site_id":84},"right":{"leaf":true,"id":79,"label":"79","site_id":79}},"right":{"leaf":false,"id":166,"left":{"leaf":true,"id":77,"label":"77","site_id":77},"right":{"leaf":false,"id":162,"left":{"leaf":true,"id":83,"label":"83","site_id":83},"right":{"leaf":true,"id":76,"label":"76","site_id":76}}}}}}}}},"num_sites":95,"sites":[{"x":382.7442220709064,"y":125.45962487205196,"cluster":0},{"x":399.7988939799048,"y":101.7174239829234,"cluster":0},{"x":388.3007506595588,"y":77.04042109290853,"cluster":0},{"x":381.45905268691513,"y":76.23328400775254,"cluster":0},{"x":409.6939180663233,"y":86.05857573804737,"cluster":0},{"x":382.85916741437984,"y":101.91205114768731,"cluster":0},{"x":371.61923679972256,"y":107.69704361401455,"cluster":0},{"x":74.38812866061204,"y":77.59122112264615,"cluster":1},{"x":116.41397169529203,"y":20.466123041370974,"cluster":1},{"x":56.99319789289342,"y":68.25163840631552,"cluster":1},{"x":60.70809588366788,"y":59.71572402020671,"cluster":1},{"x":57.979467032177546,"y":33.32366258313784,"cluster":1},{"x":135.5668049379166,"y":67.55545950455755,"cluster":1},{"x":65.64280435057003,"y":32.689233732695016,"cluster":1},{"x":123.79030503999758,"y":47.370636913522546,"cluster":1},{"x":87.29709178723863,"y":46.41656739744468,"cluster":1},{"x":88.9980733363642,"y":32.605827633656126,"cluster":1},{"x":225.6859708638368,"y":226.06915621232508,"cluster":2},{"x":198.81371383774365,"y":173.24951701549358,"cluster":2},{"x":226.97882429749953,"y":212.33096679579188,"cluster":2},{"x":212.26111494233953,"y":179.33268677317852,"cluster":2},{"x":224.05693357522935,"y":219.06835560309742,"cluster":2},{"x":234.7136278472144,"y":223.4086614319312,"cluster":2},{"x":217.71652776473965,"y":184.5420858704678,"cluster":2},{"x":183.67399139185906,"y":225.05466810217933,"cluster":3},{"x":220.52996790511745,"y":182.97991181114264,"cluster":3},{"x":197.5930680099184,"y":235.60438040853543,"cluster":3},{"x":182.46891774428073,"y":237.73523341146975,"cluster":3},{"x":187.4171520227486,"y":238.71945901037822,"cluster":3},{"x":215.0304585961112,"y":198.5338138891377,"cluster":3},{"x":227.58483410815074,"y":224.1573196923342,"cluster":3},{"x":221.24139087897012,"y":269.1053421271193,"cluster":4},{"x":206.65467477300905,"y":261.67467731839724,"cluster":4},{"x":209.53489623677237,"y":281.72289203391216,"cluster":4},{"x":149.11929641199376,"y":255.10760483468275,"cluster":4},{"x":183.87104334370935,"y":250.47091562742057,"cluster":4},{"x":215.62574428865327,"y":284.1682211527344,"cluster":4},{"x":186.67268102012014,"y":245.36355487903148,"cluster":4},{"x":178.40198104491506,"y":225.42230234383845,"cluster":4},{"x":219.48264120587856,"y":241.8226221749502,"cluster":4},{"x":89.23646504647404,"y":44.09519174956183,"cluster":5},{"x":90.18177368850033,"y":104.30096669065881,"cluster":5},{"x":76.65732417944865,"y":116.1471549636548,"cluster":5},{"x":118.0845056551571,"y":64.49862997107877,"cluster":5},{"x":62.78652582062932,"y":106.78625230919502,"cluster":5},{"x":60.05757069772018,"y":57.48661393407919,"cluster":5},{"x":64.02788782614692,"y":63.329350992819336,"cluster":5},{"x":43.46243288515233,"y":34.39139453759771,"cluster":5},{"x":38.376409970960346,"y":103.76239919780399,"cluster":5},{"x":103.25570423969904,"y":64.58515113121855,"cluster":5},{"x":32.200818528969116,"y":62.756516745194034,"cluster":5},{"x":198.68235260024863,"y":137.2764403149686,"cluster":6},{"x":161.46302713366663,"y":172.26325242940035,"cluster":6},{"x":191.09823230788652,"y":127.4908281926719,"cluster":6},{"x":194.40180162898838,"y":132.29868126977905,"cluster":6},{"x":179.2149883610998,"y":120.18924009462549,"cluster":6},{"x":204.94402447524826,"y":129.0591811649721,"cluster":6},{"x":173.77763953109724,"y":178.55669368020884,"cluster":6},{"x":169.62292622713605,"y":146.98327043846703,"cluster":6},{"x":205.12837367724669,"y":232.29342593582393,"cluster":7},{"x":193.11521522134967,"y":204.45421349175945,"cluster":7},{"x":168.2846099372051,"y":211.18787625588337,"cluster":7},{"x":207.9920505892854,"y":226.97707081003682,"cluster":7},{"x":157.54087594741583,"y":226.17141922262687,"cluster":7},{"x":204.75236130834716,"y":250.40406490401378,"cluster":7},{"x":192.16175205333445,"y":242.8572152994665,"cluster":7},{"x":187.9514938484642,"y":235.99198533311596,"cluster":7},{"x":201.7286319328257,"y":190.2258469774144,"cluster":8},{"x":194.51164569507395,"y":159.09782353719675,"cluster":8},{"x":175.6719834783608,"y":173.34323905216968,"cluster":8},{"x":190.3314690722576,"y":192.61056241076818,"cluster":8},{"x":185.94421059569993,"y":171.77959404600333,"cluster":8},{"x":166.38828593387805,"y":163.96068270494672,"cluster":8},{"x":126.38122722736495,"y":160.76298101656738,"cluster":9},{"x":57.77536001532391,"y":197.43796701066242,"cluster":9},{"x":65.75594932962665,"y":85.5031966315508,"cluster":9},{"x":79.06991175662118,"y":105.02762219816377,"cluster":9},{"x":148.52225528309478,"y":141.17835041566195,"cluster":9},{"x":44.679877170350004,"y":124.96754761317028,"cluster":9},{"x":130.40353869345435,"y":131.6427331087699,"cluster":9},{"x":40.27350137899513,"y":156.48324312321796,"cluster":9},{"x":120.01572678628338,"y":197.2209635557704,"cluster":9},{"x":83.07809839012407,"y":86.86876280999594,"cluster":9},{"x":84.09345724319948,"y":111.53354077150914,"cluster":9},{"x":136.12010755651937,"y":144.70776353172343,"cluster":9},{"x":104.15772841738143,"y":192.60046463550134,"cluster":9},{"x":92.36871245773824,"y":201.146379297893,"cluster":9},{"x":329.3413534577325,"y":240.49623808173897,"cluster":10},{"x":323.42688657854745,"y":258.05797631646567,"cluster":10},{"x":313.65169909137524,"y":265.29905808159185,"cluster":10},{"x":320.0450546227823,"y":267.83749303775113,"cluster":10},{"x":346.7800629472419,"y":275.08147082628585,"cluster":10},{"x":358.2603942349321,"y":267.6908632501829,"cluster":10},{"x":312.71415638001145,"y":248.77388361381333,"cluster":10},{"x":344.5716675929507,"y":235.4245604984889,"cluster":10}],"num_clusters":11}