{"title":"cluster-n35-c5-r6-s5887712648313437491","map_width":500,"map_height":300,"num_leaves":35,"tree":{"leaf":false,"id":68,"left":{"leaf":false,"id":67,"left":{"leaf":false,"id":66,"left":{"leaf":false,"id":65,"left":{"leaf":false,"id":64,"left":{"leaf":false,"id":63,"left":{"leaf":false,"id":62,"left":{"leaf":true,"id":27,"label":"27","site_id":27},"right":{"leaf":false,"id":61,"left":{"leaf":true,"id":31,"label":"31","site_id":31},"right":{"leaf":true,"id":28,"label":"28","site_id":28}}},"right":{"leaf":false,"id":59,"left":{"leaf":true,"id":33,"label":"33","site_id":33},"right":{"leaf":false,"id":58,"left":{"leaf":true,"id":32,"label":"32","site_id":32},"right":{"leaf":true,"id":34,"label":"34","site_id":34}}}},"right":{"leaf":false,"id":60,"left":{"leaf":true,"id":29,"label":"29","site_id":29},"right":{"leaf":true,"id":30,"label":"30","site_id":30}}},"right":{"leaf":false,"id":40,"left":{"leaf":true,"id":1,"label":"1","site_id":1},"right":{"leaf":false,"id":39,"left":{"leaf":false,"id":37,"left":{"leaf":true,"id":5,"label":"5","site_id":5},"right":{"leaf":true,"id":0,"label":"0","site_id":0}},"right":{"leaf":false,"id":38,"left":{"leaf":true,"id":4,"label":"4","site_id":4},"right":{"leaf":false,"id":36,"left":{"leaf":true,"id":6,"label":"6","site_id":6},"right":{"leaf":false,"id":35,"left":{"leaf":true,"id":2,"label":"2","site_id":2},"right":{"leaf":true,"id":3,"label":"3","site_id":3}}}}}}},"right":{"leaf":false,"id":50,"left":{"leaf":false,"id":49,"left":{"leaf":false,"id":46,"left":{"leaf":true,"id":17,"label":"17","site_id":17},"right":{"leaf":true,"id":15,"label":"15","site_id":15}},"right":{"leaf":false,"id":48,"left":{"leaf":true,"id":14,"label":"14","site_id":14},"right":{"leaf":true,"id":12,"label":"12","site_id":12}}},"right":{"leaf":false,"id":47,"left":{"leaf":true,"id":13,"label":"13","site_id":13},"right":{"leaf":false,"id":45,"left":{"leaf":true,"id":18,"label":"18","site_id":18},"right":{"leaf":true,"id":16,"label":"16","site_id":16}}}}},"right":{"leaf":false,"id":57,"left":{"leaf":false,"id":55,"left":{"leaf":true,"id":23,"label":"23","site_id":23},"right":{"leaf":true,"id":22,"label":"22","site_id":22}},"right":{"leaf":false,"id":56,"left":{"leaf":true,"id":19,"label":"19","site_id":19},"right":{"leaf":false,"id":54,"left":{"leaf":true,"id":25,"label":"25","site_id":25},"right":{"leaf":false,"id":53,"left":{"leaf":true,"id":20,"label":"20","site_id":20},"right":{"leaf":false,"id":52,"left":{"leaf":true,"id":24,"label":"24","site_id":24},"right":{"leaf":false,"id":51,"left":{"leaf":true,"id":21,"label":"21","site_id":21},"right":{"leaf":true,"id":26,"label":"26","site_id":26}}}}}}}},"right":{"leaf":false,"id":44,"left":{"leaf":false,"id":43,"left":{"leaf":true,"id":7,"label":"7","site_id":7},"right":{"leaf":false,"id":42,"left":{"leaf":true,"id":9,"label":"9","site_id":9},"right":{"leaf":false,"id":41,"left":{"leaf":true,"id":8,"label":"8","site_id":8},"right":{"leaf":true,"id":11,"label":"11","site_id":11}}}},"right":{"leaf":true,"id":10,"label":"10","site_id":10}}},"num_sites":35,"sites":[{"x":226.68323227117483,"y":114.14368360461017,"cluster":0},{"x":143.2608329234913,"y":39.70817935261635,"cluster":0},{"x":236.8784004084159,"y":70.30444409579742,"cluster":0},{"x":273.52584522394204,"y":82.59364022851375,"cluster":0},{"x":272.58813984369783,"y":75.83323025412172,"cluster":0},{"x":220.9022649050631,"y":84.13050713268026,"cluster":0},{"x":290.2204985604108,"y":65.8529706486961,"cluster":0},{"x":59.687843396013875,"y":60.15172178624971,"cluster":1},{"x":103.51133022559804,"y":79.42677605909044,"cluster":1},{"x":85.0063994219681,"y":80.45508846370794,"cluster":1},{"x":66.09472671823858,"y":64.98967853163748,"cluster":1},{"x":71.57982327032097,"y":21.93891270700395,"cluster":1},{"x":146.79441054769032,"y":95.16449163832577,"cluster":2},{"x":232.84779790926703,"y":41.469235129328155,"cluster":2},{"x":151.0059898312616,"y":132.81557868947203,"cluster":2},{"x":188.72344451213456,"y":160.1188394044592,"cluster":2},{"x":195.16461057519783,"y":23.29743483069359,"cluster":2},{"x":233.64992303027012,"y":180.57882311550037,"cluster":2},{"x":243.56756572366902,"y":44.11543104764258,"cluster":2},{"x":232.50779034643463,"y":89.14521500591947,"cluster":3},{"x":134.11854198114438,"y":81.93063799265877,"cluster":3},{"x":191.25416021790704,"y":212.51526821168588,"cluster":3},{"x":76.65089802855715,"y":132.2910902069293,"cluster":3},{"x":74.6671925342488,"y":122.04016223198394,"cluster":3},{"x":146.6822281984412,"y":134.76632091175298,"cluster":3},{"x":240.88428437952103,"y":251.82736576676166,"cluster":3},{"x":133.48199676059465,"y":195.2422046002113,"cluster":3},{"x":172.8880771257986,"y":36.7339455547029,"cluster":4},{"x":252.75582728019515,"y":152.29952815324583,"cluster":4},{"x":265.4921753362724,"y":45.651324722616685,"cluster":4},{"x":198.00843957280864,"y":38.44122620466263,"cluster":4},{"x":206.87946685283276,"y":129.86142571248277,"cluster":4},{"x":194.52832365327427,"y":152.99224747637402,"cluster":4},{"x":245.12440256753945,"y":71.11250819486449,"cluster":4},{"x":113.29652013963435,"y":104.73779156498452,"cluster":4}],"num_clusters":5}