{"title":"cluster-n15-c3-r8-s-6874753323234909047","map_width":500,"map_height":300,"num_leaves":15,"tree":{"leaf":false,"id":28,"left":{"leaf":false,"id":27,"left":{"leaf":false,"id":26,"left":{"leaf":false,"id":23,"left":{"leaf":true,"id":10,"label":"10","site_id":10},"right":{"leaf":true,"id":11,"label":"11","site_id":11}},"right":{"leaf":false,"id":25,"left":{"leaf":true,"id":14,"label":"14","site_id":14},"right":{"leaf":false,"id":24,"left":{"leaf":true,"id":13,"label":"13","site_id":13},"right":{"leaf":true,"id":12,"label":"12","site_id":12}}}},"right":{"leaf":false,"id":18,"left":{"leaf":true,"id":4,"label":"4","site_id":4},"right":{"leaf":false,"id":17,"left":{"leaf":true,"id":1,"label":"1","site_id":1},"right":{"leaf":false,"id":16,"left":{"leaf":false,"id":15,"left":{"leaf":true,"id":2,"label":"2","site_id":2},"right":{"leaf":true,"id":0,"label":"0","site_id":0}},"right":{"leaf":true,"id":3,"label":"3","site_id":3}}}}},"right":{"leaf":false,"id":22,"left":{"leaf":false,"id":21,"left":{"leaf":true,"id":8,"label":"8","site_id":8},"right":{"leaf":true,"id":9,"label":"9","site_id":9}},"right":{"leaf":false,"id":20,"left":{"leaf":true,"id":7,"label":"7","site_id":7},"right":{"leaf":false,"id":19,"left":{"leaf":true,"id":6,"label":"6","site_id":6},"right":{"leaf":true,"id":5,"label":"5","site_id":5}}}}},"num_sites":15,"sites":[{"x":306.4880231036356,"y":159.66816426971468,"cluster":0},{"x":371.67634069510075,"y":161.22145877121386,"cluster":0},{"x":239.0505893604667,"y":162.27241827821345,"cluster":0},{"x":304.80427960784,"y":261.66194266193537,"cluster":0},{"x":293.5143390924834,"y":270.7755624135108,"cluster":0},{"x":124.26470415820427,"y":210.63556940910058,"cluster":1},{"x":123.82039604430481,"y":256.589358247193,"cluster":1},{"x":149.67227179541476,"y":137.30568940050784,"cluster":1},{"x":58.1639524437847,"y":152.9835116727696,"cluster":1},{"x":72.48933993782427,"y":263.6447557377014,"cluster":1},{"x":298.4015323451432,"y":109.97745582138347,"cluster":2},{"x":465.9555511376437,"y":116.79785618699158,"cluster":2},{"x":457.7697661808274,"y":173.46366721599634,"cluster":2},{"x":390.79917383181885,"y":16.392582586585092,"cluster":2},{"x":429.0700985611313,"y":93.40929608439629,"cluster":2}],"num_clusters":3}