{"title":"cluster-n25-c4-r4-s111988666388185236","map_width":500,"map_height":300,"num_leaves":25,"tree":{"leaf":false,"id":48,"left":{"leaf":false,"id":47,"left":{"leaf":false,"id":46,"left":{"leaf":false,"id":29,"left":{"leaf":false,"id":28,"left":{"leaf":true,"id":5,"label":"5","site_id":5},"right":{"leaf":true,"id":0,"label":"0","site_id":0}},"right":{"leaf":false,"id":27,"left":{"leaf":false,"id":26,"left":{"leaf":true,"id":3,"label":"3","site_id":3},"right":{"leaf":false,"id":25,"left":{"leaf":true,"id":2,"label":"2","site_id":2},"right":{"leaf":true,"id":4,"label":"4","site_id":4}}},"right":{"leaf":true,"id":1,"label":"1","site_id":1}}},"right":{"leaf":false,"id":40,"left":{"leaf":true,"id":16,"label":"16","site_id":16},"right":{"leaf":false,"id":39,"left":{"leaf":false,"id":38,"left":{"leaf":true,"id":12,"label":"12","site_id":12},"right":{"leaf":false,"id":37,"left":{"leaf":true,"id":15,"label":"15","site_id":15},"right":{"leaf":false,"id":36,"left":{"leaf":true,"id":18,"label":"18","site_id":18},"right":{"leaf":true,"id":13,"label":"13","site_id":13}}}},"right":{"leaf":false,"id":35,"left":{"leaf":true,"id":14,"label":"14","site_id":14},"right":{"leaf":true,"id":17,"label":"17","site_id":17}}}}},"right":{"leaf":false,"id":45,"left":{"leaf":true,"id":21,"label":"21","site_id":21},"right":{"leaf":false,"id":44,"left":{"leaf":false,"id":43,"left":{"leaf":false,"id":41,"left":{"leaf":true,"id":19,"label":"19","site_id":19},"right":{"leaf":true,"id":22,"label":"22","site_id":22}},"right":{"leaf":true,"id":20,"label":"20","site_id":20}},"right":{"leaf":false,"id":42,"left":{"leaf":true,"id":24,"label":"24","site_id":24},"right":{"leaf":true,"id":23,"label":"23","site_id":23}}}}},"right":{"leaf":false,"id":34,"left":{"leaf":false,"id":33,"left":{"leaf":true,"id":10,"label":"10","site_id":10},"right":{"leaf":false,"id":32,"left":{"leaf":false,"id":30,"left":{"leaf":true,"id":8,"label":"8","site_id":8},"right":{"leaf":true,"id":9,"label":"9","site_id":9}},"right":{"leaf":false,"id":31,"left":{"leaf":true,"id":6,"label":"6","site_id":6},"right":{"leaf":true,"id":7,"label":"7","site_id":7}}}},"right":{"leaf":true,"id":11,"label":"11","site_id":11}}},"num_sites":25,"sites":[{"x":367.9681120462564,"y":114.0741416710697,"cluster":0},{"x":352.1894655342102,"y":97.05687665992667,"cluster":0},{"x":359.63590290668657,"y":166.4086698577078,"cluster":0},{"x":285.65399033770916,"y":146.59455082753396,"cluster":0},{"x":343.17706061028906,"y":95.00084444850631,"cluster":0},{"x":376.735062773867,"y":103.53229282692655,"cluster":0},{"x":380.3602823559171,"y":279.24336903502143,"cluster":1},{"x":440.35069904989444,"y":228.05339567364172,"cluster":1},{"x":365.7486494174216,"y":169.29796942527892,"cluster":1},{"x":365.25902435797724,"y":245.77671232240925,"cluster":1},{"x":353.45234721813426,"y":226.60807547153513,"cluster":1},{"x":464.50667179769334,"y":215.9136924270287,"cluster":1},{"x":75.99134375452168,"y":126.61948859858106,"cluster":2},{"x":41.05610527433632,"y":150.89548315374867,"cluster":2},{"x":181.96901410975153,"y":135.16109140743788,"cluster":2},{"x":48.212454882250896,"y":46.89497169410327,"cluster":2},{"x":103.89600648487354,"y":34.83979535538691,"cluster":2},{"x":60.18280247219311,"y":174.32690241751186,"cluster":2},{"x":29.11872529356937,"y":158.1226564275284,"cluster":2},{"x":387.17840521883465,"y":163.6946441619273,"cluster":3},{"x":433.1499434507633,"y":282.5963927936364,"cluster":3},{"x":332.45396663874084,"y":201.69154355303016,"cluster":3},{"x":402.8441918464187,"y":169.93058083080663,"cluster":3},{"x":437.03150153978885,"y":156.25830199550262,"cluster":3},{"x":376.5686223400359,"y":252.41163013333863,"cluster":3}],"num_clusters":4}