{"title":"cluster-n35-c5-r2-s5840930912313687631","map_width":500,"map_height":300,"num_leaves":35,"tree":{"leaf":false,"id":68,"left":{"leaf":false,"id":59,"left":{"leaf":true,"id":24,"label":"24","site_id":24},"right":{"leaf":false,"id":58,"left":{"leaf":false,"id":54,"left":{"leaf":true,"id":28,"label":"28","site_id":28},"right":{"leaf":true,"id":23,"label":"23","site_id":23}},"right":{"leaf":false,"id":57,"left":{"leaf":false,"id":56,"left":{"leaf":false,"id":55,"left":{"leaf":true,"id":27,"label":"27","site_id":27},"right":{"leaf":true,"id":26,"label":"26","site_id":26}},"right":{"leaf":true,"id":22,"label":"22","site_id":22}},"right":{"leaf":true,"id":25,"label":"25","site_id":25}}}},"right":{"leaf":false,"id":67,"left":{"leaf":false,"id":65,"left":{"leaf":false,"id":53,"left":{"leaf":false,"id":52,"left":{"leaf":true,"id":21,"label":"21","site_id":21},"right":{"leaf":false,"id":51,"left":{"leaf":false,"id":49,"left":{"leaf":true,"id":20,"label":"20","site_id":20},"right":{"leaf":true,"id":19,"label":"19","site_id":19}},"right":{"leaf":true,"id":17,"label":"17","site_id":17}}},"right":{"leaf":false,"id":50,"left":{"leaf":true,"id":16,"label":"16","site_id":16},"right":{"leaf":true,"id":18,"label":"18","site_id":18}}},"right":{"leaf":false,"id":64,"left":{"leaf":false,"id":63,"left":{"leaf":true,"id":30,"label":"30","site_id":30},"right":{"leaf":false,"id":61,"left":{"leaf":true,"id":32,"label":"32","site_id":32},"right":{"leaf":true,"id":29,"label":"29","site_id":29}}},"right":{"leaf":false,"id":62,"left":{"leaf":false,"id":60,"left":{"leaf":true,"id":34,"label":"34","site_id":34},"right":{"leaf":true,"id":33,"label":"33","site_id":33}},"right":{"leaf":true,"id":31,"label":"31","site_id":31}}}},"right":{"leaf":false,"id":66,"left":{"leaf":false,"id":44,"left":{"leaf":false,"id":43,"left":{"leaf":false,"id":40,"left":{"leaf":true,"id":5,"label":"5","site_id":5},"right":{"leaf":true,"id":1,"label":"1","site_id":1}},"right":{"leaf":false,"id":42,"left":{"leaf":false,"id":39,"left":{"leaf":true,"id":0,"label":"0","site_id":0},"right":{"leaf":false,"id":38,"left":{"leaf":false,"id":37,"left":{"leaf":true,"id":8,"label":"8","site_id":8},"right":{"leaf":false,"id":35,"left":{"leaf":true,"id":4,"label":"4","site_id":4},"right":{"leaf":true,"id":3,"label":"3","site_id":3}}},"right":{"leaf":true,"id":7,"label":"7","site_id":7}}},"right":{"leaf":false,"id":36,"left":{"leaf":true,"id":2,"label":"2","site_id":2},"right":{"leaf":true,"id":9,"label":"9","site_id":9}}}},"right":{"leaf":false,"id":41,"left":{"leaf":true,"id":10,"label":"10","site_id":10},"right":{"leaf":true,"id":6,"label":"6","site_id":6}}},"right":{"leaf":false,"id":48,"left":{"leaf":false,"id":46,"left":{"leaf":true,"id":11,"label":"11","site_id":11},"right":{"leaf":true,"id":15,"label":"15","site_id":15}},"right":{"leaf":false,"id":47,"left":{"leaf":false,"id":45,"left":{"leaf":true,"id":12,"label":"12","site_id":12},"right":{"leaf":true,"id":14,"label":"14","site_id":14}},"right":{"leaf":true,"id":13,"label":"13","site_id":13}}}}}},"num_sites":35,"sites":[{"x":309.17637663496976,"y":145.34325895943667,"cluster":0},{"x":214.53854825752168,"y":198.77691093896246,"cluster":0},{"x":120.13513647908698,"y":144.4895065276953,"cluster":0},{"x":165.9522579609851,"y":185.61133246560493,"cluster":0},{"x":245.06519684047788,"y":82.3148039100279,"cluster":0},{"x":119.5959116216716,"y":16.07633940042213,"cluster":0},{"x":256.53275629392715,"y":173.10085401470067,"cluster":0},{"x":183.7016908401928,"y":191.3433471427966,"cluster":0},{"x":259.25111674045206,"y":98.26211262334964,"cluster":0},{"x":77.57000802007131,"y":158.9800498811934,"cluster":0},{"x":276.33803449106557,"y":194.38178997406345,"cluster":0},{"x":265.46526671225513,"y":219.78066005905174,"cluster":1},{"x":168.71499858201554,"y":207.2537310105357,"cluster":1},{"x":272.4672971192703,"y":173.95693497825297,"cluster":1},{"x":268.28124875945196,"y":213.14536943284173,"cluster":1},{"x":245.0814273093015,"y":231.48841125101586,"cluster":1},{"x":252.57220561271245,"y":283.5457302657594,"cluster":2},{"x":187.04248889441035,"y":248.02602310311823,"cluster":2},{"x":271.96742008673584,"y":213.48327024761346,"cluster":2},{"x":184.6890109753363,"y":279.8618004192301,"cluster":2},{"x":186.54699644307087,"y":259.9168427543941,"cluster":2},{"x":172.89601585832284,"y":232.48467802394322,"cluster":2},{"x":298.720397385127,"y":154.6120398028153,"cluster":3},{"x":351.5429220206715,"y":111.04577681841754,"cluster":3},{"x":323.5980565812122,"y":200.79303676291056,"cluster":3},{"x":415.81230499728156,"y":130.57248550303004,"cluster":3},{"x":349.7005803408712,"y":90.16100564498572,"cluster":3},{"x":342.3157186680006,"y":95.13428694231426,"cluster":3},{"x":417.01607546058847,"y":108.0948615444105,"cluster":3},{"x":253.03110470361804,"y":267.3880303416927,"cluster":4},{"x":200.8342988806265,"y":219.68553824722835,"cluster":4},{"x":254.7831810106616,"y":251.96942100683134,"cluster":4},{"x":255.91413500791072,"y":216.1724459460052,"cluster":4},{"x":139.19239355734422,"y":268.89508721910516,"cluster":4},{"x":182.49642418956557,"y":205.41961680580715,"cluster":4}],"num_clusters":5}