{"title":"uniform-n70-r8-s678841393821033422770","map_width":500,"map_height":300,"num_leaves":70,"tree":{"leaf":false,"id":138,"left":{"leaf":false,"id":127,"left":{"leaf":false,"id":126,"left":{"leaf":false,"id":106,"left":{"leaf":true,"id":44,"label":"44","site_id":44},"right":{"leaf":true,"id":28,"label":"28","site_id":28}},"right":{"leaf":false,"id":101,"left":{"leaf":true,"id":39,"label":"39","site_id":39},"right":{"leaf":true,"id":42,"label":"42","site_id":42}}},"right":{"leaf":false,"id":115,"left":{"leaf":true,"id":13,"label":"13","site_id":13},"right":{"leaf":false,"id":104,"left":{"leaf":false,"id":80,"left":{"leaf":true,"id":41,"label":"41","site_id":41},"right":{"leaf":true,"id":61,"label":"61","site_id":61}},"right":{"leaf":true,"id":47,"label":"47","site_id":47}}}},"right":{"leaf":false,"id":137,"left":{"leaf":false,"id":132,"left":{"leaf":false,"id":119,"left":{"leaf":false,"id":100,"left":{"leaf":true,"id":29,"label":"29","site_id":29},"right":{"leaf":true,"id":24,"label":"24","site_id":24}},"right":{"leaf":true,"id":2,"label":"2","site_id":2}},"right":{"leaf":false,"id":76,"left":{"leaf":true,"id":65,"label":"65","site_id":65},"right":{"leaf":true,"id":62,"label":"62","site_id":62}}},"right":{"leaf":false,"id":136,"left":{"leaf":false,"id":135,"left":{"leaf":false,"id":113,"left":{"leaf":false,"id":110,"left":{"leaf":false,"id":73,"left":{"leaf":false,"id":70,"left":{"leaf":true,"id":45,"label":"45","site_id":45},"right":{"leaf":true,"id":55,"label":"55","site_id":55}},"right":{"leaf":true,"id":3,"label":"3","site_id":3}},"right":{"leaf":true,"id":58,"label":"58","site_id":58}},"right":{"leaf":true,"id":54,"label":"54","site_id":54}},"right":{"leaf":false,"id":134,"left":{"leaf":false,"id":131,"left":{"leaf":false,"id":128,"left":{"leaf":false,"id":124,"left":{"leaf":false,"id":120,"left":{"leaf":true,"id":68,"label":"68","site_id":68},"right":{"leaf":true,"id":32,"label":"32","site_id":32}},"right":{"leaf":false,"id":121,"left":{"leaf":false,"id":117,"left":{"leaf":true,"id":0,"label":"0","site_id":0},"right":{"leaf":true,"id":19,"label":"19","site_id":19}},"right":{"leaf":false,"id":83,"left":{"leaf":true,"id":63,"label":"63","site_id":63},"right":{"leaf":false,"id":72,"left":{"leaf":true,"id":36,"label":"36","site_id":36},"right":{"leaf":true,"id":11,"label":"11","site_id":11}}}}},"right":{"leaf":false,"id":109,"left":{"leaf":false,"id":86,"left":{"leaf":true,"id":15,"label":"15","site_id":15},"right":{"leaf":true,"id":64,"label":"64","site_id":64}},"right":{"leaf":false,"id":96,"left":{"leaf":false,"id":93,"left":{"leaf":true,"id":27,"label":"27","site_id":27},"right":{"leaf":false,"id":87,"left":{"leaf":true,"id":9,"label":"9","site_id":9},"right":{"leaf":true,"id":69,"label":"69","site_id":69}}},"right":{"leaf":false,"id":88,"left":{"leaf":false,"id":78,"left":{"leaf":true,"id":59,"label":"59","site_id":59},"right":{"leaf":true,"id":18,"label":"18","site_id":18}},"right":{"leaf":false,"id":71,"left":{"leaf":true,"id":52,"label":"52","site_id":52},"right":{"leaf":true,"id":22,"label":"22","site_id":22}}}}}},"right":{"leaf":false,"id":130,"left":{"leaf":false,"id":129,"left":{"leaf":false,"id":118,"left":{"leaf":false,"id":97,"left":{"leaf":true,"id":56,"label":"56","site_id":56},"right":{"leaf":true,"id":34,"label":"34","site_id":34}},"right":{"leaf":false,"id":84,"left":{"leaf":true,"id":50,"label":"50","site_id":50},"right":{"leaf":false,"id":79,"left":{"leaf":true,"id":38,"label":"38","site_id":38},"right":{"leaf":true,"id":4,"label":"4","site_id":4}}}},"right":{"leaf":false,"id":92,"left":{"leaf":true,"id":40,"label":"40","site_id":40},"right":{"leaf":true,"id":57,"label":"57","site_id":57}}},"right":{"leaf":false,"id":123,"left":{"leaf":true,"id":53,"label":"53","site_id":53},"right":{"leaf":false,"id":112,"left":{"leaf":true,"id":12,"label":"12","site_id":12},"right":{"leaf":false,"id":108,"left":{"leaf":true,"id":6,"label":"6","site_id":6},"right":{"leaf":false,"id":94,"left":{"leaf":true,"id":31,"label":"31","site_id":31},"right":{"leaf":true,"id":8,"label":"8","site_id":8}}}}}}},"right":{"leaf":false,"id":133,"left":{"leaf":false,"id":122,"left":{"leaf":false,"id":91,"left":{"leaf":true,"id":46,"label":"46","site_id":46},"right":{"leaf":false,"id":81,"left":{"leaf":true,"id":66,"label":"66","site_id":66},"right":{"leaf":true,"id":35,"label":"35","site_id":35}}},"right":{"leaf":false,"id":107,"left":{"leaf":false,"id":82,"left":{"leaf":true,"id":67,"label":"67","site_id":67},"right":{"leaf":true,"id":1,"label":"1","site_id":1}},"right":{"leaf":false,"id":103,"left":{"leaf":true,"id":5,"label":"5","site_id":5},"right":{"leaf":false,"id":89,"left":{"leaf":true,"id":7,"label":"7","site_id":7},"right":{"leaf":true,"id":21,"label":"21","site_id":21}}}}},"right":{"leaf":false,"id":125,"left":{"leaf":false,"id":111,"left":{"leaf":false,"id":95,"left":{"leaf":true,"id":60,"label":"60","site_id":60},"right":{"leaf":false,"id":90,"left":{"leaf":true,"id":23,"label":"23","site_id":23},"right":{"leaf":true,"id":17,"label":"17","site_id":17}}},"right":{"leaf":false,"id":77,"left":{"leaf":true,"id":25,"label":"25","site_id":25},"right":{"leaf":true,"id":37,"label":"37","site_id":37}}},"right":{"leaf":false,"id":116,"left":{"leaf":false,"id":114,"left":{"leaf":true,"id":16,"label":"16","site_id":16},"right":{"leaf":true,"id":49,"label":"49","site_id":49}},"right":{"leaf":false,"id":105,"left":{"leaf":false,"id":102,"left":{"leaf":false,"id":99,"left":{"leaf":true,"id":26,"label":"26","site_id":26},"right":{"leaf":false,"id":98,"left":{"leaf":false,"id":75,"left":{"leaf":true,"id":43,"label":"43","site_id":43},"right":{"leaf":true,"id":48,"label":"48","site_id":48}},"right":{"leaf":true,"id":14,"label":"14","site_id":14}}},"right":{"leaf":false,"id":85,"left":{"leaf":true,"id":20,"label":"20","site_id":20},"right":{"leaf":false,"id":74,"left":{"leaf":true,"id":30,"label":"30","site_id":30},"right":{"leaf":true,"id":51,"label":"51","site_id":51}}}},"right":{"leaf":true,"id":10,"label":"10","site_id":10}}}}}}},"right":{"leaf":true,"id":33,"label":"33","site_id":33}}}},"num_sites":70,"sites":[{"x":56.238787558123136,"y":65.17442860065873,"cluster":1},{"x":121.02626257806868,"y":248.2775283372028,"cluster":1},{"x":237.90814643930534,"y":105.66482214044004,"cluster":1},{"x":112.49078001918302,"y":201.56960068460273,"cluster":1},{"x":329.32447741888444,"y":64.05042621711979,"cluster":1},{"x":246.5970865075379,"y":157.82338297209523,"cluster":1},{"x":333.85420725396614,"y":43.1545759277062,"cluster":1},{"x":148.36101484074092,"y":217.43147363680438,"cluster":1},{"x":364.3281868683674,"y":60.62219538779208,"cluster":1},{"x":407.46662046129336,"y":32.78490470695854,"cluster":1},{"x":97.66531657088039,"y":59.06412810175728,"cluster":1},{"x":259.17269164606887,"y":73.01013403759586,"cluster":1},{"x":353.8932884965047,"y":127.72733047391509,"cluster":1},{"x":359.3959196561363,"y":206.28882373356578,"cluster":1},{"x":233.29289025567599,"y":80.38056747686781,"cluster":1},{"x":205.83674065002592,"y":151.43740708648994,"cluster":1},{"x":28.156074406416447,"y":191.12676263266977,"cluster":1},{"x":336.4965434897361,"y":152.2886617776981,"cluster":1},{"x":439.34910688596625,"y":164.0620289231436,"cluster":1},{"x":22.354649125382377,"y":282.47010597414044,"cluster":1},{"x":152.510851097212,"y":204.09805742914602,"cluster":1},{"x":252.33103444980617,"y":124.41443469350794,"cluster":1},{"x":374.2923217886267,"y":174.8484031408421,"cluster":1},{"x":425.9555590460168,"y":164.8648571976852,"cluster":1},{"x":175.55748141077993,"y":245.25070090672807,"cluster":1},{"x":392.3970944307072,"y":219.7534080786099,"cluster":1},{"x":205.91610189836402,"y":249.5558844086581,"cluster":1},{"x":353.6755557724013,"y":144.13314547732813,"cluster":1},{"x":452.34867247007526,"y":55.46192654750519,"cluster":1},{"x":184.9876072464731,"y":247.83527352054261,"cluster":1},{"x":64.00898514124727,"y":112.50361956192347,"cluster":1},{"x":256.1214375147285,"y":224.70001478404674,"cluster":1},{"x":195.55407917028745,"y":27.33139113802109,"cluster":1},{"x":214.91866488368643,"y":72.59527904692855,"cluster":1},{"x":182.5522588934916,"y":234.22108858402862,"cluster":1},{"x":156.66110298191256,"y":122.98993943709904,"cluster":1},{"x":284.65847662734836,"y":58.05329421676134,"cluster":1},{"x":72.11786184170484,"y":162.58868340163176,"cluster":1},{"x":345.32284371030033,"y":63.08451426518043,"cluster":1},{"x":401.78278742168055,"y":265.46324344317134,"cluster":1},{"x":440.81120071076134,"y":34.10423101378075,"cluster":1},{"x":254.56503261252806,"y":262.22996512474515,"cluster":1},{"x":455.86528095821274,"y":193.12647944134457,"cluster":1},{"x":132.44398750315975,"y":113.64528303431696,"cluster":1},{"x":482.5775180573908,"y":104.3303109562787,"cluster":1},{"x":133.52283488920375,"y":89.99731918510298,"cluster":1},{"x":141.10136993786608,"y":81.54031641654603,"cluster":1},{"x":474.27446334016895,"y":120.03682328086978,"cluster":1},{"x":58.932265297968726,"y":211.7066837836899,"cluster":1},{"x":83.42629721018896,"y":195.2364364789362,"cluster":1},{"x":320.8166456947597,"y":82.84824897448325,"cluster":1},{"x":269.81243378184496,"y":127.36438536802252,"cluster":1},{"x":386.81694142714844,"y":93.13604494454752,"cluster":1},{"x":58.42205148370988,"y":45.15234552894614,"cluster":1},{"x":141.92588292725378,"y":93.84961497936654,"cluster":1},{"x":144.98612161784993,"y":66.37408358276883,"cluster":1},{"x":170.19218925316466,"y":204.8095764567094,"cluster":1},{"x":289.7691986307858,"y":191.64040936155547,"cluster":1},{"x":168.00570185869182,"y":26.716051832369352,"cluster":1},{"x":347.92696946604684,"y":178.88988582718542,"cluster":1},{"x":146.9025651318949,"y":253.76102956878174,"cluster":1},{"x":438.08108421413436,"y":28.89425375149988,"cluster":1},{"x":133.09029223943696,"y":242.95609110273404,"cluster":1},{"x":210.92296846546998,"y":98.34418191433683,"cluster":1},{"x":368.25799454337897,"y":73.96383760689281,"cluster":1},{"x":143.11130851996944,"y":266.8212023187011,"cluster":1},{"x":111.2394740547876,"y":42.25777635269976,"cluster":1},{"x":40.890028297600644,"y":154.09389746716974,"cluster":1},{"x":165.896190163853,"y":43.85593664949076,"cluster":1},{"x":103.96268220467363,"y":189.37591912566734,"cluster":1}],"num_clusters":0}