{"title":"uniform-n60-r7-s-506345581715917960860","map_width":500,"map_height":300,"num_leaves":60,"tree":{"leaf":false,"id":118,"left":{"leaf":false,"id":115,"left":{"leaf":false,"id":114,"left":{"leaf":false,"id":99,"left":{"leaf":false,"id":97,"left":{"leaf":false,"id":88,"left":{"leaf":false,"id":83,"left":{"leaf":true,"id":7,"label":"7","site_id":7},"right":{"leaf":true,"id":1,"label":"1","site_id":1}},"right":{"leaf":true,"id":22,"label":"22","site_id":22}},"right":{"leaf":false,"id":92,"left":{"leaf":true,"id":13,"label":"13","site_id":13},"right":{"leaf":true,"id":23,"label":"23","site_id":23}}},"right":{"leaf":false,"id":91,"left":{"leaf":false,"id":84,"left":{"leaf":false,"id":77,"left":{"leaf":false,"id":60,"left":{"leaf":true,"id":27,"label":"27","site_id":27},"right":{"leaf":true,"id":3,"label":"3","site_id":3}},"right":{"leaf":true,"id":40,"label":"40","site_id":40}},"right":{"leaf":false,"id":82,"left":{"leaf":true,"id":44,"label":"44","site_id":44},"right":{"leaf":true,"id":37,"label":"37","site_id":37}}},"right":{"leaf":true,"id":4,"label":"4","site_id":4}}},"right":{"leaf":false,"id":107,"left":{"leaf":true,"id":49,"label":"49","site_id":49},"right":{"leaf":false,"id":106,"left":{"leaf":false,"id":101,"left":{"leaf":false,"id":87,"left":{"leaf":true,"id":12,"label":"12","site_id":12},"right":{"leaf":false,"id":79,"left":{"leaf":true,"id":34,"label":"34","site_id":34},"right":{"leaf":true,"id":21,"label":"21","site_id":21}}},"right":{"leaf":false,"id":90,"left":{"leaf":false,"id":65,"left":{"leaf":true,"id":8,"label":"8","site_id":8},"right":{"leaf":true,"id":18,"label":"18","site_id":18}},"right":{"leaf":false,"id":80,"left":{"leaf":true,"id":15,"label":"15","site_id":15},"right":{"leaf":false,"id":70,"left":{"leaf":true,"id":57,"label":"57","site_id":57},"right":{"leaf":true,"id":46,"label":"46","site_id":46}}}}},"right":{"leaf":false,"id":61,"left":{"leaf":true,"id":0,"label":"0","site_id":0},"right":{"leaf":true,"id":59,"label":"59","site_id":59}}}}},"right":{"leaf":false,"id":113,"left":{"leaf":false,"id":85,"left":{"leaf":true,"id":30,"label":"30","site_id":30},"right":{"leaf":true,"id":26,"label":"26","site_id":26}},"right":{"leaf":false,"id":89,"left":{"leaf":false,"id":72,"left":{"leaf":true,"id":47,"label":"47","site_id":47},"right":{"leaf":true,"id":38,"label":"38","site_id":38}},"right":{"leaf":false,"id":76,"left":{"leaf":true,"id":33,"label":"33","site_id":33},"right":{"leaf":true,"id":17,"label":"17","site_id":17}}}}},"right":{"leaf":false,"id":117,"left":{"leaf":false,"id":109,"left":{"leaf":false,"id":103,"left":{"leaf":true,"id":2,"label":"2","site_id":2},"right":{"leaf":false,"id":86,"left":{"leaf":true,"id":29,"label":"29","site_id":29},"right":{"leaf":false,"id":67,"left":{"leaf":true,"id":11,"label":"11","site_id":11},"right":{"leaf":true,"id":14,"label":"14","site_id":14}}}},"right":{"leaf":false,"id":100,"left":{"leaf":true,"id":19,"label":"19","site_id":19},"right":{"leaf":false,"id":98,"left":{"leaf":false,"id":95,"left":{"leaf":true,"id":53,"label":"53","site_id":53},"right":{"leaf":true,"id":41,"label":"41","site_id":41}},"right":{"leaf":false,"id":96,"left":{"leaf":true,"id":54,"label":"54","site_id":54},"right":{"leaf":true,"id":36,"label":"36","site_id":36}}}}},"right":{"leaf":false,"id":116,"left":{"leaf":false,"id":112,"left":{"leaf":false,"id":104,"left":{"leaf":false,"id":102,"left":{"leaf":false,"id":93,"left":{"leaf":false,"id":81,"left":{"leaf":false,"id":75,"left":{"leaf":true,"id":9,"label":"9","site_id":9},"right":{"leaf":false,"id":68,"left":{"leaf":true,"id":45,"label":"45","site_id":45},"right":{"leaf":true,"id":58,"label":"58","site_id":58}}},"right":{"leaf":true,"id":32,"label":"32","site_id":32}},"right":{"leaf":true,"id":55,"label":"55","site_id":55}},"right":{"leaf":false,"id":66,"left":{"leaf":true,"id":20,"label":"20","site_id":20},"right":{"leaf":false,"id":62,"left":{"leaf":true,"id":31,"label":"31","site_id":31},"right":{"leaf":true,"id":50,"label":"50","site_id":50}}}},"right":{"leaf":true,"id":5,"label":"5","site_id":5}},"right":{"leaf":false,"id":111,"left":{"leaf":false,"id":108,"left":{"leaf":true,"id":35,"label":"35","site_id":35},"right":{"leaf":false,"id":71,"left":{"leaf":true,"id":24,"label":"24","site_id":24},"right":{"leaf":true,"id":28,"label":"28","site_id":28}}},"right":{"leaf":false,"id":110,"left":{"leaf":false,"id":94,"left":{"leaf":false,"id":78,"left":{"leaf":true,"id":48,"label":"48","site_id":48},"right":{"leaf":false,"id":63,"left":{"leaf":true,"id":39,"label":"39","site_id":39},"right":{"leaf":true,"id":52,"label":"52","site_id":52}}},"right":{"leaf":false,"id":69,"left":{"leaf":true,"id":56,"label":"56","site_id":56},"right":{"leaf":false,"id":64,"left":{"leaf":true,"id":10,"label":"10","site_id":10},"right":{"leaf":true,"id":6,"label":"6","site_id":6}}}},"right":{"leaf":false,"id":105,"left":{"leaf":false,"id":74,"left":{"leaf":false,"id":73,"left":{"leaf":true,"id":51,"label":"51","site_id":51},"right":{"leaf":true,"id":25,"label":"25","site_id":25}},"right":{"leaf":true,"id":16,"label":"16","site_id":16}},"right":{"leaf":true,"id":42,"label":"42","site_id":42}}}}},"right":{"leaf":true,"id":43,"label":"43","site_id":43}}}},"num_sites":60,"sites":[{"x":159.63554552672264,"y":203.01514729280322,"cluster":1},{"x":31.163471377265765,"y":186.88665955900072,"cluster":1},{"x":372.83340942063137,"y":254.95749500702007,"cluster":1},{"x":353.0028026008491,"y":64.3989040656367,"cluster":1},{"x":52.65527375160596,"y":200.43486983302105,"cluster":1},{"x":350.05048852417957,"y":94.62044254013934,"cluster":1},{"x":262.9388054648691,"y":248.26388349845274,"cluster":1},{"x":28.205539631959894,"y":146.79068226184182,"cluster":1},{"x":113.67976502951855,"y":116.33198194866367,"cluster":1},{"x":256.98510765301216,"y":190.92654222726168,"cluster":1},{"x":381.24747227425587,"y":132.95383467747826,"cluster":1},{"x":411.5708398059632,"y":186.7312708633537,"cluster":1},{"x":66.1578367770044,"y":29.547965314043488,"cluster":1},{"x":468.3379842940645,"y":25.173978429282073,"cluster":1},{"x":414.47071713390625,"y":254.4513887135327,"cluster":1},{"x":76.4525857767108,"y":188.78341158895887,"cluster":1},{"x":467.46206396704383,"y":186.00064357714461,"cluster":1},{"x":266.5493011249047,"y":200.47850761869563,"cluster":1},{"x":149.99298340658473,"y":129.75563043280516,"cluster":1},{"x":408.11835059609774,"y":87.9753828395716,"cluster":1},{"x":470.9567045835193,"y":39.928167131856874,"cluster":1},{"x":190.03218726830866,"y":31.464394951967964,"cluster":1},{"x":59.331041695119396,"y":158.70029062814285,"cluster":1},{"x":323.6329923561884,"y":186.3429830175271,"cluster":1},{"x":96.69781120496104,"y":239.17783537539887,"cluster":1},{"x":404.9799653254509,"y":190.31906570348184,"cluster":1},{"x":141.61219691491843,"y":78.22291441904986,"cluster":1},{"x":62.22021834598278,"y":115.16675722815414,"cluster":1},{"x":182.9140679057747,"y":164.34436972393945,"cluster":1},{"x":415.60036831904586,"y":267.82028886481305,"cluster":1},{"x":127.96976069308373,"y":33.19844982485809,"cluster":1},{"x":21.37547538111374,"y":53.33403411707239,"cluster":1},{"x":357.91660626866167,"y":169.0623965045411,"cluster":1},{"x":246.8004377592362,"y":143.5155386203101,"cluster":1},{"x":35.25437643170144,"y":214.89176471501233,"cluster":1},{"x":471.50360175465556,"y":169.75559407124155,"cluster":1},{"x":189.5863642088448,"y":186.25774696146388,"cluster":1},{"x":60.84536056543169,"y":86.73334134832085,"cluster":1},{"x":174.9595830209466,"y":215.58392317132325,"cluster":1},{"x":109.35476205065825,"y":265.2665496188051,"cluster":1},{"x":327.0874690190477,"y":202.66234355323746,"cluster":1},{"x":457.0147284416584,"y":247.60614724123096,"cluster":1},{"x":310.75997692434373,"y":125.42686420713383,"cluster":1},{"x":458.03192868171766,"y":36.94118080114176,"cluster":1},{"x":96.95488967450802,"y":71.3973260466456,"cluster":1},{"x":180.77974707513366,"y":264.7845201120616,"cluster":1},{"x":125.56060024415022,"y":65.08110667760661,"cluster":1},{"x":208.8435609577925,"y":185.25139687672274,"cluster":1},{"x":353.20499038320685,"y":249.92907996622188,"cluster":1},{"x":306.5246511403889,"y":54.02231523848025,"cluster":1},{"x":456.4557499058781,"y":45.19128627027423,"cluster":1},{"x":377.77477005998816,"y":61.998508792140186,"cluster":1},{"x":288.617373993282,"y":258.202863150193,"cluster":1},{"x":105.33597504070806,"y":209.3124758677732,"cluster":1},{"x":173.49584607523985,"y":221.25409811864228,"cluster":1},{"x":376.8504351325554,"y":44.44800188481697,"cluster":1},{"x":476.8829388709735,"y":245.75319266493568,"cluster":1},{"x":145.660747544043,"y":59.933424776449236,"cluster":1},{"x":468.1637514643332,"y":148.5970274509281,"cluster":1},{"x":62.44057749237755,"y":152.13478140170426,"cluster":1}],"num_clusters":0}