{"title":"uniform-n90-r8-s-826687322092115798890","map_width":500,"map_height":300,"num_leaves":90,"tree":{"leaf":false,"id":178,"left":{"leaf":false,"id":177,"left":{"leaf":false,"id":176,"left":{"leaf":false,"id":173,"left":{"leaf":false,"id":167,"left":{"leaf":true,"id":59,"label":"59","site_id":59},"right":{"leaf":false,"id":152,"left":{"leaf":false,"id":148,"left":{"leaf":false,"id":143,"left":{"leaf":true,"id":88,"label":"88","site_id":88},"right":{"leaf":false,"id":93,"left":{"leaf":true,"id":0,"label":"0","site_id":0},"right":{"leaf":true,"id":30,"label":"30","site_id":30}}},"right":{"leaf":false,"id":115,"left":{"leaf":true,"id":85,"label":"85","site_id":85},"right":{"leaf":true,"id":34,"label":"34","site_id":34}}},"right":{"leaf":true,"id":46,"label":"46","site_id":46}}},"right":{"leaf":false,"id":170,"left":{"leaf":false,"id":135,"left":{"leaf":false,"id":96,"left":{"leaf":true,"id":66,"label":"66","site_id":66},"right":{"leaf":true,"id":68,"label":"68","site_id":68}},"right":{"leaf":true,"id":4,"label":"4","site_id":4}},"right":{"leaf":false,"id":166,"left":{"leaf":false,"id":127,"left":{"leaf":true,"id":25,"label":"25","site_id":25},"right":{"leaf":true,"id":21,"label":"21","site_id":21}},"right":{"leaf":false,"id":161,"left":{"leaf":false,"id":137,"left":{"leaf":true,"id":23,"label":"23","site_id":23},"right":{"leaf":false,"id":131,"left":{"leaf":false,"id":119,"left":{"leaf":true,"id":12,"label":"12","site_id":12},"right":{"leaf":true,"id":73,"label":"73","site_id":73}},"right":{"leaf":false,"id":117,"left":{"leaf":true,"id":87,"label":"87","site_id":87},"right":{"leaf":true,"id":13,"label":"13","site_id":13}}}},"right":{"leaf":false,"id":134,"left":{"leaf":false,"id":92,"left":{"leaf":true,"id":2,"label":"2","site_id":2},"right":{"leaf":true,"id":49,"label":"49","site_id":49}},"right":{"leaf":false,"id":109,"left":{"leaf":true,"id":53,"label":"53","site_id":53},"right":{"leaf":true,"id":77,"label":"77","site_id":77}}}}}}},"right":{"leaf":false,"id":165,"left":{"leaf":false,"id":151,"left":{"leaf":true,"id":32,"label":"32","site_id":32},"right":{"leaf":false,"id":136,"left":{"leaf":false,"id":128,"left":{"leaf":false,"id":111,"left":{"leaf":true,"id":31,"label":"31","site_id":31},"right":{"leaf":true,"id":36,"label":"36","site_id":36}},"right":{"leaf":true,"id":62,"label":"62","site_id":62}},"right":{"leaf":false,"id":105,"left":{"leaf":false,"id":95,"left":{"leaf":true,"id":7,"label":"7","site_id":7},"right":{"leaf":true,"id":1,"label":"1","site_id":1}},"right":{"leaf":true,"id":51,"label":"51","site_id":51}}}},"right":{"leaf":false,"id":108,"left":{"leaf":false,"id":91,"left":{"leaf":true,"id":41,"label":"41","site_id":41},"right":{"leaf":true,"id":81,"label":"81","site_id":81}},"right":{"leaf":false,"id":98,"left":{"leaf":true,"id":26,"label":"26","site_id":26},"right":{"leaf":true,"id":22,"label":"22","site_id":22}}}}},"right":{"leaf":false,"id":175,"left":{"leaf":false,"id":174,"left":{"leaf":false,"id":171,"left":{"leaf":false,"id":169,"left":{"leaf":false,"id":164,"left":{"leaf":false,"id":157,"left":{"leaf":false,"id":155,"left":{"leaf":false,"id":144,"left":{"leaf":false,"id":104,"left":{"leaf":true,"id":40,"label":"40","site_id":40},"right":{"leaf":true,"id":63,"label":"63","site_id":63}},"right":{"leaf":true,"id":83,"label":"83","site_id":83}},"right":{"leaf":false,"id":153,"left":{"leaf":false,"id":126,"left":{"leaf":true,"id":39,"label":"39","site_id":39},"right":{"leaf":false,"id":100,"left":{"leaf":true,"id":27,"label":"27","site_id":27},"right":{"leaf":true,"id":61,"label":"61","site_id":61}}},"right":{"leaf":false,"id":130,"left":{"leaf":false,"id":106,"left":{"leaf":true,"id":71,"label":"71","site_id":71},"right":{"leaf":true,"id":29,"label":"29","site_id":29}},"right":{"leaf":true,"id":44,"label":"44","site_id":44}}}},"right":{"leaf":false,"id":94,"left":{"leaf":true,"id":60,"label":"60","site_id":60},"right":{"leaf":true,"id":43,"label":"43","site_id":43}}},"right":{"leaf":false,"id":140,"left":{"leaf":true,"id":57,"label":"57","site_id":57},"right":{"leaf":true,"id":82,"label":"82","site_id":82}}},"right":{"leaf":false,"id":146,"left":{"leaf":false,"id":138,"left":{"leaf":false,"id":103,"left":{"leaf":true,"id":10,"label":"10","site_id":10},"right":{"leaf":true,"id":9,"label":"9","site_id":9}},"right":{"leaf":true,"id":11,"label":"11","site_id":11}},"right":{"leaf":true,"id":8,"label":"8","site_id":8}}},"right":{"leaf":false,"id":168,"left":{"leaf":false,"id":163,"left":{"leaf":true,"id":24,"label":"24","site_id":24},"right":{"leaf":false,"id":154,"left":{"leaf":true,"id":84,"label":"84","site_id":84},"right":{"leaf":false,"id":142,"left":{"leaf":true,"id":48,"label":"48","site_id":48},"right":{"leaf":false,"id":133,"left":{"leaf":false,"id":90,"left":{"leaf":true,"id":42,"label":"42","site_id":42},"right":{"leaf":true,"id":76,"label":"76","site_id":76}},"right":{"leaf":false,"id":114,"left":{"leaf":true,"id":58,"label":"58","site_id":58},"right":{"leaf":true,"id":37,"label":"37","site_id":37}}}}}},"right":{"leaf":false,"id":156,"left":{"leaf":false,"id":149,"left":{"leaf":false,"id":122,"left":{"leaf":true,"id":86,"label":"86","site_id":86},"right":{"leaf":false,"id":110,"left":{"leaf":true,"id":17,"label":"17","site_id":17},"right":{"leaf":true,"id":72,"label":"72","site_id":72}}},"right":{"leaf":false,"id":124,"left":{"leaf":false,"id":101,"left":{"leaf":true,"id":20,"label":"20","site_id":20},"right":{"leaf":true,"id":52,"label":"52","site_id":52}},"right":{"leaf":false,"id":121,"left":{"leaf":false,"id":116,"left":{"leaf":false,"id":112,"left":{"leaf":true,"id":67,"label":"67","site_id":67},"right":{"leaf":true,"id":89,"label":"89","site_id":89}},"right":{"leaf":true,"id":55,"label":"55","site_id":55}},"right":{"leaf":true,"id":16,"label":"16","site_id":16}}}},"right":{"leaf":true,"id":50,"label":"50","site_id":50}}}},"right":{"leaf":false,"id":162,"left":{"leaf":false,"id":160,"left":{"leaf":true,"id":5,"label":"5","site_id":5},"right":{"leaf":true,"id":64,"label":"64","site_id":64}},"right":{"leaf":false,"id":107,"left":{"leaf":true,"id":54,"label":"54","site_id":54},"right":{"leaf":true,"id":78,"label":"78","site_id":78}}}},"right":{"leaf":false,"id":150,"left":{"leaf":false,"id":147,"left":{"leaf":false,"id":125,"left":{"leaf":true,"id":28,"label":"28","site_id":28},"right":{"leaf":false,"id":118,"left":{"leaf":true,"id":15,"label":"15","site_id":15},"right":{"leaf":false,"id":99,"left":{"leaf":true,"id":18,"label":"18","site_id":18},"right":{"leaf":true,"id":74,"label":"74","site_id":74}}}},"right":{"leaf":false,"id":132,"left":{"leaf":true,"id":79,"label":"79","site_id":79},"right":{"leaf":true,"id":38,"label":"38","site_id":38}}},"right":{"leaf":false,"id":139,"left":{"leaf":true,"id":47,"label":"47","site_id":47},"right":{"leaf":false,"id":123,"left":{"leaf":true,"id":65,"label":"65","site_id":65},"right":{"leaf":false,"id":113,"left":{"leaf":true,"id":69,"label":"69","site_id":69},"right":{"leaf":false,"id":102,"left":{"leaf":true,"id":45,"label":"45","site_id":45},"right":{"leaf":true,"id":80,"label":"80","site_id":80}}}}}}}},"right":{"leaf":false,"id":172,"left":{"leaf":false,"id":159,"left":{"leaf":false,"id":158,"left":{"leaf":true,"id":35,"label":"35","site_id":35},"right":{"leaf":false,"id":145,"left":{"leaf":true,"id":6,"label":"6","site_id":6},"right":{"leaf":false,"id":141,"left":{"leaf":true,"id":3,"label":"3","site_id":3},"right":{"leaf":false,"id":129,"left":{"leaf":true,"id":75,"label":"75","site_id":75},"right":{"leaf":true,"id":70,"label":"70","site_id":70}}}}},"right":{"leaf":false,"id":120,"left":{"leaf":true,"id":33,"label":"33","site_id":33},"right":{"leaf":true,"id":19,"label":"19","site_id":19}}},"right":{"leaf":false,"id":97,"left":{"leaf":true,"id":14,"label":"14","site_id":14},"right":{"leaf":true,"id":56,"label":"56","site_id":56}}}},"num_sites":90,"sites":[{"x":49.122751678019625,"y":35.06585627961138,"cluster":1},{"x":415.7447718615262,"y":87.19640338057626,"cluster":1},{"x":121.77849013100537,"y":193.10172681841803,"cluster":1},{"x":134.2611776983927,"y":235.23216316723827,"cluster":1},{"x":87.54457902603117,"y":131.18782351766424,"cluster":1},{"x":387.59145305606467,"y":121.23350314148524,"cluster":1},{"x":211.71389673566426,"y":212.18977563037697,"cluster":1},{"x":426.3106545870856,"y":213.80407713388976,"cluster":1},{"x":319.81630672212947,"y":188.01608287861765,"cluster":1},{"x":334.41984604524373,"y":194.15444473552373,"cluster":1},{"x":297.8211847796573,"y":264.0664814576113,"cluster":1},{"x":412.39349350980797,"y":153.4864933679726,"cluster":1},{"x":475.4715734133864,"y":93.05920179235565,"cluster":1},{"x":185.30155919847618,"y":195.7875120186002,"cluster":1},{"x":36.51656546658864,"y":224.1729933310451,"cluster":1},{"x":168.2448183473207,"y":189.83596098940032,"cluster":1},{"x":23.3491183034293,"y":111.28179386900796,"cluster":1},{"x":327.42593108031235,"y":210.03176772379103,"cluster":1},{"x":209.48399433751425,"y":265.3389841878602,"cluster":1},{"x":88.44999457004504,"y":199.9118839114171,"cluster":1},{"x":21.4257048677814,"y":60.68523462258573,"cluster":1},{"x":43.90773764048069,"y":254.89744298356592,"cluster":1},{"x":421.7793841350573,"y":253.20798051937865,"cluster":1},{"x":239.94054044153856,"y":121.94186207597696,"cluster":1},{"x":397.9473466916801,"y":239.87257631764345,"cluster":1},{"x":56.32080981706275,"y":203.30986385719106,"cluster":1},{"x":185.43216833468833,"y":84.17434035464875,"cluster":1},{"x":156.60257881487453,"y":59.71535357393766,"cluster":1},{"x":141.63214831650157,"y":210.52749724859,"cluster":1},{"x":464.10604471263923,"y":54.48163274247026,"cluster":1},{"x":115.06779173770933,"y":72.51151623825265,"cluster":1},{"x":295.89656218307744,"y":105.26055909290963,"cluster":1},{"x":476.2182858381803,"y":245.23677576213942,"cluster":1},{"x":60.50228825058334,"y":253.1577352770502,"cluster":1},{"x":79.57449616499223,"y":20.871244889996703,"cluster":1},{"x":385.8863680729909,"y":150.8589201806099,"cluster":1},{"x":402.1304576526163,"y":58.58615450737485,"cluster":1},{"x":302.148421895102,"y":201.53824434034473,"cluster":1},{"x":201.3378340733239,"y":265.833455102573,"cluster":1},{"x":348.5765359632319,"y":28.952187081293843,"cluster":1},{"x":425.5383265896872,"y":36.95917977178445,"cluster":1},{"x":407.0052048794328,"y":196.1833380294105,"cluster":1},{"x":372.06641470255056,"y":227.68648125012055,"cluster":1},{"x":202.9557813351093,"y":115.99657034417787,"cluster":1},{"x":332.58039938936156,"y":259.9687224668586,"cluster":1},{"x":252.7452360417534,"y":209.7052770682903,"cluster":1},{"x":181.732221027505,"y":51.117319649042315,"cluster":1},{"x":168.6455055105671,"y":173.81875292397385,"cluster":1},{"x":484.0267141852976,"y":233.9509084492367,"cluster":1},{"x":135.25947815825054,"y":74.55212490882923,"cluster":1},{"x":243.1537784476507,"y":165.45107019312593,"cluster":1},{"x":194.42879641722925,"y":23.687741318045735,"cluster":1},{"x":164.2123453499826,"y":74.90304682071175,"cluster":1},{"x":126.41737434386616,"y":182.54191084371004,"cluster":1},{"x":427.1053206479815,"y":80.13148974477183,"cluster":1},{"x":81.80899944675578,"y":70.47287897816733,"cluster":1},{"x":75.3241590811181,"y":281.6718308063735,"cluster":1},{"x":462.67833853015077,"y":44.771969789659806,"cluster":1},{"x":339.5120844898434,"y":180.03056307961393,"cluster":1},{"x":32.37768396348055,"y":17.552024535534997,"cluster":1},{"x":471.02626642630156,"y":52.47197106424732,"cluster":1},{"x":419.5133028885731,"y":47.53783495537202,"cluster":1},{"x":269.64432351580837,"y":229.6030934315462,"cluster":1},{"x":389.9915220313701,"y":62.050638610348216,"cluster":1},{"x":117.3651998531829,"y":108.76701022820369,"cluster":1},{"x":83.4942323466305,"y":236.25073911189682,"cluster":1},{"x":250.87022143273725,"y":148.4714261928441,"cluster":1},{"x":43.70214842530439,"y":141.8874985648137,"cluster":1},{"x":308.01257850312413,"y":28.733941445414928,"cluster":1},{"x":331.73097472659174,"y":281.4293558396692,"cluster":1},{"x":88.69387145364271,"y":276.3170062198008,"cluster":1},{"x":459.5794656786865,"y":15.506876996284092,"cluster":1},{"x":157.66401602952465,"y":21.354946998142225,"cluster":1},{"x":454.90989186422587,"y":52.09984336069118,"cluster":1},{"x":146.14608552099983,"y":112.84226527334027,"cluster":1},{"x":20.190359726695917,"y":244.8351893449624,"cluster":1},{"x":430.74025091146547,"y":264.8566874472199,"cluster":1},{"x":108.12494558758583,"y":55.13525854392359,"cluster":1},{"x":141.80159317262033,"y":73.23222529894497,"cluster":1},{"x":161.38167524028682,"y":268.76681743122106,"cluster":1},{"x":59.41375522499454,"y":223.67680310146534,"cluster":1},{"x":347.89958777286995,"y":121.5889578772957,"cluster":1},{"x":383.1960584947261,"y":67.04581177640549,"cluster":1},{"x":263.51560114234405,"y":81.98378455690305,"cluster":1},{"x":172.48439476481727,"y":155.63732280957922,"cluster":1},{"x":41.297777431086956,"y":188.57673999822862,"cluster":1},{"x":105.91616326555183,"y":115.96630508852212,"cluster":1},{"x":201.80606677522255,"y":221.4139950206246,"cluster":1},{"x":24.127540071401178,"y":68.50469217018318,"cluster":1},{"x":30.52282071806302,"y":72.76235261105117,"cluster":1}],"num_clusters":0}