{"title":"uniform-n65-r4-s-624909661798273663665","map_width":500,"map_height":300,"num_leaves":65,"tree":{"leaf":false,"id":128,"left":{"leaf":false,"id":127,"left":{"leaf":false,"id":126,"left":{"leaf":false,"id":123,"left":{"leaf":false,"id":112,"left":{"leaf":true,"id":29,"label":"29","site_id":29},"right":{"leaf":true,"id":41,"label":"41","site_id":41}},"right":{"leaf":false,"id":108,"left":{"leaf":false,"id":77,"left":{"leaf":true,"id":46,"label":"46","site_id":46},"right":{"leaf":true,"id":55,"label":"55","site_id":55}},"right":{"leaf":true,"id":17,"label":"17","site_id":17}}},"right":{"leaf":false,"id":125,"left":{"leaf":false,"id":119,"left":{"leaf":true,"id":18,"label":"18","site_id":18},"right":{"leaf":false,"id":115,"left":{"leaf":false,"id":68,"left":{"leaf":true,"id":39,"label":"39","site_id":39},"right":{"leaf":true,"id":54,"label":"54","site_id":54}},"right":{"leaf":false,"id":83,"left":{"leaf":true,"id":1,"label":"1","site_id":1},"right":{"leaf":true,"id":40,"label":"40","site_id":40}}}},"right":{"leaf":false,"id":122,"left":{"leaf":false,"id":120,"left":{"leaf":false,"id":116,"left":{"leaf":false,"id":102,"left":{"leaf":false,"id":66,"left":{"leaf":true,"id":38,"label":"38","site_id":38},"right":{"leaf":true,"id":21,"label":"21","site_id":21}},"right":{"leaf":false,"id":79,"left":{"leaf":true,"id":45,"label":"45","site_id":45},"right":{"leaf":true,"id":64,"label":"64","site_id":64}}},"right":{"leaf":false,"id":110,"left":{"leaf":true,"id":47,"label":"47","site_id":47},"right":{"leaf":false,"id":92,"left":{"leaf":true,"id":27,"label":"27","site_id":27},"right":{"leaf":false,"id":88,"left":{"leaf":true,"id":28,"label":"28","site_id":28},"right":{"leaf":true,"id":50,"label":"50","site_id":50}}}}},"right":{"leaf":false,"id":117,"left":{"leaf":false,"id":96,"left":{"leaf":false,"id":90,"left":{"leaf":false,"id":75,"left":{"leaf":true,"id":51,"label":"51","site_id":51},"right":{"leaf":false,"id":71,"left":{"leaf":false,"id":69,"left":{"leaf":true,"id":48,"label":"48","site_id":48},"right":{"leaf":true,"id":12,"label":"12","site_id":12}},"right":{"leaf":true,"id":60,"label":"60","site_id":60}}},"right":{"leaf":false,"id":78,"left":{"leaf":false,"id":74,"left":{"leaf":false,"id":73,"left":{"leaf":false,"id":67,"left":{"leaf":true,"id":37,"label":"37","site_id":37},"right":{"leaf":true,"id":23,"label":"23","site_id":23}},"right":{"leaf":false,"id":65,"left":{"leaf":true,"id":36,"label":"36","site_id":36},"right":{"leaf":true,"id":24,"label":"24","site_id":24}}},"right":{"leaf":true,"id":5,"label":"5","site_id":5}},"right":{"leaf":true,"id":62,"label":"62","site_id":62}}},"right":{"leaf":false,"id":89,"left":{"leaf":false,"id":87,"left":{"leaf":false,"id":76,"left":{"leaf":true,"id":53,"label":"53","site_id":53},"right":{"leaf":true,"id":34,"label":"34","site_id":34}},"right":{"leaf":true,"id":63,"label":"63","site_id":63}},"right":{"leaf":true,"id":11,"label":"11","site_id":11}}},"right":{"leaf":false,"id":109,"left":{"leaf":false,"id":104,"left":{"leaf":false,"id":103,"left":{"leaf":false,"id":100,"left":{"leaf":false,"id":93,"left":{"leaf":true,"id":3,"label":"3","site_id":3},"right":{"leaf":true,"id":13,"label":"13","site_id":13}},"right":{"leaf":false,"id":81,"left":{"leaf":true,"id":15,"label":"15","site_id":15},"right":{"leaf":false,"id":72,"left":{"leaf":true,"id":49,"label":"49","site_id":49},"right":{"leaf":true,"id":57,"label":"57","site_id":57}}}},"right":{"leaf":true,"id":42,"label":"42","site_id":42}},"right":{"leaf":false,"id":98,"left":{"leaf":true,"id":6,"label":"6","site_id":6},"right":{"leaf":true,"id":22,"label":"22","site_id":22}}},"right":{"leaf":true,"id":10,"label":"10","site_id":10}}}},"right":{"leaf":false,"id":121,"left":{"leaf":false,"id":101,"left":{"leaf":true,"id":35,"label":"35","site_id":35},"right":{"leaf":false,"id":84,"left":{"leaf":false,"id":70,"left":{"leaf":true,"id":4,"label":"4","site_id":4},"right":{"leaf":true,"id":56,"label":"56","site_id":56}},"right":{"leaf":true,"id":59,"label":"59","site_id":59}}},"right":{"leaf":false,"id":114,"left":{"leaf":true,"id":32,"label":"32","site_id":32},"right":{"leaf":false,"id":113,"left":{"leaf":false,"id":106,"left":{"leaf":false,"id":80,"left":{"leaf":true,"id":43,"label":"43","site_id":43},"right":{"leaf":true,"id":52,"label":"52","site_id":52}},"right":{"leaf":true,"id":44,"label":"44","site_id":44}},"right":{"leaf":false,"id":105,"left":{"leaf":false,"id":95,"left":{"leaf":true,"id":8,"label":"8","site_id":8},"right":{"leaf":true,"id":30,"label":"30","site_id":30}},"right":{"leaf":false,"id":94,"left":{"leaf":true,"id":9,"label":"9","site_id":9},"right":{"leaf":false,"id":91,"left":{"leaf":false,"id":86,"left":{"leaf":true,"id":61,"label":"61","site_id":61},"right":{"leaf":true,"id":7,"label":"7","site_id":7}},"right":{"leaf":false,"id":85,"left":{"leaf":true,"id":2,"label":"2","site_id":2},"right":{"leaf":true,"id":31,"label":"31","site_id":31}}}}}}}}}}},"right":{"leaf":false,"id":124,"left":{"leaf":false,"id":118,"left":{"leaf":false,"id":111,"left":{"leaf":true,"id":14,"label":"14","site_id":14},"right":{"leaf":true,"id":33,"label":"33","site_id":33}},"right":{"leaf":true,"id":25,"label":"25","site_id":25}},"right":{"leaf":false,"id":107,"left":{"leaf":false,"id":99,"left":{"leaf":true,"id":16,"label":"16","site_id":16},"right":{"leaf":true,"id":19,"label":"19","site_id":19}},"right":{"leaf":true,"id":26,"label":"26","site_id":26}}}},"right":{"leaf":false,"id":97,"left":{"leaf":false,"id":82,"left":{"leaf":true,"id":58,"label":"58","site_id":58},"right":{"leaf":true,"id":20,"label":"20","site_id":20}},"right":{"leaf":true,"id":0,"label":"0","site_id":0}}},"num_sites":65,"sites":[{"x":388.0003448063831,"y":60.482672892551,"cluster":1},{"x":462.06551805908043,"y":125.05002370726223,"cluster":1},{"x":293.93328944924053,"y":135.23223695615889,"cluster":1},{"x":477.22701699228645,"y":209.19148433802752,"cluster":1},{"x":250.11456407867482,"y":142.31643909243894,"cluster":1},{"x":377.3231345507733,"y":70.32990794328302,"cluster":1},{"x":351.5733982130535,"y":185.26426046674936,"cluster":1},{"x":200.18315339259513,"y":15.338418735404636,"cluster":1},{"x":125.27017205277461,"y":37.782998434637705,"cluster":1},{"x":334.66874161268305,"y":181.41104925450168,"cluster":1},{"x":159.10426968413572,"y":91.06296681373702,"cluster":1},{"x":315.4301623584429,"y":184.77534470103302,"cluster":1},{"x":151.74785260259225,"y":227.914953007033,"cluster":1},{"x":471.2764045778733,"y":280.8280148643376,"cluster":1},{"x":396.0274813169055,"y":32.49865532940393,"cluster":1},{"x":179.1339689835256,"y":84.97437306255493,"cluster":1},{"x":86.37810226430791,"y":30.054693203622733,"cluster":1},{"x":120.7156258291759,"y":52.07524310639786,"cluster":1},{"x":80.88429847689653,"y":80.14445871006592,"cluster":1},{"x":341.3543906259326,"y":89.46572004607783,"cluster":1},{"x":160.60133611797605,"y":39.43149079073798,"cluster":1},{"x":289.9793735380176,"y":194.00806302353328,"cluster":1},{"x":33.21385237030567,"y":206.00475261178548,"cluster":1},{"x":145.9194611048446,"y":167.57658586848768,"cluster":1},{"x":234.64259598986686,"y":236.64860465066852,"cluster":1},{"x":462.1168085395781,"y":57.74559256391701,"cluster":1},{"x":220.95021352534596,"y":61.30591624358747,"cluster":1},{"x":415.4163839280765,"y":281.2616854966812,"cluster":1},{"x":203.82432706423953,"y":225.26016963638654,"cluster":1},{"x":462.8694717705005,"y":137.13011607429962,"cluster":1},{"x":116.0317892700409,"y":159.2792088598151,"cluster":1},{"x":398.44740511279133,"y":193.83015548784704,"cluster":1},{"x":28.540641719304727,"y":31.11744685784019,"cluster":1},{"x":387.2090941413297,"y":31.29768361239558,"cluster":1},{"x":18.496321323972353,"y":228.36537114986413,"cluster":1},{"x":363.7991990650677,"y":142.87355378412872,"cluster":1},{"x":226.9166102133007,"y":232.66419577522745,"cluster":1},{"x":159.17564069366574,"y":115.41462732642425,"cluster":1},{"x":16.835160574491546,"y":18.77065406557273,"cluster":1},{"x":193.67417363915203,"y":117.19952147822835,"cluster":1},{"x":26.675748409565877,"y":258.86081280439475,"cluster":1},{"x":415.9139014904411,"y":103.13460264275648,"cluster":1},{"x":419.8800776460424,"y":82.80400679556772,"cluster":1},{"x":425.6320392162023,"y":135.07590590121094,"cluster":1},{"x":360.2394767853157,"y":238.91694651835198,"cluster":1},{"x":414.30721657689924,"y":171.8309681974387,"cluster":1},{"x":92.99607272496057,"y":116.92504797223063,"cluster":1},{"x":90.39016348186068,"y":208.59002871350432,"cluster":1},{"x":204.58177343959935,"y":245.51228041815386,"cluster":1},{"x":56.106559916361356,"y":129.1590619611274,"cluster":1},{"x":58.85372689200003,"y":80.93256590218215,"cluster":1},{"x":380.1311512903296,"y":96.42769517302109,"cluster":1},{"x":264.8624836873582,"y":20.685171228914243,"cluster":1},{"x":84.95367819331793,"y":267.00314122509945,"cluster":1},{"x":100.55442885935501,"y":197.22320208079933,"cluster":1},{"x":269.4660207180541,"y":94.87671476263871,"cluster":1},{"x":388.36281360930184,"y":181.06876730953147,"cluster":1},{"x":266.19652689679583,"y":56.362678678874666,"cluster":1},{"x":192.38188979883242,"y":50.54998935036403,"cluster":1},{"x":408.7015302531901,"y":134.35961585220448,"cluster":1},{"x":242.7463265718353,"y":26.65444600614733,"cluster":1},{"x":370.953528783816,"y":46.21050558016563,"cluster":1},{"x":236.5598986583659,"y":186.30019784292583,"cluster":1},{"x":220.16896658498155,"y":104.76205573360174,"cluster":1},{"x":308.9186779687064,"y":281.0324733677252,"cluster":1}],"num_clusters":0}