{"title":"uniform-n35-r5-s356171156054678769035","map_width":500,"map_height":300,"num_leaves":35,"tree":{"leaf":false,"id":68,"left":{"leaf":false,"id":67,"left":{"leaf":false,"id":65,"left":{"leaf":true,"id":16,"label":"16","site_id":16},"right":{"leaf":false,"id":58,"left":{"leaf":true,"id":28,"label":"28","site_id":28},"right":{"leaf":true,"id":30,"label":"30","site_id":30}}},"right":{"leaf":false,"id":63,"left":{"leaf":false,"id":62,"left":{"leaf":false,"id":61,"left":{"leaf":false,"id":53,"left":{"leaf":true,"id":6,"label":"6","site_id":6},"right":{"leaf":true,"id":4,"label":"4","site_id":4}},"right":{"leaf":false,"id":59,"left":{"leaf":false,"id":49,"left":{"leaf":true,"id":13,"label":"13","site_id":13},"right":{"leaf":false,"id":48,"left":{"leaf":false,"id":39,"left":{"leaf":true,"id":22,"label":"22","site_id":22},"right":{"leaf":true,"id":21,"label":"21","site_id":21}},"right":{"leaf":false,"id":46,"left":{"leaf":true,"id":33,"label":"33","site_id":33},"right":{"leaf":true,"id":3,"label":"3","site_id":3}}}},"right":{"leaf":false,"id":54,"left":{"leaf":true,"id":0,"label":"0","site_id":0},"right":{"leaf":true,"id":1,"label":"1","site_id":1}}}},"right":{"leaf":false,"id":47,"left":{"leaf":false,"id":44,"left":{"leaf":true,"id":7,"label":"7","site_id":7},"right":{"leaf":false,"id":38,"left":{"leaf":true,"id":17,"label":"17","site_id":17},"right":{"leaf":true,"id":29,"label":"29","site_id":29}}},"right":{"leaf":true,"id":12,"label":"12","site_id":12}}},"right":{"leaf":true,"id":15,"label":"15","site_id":15}}},"right":{"leaf":false,"id":66,"left":{"leaf":false,"id":64,"left":{"leaf":false,"id":57,"left":{"leaf":false,"id":55,"left":{"leaf":false,"id":50,"left":{"leaf":true,"id":11,"label":"11","site_id":11},"right":{"leaf":false,"id":43,"left":{"leaf":true,"id":31,"label":"31","site_id":31},"right":{"leaf":true,"id":34,"label":"34","site_id":34}}},"right":{"leaf":false,"id":51,"left":{"leaf":true,"id":32,"label":"32","site_id":32},"right":{"leaf":true,"id":27,"label":"27","site_id":27}}},"right":{"leaf":false,"id":45,"left":{"leaf":false,"id":42,"left":{"leaf":false,"id":41,"left":{"leaf":true,"id":5,"label":"5","site_id":5},"right":{"leaf":false,"id":37,"left":{"leaf":true,"id":9,"label":"9","site_id":9},"right":{"leaf":false,"id":35,"left":{"leaf":true,"id":8,"label":"8","site_id":8},"right":{"leaf":true,"id":25,"label":"25","site_id":25}}}},"right":{"leaf":false,"id":36,"left":{"leaf":true,"id":23,"label":"23","site_id":23},"right":{"leaf":true,"id":24,"label":"24","site_id":24}}},"right":{"leaf":false,"id":40,"left":{"leaf":true,"id":18,"label":"18","site_id":18},"right":{"leaf":true,"id":2,"label":"2","site_id":2}}}},"right":{"leaf":false,"id":60,"left":{"leaf":true,"id":19,"label":"19","site_id":19},"right":{"leaf":false,"id":56,"left":{"leaf":true,"id":26,"label":"26","site_id":26},"right":{"leaf":true,"id":20,"label":"20","site_id":20}}}},"right":{"leaf":false,"id":52,"left":{"leaf":true,"id":14,"label":"14","site_id":14},"right":{"leaf":true,"id":10,"label":"10","site_id":10}}}},"num_sites":35,"sites":[{"x":445.4839284570817,"y":212.89472542672945,"cluster":1},{"x":180.93010774352229,"y":97.88995977282873,"cluster":1},{"x":378.64250810132245,"y":19.923700010998473,"cluster":1},{"x":311.9359281874121,"y":152.23359894566124,"cluster":1},{"x":218.78984391491093,"y":30.378103264248978,"cluster":1},{"x":188.98621573362425,"y":49.10948484707661,"cluster":1},{"x":227.54907612979395,"y":184.92825006702964,"cluster":1},{"x":337.25642149143505,"y":200.22388702438377,"cluster":1},{"x":84.41832190767377,"y":78.00584258857123,"cluster":1},{"x":328.43605828338787,"y":35.98394088000596,"cluster":1},{"x":306.6299230213213,"y":62.465374887931176,"cluster":1},{"x":239.79894302862013,"y":280.70879444561695,"cluster":1},{"x":305.396892842279,"y":86.24734867528643,"cluster":1},{"x":242.11305671796012,"y":130.71352680157676,"cluster":1},{"x":421.16350735437555,"y":95.03858861088875,"cluster":1},{"x":173.4549607440219,"y":122.94731191387187,"cluster":1},{"x":141.7952295291858,"y":17.53187653815949,"cluster":1},{"x":100.90602917826132,"y":278.693669471918,"cluster":1},{"x":133.6491489855594,"y":248.43248709208785,"cluster":1},{"x":386.70745069528556,"y":184.604211001867,"cluster":1},{"x":136.15933414470436,"y":38.84136068258834,"cluster":1},{"x":359.73776210143546,"y":122.03842122300217,"cluster":1},{"x":225.95240832613635,"y":194.0647164292449,"cluster":1},{"x":227.15164836165758,"y":145.32080384561647,"cluster":1},{"x":226.57708531237185,"y":165.2571750924256,"cluster":1},{"x":194.6806139941554,"y":110.10281372586233,"cluster":1},{"x":474.6871517493535,"y":103.60060632276499,"cluster":1},{"x":87.44575915239986,"y":244.5306550118124,"cluster":1},{"x":92.96082052608745,"y":123.9530987872701,"cluster":1},{"x":116.17016858204174,"y":278.3712798218883,"cluster":1},{"x":204.17023485610625,"y":209.07252082164686,"cluster":1},{"x":96.40276863536248,"y":258.63749648326916,"cluster":1},{"x":269.63314214741575,"y":55.62659431399527,"cluster":1},{"x":270.7778651232487,"y":164.57935654540722,"cluster":1},{"x":208.7848351270165,"y":49.24612484537015,"cluster":1}],"num_clusters":0}