{"title":"uniform-n90-r7-s-818796051177709801690","map_width":500,"map_height":300,"num_leaves":90,"tree":{"leaf":false,"id":178,"left":{"leaf":false,"id":167,"left":{"leaf":false,"id":149,"left":{"leaf":false,"id":96,"left":{"leaf":true,"id":25,"label":"25","site_id":25},"right":{"leaf":true,"id":38,"label":"38","site_id":38}},"right":{"leaf":false,"id":145,"left":{"leaf":false,"id":143,"left":{"leaf":true,"id":8,"label":"8","site_id":8},"right":{"leaf":true,"id":72,"label":"72","site_id":72}},"right":{"leaf":false,"id":112,"left":{"leaf":true,"id":80,"label":"80","site_id":80},"right":{"leaf":true,"id":48,"label":"48","site_id":48}}}},"right":{"leaf":false,"id":162,"left":{"leaf":false,"id":114,"left":{"leaf":true,"id":69,"label":"69","site_id":69},"right":{"leaf":true,"id":63,"label":"63","site_id":63}},"right":{"leaf":false,"id":161,"left":{"leaf":false,"id":151,"left":{"leaf":false,"id":139,"left":{"leaf":true,"id":44,"label":"44","site_id":44},"right":{"leaf":false,"id":131,"left":{"leaf":true,"id":75,"label":"75","site_id":75},"right":{"leaf":false,"id":91,"left":{"leaf":true,"id":15,"label":"15","site_id":15},"right":{"leaf":true,"id":11,"label":"11","site_id":11}}}},"right":{"leaf":true,"id":73,"label":"73","site_id":73}},"right":{"leaf":false,"id":126,"left":{"leaf":true,"id":85,"label":"85","site_id":85},"right":{"leaf":false,"id":118,"left":{"leaf":false,"id":101,"left":{"leaf":true,"id":79,"label":"79","site_id":79},"right":{"leaf":true,"id":6,"label":"6","site_id":6}},"right":{"leaf":true,"id":16,"label":"16","site_id":16}}}}}},"right":{"leaf":false,"id":177,"left":{"leaf":false,"id":175,"left":{"leaf":false,"id":122,"left":{"leaf":false,"id":119,"left":{"leaf":true,"id":88,"label":"88","site_id":88},"right":{"leaf":true,"id":77,"label":"77","site_id":77}},"right":{"leaf":true,"id":53,"label":"53","site_id":53}},"right":{"leaf":false,"id":152,"left":{"leaf":false,"id":132,"left":{"leaf":true,"id":17,"label":"17","site_id":17},"right":{"leaf":false,"id":129,"left":{"leaf":true,"id":24,"label":"24","site_id":24},"right":{"leaf":true,"id":1,"label":"1","site_id":1}}},"right":{"leaf":false,"id":138,"left":{"leaf":true,"id":46,"label":"46","site_id":46},"right":{"leaf":true,"id":18,"label":"18","site_id":18}}}},"right":{"leaf":false,"id":176,"left":{"leaf":false,"id":174,"left":{"leaf":false,"id":170,"left":{"leaf":false,"id":130,"left":{"leaf":true,"id":4,"label":"4","site_id":4},"right":{"leaf":true,"id":60,"label":"60","site_id":60}},"right":{"leaf":false,"id":160,"left":{"leaf":false,"id":144,"left":{"leaf":true,"id":57,"label":"57","site_id":57},"right":{"leaf":false,"id":104,"left":{"leaf":true,"id":35,"label":"35","site_id":35},"right":{"leaf":false,"id":97,"left":{"leaf":true,"id":28,"label":"28","site_id":28},"right":{"leaf":false,"id":90,"left":{"leaf":true,"id":30,"label":"30","site_id":30},"right":{"leaf":true,"id":12,"label":"12","site_id":12}}}}},"right":{"leaf":false,"id":148,"left":{"leaf":false,"id":141,"left":{"leaf":false,"id":127,"left":{"leaf":false,"id":102,"left":{"leaf":true,"id":45,"label":"45","site_id":45},"right":{"leaf":true,"id":84,"label":"84","site_id":84}},"right":{"leaf":true,"id":9,"label":"9","site_id":9}},"right":{"leaf":true,"id":19,"label":"19","site_id":19}},"right":{"leaf":true,"id":40,"label":"40","site_id":40}}}},"right":{"leaf":false,"id":171,"left":{"leaf":false,"id":169,"left":{"leaf":false,"id":136,"left":{"leaf":true,"id":41,"label":"41","site_id":41},"right":{"leaf":false,"id":125,"left":{"leaf":false,"id":94,"left":{"leaf":true,"id":50,"label":"50","site_id":50},"right":{"leaf":true,"id":33,"label":"33","site_id":33}},"right":{"leaf":true,"id":34,"label":"34","site_id":34}}},"right":{"leaf":false,"id":168,"left":{"leaf":false,"id":166,"left":{"leaf":false,"id":165,"left":{"leaf":false,"id":164,"left":{"leaf":false,"id":146,"left":{"leaf":false,"id":121,"left":{"leaf":false,"id":120,"left":{"leaf":false,"id":116,"left":{"leaf":true,"id":26,"label":"26","site_id":26},"right":{"leaf":true,"id":76,"label":"76","site_id":76}},"right":{"leaf":true,"id":13,"label":"13","site_id":13}},"right":{"leaf":true,"id":70,"label":"70","site_id":70}},"right":{"leaf":false,"id":109,"left":{"leaf":false,"id":106,"left":{"leaf":true,"id":37,"label":"37","site_id":37},"right":{"leaf":false,"id":92,"left":{"leaf":true,"id":52,"label":"52","site_id":52},"right":{"leaf":true,"id":5,"label":"5","site_id":5}}},"right":{"leaf":true,"id":20,"label":"20","site_id":20}}},"right":{"leaf":false,"id":153,"left":{"leaf":true,"id":56,"label":"56","site_id":56},"right":{"leaf":false,"id":150,"left":{"leaf":false,"id":93,"left":{"leaf":true,"id":59,"label":"59","site_id":59},"right":{"leaf":true,"id":32,"label":"32","site_id":32}},"right":{"leaf":false,"id":95,"left":{"leaf":true,"id":89,"label":"89","site_id":89},"right":{"leaf":true,"id":66,"label":"66","site_id":66}}}}},"right":{"leaf":true,"id":87,"label":"87","site_id":87}},"right":{"leaf":false,"id":159,"left":{"leaf":false,"id":156,"left":{"leaf":false,"id":134,"left":{"leaf":true,"id":2,"label":"2","site_id":2},"right":{"leaf":true,"id":21,"label":"21","site_id":21}},"right":{"leaf":false,"id":154,"left":{"leaf":true,"id":14,"label":"14","site_id":14},"right":{"leaf":false,"id":147,"left":{"leaf":false,"id":142,"left":{"leaf":false,"id":105,"left":{"leaf":true,"id":27,"label":"27","site_id":27},"right":{"leaf":false,"id":100,"left":{"leaf":true,"id":0,"label":"0","site_id":0},"right":{"leaf":false,"id":98,"left":{"leaf":true,"id":58,"label":"58","site_id":58},"right":{"leaf":true,"id":49,"label":"49","site_id":49}}}},"right":{"leaf":true,"id":51,"label":"51","site_id":51}},"right":{"leaf":false,"id":107,"left":{"leaf":true,"id":31,"label":"31","site_id":31},"right":{"leaf":true,"id":55,"label":"55","site_id":55}}}}},"right":{"leaf":true,"id":71,"label":"71","site_id":71}}},"right":{"leaf":false,"id":163,"left":{"leaf":false,"id":157,"left":{"leaf":false,"id":155,"left":{"leaf":false,"id":103,"left":{"leaf":true,"id":74,"label":"74","site_id":74},"right":{"leaf":true,"id":61,"label":"61","site_id":61}},"right":{"leaf":true,"id":36,"label":"36","site_id":36}},"right":{"leaf":true,"id":67,"label":"67","site_id":67}},"right":{"leaf":false,"id":123,"left":{"leaf":true,"id":7,"label":"7","site_id":7},"right":{"leaf":false,"id":99,"left":{"leaf":true,"id":82,"label":"82","site_id":82},"right":{"leaf":true,"id":68,"label":"68","site_id":68}}}}}},"right":{"leaf":true,"id":81,"label":"81","site_id":81}}},"right":{"leaf":false,"id":173,"left":{"leaf":false,"id":172,"left":{"leaf":false,"id":158,"left":{"leaf":false,"id":140,"left":{"leaf":true,"id":65,"label":"65","site_id":65},"right":{"leaf":true,"id":64,"label":"64","site_id":64}},"right":{"leaf":false,"id":137,"left":{"leaf":true,"id":47,"label":"47","site_id":47},"right":{"leaf":false,"id":133,"left":{"leaf":false,"id":128,"left":{"leaf":false,"id":117,"left":{"leaf":false,"id":110,"left":{"leaf":true,"id":3,"label":"3","site_id":3},"right":{"leaf":true,"id":62,"label":"62","site_id":62}},"right":{"leaf":false,"id":115,"left":{"leaf":true,"id":78,"label":"78","site_id":78},"right":{"leaf":true,"id":23,"label":"23","site_id":23}}},"right":{"leaf":false,"id":124,"left":{"leaf":true,"id":22,"label":"22","site_id":22},"right":{"leaf":true,"id":54,"label":"54","site_id":54}}},"right":{"leaf":true,"id":42,"label":"42","site_id":42}}}},"right":{"leaf":false,"id":135,"left":{"leaf":true,"id":39,"label":"39","site_id":39},"right":{"leaf":false,"id":111,"left":{"leaf":true,"id":43,"label":"43","site_id":43},"right":{"leaf":true,"id":29,"label":"29","site_id":29}}}},"right":{"leaf":false,"id":113,"left":{"leaf":true,"id":10,"label":"10","site_id":10},"right":{"leaf":false,"id":108,"left":{"leaf":true,"id":83,"label":"83","site_id":83},"right":{"leaf":true,"id":86,"label":"86","site_id":86}}}}}}},"num_sites":90,"sites":[{"x":401.2452769800291,"y":191.7787546895917,"cluster":1},{"x":437.5897526074417,"y":136.27891012290726,"cluster":1},{"x":111.48667207737071,"y":41.626395751467754,"cluster":1},{"x":76.08644773517577,"y":93.92828368488881,"cluster":1},{"x":34.78442606889604,"y":282.9565346514847,"cluster":1},{"x":442.5343013023375,"y":158.1996886053679,"cluster":1},{"x":290.50678443010713,"y":158.30818967582064,"cluster":1},{"x":446.7044061653943,"y":253.4093350404196,"cluster":1},{"x":121.55053716803413,"y":270.6806429913771,"cluster":1},{"x":20.302314242169977,"y":33.2737294853482,"cluster":1},{"x":346.35377863365966,"y":186.36083962061693,"cluster":1},{"x":213.89806723311855,"y":42.386740437840345,"cluster":1},{"x":255.15430031001782,"y":274.1732550872433,"cluster":1},{"x":31.424577223883848,"y":263.4335450348574,"cluster":1},{"x":265.96439003605497,"y":255.5696529418601,"cluster":1},{"x":207.20223365359905,"y":176.87817693411876,"cluster":1},{"x":197.75454815562196,"y":87.9741374699902,"cluster":1},{"x":447.31340799038446,"y":28.328319214319393,"cluster":1},{"x":467.5474069705315,"y":90.23461389477954,"cluster":1},{"x":106.20296547245314,"y":60.685039049487656,"cluster":1},{"x":314.5196549810401,"y":123.90458676972361,"cluster":1},{"x":130.621059999727,"y":43.52730092074128,"cluster":1},{"x":167.79387464193672,"y":17.390066281678216,"cluster":1},{"x":86.45248875008829,"y":130.96001458624497,"cluster":1},{"x":455.3735375632657,"y":131.74408130015905,"cluster":1},{"x":409.5918489066621,"y":221.37149316708428,"cluster":1},{"x":79.63346849686513,"y":117.0770678831569,"cluster":1},{"x":289.8267205497207,"y":188.2003085289953,"cluster":1},{"x":149.92458091736387,"y":87.1744360828938,"cluster":1},{"x":66.68108177477183,"y":49.90334777391487,"cluster":1},{"x":145.18560953258202,"y":46.97297663681946,"cluster":1},{"x":368.34906191164373,"y":39.846263331802604,"cluster":1},{"x":278.97607972498366,"y":143.04608011660537,"cluster":1},{"x":29.214466089704583,"y":222.8041801835534,"cluster":1},{"x":46.05377669038462,"y":251.1830749555165,"cluster":1},{"x":58.003790084184324,"y":214.16494787775574,"cluster":1},{"x":393.5164168564246,"y":117.52116019165402,"cluster":1},{"x":447.36139024952695,"y":70.76890333667455,"cluster":1},{"x":480.6112491164754,"y":200.49886658053273,"cluster":1},{"x":69.58765036638528,"y":140.1481685097671,"cluster":1},{"x":222.19537791300402,"y":262.2479018393862,"cluster":1},{"x":25.427045093786298,"y":178.9276974642049,"cluster":1},{"x":76.94696543119234,"y":84.25691293280539,"cluster":1},{"x":114.93072686393255,"y":94.42279237431273,"cluster":1},{"x":234.11540553252138,"y":58.98558299938136,"cluster":1},{"x":375.4801608622319,"y":238.79847790500483,"cluster":1},{"x":355.1522936887483,"y":125.73481464650553,"cluster":1},{"x":30.80598213150233,"y":152.88962487279477,"cluster":1},{"x":359.40123487622594,"y":79.2854279708463,"cluster":1},{"x":445.3107745794161,"y":274.24808299827527,"cluster":1},{"x":69.25288193602515,"y":282.93216740331087,"cluster":1},{"x":469.8871503952427,"y":178.33948510849524,"cluster":1},{"x":350.75679527932925,"y":100.39324282381764,"cluster":1},{"x":303.51565350142914,"y":279.0583230327556,"cluster":1},{"x":278.6274695842794,"y":152.15698489124009,"cluster":1},{"x":100.55237054717243,"y":51.19362002969429,"cluster":1},{"x":218.42409641618127,"y":112.99249339854862,"cluster":1},{"x":259.14335761298827,"y":166.49932022835048,"cluster":1},{"x":389.9962755680871,"y":78.37307636261613,"cluster":1},{"x":37.539027459053194,"y":200.9029535473197,"cluster":1},{"x":330.67155557975724,"y":279.7279595399748,"cluster":1},{"x":159.98445209785274,"y":39.477227523899565,"cluster":1},{"x":466.30987109964263,"y":102.66849646628295,"cluster":1},{"x":306.33152561564987,"y":51.136585221357485,"cluster":1},{"x":234.54277385789769,"y":51.93647540752804,"cluster":1},{"x":58.777343049161956,"y":67.54392192054553,"cluster":1},{"x":339.65261228480614,"y":247.2165631536335,"cluster":1},{"x":52.59734061005839,"y":273.82060786955077,"cluster":1},{"x":313.881178033395,"y":269.5713745038588,"cluster":1},{"x":304.99338513693533,"y":101.72819181285823,"cluster":1},{"x":153.4486720021511,"y":42.54240145310588,"cluster":1},{"x":205.58771210165972,"y":61.86681893990971,"cluster":1},{"x":160.99130559644837,"y":176.45023596637384,"cluster":1},{"x":188.88699416271388,"y":100.68484688852622,"cluster":1},{"x":129.38547372644126,"y":23.53912274753297,"cluster":1},{"x":203.87507220023772,"y":127.65442070843727,"cluster":1},{"x":96.6041450058096,"y":76.6400568669408,"cluster":1},{"x":127.9141065379096,"y":175.96612595155347,"cluster":1},{"x":18.11646824935713,"y":112.49348414944596,"cluster":1},{"x":281.34307414493105,"y":16.53111154770775,"cluster":1},{"x":352.394165451792,"y":172.77692844120497,"cluster":1},{"x":155.55887762716458,"y":139.95235116534374,"cluster":1},{"x":466.3286792735159,"y":41.2248046925989,"cluster":1},{"x":370.94949508966147,"y":24.43706798393079,"cluster":1},{"x":440.79065134991026,"y":214.00664453184362,"cluster":1},{"x":411.8198651182032,"y":89.37047120535249,"cluster":1},{"x":452.1786587478973,"y":262.7472370500286,"cluster":1},{"x":313.4103805963691,"y":194.45660180633388,"cluster":1},{"x":373.60672536218124,"y":275.2259935687133,"cluster":1},{"x":391.25423748182334,"y":202.954930071434,"cluster":1}],"num_clusters":0}