{"title":"uniform-n25-r2-s-654240557804654099525","map_width":500,"map_height":300,"num_leaves":25,"tree":{"leaf":false,"id":48,"left":{"leaf":false,"id":46,"left":{"leaf":false,"id":45,"left":{"leaf":false,"id":31,"left":{"leaf":true,"id":7,"label":"7","site_id":7},"right":{"leaf":false,"id":27,"left":{"leaf":true,"id":22,"label":"22","site_id":22},"right":{"leaf":true,"id":19,"label":"19","site_id":19}}},"right":{"leaf":false,"id":44,"left":{"leaf":false,"id":40,"left":{"leaf":true,"id":21,"label":"21","site_id":21},"right":{"leaf":true,"id":20,"label":"20","site_id":20}},"right":{"leaf":false,"id":41,"left":{"leaf":true,"id":4,"label":"4","site_id":4},"right":{"leaf":true,"id":12,"label":"12","site_id":12}}}},"right":{"leaf":false,"id":43,"left":{"leaf":false,"id":42,"left":{"leaf":false,"id":36,"left":{"leaf":true,"id":0,"label":"0","site_id":0},"right":{"leaf":true,"id":17,"label":"17","site_id":17}},"right":{"leaf":true,"id":23,"label":"23","site_id":23}},"right":{"leaf":true,"id":6,"label":"6","site_id":6}}},"right":{"leaf":false,"id":47,"left":{"leaf":false,"id":39,"left":{"leaf":true,"id":5,"label":"5","site_id":5},"right":{"leaf":false,"id":38,"left":{"leaf":true,"id":13,"label":"13","site_id":13},"right":{"leaf":false,"id":37,"left":{"leaf":false,"id":35,"left":{"leaf":false,"id":30,"left":{"leaf":true,"id":14,"label":"14","site_id":14},"right":{"leaf":false,"id":26,"left":{"leaf":true,"id":11,"label":"11","site_id":11},"right":{"leaf":true,"id":15,"label":"15","site_id":15}}},"right":{"leaf":false,"id":34,"left":{"leaf":true,"id":18,"label":"18","site_id":18},"right":{"leaf":true,"id":10,"label":"10","site_id":10}}},"right":{"leaf":false,"id":33,"left":{"leaf":true,"id":8,"label":"8","site_id":8},"right":{"leaf":true,"id":3,"label":"3","site_id":3}}}}},"right":{"leaf":false,"id":32,"left":{"leaf":false,"id":29,"left":{"leaf":true,"id":9,"label":"9","site_id":9},"right":{"leaf":false,"id":28,"left":{"leaf":false,"id":25,"left":{"leaf":true,"id":24,"label":"24","site_id":24},"right":{"leaf":true,"id":16,"label":"16","site_id":16}},"right":{"leaf":true,"id":1,"label":"1","site_id":1}}},"right":{"leaf":true,"id":2,"label":"2","site_id":2}}}},"num_sites":25,"sites":[{"x":360.4065450232645,"y":189.475097445633,"cluster":1},{"x":130.96537760782462,"y":82.73364505926243,"cluster":1},{"x":361.7890825316787,"y":45.432445785068836,"cluster":1},{"x":365.3481202538794,"y":21.368346684867856,"cluster":1},{"x":421.58429686808364,"y":158.278944155507,"cluster":1},{"x":252.23358877965634,"y":41.69525604918207,"cluster":1},{"x":355.8245635013308,"y":185.24340386194908,"cluster":1},{"x":266.8209926897082,"y":135.84428336418685,"cluster":1},{"x":461.2762050973886,"y":147.07992651057654,"cluster":1},{"x":312.4539533264925,"y":68.67267943366932,"cluster":1},{"x":262.70878334444535,"y":73.68923177691038,"cluster":1},{"x":467.53516662596206,"y":215.46094635070924,"cluster":1},{"x":302.0890733786744,"y":17.12277907975777,"cluster":1},{"x":418.12358317358763,"y":115.5277587673402,"cluster":1},{"x":296.5976922846835,"y":186.59818285584103,"cluster":1},{"x":440.11898667713143,"y":128.02814672034816,"cluster":1},{"x":444.7394231710415,"y":100.8479237137492,"cluster":1},{"x":367.78020724793953,"y":140.4864567195483,"cluster":1},{"x":100.62849288744292,"y":168.50419047032852,"cluster":1},{"x":261.60310490515116,"y":94.59008095692975,"cluster":1},{"x":225.7785311162721,"y":97.29095554398987,"cluster":1},{"x":208.3006673559335,"y":197.43221650386204,"cluster":1},{"x":325.41221160358475,"y":17.550434402618087,"cluster":1},{"x":348.7823254942852,"y":269.74134349895735,"cluster":1},{"x":432.4286401927926,"y":65.074232822151,"cluster":1}],"num_clusters":0}