{"title":"uniform-n25-r4-s11198866638818523625","map_width":500,"map_height":300,"num_leaves":25,"tree":{"leaf":false,"id":48,"left":{"leaf":false,"id":47,"left":{"leaf":false,"id":41,"left":{"leaf":true,"id":21,"label":"21","site_id":21},"right":{"leaf":false,"id":33,"left":{"leaf":true,"id":6,"label":"6","site_id":6},"right":{"leaf":false,"id":32,"left":{"leaf":true,"id":13,"label":"13","site_id":13},"right":{"leaf":false,"id":27,"left":{"leaf":true,"id":1,"label":"1","site_id":1},"right":{"leaf":true,"id":17,"label":"17","site_id":17}}}}},"right":{"leaf":false,"id":46,"left":{"leaf":false,"id":38,"left":{"leaf":false,"id":34,"left":{"leaf":true,"id":8,"label":"8","site_id":8},"right":{"leaf":true,"id":16,"label":"16","site_id":16}},"right":{"leaf":false,"id":29,"left":{"leaf":false,"id":26,"left":{"leaf":false,"id":25,"left":{"leaf":true,"id":10,"label":"10","site_id":10},"right":{"leaf":true,"id":12,"label":"12","site_id":12}},"right":{"leaf":true,"id":11,"label":"11","site_id":11}},"right":{"leaf":false,"id":28,"left":{"leaf":true,"id":22,"label":"22","site_id":22},"right":{"leaf":true,"id":15,"label":"15","site_id":15}}}},"right":{"leaf":false,"id":43,"left":{"leaf":false,"id":42,"left":{"leaf":false,"id":31,"left":{"leaf":true,"id":9,"label":"9","site_id":9},"right":{"leaf":true,"id":14,"label":"14","site_id":14}},"right":{"leaf":true,"id":18,"label":"18","site_id":18}},"right":{"leaf":false,"id":40,"left":{"leaf":false,"id":36,"left":{"leaf":true,"id":7,"label":"7","site_id":7},"right":{"leaf":true,"id":23,"label":"23","site_id":23}},"right":{"leaf":false,"id":39,"left":{"leaf":false,"id":35,"left":{"leaf":true,"id":3,"label":"3","site_id":3},"right":{"leaf":true,"id":19,"label":"19","site_id":19}},"right":{"leaf":false,"id":30,"left":{"leaf":true,"id":24,"label":"24","site_id":24},"right":{"leaf":true,"id":0,"label":"0","site_id":0}}}}}}},"right":{"leaf":false,"id":45,"left":{"leaf":false,"id":44,"left":{"leaf":true,"id":20,"label":"20","site_id":20},"right":{"leaf":false,"id":37,"left":{"leaf":true,"id":4,"label":"4","site_id":4},"right":{"leaf":true,"id":5,"label":"5","site_id":5}}},"right":{"leaf":true,"id":2,"label":"2","site_id":2}}},"num_sites":25,"sites":[{"x":315.4382036251176,"y":255.29102297723176,"cluster":1},{"x":434.90086019400377,"y":48.21637363461896,"cluster":1},{"x":189.02082071505302,"y":157.26389964131735,"cluster":1},{"x":344.92017479898806,"y":234.63033651027098,"cluster":1},{"x":115.98273161487371,"y":98.92072356948944,"cluster":1},{"x":105.94894943981345,"y":96.37174186690618,"cluster":1},{"x":58.152478917404125,"y":15.354010991710783,"cluster":1},{"x":209.83742516062532,"y":71.29756713053858,"cluster":1},{"x":150.13908226254588,"y":226.88309238780795,"cluster":1},{"x":403.51449595654236,"y":45.3629092238903,"cluster":1},{"x":268.78829569434777,"y":200.4391047429303,"cluster":1},{"x":440.4920717913506,"y":129.4150349537774,"cluster":1},{"x":236.62566695904417,"y":238.00677921772674,"cluster":1},{"x":425.501724030391,"y":78.87479559592356,"cluster":1},{"x":398.94219526784264,"y":95.70545465024485,"cluster":1},{"x":347.109553520661,"y":242.59771146753607,"cluster":1},{"x":118.85549771347895,"y":162.12104646431595,"cluster":1},{"x":435.17661540569054,"y":95.2052738632799,"cluster":1},{"x":481.54496527309743,"y":182.96755968946616,"cluster":1},{"x":279.24128379060335,"y":53.61239687515333,"cluster":1},{"x":57.91223355262006,"y":271.0609728510771,"cluster":1},{"x":240.2963564275562,"y":63.35017635444555,"cluster":1},{"x":389.15814499470144,"y":205.93013360897805,"cluster":1},{"x":82.01777882239207,"y":263.59348961782587,"cluster":1},{"x":467.1954497970463,"y":96.16863685817347,"cluster":1}],"num_clusters":0}