{"title":"uniform-n55-r5-s218216384397978933255","map_width":500,"map_height":300,"num_leaves":55,"tree":{"leaf":false,"id":108,"left":{"leaf":false,"id":107,"left":{"leaf":false,"id":105,"left":{"leaf":false,"id":103,"left":{"leaf":false,"id":84,"left":{"leaf":false,"id":55,"left":{"leaf":true,"id":24,"label":"24","site_id":24},"right":{"leaf":true,"id":3,"label":"3","site_id":3}},"right":{"leaf":false,"id":83,"left":{"leaf":false,"id":76,"left":{"leaf":true,"id":4,"label":"4","site_id":4},"right":{"leaf":true,"id":15,"label":"15","site_id":15}},"right":{"leaf":true,"id":23,"label":"23","site_id":23}}},"right":{"leaf":false,"id":102,"left":{"leaf":false,"id":70,"left":{"leaf":false,"id":67,"left":{"leaf":true,"id":25,"label":"25","site_id":25},"right":{"leaf":true,"id":45,"label":"45","site_id":45}},"right":{"leaf":true,"id":26,"label":"26","site_id":26}},"right":{"leaf":false,"id":78,"left":{"leaf":false,"id":68,"left":{"leaf":true,"id":12,"label":"12","site_id":12},"right":{"leaf":true,"id":36,"label":"36","site_id":36}},"right":{"leaf":true,"id":5,"label":"5","site_id":5}}}},"right":{"leaf":true,"id":17,"label":"17","site_id":17}},"right":{"leaf":false,"id":106,"left":{"leaf":false,"id":104,"left":{"leaf":false,"id":96,"left":{"leaf":true,"id":33,"label":"33","site_id":33},"right":{"leaf":false,"id":95,"left":{"leaf":true,"id":34,"label":"34","site_id":34},"right":{"leaf":false,"id":93,"left":{"leaf":false,"id":88,"left":{"leaf":true,"id":40,"label":"40","site_id":40},"right":{"leaf":true,"id":37,"label":"37","site_id":37}},"right":{"leaf":true,"id":52,"label":"52","site_id":52}}}},"right":{"leaf":false,"id":100,"left":{"leaf":true,"id":39,"label":"39","site_id":39},"right":{"leaf":true,"id":14,"label":"14","site_id":14}}},"right":{"leaf":true,"id":30,"label":"30","site_id":30}}},"right":{"leaf":false,"id":101,"left":{"leaf":false,"id":99,"left":{"leaf":false,"id":90,"left":{"leaf":true,"id":28,"label":"28","site_id":28},"right":{"leaf":true,"id":2,"label":"2","site_id":2}},"right":{"leaf":false,"id":79,"left":{"leaf":false,"id":75,"left":{"leaf":true,"id":50,"label":"50","site_id":50},"right":{"leaf":true,"id":38,"label":"38","site_id":38}},"right":{"leaf":true,"id":6,"label":"6","site_id":6}}},"right":{"leaf":false,"id":98,"left":{"leaf":false,"id":92,"left":{"leaf":false,"id":91,"left":{"leaf":false,"id":74,"left":{"leaf":true,"id":0,"label":"0","site_id":0},"right":{"leaf":false,"id":57,"left":{"leaf":true,"id":54,"label":"54","site_id":54},"right":{"leaf":true,"id":48,"label":"48","site_id":48}}},"right":{"leaf":false,"id":86,"left":{"leaf":true,"id":29,"label":"29","site_id":29},"right":{"leaf":false,"id":61,"left":{"leaf":false,"id":60,"left":{"leaf":true,"id":22,"label":"22","site_id":22},"right":{"leaf":true,"id":53,"label":"53","site_id":53}},"right":{"leaf":true,"id":35,"label":"35","site_id":35}}}},"right":{"leaf":false,"id":89,"left":{"leaf":false,"id":85,"left":{"leaf":false,"id":62,"left":{"leaf":true,"id":1,"label":"1","site_id":1},"right":{"leaf":true,"id":7,"label":"7","site_id":7}},"right":{"leaf":false,"id":81,"left":{"leaf":true,"id":42,"label":"42","site_id":42},"right":{"leaf":true,"id":47,"label":"47","site_id":47}}},"right":{"leaf":false,"id":87,"left":{"leaf":false,"id":71,"left":{"leaf":true,"id":44,"label":"44","site_id":44},"right":{"leaf":true,"id":18,"label":"18","site_id":18}},"right":{"leaf":false,"id":63,"left":{"leaf":false,"id":59,"left":{"leaf":true,"id":10,"label":"10","site_id":10},"right":{"leaf":true,"id":31,"label":"31","site_id":31}},"right":{"leaf":true,"id":11,"label":"11","site_id":11}}}}},"right":{"leaf":false,"id":97,"left":{"leaf":false,"id":82,"left":{"leaf":true,"id":19,"label":"19","site_id":19},"right":{"leaf":false,"id":65,"left":{"leaf":true,"id":46,"label":"46","site_id":46},"right":{"leaf":true,"id":43,"label":"43","site_id":43}}},"right":{"leaf":false,"id":94,"left":{"leaf":false,"id":77,"left":{"leaf":false,"id":73,"left":{"leaf":false,"id":58,"left":{"leaf":true,"id":9,"label":"9","site_id":9},"right":{"leaf":true,"id":41,"label":"41","site_id":41}},"right":{"leaf":false,"id":64,"left":{"leaf":false,"id":56,"left":{"leaf":true,"id":21,"label":"21","site_id":21},"right":{"leaf":true,"id":13,"label":"13","site_id":13}},"right":{"leaf":true,"id":27,"label":"27","site_id":27}}},"right":{"leaf":false,"id":72,"left":{"leaf":true,"id":20,"label":"20","site_id":20},"right":{"leaf":false,"id":69,"left":{"leaf":true,"id":32,"label":"32","site_id":32},"right":{"leaf":true,"id":49,"label":"49","site_id":49}}}},"right":{"leaf":false,"id":80,"left":{"leaf":false,"id":66,"left":{"leaf":true,"id":51,"label":"51","site_id":51},"right":{"leaf":true,"id":16,"label":"16","site_id":16}},"right":{"leaf":true,"id":8,"label":"8","site_id":8}}}}}}},"num_sites":55,"sites":[{"x":55.99273998602694,"y":25.98613946883969,"cluster":1},{"x":471.35769968472977,"y":101.60723846466517,"cluster":1},{"x":399.01756057409614,"y":284.46106218535016,"cluster":1},{"x":143.90335870715057,"y":218.54999414386785,"cluster":1},{"x":196.08416918982326,"y":216.86264237870193,"cluster":1},{"x":176.60502163724382,"y":281.2060663699948,"cluster":1},{"x":333.8672204495646,"y":124.30745336590878,"cluster":1},{"x":273.67973338586205,"y":115.47144048942064,"cluster":1},{"x":359.22700636978885,"y":224.7344113322706,"cluster":1},{"x":181.43684901138732,"y":219.74830585884487,"cluster":1},{"x":201.20912792628533,"y":56.77162574166817,"cluster":1},{"x":220.63885591773254,"y":222.32892844889597,"cluster":1},{"x":168.53988564699313,"y":230.97740475947788,"cluster":1},{"x":151.39394084013796,"y":65.81225075785659,"cluster":1},{"x":394.3041984076873,"y":240.94413426372546,"cluster":1},{"x":99.9573577985424,"y":236.25206142406836,"cluster":1},{"x":349.17040398306136,"y":236.7829737465565,"cluster":1},{"x":153.8403867258151,"y":107.73326530526741,"cluster":1},{"x":36.391567998591874,"y":106.97426608624491,"cluster":1},{"x":225.83426977728348,"y":284.5086668171887,"cluster":1},{"x":435.8658807061325,"y":181.47263327944808,"cluster":1},{"x":98.95339511856793,"y":42.701483625191095,"cluster":1},{"x":140.77856907134867,"y":79.29782396316347,"cluster":1},{"x":122.88573754740796,"y":221.88951604989063,"cluster":1},{"x":148.77588171592092,"y":237.62129600172952,"cluster":1},{"x":198.31005808578584,"y":133.63479363104176,"cluster":1},{"x":210.23668757858158,"y":186.57575523887553,"cluster":1},{"x":208.3985266386781,"y":99.20822780677037,"cluster":1},{"x":459.0099902145518,"y":254.66870371675805,"cluster":1},{"x":136.9696536467137,"y":272.38173120396635,"cluster":1},{"x":335.9770373612536,"y":233.7732796875848,"cluster":1},{"x":140.09068586183483,"y":15.220874234610676,"cluster":1},{"x":482.97426553945303,"y":90.1986399836487,"cluster":1},{"x":412.4498313875207,"y":55.309088523771784,"cluster":1},{"x":293.9786573346328,"y":69.3091463219562,"cluster":1},{"x":161.5278804801035,"y":61.77018902551671,"cluster":1},{"x":92.00981941838114,"y":205.56574553802517,"cluster":1},{"x":481.49517589742135,"y":74.82877992028276,"cluster":1},{"x":413.94322633100546,"y":167.70487560308874,"cluster":1},{"x":144.84380998280045,"y":59.458838776887724,"cluster":1},{"x":381.3569897423657,"y":80.0494897123069,"cluster":1},{"x":223.03658128541946,"y":107.91876711096131,"cluster":1},{"x":183.6495329976765,"y":115.66345825155823,"cluster":1},{"x":77.91309206946326,"y":198.65664247489562,"cluster":1},{"x":369.968474642964,"y":165.21512964475687,"cluster":1},{"x":63.23982276331388,"y":210.1926978338451,"cluster":1},{"x":68.98114495286842,"y":217.00740531302887,"cluster":1},{"x":220.625178296002,"y":258.1462869956349,"cluster":1},{"x":170.19491047138396,"y":208.66117625388804,"cluster":1},{"x":396.0418110811308,"y":261.57292093731905,"cluster":1},{"x":397.4007511672008,"y":159.40562671315342,"cluster":1},{"x":212.4075814398804,"y":271.21230880617935,"cluster":1},{"x":303.8663089924608,"y":73.83321687236378,"cluster":1},{"x":110.072989337851,"y":57.1215500406883,"cluster":1},{"x":200.14461827158954,"y":93.31907922336607,"cluster":1}],"num_clusters":0}