{"title":"uniform-n60-r6-s-768073227827482454360","map_width":500,"map_height":300,"num_leaves":60,"tree":{"leaf":false,"id":118,"left":{"leaf":false,"id":84,"left":{"leaf":false,"id":69,"left":{"leaf":true,"id":57,"label":"57","site_id":57},"right":{"leaf":false,"id":67,"left":{"leaf":true,"id":11,"label":"11","site_id":11},"right":{"leaf":true,"id":58,"label":"58","site_id":58}}},"right":{"leaf":true,"id":33,"label":"33","site_id":33}},"right":{"leaf":false,"id":117,"left":{"leaf":false,"id":107,"left":{"leaf":true,"id":12,"label":"12","site_id":12},"right":{"leaf":false,"id":104,"left":{"leaf":false,"id":90,"left":{"leaf":true,"id":43,"label":"43","site_id":43},"right":{"leaf":false,"id":62,"left":{"leaf":true,"id":40,"label":"40","site_id":40},"right":{"leaf":true,"id":26,"label":"26","site_id":26}}},"right":{"leaf":false,"id":93,"left":{"leaf":true,"id":39,"label":"39","site_id":39},"right":{"leaf":false,"id":79,"left":{"leaf":false,"id":63,"left":{"leaf":true,"id":23,"label":"23","site_id":23},"right":{"leaf":true,"id":8,"label":"8","site_id":8}},"right":{"leaf":true,"id":28,"label":"28","site_id":28}}}}},"right":{"leaf":false,"id":116,"left":{"leaf":false,"id":112,"left":{"leaf":true,"id":45,"label":"45","site_id":45},"right":{"leaf":false,"id":109,"left":{"leaf":false,"id":106,"left":{"leaf":true,"id":18,"label":"18","site_id":18},"right":{"leaf":false,"id":94,"left":{"leaf":true,"id":17,"label":"17","site_id":17},"right":{"leaf":false,"id":66,"left":{"leaf":true,"id":20,"label":"20","site_id":20},"right":{"leaf":true,"id":46,"label":"46","site_id":46}}}},"right":{"leaf":false,"id":108,"left":{"leaf":false,"id":95,"left":{"leaf":false,"id":80,"left":{"leaf":true,"id":47,"label":"47","site_id":47},"right":{"leaf":true,"id":54,"label":"54","site_id":54}},"right":{"leaf":false,"id":74,"left":{"leaf":true,"id":2,"label":"2","site_id":2},"right":{"leaf":true,"id":7,"label":"7","site_id":7}}},"right":{"leaf":true,"id":19,"label":"19","site_id":19}}}},"right":{"leaf":false,"id":115,"left":{"leaf":false,"id":103,"left":{"leaf":false,"id":101,"left":{"leaf":false,"id":99,"left":{"leaf":true,"id":16,"label":"16","site_id":16},"right":{"leaf":true,"id":6,"label":"6","site_id":6}},"right":{"leaf":true,"id":34,"label":"34","site_id":34}},"right":{"leaf":false,"id":96,"left":{"leaf":false,"id":91,"left":{"leaf":false,"id":60,"left":{"leaf":true,"id":9,"label":"9","site_id":9},"right":{"leaf":true,"id":50,"label":"50","site_id":50}},"right":{"leaf":false,"id":70,"left":{"leaf":true,"id":56,"label":"56","site_id":56},"right":{"leaf":true,"id":15,"label":"15","site_id":15}}},"right":{"leaf":true,"id":29,"label":"29","site_id":29}}},"right":{"leaf":false,"id":114,"left":{"leaf":false,"id":113,"left":{"leaf":true,"id":14,"label":"14","site_id":14},"right":{"leaf":false,"id":102,"left":{"leaf":false,"id":97,"left":{"leaf":true,"id":36,"label":"36","site_id":36},"right":{"leaf":false,"id":77,"left":{"leaf":true,"id":52,"label":"52","site_id":52},"right":{"leaf":true,"id":51,"label":"51","site_id":51}}},"right":{"leaf":false,"id":100,"left":{"leaf":false,"id":92,"left":{"leaf":false,"id":72,"left":{"leaf":false,"id":71,"left":{"leaf":true,"id":13,"label":"13","site_id":13},"right":{"leaf":true,"id":30,"label":"30","site_id":30}},"right":{"leaf":true,"id":4,"label":"4","site_id":4}},"right":{"leaf":true,"id":22,"label":"22","site_id":22}},"right":{"leaf":false,"id":87,"left":{"leaf":true,"id":35,"label":"35","site_id":35},"right":{"leaf":false,"id":86,"left":{"leaf":true,"id":21,"label":"21","site_id":21},"right":{"leaf":true,"id":3,"label":"3","site_id":3}}}}}},"right":{"leaf":false,"id":111,"left":{"leaf":false,"id":110,"left":{"leaf":false,"id":89,"left":{"leaf":false,"id":78,"left":{"leaf":true,"id":37,"label":"37","site_id":37},"right":{"leaf":false,"id":73,"left":{"leaf":true,"id":44,"label":"44","site_id":44},"right":{"leaf":true,"id":59,"label":"59","site_id":59}}},"right":{"leaf":false,"id":64,"left":{"leaf":true,"id":5,"label":"5","site_id":5},"right":{"leaf":true,"id":10,"label":"10","site_id":10}}},"right":{"leaf":false,"id":98,"left":{"leaf":false,"id":76,"left":{"leaf":true,"id":32,"label":"32","site_id":32},"right":{"leaf":true,"id":48,"label":"48","site_id":48}},"right":{"leaf":false,"id":81,"left":{"leaf":true,"id":0,"label":"0","site_id":0},"right":{"leaf":true,"id":38,"label":"38","site_id":38}}}},"right":{"leaf":false,"id":105,"left":{"leaf":false,"id":88,"left":{"leaf":false,"id":61,"left":{"leaf":true,"id":27,"label":"27","site_id":27},"right":{"leaf":true,"id":41,"label":"41","site_id":41}},"right":{"leaf":false,"id":85,"left":{"leaf":false,"id":82,"left":{"leaf":false,"id":75,"left":{"leaf":true,"id":42,"label":"42","site_id":42},"right":{"leaf":true,"id":1,"label":"1","site_id":1}},"right":{"leaf":false,"id":68,"left":{"leaf":true,"id":53,"label":"53","site_id":53},"right":{"leaf":true,"id":49,"label":"49","site_id":49}}},"right":{"leaf":false,"id":83,"left":{"leaf":true,"id":31,"label":"31","site_id":31},"right":{"leaf":false,"id":65,"left":{"leaf":true,"id":24,"label":"24","site_id":24},"right":{"leaf":true,"id":55,"label":"55","site_id":55}}}}},"right":{"leaf":true,"id":25,"label":"25","site_id":25}}}}}}}},"num_sites":60,"sites":[{"x":24.348539342430676,"y":194.42729156994372,"cluster":1},{"x":295.5346167823949,"y":143.89588576794998,"cluster":1},{"x":401.0906284347218,"y":177.24487585576026,"cluster":1},{"x":122.31289303321554,"y":77.86025596911838,"cluster":1},{"x":291.788387341558,"y":105.74224335030091,"cluster":1},{"x":104.11879445562037,"y":76.92679987739677,"cluster":1},{"x":443.09063940772705,"y":265.0316367423376,"cluster":1},{"x":164.2383600607155,"y":223.0445387037001,"cluster":1},{"x":128.16288023885264,"y":211.1878472914745,"cluster":1},{"x":139.32606615361865,"y":264.1979408056354,"cluster":1},{"x":406.43162529546044,"y":224.19025071242123,"cluster":1},{"x":20.987354573466103,"y":90.06943843736445,"cluster":1},{"x":82.75056798545825,"y":106.41554165359028,"cluster":1},{"x":479.986579321004,"y":85.24819846739342,"cluster":1},{"x":284.78594533304096,"y":177.95511708467578,"cluster":1},{"x":323.02519468439596,"y":137.9732057314825,"cluster":1},{"x":404.3226452513366,"y":272.13090497079173,"cluster":1},{"x":161.90797469794785,"y":150.59193964549408,"cluster":1},{"x":378.5345207631995,"y":66.3704559168286,"cluster":1},{"x":203.22558024152076,"y":30.796871086082604,"cluster":1},{"x":191.04154891931097,"y":115.07673848616298,"cluster":1},{"x":363.4299813636579,"y":80.27031525745308,"cluster":1},{"x":109.79334088565011,"y":172.2901628167547,"cluster":1},{"x":29.364566219415135,"y":209.6240524889708,"cluster":1},{"x":29.472780564512476,"y":62.7900146277627,"cluster":1},{"x":187.93399474459216,"y":105.46350827817064,"cluster":1},{"x":140.20544527742254,"y":130.8195316820022,"cluster":1},{"x":380.6593685294793,"y":207.03711008030976,"cluster":1},{"x":141.88952326175354,"y":165.84353059603183,"cluster":1},{"x":239.36225639247323,"y":246.24981193185945,"cluster":1},{"x":104.42814149785879,"y":114.65957631147134,"cluster":1},{"x":68.15669896851162,"y":45.82564667817556,"cluster":1},{"x":278.54981290997245,"y":148.78322783807224,"cluster":1},{"x":164.30145218733367,"y":66.09750923844663,"cluster":1},{"x":369.7450512577628,"y":125.31512137996113,"cluster":1},{"x":346.2751526873409,"y":61.28323724034688,"cluster":1},{"x":189.12595597832276,"y":248.47217942325793,"cluster":1},{"x":421.685197194426,"y":181.175449562559,"cluster":1},{"x":369.73281090008965,"y":137.62737159107218,"cluster":1},{"x":20.306614535541954,"y":223.9283759495616,"cluster":1},{"x":94.96581729391069,"y":86.05205924473182,"cluster":1},{"x":328.67036740291525,"y":20.06835158837638,"cluster":1},{"x":277.4118826025224,"y":132.59206713782086,"cluster":1},{"x":112.18105008420858,"y":106.98553807909344,"cluster":1},{"x":231.3657293058921,"y":176.23318156249076,"cluster":1},{"x":58.74172906632321,"y":166.98261772734074,"cluster":1},{"x":210.81144572201043,"y":200.92406504414166,"cluster":1},{"x":204.29970020939962,"y":170.46231917434528,"cluster":1},{"x":56.53467796188899,"y":215.1238865911329,"cluster":1},{"x":285.59963327513435,"y":139.02876381330555,"cluster":1},{"x":211.37782819338935,"y":157.32936399207938,"cluster":1},{"x":188.74106254709784,"y":241.15860302204396,"cluster":1},{"x":191.42945009775173,"y":235.31037070625433,"cluster":1},{"x":333.8856221818674,"y":65.66629133690522,"cluster":1},{"x":123.15629682592437,"y":62.94539410293744,"cluster":1},{"x":116.64455614024678,"y":45.443610301612345,"cluster":1},{"x":402.14045700676627,"y":254.39776312410683,"cluster":1},{"x":45.30030480159576,"y":225.89697129272633,"cluster":1},{"x":28.175852003858637,"y":150.91064359191563,"cluster":1},{"x":360.076473200395,"y":239.13690612467852,"cluster":1}],"num_clusters":0}