{"title":"uniform-n55-r1-s852018122140415397155","map_width":500,"map_height":300,"num_leaves":55,"tree":{"leaf":false,"id":108,"left":{"leaf":false,"id":106,"left":{"leaf":false,"id":97,"left":{"leaf":true,"id":12,"label":"12","site_id":12},"right":{"leaf":false,"id":66,"left":{"leaf":true,"id":7,"label":"7","site_id":7},"right":{"leaf":true,"id":4,"label":"4","site_id":4}}},"right":{"leaf":false,"id":104,"left":{"leaf":false,"id":101,"left":{"leaf":true,"id":10,"label":"10","site_id":10},"right":{"leaf":false,"id":99,"left":{"leaf":false,"id":84,"left":{"leaf":true,"id":44,"label":"44","site_id":44},"right":{"leaf":false,"id":73,"left":{"leaf":true,"id":25,"label":"25","site_id":25},"right":{"leaf":true,"id":37,"label":"37","site_id":37}}},"right":{"leaf":false,"id":88,"left":{"leaf":false,"id":69,"left":{"leaf":true,"id":2,"label":"2","site_id":2},"right":{"leaf":true,"id":19,"label":"19","site_id":19}},"right":{"leaf":false,"id":72,"left":{"leaf":true,"id":24,"label":"24","site_id":24},"right":{"leaf":false,"id":55,"left":{"leaf":true,"id":40,"label":"40","site_id":40},"right":{"leaf":true,"id":52,"label":"52","site_id":52}}}}}},"right":{"leaf":false,"id":75,"left":{"leaf":true,"id":8,"label":"8","site_id":8},"right":{"leaf":false,"id":71,"left":{"leaf":true,"id":38,"label":"38","site_id":38},"right":{"leaf":true,"id":39,"label":"39","site_id":39}}}}},"right":{"leaf":false,"id":107,"left":{"leaf":false,"id":105,"left":{"leaf":false,"id":102,"left":{"leaf":false,"id":81,"left":{"leaf":false,"id":70,"left":{"leaf":true,"id":50,"label":"50","site_id":50},"right":{"leaf":true,"id":47,"label":"47","site_id":47}},"right":{"leaf":true,"id":20,"label":"20","site_id":20}},"right":{"leaf":true,"id":36,"label":"36","site_id":36}},"right":{"leaf":false,"id":103,"left":{"leaf":false,"id":98,"left":{"leaf":false,"id":80,"left":{"leaf":false,"id":56,"left":{"leaf":true,"id":53,"label":"53","site_id":53},"right":{"leaf":true,"id":0,"label":"0","site_id":0}},"right":{"leaf":true,"id":45,"label":"45","site_id":45}},"right":{"leaf":false,"id":96,"left":{"leaf":false,"id":94,"left":{"leaf":false,"id":83,"left":{"leaf":false,"id":82,"left":{"leaf":true,"id":43,"label":"43","site_id":43},"right":{"leaf":true,"id":27,"label":"27","site_id":27}},"right":{"leaf":false,"id":68,"left":{"leaf":false,"id":61,"left":{"leaf":true,"id":3,"label":"3","site_id":3},"right":{"leaf":true,"id":16,"label":"16","site_id":16}},"right":{"leaf":true,"id":5,"label":"5","site_id":5}}},"right":{"leaf":true,"id":26,"label":"26","site_id":26}},"right":{"leaf":false,"id":91,"left":{"leaf":false,"id":87,"left":{"leaf":false,"id":57,"left":{"leaf":true,"id":1,"label":"1","site_id":1},"right":{"leaf":true,"id":54,"label":"54","site_id":54}},"right":{"leaf":false,"id":65,"left":{"leaf":true,"id":48,"label":"48","site_id":48},"right":{"leaf":true,"id":23,"label":"23","site_id":23}}},"right":{"leaf":false,"id":90,"left":{"leaf":false,"id":76,"left":{"leaf":true,"id":29,"label":"29","site_id":29},"right":{"leaf":true,"id":33,"label":"33","site_id":33}},"right":{"leaf":false,"id":89,"left":{"leaf":false,"id":86,"left":{"leaf":false,"id":85,"left":{"leaf":false,"id":78,"left":{"leaf":false,"id":77,"left":{"leaf":false,"id":60,"left":{"leaf":true,"id":9,"label":"9","site_id":9},"right":{"leaf":true,"id":6,"label":"6","site_id":6}},"right":{"leaf":false,"id":64,"left":{"leaf":true,"id":22,"label":"22","site_id":22},"right":{"leaf":true,"id":14,"label":"14","site_id":14}}},"right":{"leaf":true,"id":34,"label":"34","site_id":34}},"right":{"leaf":true,"id":46,"label":"46","site_id":46}},"right":{"leaf":false,"id":63,"left":{"leaf":true,"id":13,"label":"13","site_id":13},"right":{"leaf":false,"id":59,"left":{"leaf":true,"id":15,"label":"15","site_id":15},"right":{"leaf":true,"id":51,"label":"51","site_id":51}}}},"right":{"leaf":true,"id":49,"label":"49","site_id":49}}}}}},"right":{"leaf":true,"id":11,"label":"11","site_id":11}}},"right":{"leaf":false,"id":100,"left":{"leaf":false,"id":95,"left":{"leaf":false,"id":93,"left":{"leaf":false,"id":79,"left":{"leaf":false,"id":74,"left":{"leaf":true,"id":42,"label":"42","site_id":42},"right":{"leaf":false,"id":58,"left":{"leaf":true,"id":30,"label":"30","site_id":30},"right":{"leaf":true,"id":32,"label":"32","site_id":32}}},"right":{"leaf":true,"id":28,"label":"28","site_id":28}},"right":{"leaf":true,"id":41,"label":"41","site_id":41}},"right":{"leaf":false,"id":92,"left":{"leaf":true,"id":35,"label":"35","site_id":35},"right":{"leaf":false,"id":62,"left":{"leaf":true,"id":17,"label":"17","site_id":17},"right":{"leaf":true,"id":21,"label":"21","site_id":21}}}},"right":{"leaf":false,"id":67,"left":{"leaf":true,"id":18,"label":"18","site_id":18},"right":{"leaf":true,"id":31,"label":"31","site_id":31}}}}},"num_sites":55,"sites":[{"x":223.28543830808846,"y":265.87040054126976,"cluster":1},{"x":45.72016941011522,"y":212.83441697338955,"cluster":1},{"x":247.60367992100456,"y":132.74720999489114,"cluster":1},{"x":467.68833760486933,"y":184.00909630900816,"cluster":1},{"x":335.7953521759611,"y":23.75778390420499,"cluster":1},{"x":171.86131680531048,"y":248.159678702622,"cluster":1},{"x":209.30103868320205,"y":195.3150203525637,"cluster":1},{"x":462.0296905629772,"y":109.69852838836695,"cluster":1},{"x":210.94083609593525,"y":121.38914013561892,"cluster":1},{"x":78.5232340349474,"y":242.14585119208667,"cluster":1},{"x":280.8190670282063,"y":275.37147717332306,"cluster":1},{"x":176.99949626101403,"y":59.724704182039986,"cluster":1},{"x":380.5995332330365,"y":15.48929376678884,"cluster":1},{"x":191.76908161117802,"y":242.52878537021675,"cluster":1},{"x":119.83860552578876,"y":194.82844176279593,"cluster":1},{"x":104.85971750679093,"y":175.1822333511859,"cluster":1},{"x":429.5773520157512,"y":207.79217415613059,"cluster":1},{"x":160.25365110508548,"y":134.52570767952423,"cluster":1},{"x":370.8449700829619,"y":142.78337714815876,"cluster":1},{"x":256.9026755919266,"y":129.66591185500727,"cluster":1},{"x":329.11447244135496,"y":156.04403674859103,"cluster":1},{"x":184.23284740598294,"y":117.71589874298608,"cluster":1},{"x":310.07774349247484,"y":233.9196875605598,"cluster":1},{"x":279.89547248800704,"y":280.7311562247788,"cluster":1},{"x":127.3707780211048,"y":160.3380552428745,"cluster":1},{"x":461.50365524195144,"y":263.711846224967,"cluster":1},{"x":219.08107708326912,"y":113.00019083385396,"cluster":1},{"x":22.013546767738834,"y":40.09416008502204,"cluster":1},{"x":77.00781269175127,"y":125.6787586434981,"cluster":1},{"x":272.26677727011196,"y":239.89417713596308,"cluster":1},{"x":50.72164469606575,"y":45.102178082991045,"cluster":1},{"x":484.00555843857825,"y":116.59503844088958,"cluster":1},{"x":107.48453185580625,"y":49.17482439032009,"cluster":1},{"x":222.40432889529794,"y":81.98391723508938,"cluster":1},{"x":169.04139996168635,"y":138.74245970483815,"cluster":1},{"x":38.831792623665805,"y":233.4474998419689,"cluster":1},{"x":17.18385933269879,"y":127.75852652839936,"cluster":1},{"x":472.1645144926575,"y":265.72543709432955,"cluster":1},{"x":191.81241567442143,"y":86.5409224727645,"cluster":1},{"x":190.51825976868597,"y":188.798462815827,"cluster":1},{"x":467.98755400203925,"y":69.83043258875671,"cluster":1},{"x":114.74565268398592,"y":205.45358218705033,"cluster":1},{"x":72.16086169018179,"y":255.57088210333376,"cluster":1},{"x":480.4686367864312,"y":46.12103397044386,"cluster":1},{"x":282.41624034134384,"y":231.7276260146713,"cluster":1},{"x":166.77165393373747,"y":44.818356623082735,"cluster":1},{"x":153.12747367897637,"y":167.0448828008074,"cluster":1},{"x":336.9763633868345,"y":168.4642822637651,"cluster":1},{"x":230.95195606320559,"y":247.4140739556215,"cluster":1},{"x":60.1512095595548,"y":142.4406800210982,"cluster":1},{"x":336.5315446490422,"y":192.48414567987788,"cluster":1},{"x":401.1789434563813,"y":258.083313340764,"cluster":1},{"x":114.66043173687136,"y":67.291383065338,"cluster":1},{"x":202.31278491794717,"y":282.7725811056103,"cluster":1},{"x":35.00569702430185,"y":211.0202954441106,"cluster":1}],"num_clusters":0}