{"title":"uniform-n95-r1-s449465619494082803695","map_width":500,"map_height":300,"num_leaves":95,"tree":{"leaf":false,"id":188,"left":{"leaf":false,"id":186,"left":{"leaf":false,"id":183,"left":{"leaf":false,"id":168,"left":{"leaf":true,"id":48,"label":"48","site_id":48},"right":{"leaf":true,"id":50,"label":"50","site_id":50}},"right":{"leaf":false,"id":148,"left":{"leaf":false,"id":143,"left":{"leaf":false,"id":95,"left":{"leaf":true,"id":24,"label":"24","site_id":24},"right":{"leaf":true,"id":26,"label":"26","site_id":26}},"right":{"leaf":true,"id":15,"label":"15","site_id":15}},"right":{"leaf":false,"id":139,"left":{"leaf":true,"id":34,"label":"34","site_id":34},"right":{"leaf":true,"id":72,"label":"72","site_id":72}}}},"right":{"leaf":false,"id":185,"left":{"leaf":false,"id":184,"left":{"leaf":false,"id":180,"left":{"leaf":true,"id":52,"label":"52","site_id":52},"right":{"leaf":false,"id":159,"left":{"leaf":false,"id":155,"left":{"leaf":true,"id":46,"label":"46","site_id":46},"right":{"leaf":false,"id":151,"left":{"leaf":true,"id":55,"label":"55","site_id":55},"right":{"leaf":false,"id":100,"left":{"leaf":true,"id":10,"label":"10","site_id":10},"right":{"leaf":false,"id":98,"left":{"leaf":true,"id":59,"label":"59","site_id":59},"right":{"leaf":true,"id":66,"label":"66","site_id":66}}}}},"right":{"leaf":false,"id":114,"left":{"leaf":true,"id":11,"label":"11","site_id":11},"right":{"leaf":true,"id":2,"label":"2","site_id":2}}}},"right":{"leaf":false,"id":182,"left":{"leaf":true,"id":38,"label":"38","site_id":38},"right":{"leaf":false,"id":176,"left":{"leaf":true,"id":3,"label":"3","site_id":3},"right":{"leaf":false,"id":170,"left":{"leaf":true,"id":61,"label":"61","site_id":61},"right":{"leaf":false,"id":124,"left":{"leaf":true,"id":19,"label":"19","site_id":19},"right":{"leaf":true,"id":41,"label":"41","site_id":41}}}}}},"right":{"leaf":false,"id":177,"left":{"leaf":false,"id":174,"left":{"leaf":false,"id":164,"left":{"leaf":false,"id":130,"left":{"leaf":true,"id":39,"label":"39","site_id":39},"right":{"leaf":true,"id":93,"label":"93","site_id":93}},"right":{"leaf":false,"id":150,"left":{"leaf":false,"id":141,"left":{"leaf":true,"id":64,"label":"64","site_id":64},"right":{"leaf":false,"id":136,"left":{"leaf":true,"id":30,"label":"30","site_id":30},"right":{"leaf":false,"id":102,"left":{"leaf":true,"id":70,"label":"70","site_id":70},"right":{"leaf":true,"id":80,"label":"80","site_id":80}}}},"right":{"leaf":true,"id":1,"label":"1","site_id":1}}},"right":{"leaf":false,"id":158,"left":{"leaf":true,"id":78,"label":"78","site_id":78},"right":{"leaf":false,"id":111,"left":{"leaf":true,"id":22,"label":"22","site_id":22},"right":{"leaf":true,"id":94,"label":"94","site_id":94}}}},"right":{"leaf":false,"id":175,"left":{"leaf":false,"id":173,"left":{"leaf":false,"id":169,"left":{"leaf":false,"id":146,"left":{"leaf":false,"id":134,"left":{"leaf":true,"id":85,"label":"85","site_id":85},"right":{"leaf":true,"id":45,"label":"45","site_id":45}},"right":{"leaf":false,"id":117,"left":{"leaf":true,"id":71,"label":"71","site_id":71},"right":{"leaf":true,"id":14,"label":"14","site_id":14}}},"right":{"leaf":false,"id":167,"left":{"leaf":true,"id":54,"label":"54","site_id":54},"right":{"leaf":false,"id":166,"left":{"leaf":false,"id":160,"left":{"leaf":false,"id":119,"left":{"leaf":false,"id":109,"left":{"leaf":true,"id":56,"label":"56","site_id":56},"right":{"leaf":true,"id":9,"label":"9","site_id":9}},"right":{"leaf":true,"id":77,"label":"77","site_id":77}},"right":{"leaf":true,"id":4,"label":"4","site_id":4}},"right":{"leaf":false,"id":140,"left":{"leaf":true,"id":5,"label":"5","site_id":5},"right":{"leaf":false,"id":133,"left":{"leaf":false,"id":113,"left":{"leaf":false,"id":103,"left":{"leaf":true,"id":83,"label":"83","site_id":83},"right":{"leaf":true,"id":91,"label":"91","site_id":91}},"right":{"leaf":true,"id":89,"label":"89","site_id":89}},"right":{"leaf":false,"id":128,"left":{"leaf":true,"id":16,"label":"16","site_id":16},"right":{"leaf":true,"id":86,"label":"86","site_id":86}}}}}}},"right":{"leaf":false,"id":163,"left":{"leaf":false,"id":162,"left":{"leaf":true,"id":32,"label":"32","site_id":32},"right":{"leaf":false,"id":154,"left":{"leaf":true,"id":21,"label":"21","site_id":21},"right":{"leaf":false,"id":152,"left":{"leaf":false,"id":129,"left":{"leaf":true,"id":42,"label":"42","site_id":42},"right":{"leaf":false,"id":123,"left":{"leaf":false,"id":106,"left":{"leaf":true,"id":27,"label":"27","site_id":27},"right":{"leaf":true,"id":60,"label":"60","site_id":60}},"right":{"leaf":true,"id":67,"label":"67","site_id":67}}},"right":{"leaf":true,"id":36,"label":"36","site_id":36}}}},"right":{"leaf":false,"id":127,"left":{"leaf":true,"id":92,"label":"92","site_id":92},"right":{"leaf":true,"id":13,"label":"13","site_id":13}}}},"right":{"leaf":false,"id":153,"left":{"leaf":false,"id":125,"left":{"leaf":true,"id":33,"label":"33","site_id":33},"right":{"leaf":true,"id":47,"label":"47","site_id":47}},"right":{"leaf":false,"id":138,"left":{"leaf":false,"id":115,"left":{"leaf":true,"id":37,"label":"37","site_id":37},"right":{"leaf":false,"id":97,"left":{"leaf":true,"id":44,"label":"44","site_id":44},"right":{"leaf":true,"id":82,"label":"82","site_id":82}}},"right":{"leaf":true,"id":49,"label":"49","site_id":49}}}}}}},"right":{"leaf":false,"id":187,"left":{"leaf":false,"id":181,"left":{"leaf":false,"id":161,"left":{"leaf":false,"id":147,"left":{"leaf":false,"id":144,"left":{"leaf":false,"id":121,"left":{"leaf":false,"id":112,"left":{"leaf":false,"id":96,"left":{"leaf":true,"id":74,"label":"74","site_id":74},"right":{"leaf":true,"id":40,"label":"40","site_id":40}},"right":{"leaf":true,"id":88,"label":"88","site_id":88}},"right":{"leaf":true,"id":79,"label":"79","site_id":79}},"right":{"leaf":false,"id":101,"left":{"leaf":true,"id":6,"label":"6","site_id":6},"right":{"leaf":true,"id":0,"label":"0","site_id":0}}},"right":{"leaf":true,"id":63,"label":"63","site_id":63}},"right":{"leaf":false,"id":157,"left":{"leaf":false,"id":120,"left":{"leaf":true,"id":23,"label":"23","site_id":23},"right":{"leaf":true,"id":90,"label":"90","site_id":90}},"right":{"leaf":true,"id":17,"label":"17","site_id":17}}},"right":{"leaf":false,"id":179,"left":{"leaf":false,"id":171,"left":{"leaf":false,"id":156,"left":{"leaf":false,"id":99,"left":{"leaf":true,"id":12,"label":"12","site_id":12},"right":{"leaf":true,"id":25,"label":"25","site_id":25}},"right":{"leaf":false,"id":149,"left":{"leaf":true,"id":7,"label":"7","site_id":7},"right":{"leaf":false,"id":131,"left":{"leaf":false,"id":126,"left":{"leaf":true,"id":87,"label":"87","site_id":87},"right":{"leaf":false,"id":118,"left":{"leaf":true,"id":53,"label":"53","site_id":53},"right":{"leaf":true,"id":28,"label":"28","site_id":28}}},"right":{"leaf":false,"id":105,"left":{"leaf":true,"id":31,"label":"31","site_id":31},"right":{"leaf":true,"id":43,"label":"43","site_id":43}}}}},"right":{"leaf":false,"id":165,"left":{"leaf":false,"id":145,"left":{"leaf":false,"id":132,"left":{"leaf":true,"id":51,"label":"51","site_id":51},"right":{"leaf":false,"id":110,"left":{"leaf":true,"id":35,"label":"35","site_id":35},"right":{"leaf":true,"id":62,"label":"62","site_id":62}}},"right":{"leaf":false,"id":137,"left":{"leaf":true,"id":57,"label":"57","site_id":57},"right":{"leaf":true,"id":73,"label":"73","site_id":73}}},"right":{"leaf":false,"id":116,"left":{"leaf":true,"id":65,"label":"65","site_id":65},"right":{"leaf":true,"id":84,"label":"84","site_id":84}}}},"right":{"leaf":false,"id":178,"left":{"leaf":false,"id":122,"left":{"leaf":false,"id":104,"left":{"leaf":true,"id":20,"label":"20","site_id":20},"right":{"leaf":true,"id":81,"label":"81","site_id":81}},"right":{"leaf":true,"id":8,"label":"8","site_id":8}},"right":{"leaf":false,"id":172,"left":{"leaf":true,"id":29,"label":"29","site_id":29},"right":{"leaf":false,"id":107,"left":{"leaf":true,"id":76,"label":"76","site_id":76},"right":{"leaf":true,"id":58,"label":"58","site_id":58}}}}}},"right":{"leaf":false,"id":142,"left":{"leaf":false,"id":135,"left":{"leaf":true,"id":69,"label":"69","site_id":69},"right":{"leaf":false,"id":108,"left":{"leaf":true,"id":75,"label":"75","site_id":75},"right":{"leaf":true,"id":18,"label":"18","site_id":18}}},"right":{"leaf":true,"id":68,"label":"68","site_id":68}}}},"num_sites":95,"sites":[{"x":403.15151308736097,"y":263.9479926917272,"cluster":1},{"x":196.93054119526371,"y":154.38451983641684,"cluster":1},{"x":131.0918946990236,"y":131.38416198294837,"cluster":1},{"x":189.63534861479647,"y":52.58090342845185,"cluster":1},{"x":169.7707370551864,"y":65.70059087102089,"cluster":1},{"x":171.24211013371544,"y":174.0212332790706,"cluster":1},{"x":60.409819470216796,"y":140.10351704094393,"cluster":1},{"x":436.68524351682004,"y":132.86224257246164,"cluster":1},{"x":258.91669611205737,"y":242.21437819903707,"cluster":1},{"x":67.52113284604627,"y":37.88035100751701,"cluster":1},{"x":343.28596007349427,"y":147.27341699523745,"cluster":1},{"x":96.91131105125933,"y":172.59826195757535,"cluster":1},{"x":385.45434832997535,"y":165.57346556975972,"cluster":1},{"x":31.144278873527192,"y":178.84151604881066,"cluster":1},{"x":287.6753702698457,"y":275.8509829673524,"cluster":1},{"x":404.51451405136095,"y":243.47435007109115,"cluster":1},{"x":116.28169343199542,"y":177.0155767527108,"cluster":1},{"x":324.5238525570086,"y":141.68743939903595,"cluster":1},{"x":140.6941149041412,"y":64.69109501611382,"cluster":1},{"x":261.7039925571297,"y":202.27048699440806,"cluster":1},{"x":262.7130587493179,"y":266.5707012734762,"cluster":1},{"x":172.88089419595377,"y":280.80085861714247,"cluster":1},{"x":100.49454304064358,"y":121.55507012010948,"cluster":1},{"x":378.41030027459345,"y":245.61476352176328,"cluster":1},{"x":353.1645831412889,"y":232.04723143125582,"cluster":1},{"x":232.810592494839,"y":218.8008163005707,"cluster":1},{"x":395.766807168397,"y":176.61923503691736,"cluster":1},{"x":174.30266610702972,"y":40.266074196927235,"cluster":1},{"x":310.1652599138184,"y":221.54535388713168,"cluster":1},{"x":152.0385255990414,"y":277.1729315624664,"cluster":1},{"x":275.6402180026786,"y":34.41303019470372,"cluster":1},{"x":120.25878142685512,"y":243.7306599022242,"cluster":1},{"x":473.2169085261522,"y":91.17734253985542,"cluster":1},{"x":196.26611670585294,"y":277.4484191023784,"cluster":1},{"x":450.2578230567587,"y":269.61639845371633,"cluster":1},{"x":223.93554547230502,"y":37.517261129659346,"cluster":1},{"x":336.5266987544721,"y":127.17442857498158,"cluster":1},{"x":56.50378303323944,"y":168.98647869881987,"cluster":1},{"x":479.7976059126495,"y":119.6461049515613,"cluster":1},{"x":51.58922401455701,"y":22.835422787517725,"cluster":1},{"x":248.1354045047523,"y":79.05998492870248,"cluster":1},{"x":287.7901816408475,"y":256.9147513775413,"cluster":1},{"x":117.2137819094074,"y":84.46066743848878,"cluster":1},{"x":155.79338714574092,"y":186.04178610351568,"cluster":1},{"x":94.46514050894272,"y":268.06865880741896,"cluster":1},{"x":197.6959783592849,"y":221.28258779495764,"cluster":1},{"x":97.47167472199307,"y":71.51363384112864,"cluster":1},{"x":196.20316187426548,"y":258.63897486254336,"cluster":1},{"x":391.8096575454942,"y":232.49118346943254,"cluster":1},{"x":220.51063086649924,"y":235.98172249608425,"cluster":1},{"x":333.5494639552906,"y":191.28483214616995,"cluster":1},{"x":438.014112851311,"y":144.13176066582233,"cluster":1},{"x":43.791008948434225,"y":159.1245089447634,"cluster":1},{"x":480.510594658417,"y":273.4891458545272,"cluster":1},{"x":270.264360452148,"y":41.54526532377271,"cluster":1},{"x":181.30567455132845,"y":157.50700100439056,"cluster":1},{"x":55.20739042607312,"y":228.98672510909265,"cluster":1},{"x":348.2091144263548,"y":174.20377681584893,"cluster":1},{"x":193.62819700953932,"y":232.90977845160708,"cluster":1},{"x":118.98389530019624,"y":61.11834201994877,"cluster":1},{"x":156.97387505270925,"y":54.91246487574193,"cluster":1},{"x":149.53439438320643,"y":202.40977231814225,"cluster":1},{"x":214.8497789069282,"y":29.516970508169283,"cluster":1},{"x":468.9474313831288,"y":244.49783583839329,"cluster":1},{"x":140.9137765735223,"y":200.4340466612044,"cluster":1},{"x":392.4652078552645,"y":29.252169871588748,"cluster":1},{"x":26.055065431261255,"y":244.54280703484235,"cluster":1},{"x":78.60812833163678,"y":100.34612435865799,"cluster":1},{"x":366.4015164019984,"y":62.16504289670217,"cluster":1},{"x":465.961533538123,"y":24.807345387953557,"cluster":1},{"x":445.6621234207277,"y":235.4208326092508,"cluster":1},{"x":469.93063301453844,"y":201.6062578595488,"cluster":1},{"x":316.49439795499063,"y":168.90560963177637,"cluster":1},{"x":318.021113511017,"y":90.07950523136378,"cluster":1},{"x":363.7458917561819,"y":26.685367315581463,"cluster":1},{"x":162.50813307812365,"y":160.79696819869466,"cluster":1},{"x":349.1586046716468,"y":180.98158344080528,"cluster":1},{"x":316.9996699420538,"y":19.55928024594442,"cluster":1},{"x":45.092013997756254,"y":140.86457432885416,"cluster":1},{"x":313.54666221132186,"y":108.83589876035646,"cluster":1},{"x":179.8109936404595,"y":83.36578689353607,"cluster":1},{"x":234.286601641884,"y":193.01421150078752,"cluster":1},{"x":104.06222037408726,"y":226.94903228828798,"cluster":1},{"x":296.1284687071986,"y":104.32832235107178,"cluster":1},{"x":38.02830351728777,"y":128.24726141595391,"cluster":1},{"x":248.69595050023193,"y":255.27158868301592,"cluster":1},{"x":79.30131061104203,"y":217.37588859459524,"cluster":1},{"x":454.64264847560685,"y":100.67021040922724,"cluster":1},{"x":336.2577087515042,"y":164.97538622691906,"cluster":1},{"x":147.53635316172185,"y":168.40544153786607,"cluster":1},{"x":67.14462791201144,"y":265.41531882669756,"cluster":1},{"x":215.78165085520868,"y":202.02035883486369,"cluster":1},{"x":43.30214856490036,"y":265.30854766937057,"cluster":1},{"x":471.5086186806149,"y":161.132396199979,"cluster":1},{"x":25.24963200026504,"y":54.63887059833654,"cluster":1}],"num_clusters":0}