{"title":"uniform-n45-r2-s554880644041416506345","map_width":500,"map_height":300,"num_leaves":45,"tree":{"leaf":false,"id":88,"left":{"leaf":false,"id":86,"left":{"leaf":false,"id":74,"left":{"leaf":true,"id":40,"label":"40","site_id":40},"right":{"leaf":true,"id":32,"label":"32","site_id":32}},"right":{"leaf":false,"id":83,"left":{"leaf":false,"id":81,"left":{"leaf":false,"id":79,"left":{"leaf":false,"id":72,"left":{"leaf":false,"id":68,"left":{"leaf":true,"id":37,"label":"37","site_id":37},"right":{"leaf":false,"id":67,"left":{"leaf":false,"id":63,"left":{"leaf":true,"id":1,"label":"1","site_id":1},"right":{"leaf":false,"id":53,"left":{"leaf":true,"id":36,"label":"36","site_id":36},"right":{"leaf":true,"id":19,"label":"19","site_id":19}}},"right":{"leaf":true,"id":21,"label":"21","site_id":21}}},"right":{"leaf":false,"id":58,"left":{"leaf":true,"id":25,"label":"25","site_id":25},"right":{"leaf":false,"id":47,"left":{"leaf":true,"id":12,"label":"12","site_id":12},"right":{"leaf":true,"id":38,"label":"38","site_id":38}}}},"right":{"leaf":false,"id":55,"left":{"leaf":true,"id":18,"label":"18","site_id":18},"right":{"leaf":true,"id":8,"label":"8","site_id":8}}},"right":{"leaf":true,"id":27,"label":"27","site_id":27}},"right":{"leaf":true,"id":16,"label":"16","site_id":16}}},"right":{"leaf":false,"id":87,"left":{"leaf":false,"id":85,"left":{"leaf":true,"id":5,"label":"5","site_id":5},"right":{"leaf":false,"id":60,"left":{"leaf":true,"id":35,"label":"35","site_id":35},"right":{"leaf":true,"id":14,"label":"14","site_id":14}}},"right":{"leaf":false,"id":84,"left":{"leaf":false,"id":52,"left":{"leaf":true,"id":4,"label":"4","site_id":4},"right":{"leaf":true,"id":44,"label":"44","site_id":44}},"right":{"leaf":false,"id":82,"left":{"leaf":false,"id":78,"left":{"leaf":false,"id":76,"left":{"leaf":false,"id":73,"left":{"leaf":true,"id":10,"label":"10","site_id":10},"right":{"leaf":true,"id":29,"label":"29","site_id":29}},"right":{"leaf":true,"id":2,"label":"2","site_id":2}},"right":{"leaf":false,"id":66,"left":{"leaf":false,"id":65,"left":{"leaf":true,"id":34,"label":"34","site_id":34},"right":{"leaf":false,"id":51,"left":{"leaf":true,"id":43,"label":"43","site_id":43},"right":{"leaf":true,"id":6,"label":"6","site_id":6}}},"right":{"leaf":false,"id":61,"left":{"leaf":true,"id":39,"label":"39","site_id":39},"right":{"leaf":true,"id":17,"label":"17","site_id":17}}}},"right":{"leaf":false,"id":80,"left":{"leaf":false,"id":77,"left":{"leaf":false,"id":71,"left":{"leaf":false,"id":62,"left":{"leaf":true,"id":13,"label":"13","site_id":13},"right":{"leaf":false,"id":54,"left":{"leaf":true,"id":23,"label":"23","site_id":23},"right":{"leaf":true,"id":41,"label":"41","site_id":41}}},"right":{"leaf":true,"id":7,"label":"7","site_id":7}},"right":{"leaf":false,"id":75,"left":{"leaf":true,"id":15,"label":"15","site_id":15},"right":{"leaf":false,"id":70,"left":{"leaf":false,"id":57,"left":{"leaf":false,"id":46,"left":{"leaf":false,"id":45,"left":{"leaf":true,"id":28,"label":"28","site_id":28},"right":{"leaf":true,"id":11,"label":"11","site_id":11}},"right":{"leaf":true,"id":20,"label":"20","site_id":20}},"right":{"leaf":false,"id":56,"left":{"leaf":true,"id":33,"label":"33","site_id":33},"right":{"leaf":true,"id":30,"label":"30","site_id":30}}},"right":{"leaf":false,"id":69,"left":{"leaf":false,"id":59,"left":{"leaf":true,"id":26,"label":"26","site_id":26},"right":{"leaf":false,"id":49,"left":{"leaf":true,"id":42,"label":"42","site_id":42},"right":{"leaf":true,"id":0,"label":"0","site_id":0}}},"right":{"leaf":true,"id":22,"label":"22","site_id":22}}}}},"right":{"leaf":false,"id":64,"left":{"leaf":false,"id":48,"left":{"leaf":true,"id":24,"label":"24","site_id":24},"right":{"leaf":true,"id":3,"label":"3","site_id":3}},"right":{"leaf":false,"id":50,"left":{"leaf":true,"id":31,"label":"31","site_id":31},"right":{"leaf":true,"id":9,"label":"9","site_id":9}}}}}}}},"num_sites":45,"sites":[{"x":356.2093012400855,"y":252.40674200531677,"cluster":1},{"x":82.80456710997571,"y":37.7423329568185,"cluster":1},{"x":141.47706399198864,"y":169.8689892385068,"cluster":1},{"x":202.3688329258857,"y":265.7175082137052,"cluster":1},{"x":338.1034112943935,"y":190.42073307024765,"cluster":1},{"x":483.2824771298087,"y":51.64937484297195,"cluster":1},{"x":264.0371052040216,"y":128.38434257252996,"cluster":1},{"x":276.5576885757078,"y":255.88025349922492,"cluster":1},{"x":133.96998557728705,"y":102.71410467240946,"cluster":1},{"x":475.2326096062584,"y":115.56713442383537,"cluster":1},{"x":35.51038348062346,"y":30.246700815447554,"cluster":1},{"x":286.5548983424755,"y":223.2527344095812,"cluster":1},{"x":181.54340694185143,"y":266.60753084280265,"cluster":1},{"x":484.3528608586675,"y":116.72010534513572,"cluster":1},{"x":397.8608815189441,"y":37.611797325053374,"cluster":1},{"x":253.26968866915112,"y":54.097798581676734,"cluster":1},{"x":68.0638826934231,"y":145.55227787794288,"cluster":1},{"x":478.67536940817695,"y":187.07899110772877,"cluster":1},{"x":156.59822598100237,"y":128.50567217580397,"cluster":1},{"x":99.14671467597742,"y":81.20211272844942,"cluster":1},{"x":355.57800490263054,"y":236.7173967487952,"cluster":1},{"x":142.41981032971347,"y":105.41183095128416,"cluster":1},{"x":221.7848398548764,"y":208.2396963019275,"cluster":1},{"x":450.6702426141532,"y":103.57835155496103,"cluster":1},{"x":276.9004672291852,"y":76.30091484574788,"cluster":1},{"x":136.86520671554104,"y":218.29941115880484,"cluster":1},{"x":206.63758781944736,"y":203.37378997173445,"cluster":1},{"x":30.757796448581935,"y":282.14337526283873,"cluster":1},{"x":402.978835793214,"y":271.5884836860814,"cluster":1},{"x":300.85728579048634,"y":223.51330198380077,"cluster":1},{"x":68.21632428377067,"y":76.00132088569578,"cluster":1},{"x":357.4105911341684,"y":153.52079267419188,"cluster":1},{"x":229.9038126548343,"y":26.28283561006529,"cluster":1},{"x":161.06866109748123,"y":56.655038433560634,"cluster":1},{"x":322.191377331565,"y":33.62907163715492,"cluster":1},{"x":382.48775473791886,"y":171.61632410521202,"cluster":1},{"x":21.306997993721527,"y":53.127665013020895,"cluster":1},{"x":189.62906089103808,"y":169.4548233318202,"cluster":1},{"x":121.18218564438553,"y":197.42575981658229,"cluster":1},{"x":481.9717565191872,"y":264.1144756850132,"cluster":1},{"x":379.3884739908653,"y":45.3491322419131,"cluster":1},{"x":484.2426285278833,"y":175.6282286494791,"cluster":1},{"x":123.65929322084195,"y":139.11252262646377,"cluster":1},{"x":76.59206763273203,"y":218.54487688856105,"cluster":1},{"x":185.31629004149485,"y":195.93865197191494,"cluster":1}],"num_clusters":0}