{"title":"uniform-n95-r9-s-561898926162572571395","map_width":500,"map_height":300,"num_leaves":95,"tree":{"leaf":false,"id":188,"left":{"leaf":false,"id":187,"left":{"leaf":false,"id":184,"left":{"leaf":false,"id":182,"left":{"leaf":false,"id":180,"left":{"leaf":false,"id":174,"left":{"leaf":false,"id":170,"left":{"leaf":false,"id":130,"left":{"leaf":false,"id":110,"left":{"leaf":true,"id":25,"label":"25","site_id":25},"right":{"leaf":true,"id":87,"label":"87","site_id":87}},"right":{"leaf":true,"id":91,"label":"91","site_id":91}},"right":{"leaf":true,"id":7,"label":"7","site_id":7}},"right":{"leaf":false,"id":169,"left":{"leaf":true,"id":46,"label":"46","site_id":46},"right":{"leaf":false,"id":164,"left":{"leaf":true,"id":62,"label":"62","site_id":62},"right":{"leaf":false,"id":162,"left":{"leaf":false,"id":131,"left":{"leaf":false,"id":115,"left":{"leaf":true,"id":82,"label":"82","site_id":82},"right":{"leaf":true,"id":30,"label":"30","site_id":30}},"right":{"leaf":true,"id":5,"label":"5","site_id":5}},"right":{"leaf":true,"id":18,"label":"18","site_id":18}}}}},"right":{"leaf":false,"id":154,"left":{"leaf":false,"id":148,"left":{"leaf":false,"id":132,"left":{"leaf":true,"id":64,"label":"64","site_id":64},"right":{"leaf":false,"id":96,"left":{"leaf":true,"id":55,"label":"55","site_id":55},"right":{"leaf":true,"id":59,"label":"59","site_id":59}}},"right":{"leaf":true,"id":16,"label":"16","site_id":16}},"right":{"leaf":false,"id":141,"left":{"leaf":false,"id":129,"left":{"leaf":true,"id":94,"label":"94","site_id":94},"right":{"leaf":true,"id":77,"label":"77","site_id":77}},"right":{"leaf":true,"id":73,"label":"73","site_id":73}}}},"right":{"leaf":false,"id":177,"left":{"leaf":false,"id":106,"left":{"leaf":true,"id":86,"label":"86","site_id":86},"right":{"leaf":true,"id":74,"label":"74","site_id":74}},"right":{"leaf":false,"id":176,"left":{"leaf":false,"id":146,"left":{"leaf":false,"id":145,"left":{"leaf":false,"id":143,"left":{"leaf":false,"id":139,"left":{"leaf":false,"id":107,"left":{"leaf":true,"id":31,"label":"31","site_id":31},"right":{"leaf":true,"id":52,"label":"52","site_id":52}},"right":{"leaf":true,"id":19,"label":"19","site_id":19}},"right":{"leaf":true,"id":88,"label":"88","site_id":88}},"right":{"leaf":true,"id":24,"label":"24","site_id":24}},"right":{"leaf":true,"id":81,"label":"81","site_id":81}},"right":{"leaf":false,"id":172,"left":{"leaf":false,"id":140,"left":{"leaf":true,"id":93,"label":"93","site_id":93},"right":{"leaf":true,"id":34,"label":"34","site_id":34}},"right":{"leaf":false,"id":163,"left":{"leaf":false,"id":137,"left":{"leaf":true,"id":10,"label":"10","site_id":10},"right":{"leaf":false,"id":101,"left":{"leaf":true,"id":43,"label":"43","site_id":43},"right":{"leaf":true,"id":78,"label":"78","site_id":78}}},"right":{"leaf":false,"id":117,"left":{"leaf":true,"id":41,"label":"41","site_id":41},"right":{"leaf":true,"id":71,"label":"71","site_id":71}}}}}}},"right":{"leaf":false,"id":183,"left":{"leaf":false,"id":178,"left":{"leaf":false,"id":152,"left":{"leaf":true,"id":28,"label":"28","site_id":28},"right":{"leaf":true,"id":32,"label":"32","site_id":32}},"right":{"leaf":false,"id":149,"left":{"leaf":true,"id":66,"label":"66","site_id":66},"right":{"leaf":true,"id":0,"label":"0","site_id":0}}},"right":{"leaf":false,"id":173,"left":{"leaf":false,"id":109,"left":{"leaf":false,"id":95,"left":{"leaf":true,"id":51,"label":"51","site_id":51},"right":{"leaf":true,"id":1,"label":"1","site_id":1}},"right":{"leaf":true,"id":70,"label":"70","site_id":70}},"right":{"leaf":false,"id":171,"left":{"leaf":false,"id":167,"left":{"leaf":true,"id":3,"label":"3","site_id":3},"right":{"leaf":false,"id":98,"left":{"leaf":true,"id":20,"label":"20","site_id":20},"right":{"leaf":true,"id":58,"label":"58","site_id":58}}},"right":{"leaf":false,"id":168,"left":{"leaf":false,"id":165,"left":{"leaf":false,"id":151,"left":{"leaf":false,"id":133,"left":{"leaf":false,"id":127,"left":{"leaf":false,"id":124,"left":{"leaf":true,"id":14,"label":"14","site_id":14},"right":{"leaf":false,"id":105,"left":{"leaf":true,"id":61,"label":"61","site_id":61},"right":{"leaf":true,"id":4,"label":"4","site_id":4}}},"right":{"leaf":false,"id":120,"left":{"leaf":true,"id":29,"label":"29","site_id":29},"right":{"leaf":false,"id":104,"left":{"leaf":true,"id":50,"label":"50","site_id":50},"right":{"leaf":true,"id":54,"label":"54","site_id":54}}}},"right":{"leaf":true,"id":26,"label":"26","site_id":26}},"right":{"leaf":true,"id":38,"label":"38","site_id":38}},"right":{"leaf":false,"id":135,"left":{"leaf":true,"id":35,"label":"35","site_id":35},"right":{"leaf":true,"id":69,"label":"69","site_id":69}}},"right":{"leaf":false,"id":166,"left":{"leaf":true,"id":15,"label":"15","site_id":15},"right":{"leaf":false,"id":158,"left":{"leaf":false,"id":142,"left":{"leaf":false,"id":100,"left":{"leaf":true,"id":68,"label":"68","site_id":68},"right":{"leaf":true,"id":22,"label":"22","site_id":22}},"right":{"leaf":false,"id":125,"left":{"leaf":false,"id":119,"left":{"leaf":true,"id":2,"label":"2","site_id":2},"right":{"leaf":true,"id":17,"label":"17","site_id":17}},"right":{"leaf":false,"id":102,"left":{"leaf":true,"id":75,"label":"75","site_id":75},"right":{"leaf":true,"id":90,"label":"90","site_id":90}}}},"right":{"leaf":true,"id":53,"label":"53","site_id":53}}}}}}}},"right":{"leaf":false,"id":186,"left":{"leaf":false,"id":121,"left":{"leaf":true,"id":89,"label":"89","site_id":89},"right":{"leaf":false,"id":97,"left":{"leaf":true,"id":83,"label":"83","site_id":83},"right":{"leaf":true,"id":49,"label":"49","site_id":49}}},"right":{"leaf":false,"id":185,"left":{"leaf":false,"id":159,"left":{"leaf":false,"id":156,"left":{"leaf":false,"id":128,"left":{"leaf":true,"id":23,"label":"23","site_id":23},"right":{"leaf":true,"id":6,"label":"6","site_id":6}},"right":{"leaf":false,"id":112,"left":{"leaf":true,"id":42,"label":"42","site_id":42},"right":{"leaf":true,"id":27,"label":"27","site_id":27}}},"right":{"leaf":false,"id":147,"left":{"leaf":false,"id":114,"left":{"leaf":true,"id":44,"label":"44","site_id":44},"right":{"leaf":true,"id":13,"label":"13","site_id":13}},"right":{"leaf":false,"id":134,"left":{"leaf":true,"id":60,"label":"60","site_id":60},"right":{"leaf":false,"id":123,"left":{"leaf":true,"id":21,"label":"21","site_id":21},"right":{"leaf":true,"id":56,"label":"56","site_id":56}}}}},"right":{"leaf":false,"id":181,"left":{"leaf":true,"id":39,"label":"39","site_id":39},"right":{"leaf":false,"id":179,"left":{"leaf":false,"id":116,"left":{"leaf":true,"id":11,"label":"11","site_id":11},"right":{"leaf":true,"id":12,"label":"12","site_id":12}},"right":{"leaf":false,"id":161,"left":{"leaf":false,"id":155,"left":{"leaf":false,"id":150,"left":{"leaf":false,"id":126,"left":{"leaf":false,"id":108,"left":{"leaf":true,"id":65,"label":"65","site_id":65},"right":{"leaf":true,"id":67,"label":"67","site_id":67}},"right":{"leaf":false,"id":111,"left":{"leaf":true,"id":79,"label":"79","site_id":79},"right":{"leaf":false,"id":99,"left":{"leaf":true,"id":40,"label":"40","site_id":40},"right":{"leaf":true,"id":9,"label":"9","site_id":9}}}},"right":{"leaf":false,"id":122,"left":{"leaf":true,"id":85,"label":"85","site_id":85},"right":{"leaf":true,"id":33,"label":"33","site_id":33}}},"right":{"leaf":true,"id":72,"label":"72","site_id":72}},"right":{"leaf":false,"id":157,"left":{"leaf":true,"id":84,"label":"84","site_id":84},"right":{"leaf":false,"id":138,"left":{"leaf":true,"id":48,"label":"48","site_id":48},"right":{"leaf":true,"id":47,"label":"47","site_id":47}}}}}}}}},"right":{"leaf":false,"id":175,"left":{"leaf":false,"id":113,"left":{"leaf":true,"id":36,"label":"36","site_id":36},"right":{"leaf":true,"id":80,"label":"80","site_id":80}},"right":{"leaf":false,"id":160,"left":{"leaf":false,"id":153,"left":{"leaf":true,"id":8,"label":"8","site_id":8},"right":{"leaf":false,"id":144,"left":{"leaf":false,"id":136,"left":{"leaf":false,"id":103,"left":{"leaf":true,"id":76,"label":"76","site_id":76},"right":{"leaf":true,"id":37,"label":"37","site_id":37}},"right":{"leaf":true,"id":63,"label":"63","site_id":63}},"right":{"leaf":true,"id":45,"label":"45","site_id":45}}},"right":{"leaf":false,"id":118,"left":{"leaf":true,"id":57,"label":"57","site_id":57},"right":{"leaf":true,"id":92,"label":"92","site_id":92}}}}},"num_sites":95,"sites":[{"x":36.78993336651048,"y":224.13534287016518,"cluster":1},{"x":214.194878195245,"y":267.82970554760936,"cluster":1},{"x":400.92805241341,"y":270.2699969717448,"cluster":1},{"x":19.624389886123474,"y":131.92167392774093,"cluster":1},{"x":16.614095293000872,"y":54.471861660947866,"cluster":1},{"x":391.9332189071222,"y":53.48833135871502,"cluster":1},{"x":21.24584980094332,"y":36.799923558367816,"cluster":1},{"x":284.28930257792683,"y":89.11873629001998,"cluster":1},{"x":421.8123846764419,"y":18.185005125614335,"cluster":1},{"x":24.53199868456857,"y":258.9699471269774,"cluster":1},{"x":231.3042185196398,"y":196.77225429621063,"cluster":1},{"x":106.63192387745775,"y":211.28722671152696,"cluster":1},{"x":113.66906820336602,"y":60.65376872585978,"cluster":1},{"x":156.10806142217797,"y":68.17756344698903,"cluster":1},{"x":50.546290535117336,"y":95.81687270761759,"cluster":1},{"x":349.13456086697596,"y":175.87115305285138,"cluster":1},{"x":246.2460242331705,"y":128.74858760672456,"cluster":1},{"x":392.5208176163254,"y":215.66423115325603,"cluster":1},{"x":476.60852759930543,"y":225.9396372134268,"cluster":1},{"x":170.13681465685426,"y":231.8835309414108,"cluster":1},{"x":242.48688740820833,"y":77.52163812804875,"cluster":1},{"x":310.68244533406863,"y":40.54606476615437,"cluster":1},{"x":269.6411309760838,"y":119.44868468880314,"cluster":1},{"x":441.9625280690583,"y":256.90998175607604,"cluster":1},{"x":273.81420532043967,"y":168.0000038294412,"cluster":1},{"x":118.03099951373515,"y":281.82089973429873,"cluster":1},{"x":102.68007766950618,"y":101.93285052850933,"cluster":1},{"x":247.70595066559306,"y":35.65458384051431,"cluster":1},{"x":15.211913603418154,"y":271.35522833697763,"cluster":1},{"x":116.03375391255611,"y":94.74108209311301,"cluster":1},{"x":443.8129573314581,"y":58.31567592966703,"cluster":1},{"x":404.29396306806194,"y":208.42660481398647,"cluster":1},{"x":15.285164430989317,"y":282.2226016998752,"cluster":1},{"x":49.08779361157975,"y":55.38868899954588,"cluster":1},{"x":273.38088382612403,"y":43.50838559299244,"cluster":1},{"x":346.94191162349307,"y":165.46642601239682,"cluster":1},{"x":388.28976926842785,"y":261.44370467701447,"cluster":1},{"x":477.685192898545,"y":38.10176526396202,"cluster":1},{"x":96.95855407669913,"y":76.68531258552848,"cluster":1},{"x":207.6198918608069,"y":30.509144100701207,"cluster":1},{"x":112.62342042298667,"y":246.00559970634913,"cluster":1},{"x":442.20986297263244,"y":87.89991256062973,"cluster":1},{"x":142.35466864158138,"y":35.70521995053049,"cluster":1},{"x":297.6469862700321,"y":174.48428360053384,"cluster":1},{"x":337.7709557413586,"y":271.45009048257805,"cluster":1},{"x":371.2333867829087,"y":57.55772993659537,"cluster":1},{"x":256.3750212642635,"y":95.70189321303374,"cluster":1},{"x":192.03040340360232,"y":137.75006715268125,"cluster":1},{"x":179.19568742833505,"y":139.526533423989,"cluster":1},{"x":35.676788875239474,"y":56.47452075497906,"cluster":1},{"x":144.5902302218313,"y":63.36749963486453,"cluster":1},{"x":200.66683823787952,"y":256.76064306009795,"cluster":1},{"x":388.1692169139417,"y":151.36162094219185,"cluster":1},{"x":267.705785174724,"y":45.98866612130084,"cluster":1},{"x":124.85051326415427,"y":75.95215072898284,"cluster":1},{"x":139.02320039528928,"y":178.56475112925767,"cluster":1},{"x":321.0316341812853,"y":43.91956950423052,"cluster":1},{"x":360.72629599510145,"y":223.28516643011207,"cluster":1},{"x":332.789545502362,"y":71.50306933905074,"cluster":1},{"x":298.4138865925266,"y":124.03425250707228,"cluster":1},{"x":69.87457600898477,"y":185.02610624925487,"cluster":1},{"x":104.34772868267977,"y":123.54477723207943,"cluster":1},{"x":195.05967247309434,"y":94.36681992233868,"cluster":1},{"x":233.49181044890162,"y":28.220938146499122,"cluster":1},{"x":464.139164102471,"y":239.72981388361677,"cluster":1},{"x":15.681117840478514,"y":107.48312237104757,"cluster":1},{"x":103.5405912743492,"y":57.47804156334257,"cluster":1},{"x":32.07037652560349,"y":123.74008786617496,"cluster":1},{"x":350.12101392442605,"y":38.274137092017895,"cluster":1},{"x":25.839156800796562,"y":58.92826490595994,"cluster":1},{"x":291.2637895082812,"y":80.45811218137207,"cluster":1},{"x":389.89352418562873,"y":120.57918055559921,"cluster":1},{"x":72.8745628138829,"y":153.45354380390012,"cluster":1},{"x":288.00561099577874,"y":174.5852092917184,"cluster":1},{"x":18.29479539663548,"y":160.04720558770762,"cluster":1},{"x":280.4711437036572,"y":143.23022547954832,"cluster":1},{"x":462.50887668829984,"y":32.6273074969036,"cluster":1},{"x":370.9410103250489,"y":155.63567250623072,"cluster":1},{"x":293.3155883343088,"y":156.89313565742148,"cluster":1},{"x":57.59694469257634,"y":173.54415345472225,"cluster":1},{"x":374.3671594057222,"y":237.16431737534307,"cluster":1},{"x":269.2920026150243,"y":198.3216438658327,"cluster":1},{"x":314.1492057378583,"y":70.22046335305788,"cluster":1},{"x":85.66601974579568,"y":215.20566744431844,"cluster":1},{"x":180.0820155263848,"y":19.592324267480862,"cluster":1},{"x":199.57140884166742,"y":228.16118588076893,"cluster":1},{"x":17.968800906582054,"y":99.40327897017818,"cluster":1},{"x":150.40929191701278,"y":223.2270094484449,"cluster":1},{"x":393.99884112710146,"y":166.22512765072904,"cluster":1},{"x":28.176337698879976,"y":99.94479673889938,"cluster":1},{"x":320.1619803816131,"y":259.35910962074104,"cluster":1},{"x":235.31136866833796,"y":43.16091350369262,"cluster":1},{"x":372.49227570180403,"y":211.02948402319643,"cluster":1},{"x":285.2833744527784,"y":51.81853626763956,"cluster":1},{"x":196.93809583571502,"y":240.0864101026911,"cluster":1}],"num_clusters":0}