{"title":"uniform-n10-r7-s-525760477821587952010","map_width":500,"map_height":300,"num_leaves":10,"tree":{"leaf":false,"id":18,"left":{"leaf":false,"id":16,"left":{"leaf":true,"id":8,"label":"8","site_id":8},"right":{"leaf":true,"id":5,"label":"5","site_id":5}},"right":{"leaf":false,"id":17,"left":{"leaf":false,"id":15,"left":{"leaf":false,"id":10,"left":{"leaf":true,"id":9,"label":"9","site_id":9},"right":{"leaf":true,"id":6,"label":"6","site_id":6}},"right":{"leaf":false,"id":12,"left":{"leaf":false,"id":11,"left":{"leaf":true,"id":4,"label":"4","site_id":4},"right":{"leaf":true,"id":0,"label":"0","site_id":0}},"right":{"leaf":true,"id":7,"label":"7","site_id":7}}},"right":{"leaf":false,"id":14,"left":{"leaf":false,"id":13,"left":{"leaf":true,"id":3,"label":"3","site_id":3},"right":{"leaf":true,"id":1,"label":"1","site_id":1}},"right":{"leaf":true,"id":2,"label":"2","site_id":2}}}},"num_sites":10,"sites":[{"x":314.74707494023676,"y":259.30172177348516,"cluster":1},{"x":149.1109102629052,"y":177.1198712133506,"cluster":1},{"x":56.568326762557966,"y":207.01566732047183,"cluster":1},{"x":274.40714995603514,"y":45.66085031803689,"cluster":1},{"x":438.19656971792284,"y":113.99414440723189,"cluster":1},{"x":184.21012597866843,"y":113.66771840933448,"cluster":1},{"x":201.43507720576955,"y":106.46540010203495,"cluster":1},{"x":233.18834290711393,"y":31.46121948646407,"cluster":1},{"x":21.592090156360026,"y":230.43314786892216,"cluster":1},{"x":109.53905093548981,"y":226.42841791087292,"cluster":1}],"num_clusters":0}