{"title":"uniform-n20-r9-s-16134190915692096420","map_width":500,"map_height":300,"num_leaves":20,"tree":{"leaf":false,"id":38,"left":{"leaf":false,"id":37,"left":{"leaf":true,"id":19,"label":"19","site_id":19},"right":{"leaf":false,"id":27,"left":{"leaf":true,"id":13,"label":"13","site_id":13},"right":{"leaf":false,"id":26,"left":{"leaf":true,"id":10,"label":"10","site_id":10},"right":{"leaf":false,"id":23,"left":{"leaf":false,"id":22,"left":{"leaf":true,"id":18,"label":"18","site_id":18},"right":{"leaf":true,"id":16,"label":"16","site_id":16}},"right":{"leaf":true,"id":17,"label":"17","site_id":17}}}}},"right":{"leaf":false,"id":36,"left":{"leaf":false,"id":35,"left":{"leaf":true,"id":3,"label":"3","site_id":3},"right":{"leaf":false,"id":32,"left":{"leaf":false,"id":28,"left":{"leaf":true,"id":14,"label":"14","site_id":14},"right":{"leaf":true,"id":8,"label":"8","site_id":8}},"right":{"leaf":false,"id":30,"left":{"leaf":true,"id":4,"label":"4","site_id":4},"right":{"leaf":true,"id":12,"label":"12","site_id":12}}}},"right":{"leaf":false,"id":34,"left":{"leaf":false,"id":31,"left":{"leaf":false,"id":25,"left":{"leaf":true,"id":7,"label":"7","site_id":7},"right":{"leaf":false,"id":20,"left":{"leaf":true,"id":2,"label":"2","site_id":2},"right":{"leaf":true,"id":11,"label":"11","site_id":11}}},"right":{"leaf":false,"id":29,"left":{"leaf":true,"id":0,"label":"0","site_id":0},"right":{"leaf":true,"id":9,"label":"9","site_id":9}}},"right":{"leaf":false,"id":33,"left":{"leaf":false,"id":21,"left":{"leaf":true,"id":1,"label":"1","site_id":1},"right":{"leaf":true,"id":6,"label":"6","site_id":6}},"right":{"leaf":false,"id":24,"left":{"leaf":true,"id":5,"label":"5","site_id":5},"right":{"leaf":true,"id":15,"label":"15","site_id":15}}}}}},"num_sites":20,"sites":[{"x":277.40817481602124,"y":55.4949364041424,"cluster":1},{"x":375.3779162988072,"y":143.37448537332273,"cluster":1},{"x":477.07521164697505,"y":269.52923188798627,"cluster":1},{"x":81.38123677375309,"y":172.79801254509368,"cluster":1},{"x":85.95705071666589,"y":126.52941827970318,"cluster":1},{"x":328.1353592104577,"y":220.02850649432398,"cluster":1},{"x":162.24495098301202,"y":129.67202829404027,"cluster":1},{"x":237.00033048540627,"y":163.90857313641848,"cluster":1},{"x":305.7121101017337,"y":106.17323075118736,"cluster":1},{"x":300.6209448485656,"y":47.16913674706963,"cluster":1},{"x":294.054973533129,"y":41.779342310383974,"cluster":1},{"x":464.13123852255836,"y":267.8201946114022,"cluster":1},{"x":216.97904783315258,"y":76.14856586875581,"cluster":1},{"x":408.9178571330955,"y":144.47534590822073,"cluster":1},{"x":198.47588858572396,"y":216.27094859444074,"cluster":1},{"x":274.73558807936246,"y":139.99815451938213,"cluster":1},{"x":115.22774210340727,"y":61.66528571333577,"cluster":1},{"x":85.80188203168557,"y":112.41909913704093,"cluster":1},{"x":108.75448071893614,"y":65.12090077868798,"cluster":1},{"x":303.51936949823937,"y":55.069709330432644,"cluster":1}],"num_clusters":0}