{"title":"uniform-n50-r1-s-711752921854188433550","map_width":500,"map_height":300,"num_leaves":50,"tree":{"leaf":false,"id":98,"left":{"leaf":false,"id":97,"left":{"leaf":false,"id":81,"left":{"leaf":false,"id":77,"left":{"leaf":false,"id":57,"left":{"leaf":true,"id":2,"label":"2","site_id":2},"right":{"leaf":true,"id":24,"label":"24","site_id":24}},"right":{"leaf":false,"id":53,"left":{"leaf":true,"id":15,"label":"15","site_id":15},"right":{"leaf":true,"id":21,"label":"21","site_id":21}}},"right":{"leaf":true,"id":5,"label":"5","site_id":5}},"right":{"leaf":false,"id":91,"left":{"leaf":false,"id":80,"left":{"leaf":true,"id":12,"label":"12","site_id":12},"right":{"leaf":false,"id":62,"left":{"leaf":true,"id":13,"label":"13","site_id":13},"right":{"leaf":true,"id":31,"label":"31","site_id":31}}},"right":{"leaf":false,"id":90,"left":{"leaf":true,"id":39,"label":"39","site_id":39},"right":{"leaf":false,"id":75,"left":{"leaf":true,"id":30,"label":"30","site_id":30},"right":{"leaf":false,"id":74,"left":{"leaf":false,"id":69,"left":{"leaf":true,"id":22,"label":"22","site_id":22},"right":{"leaf":false,"id":56,"left":{"leaf":true,"id":29,"label":"29","site_id":29},"right":{"leaf":true,"id":49,"label":"49","site_id":49}}},"right":{"leaf":false,"id":60,"left":{"leaf":true,"id":3,"label":"3","site_id":3},"right":{"leaf":true,"id":32,"label":"32","site_id":32}}}}}}},"right":{"leaf":false,"id":96,"left":{"leaf":false,"id":95,"left":{"leaf":false,"id":88,"left":{"leaf":true,"id":7,"label":"7","site_id":7},"right":{"leaf":false,"id":85,"left":{"leaf":false,"id":82,"left":{"leaf":true,"id":34,"label":"34","site_id":34},"right":{"leaf":true,"id":36,"label":"36","site_id":36}},"right":{"leaf":false,"id":66,"left":{"leaf":true,"id":1,"label":"1","site_id":1},"right":{"leaf":true,"id":40,"label":"40","site_id":40}}}},"right":{"leaf":false,"id":94,"left":{"leaf":false,"id":93,"left":{"leaf":false,"id":73,"left":{"leaf":false,"id":68,"left":{"leaf":false,"id":55,"left":{"leaf":true,"id":6,"label":"6","site_id":6},"right":{"leaf":true,"id":35,"label":"35","site_id":35}},"right":{"leaf":false,"id":58,"left":{"leaf":false,"id":51,"left":{"leaf":true,"id":27,"label":"27","site_id":27},"right":{"leaf":true,"id":25,"label":"25","site_id":25}},"right":{"leaf":true,"id":8,"label":"8","site_id":8}}},"right":{"leaf":true,"id":16,"label":"16","site_id":16}},"right":{"leaf":true,"id":14,"label":"14","site_id":14}},"right":{"leaf":false,"id":89,"left":{"leaf":false,"id":84,"left":{"leaf":false,"id":64,"left":{"leaf":true,"id":41,"label":"41","site_id":41},"right":{"leaf":false,"id":63,"left":{"leaf":true,"id":19,"label":"19","site_id":19},"right":{"leaf":false,"id":59,"left":{"leaf":true,"id":10,"label":"10","site_id":10},"right":{"leaf":true,"id":44,"label":"44","site_id":44}}}},"right":{"leaf":true,"id":4,"label":"4","site_id":4}},"right":{"leaf":false,"id":87,"left":{"leaf":false,"id":54,"left":{"leaf":true,"id":37,"label":"37","site_id":37},"right":{"leaf":false,"id":50,"left":{"leaf":true,"id":33,"label":"33","site_id":33},"right":{"leaf":true,"id":26,"label":"26","site_id":26}}},"right":{"leaf":false,"id":79,"left":{"leaf":false,"id":72,"left":{"leaf":true,"id":38,"label":"38","site_id":38},"right":{"leaf":true,"id":9,"label":"9","site_id":9}},"right":{"leaf":false,"id":76,"left":{"leaf":true,"id":23,"label":"23","site_id":23},"right":{"leaf":false,"id":70,"left":{"leaf":true,"id":17,"label":"17","site_id":17},"right":{"leaf":true,"id":20,"label":"20","site_id":20}}}}}}}},"right":{"leaf":false,"id":92,"left":{"leaf":false,"id":86,"left":{"leaf":true,"id":28,"label":"28","site_id":28},"right":{"leaf":true,"id":48,"label":"48","site_id":48}},"right":{"leaf":false,"id":83,"left":{"leaf":false,"id":78,"left":{"leaf":false,"id":52,"left":{"leaf":true,"id":45,"label":"45","site_id":45},"right":{"leaf":true,"id":18,"label":"18","site_id":18}},"right":{"leaf":true,"id":42,"label":"42","site_id":42}},"right":{"leaf":false,"id":71,"left":{"leaf":false,"id":65,"left":{"leaf":true,"id":46,"label":"46","site_id":46},"right":{"leaf":true,"id":43,"label":"43","site_id":43}},"right":{"leaf":false,"id":67,"left":{"leaf":true,"id":47,"label":"47","site_id":47},"right":{"leaf":false,"id":61,"left":{"leaf":true,"id":11,"label":"11","site_id":11},"right":{"leaf":true,"id":0,"label":"0","site_id":0}}}}}}}},"num_sites":50,"sites":[{"x":201.9187284279151,"y":223.7821935178691,"cluster":1},{"x":424.61950865133673,"y":32.779255880545264,"cluster":1},{"x":77.6933023449221,"y":98.25252446905924,"cluster":1},{"x":227.13356213645818,"y":258.0953384970426,"cluster":1},{"x":444.4574984513474,"y":278.12852380176156,"cluster":1},{"x":110.27041870708841,"y":113.86706698962887,"cluster":1},{"x":476.9736855413743,"y":97.99327520191007,"cluster":1},{"x":463.33579242122306,"y":60.95621989090373,"cluster":1},{"x":453.35542375832466,"y":141.12462791364436,"cluster":1},{"x":214.06669833277797,"y":209.75612438365215,"cluster":1},{"x":193.88642935878573,"y":270.87188672223493,"cluster":1},{"x":304.9664291859629,"y":184.19875558155314,"cluster":1},{"x":65.44612742599561,"y":236.5095205911416,"cluster":1},{"x":139.12343251932083,"y":194.9005024359983,"cluster":1},{"x":409.9679256825429,"y":260.33024472398074,"cluster":1},{"x":54.15046055192018,"y":147.7354646954225,"cluster":1},{"x":475.385731191668,"y":275.46450161950304,"cluster":1},{"x":115.87792530488463,"y":162.94325640859418,"cluster":1},{"x":400.9912256477332,"y":16.325409870529853,"cluster":1},{"x":194.87152675527025,"y":253.3844327256479,"cluster":1},{"x":136.02808266816754,"y":135.6779466581189,"cluster":1},{"x":118.71671230226099,"y":168.74979019536917,"cluster":1},{"x":250.69193516731335,"y":174.11818740812993,"cluster":1},{"x":351.3234655079205,"y":135.41070897713095,"cluster":1},{"x":72.48357604560805,"y":89.22295253831497,"cluster":1},{"x":447.2528121975267,"y":219.16622733182328,"cluster":1},{"x":278.07982118943556,"y":92.79257677490202,"cluster":1},{"x":444.2519379046699,"y":30.398093117589305,"cluster":1},{"x":171.5411128605742,"y":55.458767633073315,"cluster":1},{"x":250.80796033799646,"y":138.08867790132774,"cluster":1},{"x":183.76601231056995,"y":148.46697195928226,"cluster":1},{"x":147.59092089144843,"y":240.78735283073632,"cluster":1},{"x":85.632912246152,"y":52.66701132479686,"cluster":1},{"x":262.1544852358071,"y":78.92931911449347,"cluster":1},{"x":98.23530793402428,"y":94.65806483385462,"cluster":1},{"x":385.1986369503249,"y":273.9167305011343,"cluster":1},{"x":178.02179778458532,"y":39.633518623895505,"cluster":1},{"x":144.07145554662935,"y":95.06534513642892,"cluster":1},{"x":192.49345508808824,"y":219.75842078961287,"cluster":1},{"x":384.99768250359193,"y":15.900742705382306,"cluster":1},{"x":403.39076492386226,"y":105.88684816247692,"cluster":1},{"x":239.7699649544473,"y":216.35656915721825,"cluster":1},{"x":329.0189035916306,"y":219.08860446530747,"cluster":1},{"x":375.3239922263013,"y":237.18310428764715,"cluster":1},{"x":305.5144875959638,"y":146.80428760426304,"cluster":1},{"x":245.74198992439392,"y":117.31772322215913,"cluster":1},{"x":408.4488881760588,"y":216.48485104845486,"cluster":1},{"x":385.7893902642402,"y":64.09987534206408,"cluster":1},{"x":141.19227735093108,"y":117.29642084655339,"cluster":1},{"x":133.08774728472076,"y":230.03135750483904,"cluster":1}],"num_clusters":0}