{"title":"uniform-n95-r5-s63174153986827755595","map_width":500,"map_height":300,"num_leaves":95,"tree":{"leaf":false,"id":188,"left":{"leaf":false,"id":178,"left":{"leaf":false,"id":119,"left":{"leaf":false,"id":117,"left":{"leaf":true,"id":24,"label":"24","site_id":24},"right":{"leaf":true,"id":66,"label":"66","site_id":66}},"right":{"leaf":true,"id":37,"label":"37","site_id":37}},"right":{"leaf":true,"id":22,"label":"22","site_id":22}},"right":{"leaf":false,"id":187,"left":{"leaf":false,"id":156,"left":{"leaf":true,"id":49,"label":"49","site_id":49},"right":{"leaf":true,"id":5,"label":"5","site_id":5}},"right":{"leaf":false,"id":186,"left":{"leaf":false,"id":185,"left":{"leaf":false,"id":173,"left":{"leaf":false,"id":166,"left":{"leaf":false,"id":146,"left":{"leaf":true,"id":46,"label":"46","site_id":46},"right":{"leaf":false,"id":139,"left":{"leaf":true,"id":91,"label":"91","site_id":91},"right":{"leaf":true,"id":45,"label":"45","site_id":45}}},"right":{"leaf":true,"id":47,"label":"47","site_id":47}},"right":{"leaf":false,"id":133,"left":{"leaf":false,"id":109,"left":{"leaf":true,"id":32,"label":"32","site_id":32},"right":{"leaf":true,"id":88,"label":"88","site_id":88}},"right":{"leaf":true,"id":28,"label":"28","site_id":28}}},"right":{"leaf":false,"id":184,"left":{"leaf":false,"id":136,"left":{"leaf":false,"id":126,"left":{"leaf":true,"id":15,"label":"15","site_id":15},"right":{"leaf":false,"id":125,"left":{"leaf":true,"id":59,"label":"59","site_id":59},"right":{"leaf":true,"id":27,"label":"27","site_id":27}}},"right":{"leaf":false,"id":107,"left":{"leaf":true,"id":52,"label":"52","site_id":52},"right":{"leaf":true,"id":61,"label":"61","site_id":61}}},"right":{"leaf":false,"id":182,"left":{"leaf":false,"id":175,"left":{"leaf":false,"id":155,"left":{"leaf":true,"id":38,"label":"38","site_id":38},"right":{"leaf":false,"id":154,"left":{"leaf":false,"id":100,"left":{"leaf":true,"id":31,"label":"31","site_id":31},"right":{"leaf":true,"id":79,"label":"79","site_id":79}},"right":{"leaf":false,"id":101,"left":{"leaf":true,"id":72,"label":"72","site_id":72},"right":{"leaf":true,"id":2,"label":"2","site_id":2}}}},"right":{"leaf":false,"id":168,"left":{"leaf":false,"id":160,"left":{"leaf":true,"id":81,"label":"81","site_id":81},"right":{"leaf":false,"id":122,"left":{"leaf":true,"id":40,"label":"40","site_id":40},"right":{"leaf":false,"id":110,"left":{"leaf":true,"id":71,"label":"71","site_id":71},"right":{"leaf":true,"id":65,"label":"65","site_id":65}}}},"right":{"leaf":false,"id":167,"left":{"leaf":false,"id":149,"left":{"leaf":true,"id":69,"label":"69","site_id":69},"right":{"leaf":false,"id":124,"left":{"leaf":true,"id":84,"label":"84","site_id":84},"right":{"leaf":false,"id":123,"left":{"leaf":false,"id":115,"left":{"leaf":true,"id":77,"label":"77","site_id":77},"right":{"leaf":false,"id":103,"left":{"leaf":true,"id":70,"label":"70","site_id":70},"right":{"leaf":true,"id":3,"label":"3","site_id":3}}},"right":{"leaf":false,"id":105,"left":{"leaf":true,"id":7,"label":"7","site_id":7},"right":{"leaf":true,"id":25,"label":"25","site_id":25}}}}},"right":{"leaf":false,"id":141,"left":{"leaf":false,"id":135,"left":{"leaf":true,"id":12,"label":"12","site_id":12},"right":{"leaf":true,"id":29,"label":"29","site_id":29}},"right":{"leaf":true,"id":74,"label":"74","site_id":74}}}}},"right":{"leaf":false,"id":177,"left":{"leaf":true,"id":73,"label":"73","site_id":73},"right":{"leaf":false,"id":169,"left":{"leaf":false,"id":162,"left":{"leaf":true,"id":0,"label":"0","site_id":0},"right":{"leaf":false,"id":161,"left":{"leaf":false,"id":134,"left":{"leaf":true,"id":4,"label":"4","site_id":4},"right":{"leaf":false,"id":111,"left":{"leaf":true,"id":13,"label":"13","site_id":13},"right":{"leaf":true,"id":33,"label":"33","site_id":33}}},"right":{"leaf":true,"id":94,"label":"94","site_id":94}}},"right":{"leaf":false,"id":163,"left":{"leaf":false,"id":118,"left":{"leaf":false,"id":106,"left":{"leaf":true,"id":75,"label":"75","site_id":75},"right":{"leaf":true,"id":92,"label":"92","site_id":92}},"right":{"leaf":true,"id":68,"label":"68","site_id":68}},"right":{"leaf":false,"id":157,"left":{"leaf":false,"id":153,"left":{"leaf":false,"id":151,"left":{"leaf":true,"id":10,"label":"10","site_id":10},"right":{"leaf":false,"id":148,"left":{"leaf":false,"id":144,"left":{"leaf":true,"id":16,"label":"16","site_id":16},"right":{"leaf":true,"id":89,"label":"89","site_id":89}},"right":{"leaf":true,"id":82,"label":"82","site_id":82}}},"right":{"leaf":true,"id":18,"label":"18","site_id":18}},"right":{"leaf":false,"id":152,"left":{"leaf":false,"id":147,"left":{"leaf":true,"id":36,"label":"36","site_id":36},"right":{"leaf":false,"id":137,"left":{"leaf":false,"id":131,"left":{"leaf":true,"id":21,"label":"21","site_id":21},"right":{"leaf":true,"id":62,"label":"62","site_id":62}},"right":{"leaf":false,"id":112,"left":{"leaf":true,"id":63,"label":"63","site_id":63},"right":{"leaf":true,"id":90,"label":"90","site_id":90}}}},"right":{"leaf":false,"id":142,"left":{"leaf":false,"id":138,"left":{"leaf":true,"id":34,"label":"34","site_id":34},"right":{"leaf":false,"id":97,"left":{"leaf":true,"id":85,"label":"85","site_id":85},"right":{"leaf":true,"id":58,"label":"58","site_id":58}}},"right":{"leaf":true,"id":1,"label":"1","site_id":1}}}}}}}}}},"right":{"leaf":false,"id":183,"left":{"leaf":false,"id":180,"left":{"leaf":false,"id":174,"left":{"leaf":true,"id":80,"label":"80","site_id":80},"right":{"leaf":false,"id":143,"left":{"leaf":true,"id":43,"label":"43","site_id":43},"right":{"leaf":false,"id":130,"left":{"leaf":false,"id":121,"left":{"leaf":true,"id":11,"label":"11","site_id":11},"right":{"leaf":true,"id":35,"label":"35","site_id":35}},"right":{"leaf":false,"id":120,"left":{"leaf":true,"id":26,"label":"26","site_id":26},"right":{"leaf":true,"id":53,"label":"53","site_id":53}}}}},"right":{"leaf":false,"id":171,"left":{"leaf":true,"id":50,"label":"50","site_id":50},"right":{"leaf":false,"id":170,"left":{"leaf":true,"id":19,"label":"19","site_id":19},"right":{"leaf":false,"id":113,"left":{"leaf":true,"id":39,"label":"39","site_id":39},"right":{"leaf":true,"id":51,"label":"51","site_id":51}}}}},"right":{"leaf":false,"id":181,"left":{"leaf":false,"id":172,"left":{"leaf":false,"id":150,"left":{"leaf":false,"id":140,"left":{"leaf":false,"id":108,"left":{"leaf":true,"id":6,"label":"6","site_id":6},"right":{"leaf":true,"id":14,"label":"14","site_id":14}},"right":{"leaf":true,"id":44,"label":"44","site_id":44}},"right":{"leaf":false,"id":132,"left":{"leaf":true,"id":67,"label":"67","site_id":67},"right":{"leaf":true,"id":60,"label":"60","site_id":60}}},"right":{"leaf":false,"id":116,"left":{"leaf":true,"id":87,"label":"87","site_id":87},"right":{"leaf":false,"id":104,"left":{"leaf":true,"id":57,"label":"57","site_id":57},"right":{"leaf":true,"id":55,"label":"55","site_id":55}}}},"right":{"leaf":false,"id":179,"left":{"leaf":false,"id":176,"left":{"leaf":false,"id":165,"left":{"leaf":false,"id":164,"left":{"leaf":false,"id":158,"left":{"leaf":false,"id":98,"left":{"leaf":true,"id":30,"label":"30","site_id":30},"right":{"leaf":true,"id":20,"label":"20","site_id":20}},"right":{"leaf":false,"id":114,"left":{"leaf":true,"id":48,"label":"48","site_id":48},"right":{"leaf":false,"id":96,"left":{"leaf":true,"id":17,"label":"17","site_id":17},"right":{"leaf":true,"id":93,"label":"93","site_id":93}}}},"right":{"leaf":true,"id":41,"label":"41","site_id":41}},"right":{"leaf":false,"id":127,"left":{"leaf":true,"id":8,"label":"8","site_id":8},"right":{"leaf":false,"id":102,"left":{"leaf":true,"id":78,"label":"78","site_id":78},"right":{"leaf":true,"id":83,"label":"83","site_id":83}}}},"right":{"leaf":false,"id":159,"left":{"leaf":false,"id":145,"left":{"leaf":false,"id":129,"left":{"leaf":true,"id":42,"label":"42","site_id":42},"right":{"leaf":false,"id":128,"left":{"leaf":false,"id":99,"left":{"leaf":true,"id":56,"label":"56","site_id":56},"right":{"leaf":true,"id":54,"label":"54","site_id":54}},"right":{"leaf":false,"id":95,"left":{"leaf":true,"id":86,"label":"86","site_id":86},"right":{"leaf":true,"id":76,"label":"76","site_id":76}}}},"right":{"leaf":true,"id":23,"label":"23","site_id":23}},"right":{"leaf":true,"id":64,"label":"64","site_id":64}}},"right":{"leaf":true,"id":9,"label":"9","site_id":9}}}}}}},"num_sites":95,"sites":[{"x":414.62752020174787,"y":49.17447202575158,"cluster":1},{"x":359.9698204166394,"y":160.97998009323618,"cluster":1},{"x":285.00194639991497,"y":169.22167670179226,"cluster":1},{"x":180.45448610898492,"y":72.07759270934073,"cluster":1},{"x":214.84200334095723,"y":192.23001633754515,"cluster":1},{"x":174.61329906075693,"y":265.4684693640703,"cluster":1},{"x":316.0186810789584,"y":69.63210751200816,"cluster":1},{"x":73.4127474665348,"y":53.97236123860699,"cluster":1},{"x":230.0766246010832,"y":130.17457520282846,"cluster":1},{"x":206.53598061065466,"y":253.62579888030103,"cluster":1},{"x":336.47029659517153,"y":106.26449271961752,"cluster":1},{"x":382.0757970581779,"y":229.5485401195907,"cluster":1},{"x":128.79715017219084,"y":34.12809244397082,"cluster":1},{"x":280.0393636604952,"y":242.94875081442683,"cluster":1},{"x":446.38700299955946,"y":260.3229008484361,"cluster":1},{"x":23.288378688881266,"y":44.42048725646222,"cluster":1},{"x":307.6206480983541,"y":275.4160081595419,"cluster":1},{"x":135.27126295580274,"y":161.80211513310485,"cluster":1},{"x":471.30185821069966,"y":111.10013343078795,"cluster":1},{"x":125.57356140821287,"y":66.167260409822,"cluster":1},{"x":423.29562029503865,"y":79.66565465606249,"cluster":1},{"x":101.92031101058383,"y":17.009861272164997,"cluster":1},{"x":67.47156930330087,"y":84.5806879963754,"cluster":1},{"x":350.8090904801847,"y":127.36291133843369,"cluster":1},{"x":342.75532300970696,"y":227.95290989165608,"cluster":1},{"x":308.434715543475,"y":191.45543424055828,"cluster":1},{"x":331.7915491932151,"y":254.85563798703376,"cluster":1},{"x":78.98665414119588,"y":91.56519064397905,"cluster":1},{"x":421.36132602727815,"y":275.89739331286046,"cluster":1},{"x":418.75755108751,"y":156.9646976614534,"cluster":1},{"x":360.2723569349812,"y":27.997819587694746,"cluster":1},{"x":161.79619129810342,"y":176.28601332748235,"cluster":1},{"x":16.954607797065393,"y":269.10474746375235,"cluster":1},{"x":126.0706617761573,"y":265.24483402890786,"cluster":1},{"x":176.4446866165959,"y":215.5457607261625,"cluster":1},{"x":314.831331330689,"y":260.8543847965128,"cluster":1},{"x":280.53944315490054,"y":277.1527870496873,"cluster":1},{"x":418.5602466757366,"y":162.2448729897151,"cluster":1},{"x":413.28103817388194,"y":133.48507826757339,"cluster":1},{"x":266.2604684819915,"y":185.43114046809075,"cluster":1},{"x":415.5506675653359,"y":238.06655031368848,"cluster":1},{"x":101.95543198916447,"y":210.19421497675873,"cluster":1},{"x":26.98110169348871,"y":168.20663200400168,"cluster":1},{"x":410.6605120063223,"y":277.9993252165279,"cluster":1},{"x":304.43551939964516,"y":194.6328408944347,"cluster":1},{"x":470.44532315704197,"y":139.0473940996548,"cluster":1},{"x":411.18175883159597,"y":32.122057023517606,"cluster":1},{"x":329.05236947298545,"y":139.4175446703028,"cluster":1},{"x":137.17009932028543,"y":175.6645164378315,"cluster":1},{"x":38.11491883566666,"y":219.41592139191542,"cluster":1},{"x":25.659631210341537,"y":128.07564210736206,"cluster":1},{"x":33.90581499736233,"y":281.8927530327189,"cluster":1},{"x":134.0454761984331,"y":37.46126428236694,"cluster":1},{"x":350.3748939180245,"y":244.12358030091846,"cluster":1},{"x":45.28455321751714,"y":217.6193709086085,"cluster":1},{"x":207.9964002689931,"y":68.87197387936708,"cluster":1},{"x":60.799514350067376,"y":191.32685478427229,"cluster":1},{"x":280.6491150805439,"y":69.46013407762138,"cluster":1},{"x":306.16063153513704,"y":165.51234514510676,"cluster":1},{"x":82.39031640063459,"y":70.07015802234555,"cluster":1},{"x":167.2028034491044,"y":248.5565980319486,"cluster":1},{"x":36.56107692985779,"y":136.08289452294585,"cluster":1},{"x":476.5298790938385,"y":283.3895289795276,"cluster":1},{"x":321.1741325869885,"y":180.0325568645341,"cluster":1},{"x":18.590586028044285,"y":245.66824985506955,"cluster":1},{"x":446.98632568462784,"y":236.71453906367267,"cluster":1},{"x":395.6806904269425,"y":164.1232299739992,"cluster":1},{"x":68.04685057152332,"y":36.130079185948276,"cluster":1},{"x":267.33316052177645,"y":270.14990371817146,"cluster":1},{"x":138.83826824502205,"y":265.285628509532,"cluster":1},{"x":221.60313299997046,"y":95.90076922247837,"cluster":1},{"x":457.3911693941302,"y":239.38610433333992,"cluster":1},{"x":308.7367983376925,"y":44.498321604786675,"cluster":1},{"x":379.9543880618526,"y":269.6702868956289,"cluster":1},{"x":205.63350007986256,"y":32.54179426982563,"cluster":1},{"x":219.94145194462683,"y":249.03310509063286,"cluster":1},{"x":393.36735525705785,"y":93.82105742116701,"cluster":1},{"x":221.95010807818554,"y":167.66341328396155,"cluster":1},{"x":29.830103221465492,"y":74.07861298942618,"cluster":1},{"x":150.6653403214443,"y":229.19759142283925,"cluster":1},{"x":435.28884326602895,"y":249.77590850357956,"cluster":1},{"x":414.40756377775665,"y":93.34795733615863,"cluster":1},{"x":110.32263437703101,"y":269.12306036637335,"cluster":1},{"x":423.9763679478226,"y":153.61181084897217,"cluster":1},{"x":93.20908359112788,"y":221.12103065331127,"cluster":1},{"x":369.26626398004106,"y":248.50062249622434,"cluster":1},{"x":337.37714924352326,"y":48.04331457953375,"cluster":1},{"x":238.8946310033549,"y":71.75056576234326,"cluster":1},{"x":119.0246475074216,"y":278.64927843490256,"cluster":1},{"x":301.7831370350927,"y":281.18445014080214,"cluster":1},{"x":300.41903336943216,"y":93.47403150188137,"cluster":1},{"x":464.2728216001583,"y":107.29167800162897,"cluster":1},{"x":385.7573142491783,"y":169.78005989364055,"cluster":1},{"x":111.928824499496,"y":171.17675917686776,"cluster":1},{"x":463.75596411638895,"y":72.1833487934226,"cluster":1}],"num_clusters":0}