{"title":"uniform-n15-r0-s-498094578964984189615","map_width":500,"map_height":300,"num_leaves":15,"tree":{"leaf":false,"id":28,"left":{"leaf":false,"id":27,"left":{"leaf":false,"id":21,"left":{"leaf":true,"id":14,"label":"14","site_id":14},"right":{"leaf":false,"id":17,"left":{"leaf":true,"id":11,"label":"11","site_id":11},"right":{"leaf":true,"id":3,"label":"3","site_id":3}}},"right":{"leaf":false,"id":23,"left":{"leaf":false,"id":20,"left":{"leaf":true,"id":2,"label":"2","site_id":2},"right":{"leaf":false,"id":16,"left":{"leaf":false,"id":15,"left":{"leaf":true,"id":12,"label":"12","site_id":12},"right":{"leaf":true,"id":9,"label":"9","site_id":9}},"right":{"leaf":true,"id":0,"label":"0","site_id":0}}},"right":{"leaf":false,"id":22,"left":{"leaf":true,"id":5,"label":"5","site_id":5},"right":{"leaf":true,"id":7,"label":"7","site_id":7}}}},"right":{"leaf":false,"id":26,"left":{"leaf":true,"id":8,"label":"8","site_id":8},"right":{"leaf":false,"id":25,"left":{"leaf":true,"id":13,"label":"13","site_id":13},"right":{"leaf":false,"id":24,"left":{"leaf":false,"id":19,"left":{"leaf":true,"id":10,"label":"10","site_id":10},"right":{"leaf":false,"id":18,"left":{"leaf":true,"id":1,"label":"1","site_id":1},"right":{"leaf":true,"id":6,"label":"6","site_id":6}}},"right":{"leaf":true,"id":4,"label":"4","site_id":4}}}}},"num_sites":15,"sites":[{"x":199.94801226833627,"y":166.95538134591905,"cluster":1},{"x":216.88103721114112,"y":15.301124242141269,"cluster":1},{"x":228.58130443532437,"y":223.64129232177464,"cluster":1},{"x":325.0114219778665,"y":194.04251857641677,"cluster":1},{"x":48.32188209017036,"y":15.18922324700808,"cluster":1},{"x":25.432623692164547,"y":208.4651063104653,"cluster":1},{"x":118.25786437400075,"y":229.26630253053466,"cluster":1},{"x":167.847771169983,"y":115.05431306807229,"cluster":1},{"x":189.21821756503314,"y":75.49316038538416,"cluster":1},{"x":308.82399317962114,"y":170.98194310530073,"cluster":1},{"x":156.64854561721717,"y":167.61489919606387,"cluster":1},{"x":254.72454951968544,"y":143.167016071909,"cluster":1},{"x":230.89865519792488,"y":162.17606063236443,"cluster":1},{"x":77.98761912026357,"y":116.09932973727402,"cluster":1},{"x":328.66435581379505,"y":117.36497016918987,"cluster":1}],"num_clusters":0}