{"title":"uniform-n10-r6-s-265111199892287732710","map_width":500,"map_height":300,"num_leaves":10,"tree":{"leaf":false,"id":18,"left":{"leaf":false,"id":16,"left":{"leaf":true,"id":7,"label":"7","site_id":7},"right":{"leaf":false,"id":10,"left":{"leaf":true,"id":6,"label":"6","site_id":6},"right":{"leaf":true,"id":5,"label":"5","site_id":5}}},"right":{"leaf":false,"id":17,"left":{"leaf":true,"id":4,"label":"4","site_id":4},"right":{"leaf":false,"id":15,"left":{"leaf":false,"id":14,"left":{"leaf":true,"id":1,"label":"1","site_id":1},"right":{"leaf":false,"id":12,"left":{"leaf":false,"id":11,"left":{"leaf":true,"id":2,"label":"2","site_id":2},"right":{"leaf":true,"id":8,"label":"8","site_id":8}},"right":{"leaf":true,"id":3,"label":"3","site_id":3}}},"right":{"leaf":false,"id":13,"left":{"leaf":true,"id":0,"label":"0","site_id":0},"right":{"leaf":true,"id":9,"label":"9","site_id":9}}}}},"num_sites":10,"sites":[{"x":97.66225572246152,"y":263.36337684055184,"cluster":1},{"x":238.5474360703237,"y":187.74484914375626,"cluster":1},{"x":301.7748842979906,"y":234.8131540263897,"cluster":1},{"x":363.47277514501656,"y":123.37426947096046,"cluster":1},{"x":69.54357310322283,"y":85.40787300979056,"cluster":1},{"x":220.47211553277478,"y":37.53268231392286,"cluster":1},{"x":402.62924075340027,"y":104.52509160921045,"cluster":1},{"x":20.42040298928279,"y":125.77084731556275,"cluster":1},{"x":99.65159708468519,"y":21.68994592190641,"cluster":1},{"x":25.785270545038514,"y":16.36720933173365,"cluster":1}],"num_clusters":0}