{"title":"uniform-n35-r6-s588771264831343749135","map_width":500,"map_height":300,"num_leaves":35,"tree":{"leaf":false,"id":68,"left":{"leaf":false,"id":63,"left":{"leaf":false,"id":58,"left":{"leaf":false,"id":45,"left":{"leaf":true,"id":13,"label":"13","site_id":13},"right":{"leaf":false,"id":37,"left":{"leaf":true,"id":27,"label":"27","site_id":27},"right":{"leaf":true,"id":22,"label":"22","site_id":22}}},"right":{"leaf":false,"id":55,"left":{"leaf":false,"id":47,"left":{"leaf":true,"id":6,"label":"6","site_id":6},"right":{"leaf":false,"id":44,"left":{"leaf":true,"id":30,"label":"30","site_id":30},"right":{"leaf":true,"id":15,"label":"15","site_id":15}}},"right":{"leaf":false,"id":38,"left":{"leaf":true,"id":8,"label":"8","site_id":8},"right":{"leaf":true,"id":14,"label":"14","site_id":14}}}},"right":{"leaf":true,"id":16,"label":"16","site_id":16}},"right":{"leaf":false,"id":67,"left":{"leaf":false,"id":59,"left":{"leaf":false,"id":53,"left":{"leaf":true,"id":17,"label":"17","site_id":17},"right":{"leaf":true,"id":23,"label":"23","site_id":23}},"right":{"leaf":false,"id":50,"left":{"leaf":false,"id":41,"left":{"leaf":true,"id":2,"label":"2","site_id":2},"right":{"leaf":true,"id":18,"label":"18","site_id":18}},"right":{"leaf":false,"id":46,"left":{"leaf":true,"id":10,"label":"10","site_id":10},"right":{"leaf":true,"id":4,"label":"4","site_id":4}}}},"right":{"leaf":false,"id":66,"left":{"leaf":false,"id":64,"left":{"leaf":false,"id":57,"left":{"leaf":false,"id":52,"left":{"leaf":false,"id":40,"left":{"leaf":true,"id":32,"label":"32","site_id":32},"right":{"leaf":true,"id":0,"label":"0","site_id":0}},"right":{"leaf":false,"id":48,"left":{"leaf":false,"id":42,"left":{"leaf":true,"id":7,"label":"7","site_id":7},"right":{"leaf":true,"id":26,"label":"26","site_id":26}},"right":{"leaf":true,"id":20,"label":"20","site_id":20}}},"right":{"leaf":true,"id":28,"label":"28","site_id":28}},"right":{"leaf":false,"id":61,"left":{"leaf":false,"id":54,"left":{"leaf":true,"id":5,"label":"5","site_id":5},"right":{"leaf":false,"id":51,"left":{"leaf":false,"id":49,"left":{"leaf":false,"id":35,"left":{"leaf":true,"id":24,"label":"24","site_id":24},"right":{"leaf":true,"id":31,"label":"31","site_id":31}},"right":{"leaf":true,"id":25,"label":"25","site_id":25}},"right":{"leaf":false,"id":39,"left":{"leaf":true,"id":33,"label":"33","site_id":33},"right":{"leaf":true,"id":11,"label":"11","site_id":11}}}},"right":{"leaf":false,"id":56,"left":{"leaf":true,"id":3,"label":"3","site_id":3},"right":{"leaf":true,"id":1,"label":"1","site_id":1}}}},"right":{"leaf":false,"id":65,"left":{"leaf":true,"id":12,"label":"12","site_id":12},"right":{"leaf":false,"id":62,"left":{"leaf":false,"id":60,"left":{"leaf":false,"id":43,"left":{"leaf":true,"id":34,"label":"34","site_id":34},"right":{"leaf":true,"id":21,"label":"21","site_id":21}},"right":{"leaf":true,"id":29,"label":"29","site_id":29}},"right":{"leaf":false,"id":36,"left":{"leaf":true,"id":19,"label":"19","site_id":19},"right":{"leaf":true,"id":9,"label":"9","site_id":9}}}}}}},"num_sites":35,"sites":[{"x":315.9160400635881,"y":95.53842032921902,"cluster":1},{"x":354.77229883753427,"y":140.49801627984237,"cluster":1},{"x":275.27142627027945,"y":229.31208094457153,"cluster":1},{"x":333.14158211201124,"y":153.17298668681443,"cluster":1},{"x":339.9757723769754,"y":253.48085626950424,"cluster":1},{"x":207.95931039643216,"y":21.250218341190248,"cluster":1},{"x":73.86230154485122,"y":20.68698446966352,"cluster":1},{"x":193.01649354206714,"y":95.10735248932986,"cluster":1},{"x":155.12710610630322,"y":172.7313436814083,"cluster":1},{"x":188.6781119130801,"y":56.685227621009155,"cluster":1},{"x":108.07435300027174,"y":236.99867907106545,"cluster":1},{"x":227.9463564125385,"y":191.53658603406302,"cluster":1},{"x":431.86213587166236,"y":214.0582730621089,"cluster":1},{"x":74.40193716537976,"y":222.18930414977248,"cluster":1},{"x":156.7336691084509,"y":239.60641915169668,"cluster":1},{"x":248.77236282966052,"y":198.6026367071867,"cluster":1},{"x":167.2315014509298,"y":252.1882545326498,"cluster":1},{"x":256.60857085534474,"y":224.61028851647234,"cluster":1},{"x":301.84405271613457,"y":213.59570255987106,"cluster":1},{"x":161.22114676550768,"y":274.5467057068882,"cluster":1},{"x":279.42227473969564,"y":221.48460391565834,"cluster":1},{"x":353.6350419179921,"y":201.743306231654,"cluster":1},{"x":74.5304682833272,"y":173.58827116960072,"cluster":1},{"x":424.86623873756434,"y":280.2591329713683,"cluster":1},{"x":396.6588521867795,"y":219.9259691459569,"cluster":1},{"x":295.30654375963604,"y":203.07558394652958,"cluster":1},{"x":221.9267856639979,"y":133.61401983724272,"cluster":1},{"x":31.42251243995642,"y":184.03758165416943,"cluster":1},{"x":320.54420415943656,"y":92.28358708431806,"cluster":1},{"x":231.33185277662795,"y":77.06391210632589,"cluster":1},{"x":68.87482258132707,"y":180.69319165487386,"cluster":1},{"x":398.11567844291267,"y":124.57706327452966,"cluster":1},{"x":371.45863134041446,"y":100.89558536748339,"cluster":1},{"x":432.9574202068361,"y":107.71812466599582,"cluster":1},{"x":15.802060888559819,"y":69.27739935914612,"cluster":1}],"num_clusters":0}