{"title":"uniform-n10-r0-s-497268336927145396010","map_width":500,"map_height":300,"num_leaves":10,"tree":{"leaf":false,"id":18,"left":{"leaf":false,"id":13,"left":{"leaf":true,"id":6,"label":"6","site_id":6},"right":{"leaf":true,"id":4,"label":"4","site_id":4}},"right":{"leaf":false,"id":17,"left":{"leaf":false,"id":14,"left":{"leaf":false,"id":11,"left":{"leaf":true,"id":5,"label":"5","site_id":5},"right":{"leaf":false,"id":10,"left":{"leaf":true,"id":1,"label":"1","site_id":1},"right":{"leaf":true,"id":3,"label":"3","site_id":3}}},"right":{"leaf":true,"id":2,"label":"2","site_id":2}},"right":{"leaf":false,"id":16,"left":{"leaf":false,"id":15,"left":{"leaf":true,"id":7,"label":"7","site_id":7},"right":{"leaf":true,"id":0,"label":"0","site_id":0}},"right":{"leaf":false,"id":12,"left":{"leaf":true,"id":8,"label":"8","site_id":8},"right":{"leaf":true,"id":9,"label":"9","site_id":9}}}}},"num_sites":10,"sites":[{"x":476.1731744436152,"y":161.00167129255885,"cluster":1},{"x":342.51346732691786,"y":230.7556443552588,"cluster":1},{"x":383.3246520751989,"y":197.71923522978454,"cluster":1},{"x":242.36480125037303,"y":190.23747956137228,"cluster":1},{"x":131.5172661953354,"y":236.78112615040442,"cluster":1},{"x":356.3474618517137,"y":139.11840918268328,"cluster":1},{"x":19.96793124616012,"y":135.90120273262607,"cluster":1},{"x":204.4967735018341,"y":81.33757946306713,"cluster":1},{"x":429.71089165371757,"y":70.65704390435266,"cluster":1},{"x":386.8588165859548,"y":220.661925645504,"cluster":1}],"num_clusters":0}