{"title":"uniform-n50-r2-s-698059227945337390150","map_width":500,"map_height":300,"num_leaves":50,"tree":{"leaf":false,"id":98,"left":{"leaf":false,"id":97,"left":{"leaf":false,"id":92,"left":{"leaf":false,"id":78,"left":{"leaf":true,"id":42,"label":"42","site_id":42},"right":{"leaf":true,"id":4,"label":"4","site_id":4}},"right":{"leaf":true,"id":17,"label":"17","site_id":17}},"right":{"leaf":false,"id":96,"left":{"leaf":true,"id":1,"label":"1","site_id":1},"right":{"leaf":false,"id":95,"left":{"leaf":false,"id":94,"left":{"leaf":false,"id":91,"left":{"leaf":false,"id":76,"left":{"leaf":false,"id":73,"left":{"leaf":true,"id":21,"label":"21","site_id":21},"right":{"leaf":true,"id":37,"label":"37","site_id":37}},"right":{"leaf":true,"id":41,"label":"41","site_id":41}},"right":{"leaf":false,"id":89,"left":{"leaf":false,"id":82,"left":{"leaf":false,"id":80,"left":{"leaf":false,"id":72,"left":{"leaf":true,"id":20,"label":"20","site_id":20},"right":{"leaf":true,"id":33,"label":"33","site_id":33}},"right":{"leaf":false,"id":55,"left":{"leaf":true,"id":24,"label":"24","site_id":24},"right":{"leaf":true,"id":31,"label":"31","site_id":31}}},"right":{"leaf":false,"id":77,"left":{"leaf":true,"id":28,"label":"28","site_id":28},"right":{"leaf":true,"id":0,"label":"0","site_id":0}}},"right":{"leaf":false,"id":74,"left":{"leaf":false,"id":61,"left":{"leaf":true,"id":48,"label":"48","site_id":48},"right":{"leaf":true,"id":49,"label":"49","site_id":49}},"right":{"leaf":false,"id":68,"left":{"leaf":false,"id":63,"left":{"leaf":true,"id":45,"label":"45","site_id":45},"right":{"leaf":false,"id":56,"left":{"leaf":false,"id":50,"left":{"leaf":true,"id":5,"label":"5","site_id":5},"right":{"leaf":true,"id":35,"label":"35","site_id":35}},"right":{"leaf":true,"id":8,"label":"8","site_id":8}}},"right":{"leaf":false,"id":53,"left":{"leaf":true,"id":34,"label":"34","site_id":34},"right":{"leaf":true,"id":46,"label":"46","site_id":46}}}}}},"right":{"leaf":false,"id":90,"left":{"leaf":false,"id":71,"left":{"leaf":false,"id":59,"left":{"leaf":true,"id":3,"label":"3","site_id":3},"right":{"leaf":true,"id":14,"label":"14","site_id":14}},"right":{"leaf":true,"id":25,"label":"25","site_id":25}},"right":{"leaf":false,"id":84,"left":{"leaf":false,"id":83,"left":{"leaf":true,"id":19,"label":"19","site_id":19},"right":{"leaf":false,"id":81,"left":{"leaf":false,"id":69,"left":{"leaf":true,"id":13,"label":"13","site_id":13},"right":{"leaf":false,"id":58,"left":{"leaf":false,"id":51,"left":{"leaf":true,"id":32,"label":"32","site_id":32},"right":{"leaf":true,"id":30,"label":"30","site_id":30}},"right":{"leaf":true,"id":12,"label":"12","site_id":12}}},"right":{"leaf":true,"id":11,"label":"11","site_id":11}}},"right":{"leaf":false,"id":67,"left":{"leaf":true,"id":40,"label":"40","site_id":40},"right":{"leaf":true,"id":47,"label":"47","site_id":47}}}}},"right":{"leaf":false,"id":88,"left":{"leaf":false,"id":79,"left":{"leaf":false,"id":62,"left":{"leaf":true,"id":23,"label":"23","site_id":23},"right":{"leaf":true,"id":22,"label":"22","site_id":22}},"right":{"leaf":false,"id":75,"left":{"leaf":false,"id":70,"left":{"leaf":true,"id":36,"label":"36","site_id":36},"right":{"leaf":false,"id":64,"left":{"leaf":true,"id":26,"label":"26","site_id":26},"right":{"leaf":false,"id":52,"left":{"leaf":true,"id":29,"label":"29","site_id":29},"right":{"leaf":true,"id":43,"label":"43","site_id":43}}}},"right":{"leaf":true,"id":27,"label":"27","site_id":27}}},"right":{"leaf":false,"id":85,"left":{"leaf":false,"id":60,"left":{"leaf":true,"id":6,"label":"6","site_id":6},"right":{"leaf":false,"id":54,"left":{"leaf":true,"id":15,"label":"15","site_id":15},"right":{"leaf":true,"id":10,"label":"10","site_id":10}}},"right":{"leaf":true,"id":18,"label":"18","site_id":18}}}}}},"right":{"leaf":false,"id":93,"left":{"leaf":false,"id":86,"left":{"leaf":false,"id":57,"left":{"leaf":true,"id":9,"label":"9","site_id":9},"right":{"leaf":true,"id":38,"label":"38","site_id":38}},"right":{"leaf":false,"id":65,"left":{"leaf":true,"id":2,"label":"2","site_id":2},"right":{"leaf":true,"id":39,"label":"39","site_id":39}}},"right":{"leaf":false,"id":87,"left":{"leaf":true,"id":16,"label":"16","site_id":16},"right":{"leaf":false,"id":66,"left":{"leaf":true,"id":7,"label":"7","site_id":7},"right":{"leaf":true,"id":44,"label":"44","site_id":44}}}}},"num_sites":50,"sites":[{"x":139.52375344281995,"y":65.04328523783641,"cluster":1},{"x":89.24199124698299,"y":144.3554556171578,"cluster":1},{"x":148.01320598596698,"y":159.51650424457645,"cluster":1},{"x":343.73548888238304,"y":25.82186751984396,"cluster":1},{"x":457.58784533265344,"y":280.6547338178928,"cluster":1},{"x":69.33112014455537,"y":182.1028596211321,"cluster":1},{"x":99.94818114656009,"y":181.70762174977926,"cluster":1},{"x":135.787317582465,"y":264.8857502781535,"cluster":1},{"x":272.746859809666,"y":63.44837897681829,"cluster":1},{"x":129.06326646254433,"y":277.3422454265693,"cluster":1},{"x":79.64281263507914,"y":206.46295582954681,"cluster":1},{"x":464.0261127487773,"y":17.19242671369775,"cluster":1},{"x":183.6355085432118,"y":58.58930760427639,"cluster":1},{"x":328.28439424637855,"y":31.151703856227776,"cluster":1},{"x":307.60119153418685,"y":110.36051847414568,"cluster":1},{"x":152.33377843792647,"y":181.22657965463645,"cluster":1},{"x":54.96655394807951,"y":229.5769165300036,"cluster":1},{"x":456.93439025394434,"y":136.44062897720067,"cluster":1},{"x":63.406453175611716,"y":241.59139591185712,"cluster":1},{"x":240.30819843515872,"y":48.87451839608426,"cluster":1},{"x":455.3410922006832,"y":44.53857831996984,"cluster":1},{"x":405.3528946757401,"y":140.3943980104492,"cluster":1},{"x":270.834153920538,"y":108.5724491500197,"cluster":1},{"x":280.6133723362153,"y":56.120495032231,"cluster":1},{"x":21.256908702249227,"y":195.19856433298224,"cluster":1},{"x":98.23433470974399,"y":202.55318748775284,"cluster":1},{"x":155.7849204075912,"y":206.99598349357515,"cluster":1},{"x":57.53753351325146,"y":52.32638698357853,"cluster":1},{"x":227.43211036863917,"y":99.4204898024244,"cluster":1},{"x":44.224600427137744,"y":103.79840793115673,"cluster":1},{"x":220.90347147031537,"y":54.964664378663905,"cluster":1},{"x":82.50126906365914,"y":282.11822849728736,"cluster":1},{"x":21.06133892697407,"y":85.72187662535991,"cluster":1},{"x":380.6512508358035,"y":169.02016389286595,"cluster":1},{"x":398.25117070529154,"y":153.36025156653182,"cluster":1},{"x":449.7579367298081,"y":191.40295420504867,"cluster":1},{"x":25.12158400473822,"y":215.65914086848406,"cluster":1},{"x":170.37960203341524,"y":193.73916329262013,"cluster":1},{"x":218.89947252575905,"y":266.0945316297899,"cluster":1},{"x":103.02850744350539,"y":226.53887171464027,"cluster":1},{"x":413.34488968620985,"y":187.48155842836013,"cluster":1},{"x":235.28693903610053,"y":92.45656939173917,"cluster":1},{"x":435.8112130772892,"y":252.39086587871802,"cluster":1},{"x":91.31307595659317,"y":253.18319212141677,"cluster":1},{"x":176.9751729229505,"y":241.95253396033542,"cluster":1},{"x":238.3468424918899,"y":114.00513686294596,"cluster":1},{"x":483.87716137696685,"y":30.74481613758137,"cluster":1},{"x":409.62115770616697,"y":168.8401937539393,"cluster":1},{"x":450.92619184377946,"y":88.73671645528985,"cluster":1},{"x":113.81600143052482,"y":156.67520777308468,"cluster":1}],"num_clusters":0}