{"title":"uniform-n35-r2-s584093091231368763135","map_width":500,"map_height":300,"num_leaves":35,"tree":{"leaf":false,"id":68,"left":{"leaf":false,"id":67,"left":{"leaf":false,"id":65,"left":{"leaf":false,"id":62,"left":{"leaf":false,"id":55,"left":{"leaf":false,"id":37,"left":{"leaf":true,"id":25,"label":"25","site_id":25},"right":{"leaf":true,"id":14,"label":"14","site_id":14}},"right":{"leaf":true,"id":2,"label":"2","site_id":2}},"right":{"leaf":false,"id":54,"left":{"leaf":true,"id":1,"label":"1","site_id":1},"right":{"leaf":false,"id":38,"left":{"leaf":true,"id":20,"label":"20","site_id":20},"right":{"leaf":false,"id":35,"left":{"leaf":true,"id":8,"label":"8","site_id":8},"right":{"leaf":true,"id":23,"label":"23","site_id":23}}}}},"right":{"leaf":false,"id":58,"left":{"leaf":false,"id":44,"left":{"leaf":true,"id":15,"label":"15","site_id":15},"right":{"leaf":true,"id":5,"label":"5","site_id":5}},"right":{"leaf":true,"id":13,"label":"13","site_id":13}}},"right":{"leaf":false,"id":66,"left":{"leaf":false,"id":64,"left":{"leaf":false,"id":63,"left":{"leaf":false,"id":45,"left":{"leaf":true,"id":18,"label":"18","site_id":18},"right":{"leaf":false,"id":43,"left":{"leaf":true,"id":26,"label":"26","site_id":26},"right":{"leaf":true,"id":16,"label":"16","site_id":16}}},"right":{"leaf":false,"id":61,"left":{"leaf":false,"id":50,"left":{"leaf":false,"id":47,"left":{"leaf":true,"id":0,"label":"0","site_id":0},"right":{"leaf":false,"id":36,"left":{"leaf":true,"id":12,"label":"12","site_id":12},"right":{"leaf":true,"id":22,"label":"22","site_id":22}}},"right":{"leaf":false,"id":42,"left":{"leaf":true,"id":10,"label":"10","site_id":10},"right":{"leaf":true,"id":3,"label":"3","site_id":3}}},"right":{"leaf":false,"id":59,"left":{"leaf":false,"id":57,"left":{"leaf":true,"id":30,"label":"30","site_id":30},"right":{"leaf":false,"id":53,"left":{"leaf":true,"id":11,"label":"11","site_id":11},"right":{"leaf":false,"id":52,"left":{"leaf":true,"id":4,"label":"4","site_id":4},"right":{"leaf":false,"id":49,"left":{"leaf":false,"id":46,"left":{"leaf":true,"id":32,"label":"32","site_id":32},"right":{"leaf":true,"id":31,"label":"31","site_id":31}},"right":{"leaf":false,"id":39,"left":{"leaf":true,"id":29,"label":"29","site_id":29},"right":{"leaf":true,"id":19,"label":"19","site_id":19}}}}}},"right":{"leaf":false,"id":51,"left":{"leaf":true,"id":34,"label":"34","site_id":34},"right":{"leaf":false,"id":41,"left":{"leaf":false,"id":40,"left":{"leaf":true,"id":21,"label":"21","site_id":21},"right":{"leaf":true,"id":24,"label":"24","site_id":24}},"right":{"leaf":true,"id":17,"label":"17","site_id":17}}}}}},"right":{"leaf":false,"id":60,"left":{"leaf":false,"id":56,"left":{"leaf":true,"id":28,"label":"28","site_id":28},"right":{"leaf":true,"id":6,"label":"6","site_id":6}},"right":{"leaf":true,"id":7,"label":"7","site_id":7}}},"right":{"leaf":true,"id":33,"label":"33","site_id":33}}},"right":{"leaf":false,"id":48,"left":{"leaf":true,"id":27,"label":"27","site_id":27},"right":{"leaf":true,"id":9,"label":"9","site_id":9}}},"num_sites":35,"sites":[{"x":147.92343553618775,"y":164.63792987757088,"cluster":1},{"x":484.6669648858739,"y":171.7909342888922,"cluster":1},{"x":84.20751938985609,"y":28.309989310693087,"cluster":1},{"x":98.10601695413222,"y":262.81233948137356,"cluster":1},{"x":136.1428698077984,"y":226.01432888320926,"cluster":1},{"x":182.11920720445067,"y":64.88062733478534,"cluster":1},{"x":214.02913224122102,"y":202.8058674430241,"cluster":1},{"x":216.2777217068795,"y":266.89417149188523,"cluster":1},{"x":366.2004527321367,"y":119.77921734751163,"cluster":1},{"x":192.71305634403274,"y":278.407214383182,"cluster":1},{"x":468.15726255818447,"y":246.09053314650808,"cluster":1},{"x":131.19623955211551,"y":74.57747619441537,"cluster":1},{"x":341.56058221290994,"y":192.36354268974105,"cluster":1},{"x":253.37808528220992,"y":38.82576028263143,"cluster":1},{"x":191.28329772375378,"y":155.67218515377945,"cluster":1},{"x":220.25905458676547,"y":79.68442457550259,"cluster":1},{"x":90.69498260164656,"y":80.65780067493958,"cluster":1},{"x":473.15797678715023,"y":175.0204378035785,"cluster":1},{"x":273.27696873457126,"y":187.8912612578265,"cluster":1},{"x":385.5879171349097,"y":150.71520754366816,"cluster":1},{"x":392.52161282887937,"y":139.3309731885649,"cluster":1},{"x":471.5233924903415,"y":161.96733329413934,"cluster":1},{"x":261.86488098137886,"y":121.65509020665364,"cluster":1},{"x":424.5570153567263,"y":163.6560993019422,"cluster":1},{"x":432.13341809330365,"y":221.3617893370146,"cluster":1},{"x":32.39467021219829,"y":131.66222281651454,"cluster":1},{"x":55.65760283400871,"y":20.834039539312506,"cluster":1},{"x":92.02703374681928,"y":239.68913980235516,"cluster":1},{"x":283.8092209723673,"y":272.05560104172537,"cluster":1},{"x":122.74154429029956,"y":245.9618515819945,"cluster":1},{"x":238.26741267052094,"y":104.34262001307137,"cluster":1},{"x":346.9023291648684,"y":271.20205006953523,"cluster":1},{"x":225.79895852254015,"y":244.32056763171445,"cluster":1},{"x":422.1271134250895,"y":153.4870573892915,"cluster":1},{"x":401.7589678225422,"y":100.42893585767621,"cluster":1}],"num_clusters":0}