{"title":"uniform-n90-r5-s-609198470136947806590","map_width":500,"map_height":300,"num_leaves":90,"tree":{"leaf":false,"id":178,"left":{"leaf":false,"id":177,"left":{"leaf":false,"id":174,"left":{"leaf":false,"id":163,"left":{"leaf":false,"id":158,"left":{"leaf":true,"id":76,"label":"76","site_id":76},"right":{"leaf":true,"id":79,"label":"79","site_id":79}},"right":{"leaf":false,"id":157,"left":{"leaf":false,"id":91,"left":{"leaf":true,"id":41,"label":"41","site_id":41},"right":{"leaf":true,"id":85,"label":"85","site_id":85}},"right":{"leaf":false,"id":137,"left":{"leaf":true,"id":64,"label":"64","site_id":64},"right":{"leaf":true,"id":57,"label":"57","site_id":57}}}},"right":{"leaf":false,"id":173,"left":{"leaf":false,"id":171,"left":{"leaf":false,"id":162,"left":{"leaf":true,"id":87,"label":"87","site_id":87},"right":{"leaf":false,"id":159,"left":{"leaf":true,"id":27,"label":"27","site_id":27},"right":{"leaf":false,"id":115,"left":{"leaf":false,"id":99,"left":{"leaf":true,"id":11,"label":"11","site_id":11},"right":{"leaf":true,"id":3,"label":"3","site_id":3}},"right":{"leaf":true,"id":29,"label":"29","site_id":29}}}},"right":{"leaf":false,"id":170,"left":{"leaf":false,"id":121,"left":{"leaf":true,"id":35,"label":"35","site_id":35},"right":{"leaf":true,"id":65,"label":"65","site_id":65}},"right":{"leaf":false,"id":167,"left":{"leaf":false,"id":160,"left":{"leaf":true,"id":80,"label":"80","site_id":80},"right":{"leaf":false,"id":135,"left":{"leaf":false,"id":130,"left":{"leaf":true,"id":73,"label":"73","site_id":73},"right":{"leaf":false,"id":128,"left":{"leaf":false,"id":94,"left":{"leaf":true,"id":75,"label":"75","site_id":75},"right":{"leaf":true,"id":49,"label":"49","site_id":49}},"right":{"leaf":true,"id":23,"label":"23","site_id":23}}},"right":{"leaf":false,"id":124,"left":{"leaf":true,"id":1,"label":"1","site_id":1},"right":{"leaf":false,"id":109,"left":{"leaf":false,"id":103,"left":{"leaf":true,"id":10,"label":"10","site_id":10},"right":{"leaf":true,"id":84,"label":"84","site_id":84}},"right":{"leaf":false,"id":92,"left":{"leaf":true,"id":54,"label":"54","site_id":54},"right":{"leaf":true,"id":5,"label":"5","site_id":5}}}}}},"right":{"leaf":false,"id":164,"left":{"leaf":true,"id":36,"label":"36","site_id":36},"right":{"leaf":false,"id":161,"left":{"leaf":false,"id":155,"left":{"leaf":false,"id":147,"left":{"leaf":true,"id":14,"label":"14","site_id":14},"right":{"leaf":false,"id":139,"left":{"leaf":false,"id":118,"left":{"leaf":false,"id":96,"left":{"leaf":true,"id":47,"label":"47","site_id":47},"right":{"leaf":true,"id":89,"label":"89","site_id":89}},"right":{"leaf":false,"id":102,"left":{"leaf":true,"id":13,"label":"13","site_id":13},"right":{"leaf":true,"id":22,"label":"22","site_id":22}}},"right":{"leaf":true,"id":24,"label":"24","site_id":24}}},"right":{"leaf":false,"id":116,"left":{"leaf":true,"id":68,"label":"68","site_id":68},"right":{"leaf":true,"id":39,"label":"39","site_id":39}}},"right":{"leaf":false,"id":156,"left":{"leaf":true,"id":26,"label":"26","site_id":26},"right":{"leaf":false,"id":105,"left":{"leaf":true,"id":67,"label":"67","site_id":67},"right":{"leaf":false,"id":100,"left":{"leaf":true,"id":88,"label":"88","site_id":88},"right":{"leaf":true,"id":55,"label":"55","site_id":55}}}}}}}}},"right":{"leaf":false,"id":165,"left":{"leaf":false,"id":140,"left":{"leaf":true,"id":19,"label":"19","site_id":19},"right":{"leaf":false,"id":110,"left":{"leaf":false,"id":108,"left":{"leaf":true,"id":48,"label":"48","site_id":48},"right":{"leaf":true,"id":82,"label":"82","site_id":82}},"right":{"leaf":true,"id":43,"label":"43","site_id":43}}},"right":{"leaf":false,"id":127,"left":{"leaf":true,"id":6,"label":"6","site_id":6},"right":{"leaf":false,"id":123,"left":{"leaf":false,"id":112,"left":{"leaf":true,"id":71,"label":"71","site_id":71},"right":{"leaf":true,"id":59,"label":"59","site_id":59}},"right":{"leaf":true,"id":78,"label":"78","site_id":78}}}}}},"right":{"leaf":false,"id":176,"left":{"leaf":false,"id":175,"left":{"leaf":false,"id":168,"left":{"leaf":false,"id":166,"left":{"leaf":false,"id":131,"left":{"leaf":false,"id":107,"left":{"leaf":true,"id":2,"label":"2","site_id":2},"right":{"leaf":true,"id":69,"label":"69","site_id":69}},"right":{"leaf":true,"id":42,"label":"42","site_id":42}},"right":{"leaf":false,"id":149,"left":{"leaf":false,"id":144,"left":{"leaf":true,"id":46,"label":"46","site_id":46},"right":{"leaf":false,"id":132,"left":{"leaf":false,"id":129,"left":{"leaf":false,"id":125,"left":{"leaf":false,"id":97,"left":{"leaf":false,"id":95,"left":{"leaf":true,"id":34,"label":"34","site_id":34},"right":{"leaf":true,"id":7,"label":"7","site_id":7}},"right":{"leaf":true,"id":56,"label":"56","site_id":56}},"right":{"leaf":true,"id":44,"label":"44","site_id":44}},"right":{"leaf":false,"id":122,"left":{"leaf":false,"id":111,"left":{"leaf":true,"id":66,"label":"66","site_id":66},"right":{"leaf":true,"id":81,"label":"81","site_id":81}},"right":{"leaf":false,"id":117,"left":{"leaf":true,"id":31,"label":"31","site_id":31},"right":{"leaf":false,"id":113,"left":{"leaf":true,"id":17,"label":"17","site_id":17},"right":{"leaf":true,"id":20,"label":"20","site_id":20}}}}},"right":{"leaf":true,"id":83,"label":"83","site_id":83}}},"right":{"leaf":false,"id":148,"left":{"leaf":false,"id":133,"left":{"leaf":true,"id":63,"label":"63","site_id":63},"right":{"leaf":false,"id":120,"left":{"leaf":true,"id":18,"label":"18","site_id":18},"right":{"leaf":true,"id":45,"label":"45","site_id":45}}},"right":{"leaf":true,"id":40,"label":"40","site_id":40}}}},"right":{"leaf":false,"id":154,"left":{"leaf":false,"id":153,"left":{"leaf":true,"id":33,"label":"33","site_id":33},"right":{"leaf":false,"id":126,"left":{"leaf":true,"id":28,"label":"28","site_id":28},"right":{"leaf":true,"id":25,"label":"25","site_id":25}}},"right":{"leaf":false,"id":152,"left":{"leaf":true,"id":58,"label":"58","site_id":58},"right":{"leaf":true,"id":61,"label":"61","site_id":61}}}},"right":{"leaf":false,"id":172,"left":{"leaf":false,"id":151,"left":{"leaf":false,"id":119,"left":{"leaf":false,"id":101,"left":{"leaf":true,"id":50,"label":"50","site_id":50},"right":{"leaf":true,"id":4,"label":"4","site_id":4}},"right":{"leaf":true,"id":16,"label":"16","site_id":16}},"right":{"leaf":false,"id":141,"left":{"leaf":false,"id":114,"left":{"leaf":true,"id":38,"label":"38","site_id":38},"right":{"leaf":true,"id":12,"label":"12","site_id":12}},"right":{"leaf":false,"id":134,"left":{"leaf":false,"id":93,"left":{"leaf":true,"id":9,"label":"9","site_id":9},"right":{"leaf":true,"id":15,"label":"15","site_id":15}},"right":{"leaf":true,"id":52,"label":"52","site_id":52}}}},"right":{"leaf":false,"id":138,"left":{"leaf":true,"id":21,"label":"21","site_id":21},"right":{"leaf":true,"id":86,"label":"86","site_id":86}}}},"right":{"leaf":false,"id":169,"left":{"leaf":false,"id":150,"left":{"leaf":true,"id":37,"label":"37","site_id":37},"right":{"leaf":false,"id":143,"left":{"leaf":true,"id":60,"label":"60","site_id":60},"right":{"leaf":true,"id":62,"label":"62","site_id":62}}},"right":{"leaf":false,"id":142,"left":{"leaf":false,"id":136,"left":{"leaf":false,"id":106,"left":{"leaf":true,"id":30,"label":"30","site_id":30},"right":{"leaf":false,"id":90,"left":{"leaf":true,"id":32,"label":"32","site_id":32},"right":{"leaf":true,"id":8,"label":"8","site_id":8}}},"right":{"leaf":true,"id":74,"label":"74","site_id":74}},"right":{"leaf":false,"id":104,"left":{"leaf":true,"id":53,"label":"53","site_id":53},"right":{"leaf":true,"id":70,"label":"70","site_id":70}}}}}},"right":{"leaf":false,"id":146,"left":{"leaf":false,"id":98,"left":{"leaf":true,"id":51,"label":"51","site_id":51},"right":{"leaf":true,"id":0,"label":"0","site_id":0}},"right":{"leaf":false,"id":145,"left":{"leaf":true,"id":72,"label":"72","site_id":72},"right":{"leaf":true,"id":77,"label":"77","site_id":77}}}},"num_sites":90,"sites":[{"x":145.2578813863148,"y":152.56631281024016,"cluster":1},{"x":122.16908424599757,"y":27.627976993395663,"cluster":1},{"x":84.65429163339772,"y":25.604508317947978,"cluster":1},{"x":219.09201811908713,"y":103.30311092898314,"cluster":1},{"x":403.10281725274046,"y":187.23669783818553,"cluster":1},{"x":443.01055569724923,"y":110.62829711483086,"cluster":1},{"x":458.05955183224995,"y":253.87299770932603,"cluster":1},{"x":139.1748262958672,"y":129.96743699635437,"cluster":1},{"x":257.68008320130764,"y":266.153098618625,"cluster":1},{"x":446.7586893486341,"y":205.10879952019638,"cluster":1},{"x":382.2259495260479,"y":93.77275017519284,"cluster":1},{"x":235.2663257471839,"y":72.92140748584606,"cluster":1},{"x":360.78301608840326,"y":268.4716171134436,"cluster":1},{"x":257.7368633950049,"y":240.9384068999095,"cluster":1},{"x":120.86090927843928,"y":87.25023462790584,"cluster":1},{"x":324.1900958050286,"y":171.21910102923133,"cluster":1},{"x":450.42533891190413,"y":112.24875933767717,"cluster":1},{"x":84.95793558214957,"y":195.55035718989765,"cluster":1},{"x":29.834751740998882,"y":250.27305969340082,"cluster":1},{"x":40.68462225541886,"y":260.94467911375773,"cluster":1},{"x":385.0105485943637,"y":283.69397673026634,"cluster":1},{"x":183.8550947767267,"y":95.47607523065587,"cluster":1},{"x":152.96469927075805,"y":75.37320430771884,"cluster":1},{"x":295.7244046083238,"y":42.766426190685664,"cluster":1},{"x":76.54115170139013,"y":23.38450117876006,"cluster":1},{"x":42.47248913791732,"y":158.8940536313333,"cluster":1},{"x":226.89743672593266,"y":66.60180309586214,"cluster":1},{"x":255.29696864128132,"y":168.14258438284457,"cluster":1},{"x":79.86002294803572,"y":59.71584935524154,"cluster":1},{"x":340.9830007292005,"y":223.8422474936105,"cluster":1},{"x":265.8323070688299,"y":255.918798320148,"cluster":1},{"x":262.2530568809203,"y":217.57733506296879,"cluster":1},{"x":482.4160580437142,"y":107.36153798242876,"cluster":1},{"x":70.90008993261901,"y":104.242251280458,"cluster":1},{"x":134.3274962940847,"y":127.54102063649603,"cluster":1},{"x":91.34707533820156,"y":241.82539725649278,"cluster":1},{"x":86.54632919478259,"y":46.0153716056232,"cluster":1},{"x":117.85113903408255,"y":153.3838932422261,"cluster":1},{"x":393.931136734974,"y":124.27204866729517,"cluster":1},{"x":375.0850656598175,"y":184.44367761849537,"cluster":1},{"x":343.76684127807346,"y":262.1897459182794,"cluster":1},{"x":289.279354911216,"y":32.01858206983015,"cluster":1},{"x":246.8798618563763,"y":117.33732715135916,"cluster":1},{"x":115.49731953106615,"y":211.58837957711359,"cluster":1},{"x":288.0642475807482,"y":214.34342678804924,"cluster":1},{"x":385.94141856997175,"y":225.7097977770132,"cluster":1},{"x":267.6066190250739,"y":278.7479721342308,"cluster":1},{"x":234.4529290050491,"y":182.4560486379066,"cluster":1},{"x":322.6804795470686,"y":19.112250042730242,"cluster":1},{"x":53.56819008738882,"y":123.58928075203701,"cluster":1},{"x":340.30024885355516,"y":142.71671680780491,"cluster":1},{"x":202.63331605627926,"y":71.2669956396565,"cluster":1},{"x":402.3827229646879,"y":203.91615589486727,"cluster":1},{"x":258.5554220879337,"y":38.167292875872704,"cluster":1},{"x":258.2588582197054,"y":80.14938019442589,"cluster":1},{"x":284.7820805565948,"y":249.1894763849045,"cluster":1},{"x":360.71075456119866,"y":238.71598898283887,"cluster":1},{"x":419.0519759047694,"y":33.345349749670916,"cluster":1},{"x":218.2791628901201,"y":27.73537464578856,"cluster":1},{"x":436.34824849096776,"y":62.103143867009244,"cluster":1},{"x":379.1938368247535,"y":37.19351210534214,"cluster":1},{"x":380.31239900551856,"y":105.27996489609457,"cluster":1},{"x":440.8240964859409,"y":100.66061624688759,"cluster":1},{"x":164.1400880242315,"y":227.6001334121154,"cluster":1},{"x":183.02955270565104,"y":45.12813905840855,"cluster":1},{"x":90.68137534273282,"y":118.2457305459937,"cluster":1},{"x":204.21069713562355,"y":225.46634001374744,"cluster":1},{"x":21.10686588346454,"y":62.122282876222066,"cluster":1},{"x":365.2164243336399,"y":191.24365963772578,"cluster":1},{"x":292.0769457281358,"y":125.14626581672142,"cluster":1},{"x":458.5607191297707,"y":47.0772101267147,"cluster":1},{"x":352.8654420305448,"y":56.63289850715712,"cluster":1},{"x":428.6328900053429,"y":203.29857687983343,"cluster":1},{"x":136.3398733217079,"y":149.8213951150493,"cluster":1},{"x":202.7558793710256,"y":161.52217679662712,"cluster":1},{"x":81.08919064811502,"y":136.72149820366178,"cluster":1},{"x":473.05445906414394,"y":79.6933758730734,"cluster":1},{"x":446.3163279747402,"y":195.79906544275659,"cluster":1},{"x":425.140084382747,"y":123.3715283436867,"cluster":1},{"x":306.37614891524663,"y":210.5399528396748,"cluster":1},{"x":411.6015593967999,"y":114.36819333760529,"cluster":1},{"x":308.04093184950074,"y":233.6403674495083,"cluster":1},{"x":386.21081730597206,"y":84.41355588818563,"cluster":1},{"x":240.71387109072498,"y":225.46852377069288,"cluster":1},{"x":177.88756066633186,"y":256.5261588528131,"cluster":1},{"x":279.0418590615166,"y":27.594293314510733,"cluster":1},{"x":357.1578928820154,"y":261.9101950620734,"cluster":1},{"x":268.4165158653782,"y":174.1231776712297,"cluster":1},{"x":366.0549254919578,"y":21.23368926784091,"cluster":1},{"x":450.67946357658127,"y":77.74375191923187,"cluster":1}],"num_clusters":0}