{"title":"uniform-n25-r9-s-54568327436604417925","map_width":500,"map_height":300,"num_leaves":25,"tree":{"leaf":false,"id":48,"left":{"leaf":false,"id":46,"left":{"leaf":false,"id":39,"left":{"leaf":false,"id":38,"left":{"leaf":false,"id":37,"left":{"leaf":false,"id":34,"left":{"leaf":false,"id":31,"left":{"leaf":true,"id":23,"label":"23","site_id":23},"right":{"leaf":true,"id":5,"label":"5","site_id":5}},"right":{"leaf":false,"id":27,"left":{"leaf":true,"id":18,"label":"18","site_id":18},"right":{"leaf":true,"id":1,"label":"1","site_id":1}}},"right":{"leaf":true,"id":3,"label":"3","site_id":3}},"right":{"leaf":false,"id":35,"left":{"leaf":false,"id":26,"left":{"leaf":true,"id":24,"label":"24","site_id":24},"right":{"leaf":true,"id":8,"label":"8","site_id":8}},"right":{"leaf":false,"id":29,"left":{"leaf":true,"id":2,"label":"2","site_id":2},"right":{"leaf":true,"id":21,"label":"21","site_id":21}}}},"right":{"leaf":true,"id":17,"label":"17","site_id":17}},"right":{"leaf":true,"id":11,"label":"11","site_id":11}},"right":{"leaf":false,"id":47,"left":{"leaf":false,"id":44,"left":{"leaf":false,"id":36,"left":{"leaf":true,"id":9,"label":"9","site_id":9},"right":{"leaf":true,"id":15,"label":"15","site_id":15}},"right":{"leaf":false,"id":43,"left":{"leaf":false,"id":41,"left":{"leaf":false,"id":30,"left":{"leaf":true,"id":13,"label":"13","site_id":13},"right":{"leaf":true,"id":19,"label":"19","site_id":19}},"right":{"leaf":false,"id":33,"left":{"leaf":true,"id":16,"label":"16","site_id":16},"right":{"leaf":false,"id":32,"left":{"leaf":true,"id":6,"label":"6","site_id":6},"right":{"leaf":true,"id":10,"label":"10","site_id":10}}}},"right":{"leaf":true,"id":22,"label":"22","site_id":22}}},"right":{"leaf":false,"id":45,"left":{"leaf":true,"id":12,"label":"12","site_id":12},"right":{"leaf":false,"id":42,"left":{"leaf":true,"id":0,"label":"0","site_id":0},"right":{"leaf":false,"id":40,"left":{"leaf":true,"id":14,"label":"14","site_id":14},"right":{"leaf":false,"id":28,"left":{"leaf":true,"id":7,"label":"7","site_id":7},"right":{"leaf":false,"id":25,"left":{"leaf":true,"id":4,"label":"4","site_id":4},"right":{"leaf":true,"id":20,"label":"20","site_id":20}}}}}}}},"num_sites":25,"sites":[{"x":311.99681720604144,"y":90.87301917953708,"cluster":1},{"x":307.4118974419377,"y":256.0909466066363,"cluster":1},{"x":346.1448928590258,"y":269.38269026476314,"cluster":1},{"x":283.8298481631834,"y":254.89058078199244,"cluster":1},{"x":351.3084825661102,"y":42.077472561719695,"cluster":1},{"x":179.0590749140302,"y":247.15784819807058,"cluster":1},{"x":89.10960251408774,"y":70.58887493201192,"cluster":1},{"x":395.886508772234,"y":78.6145765343759,"cluster":1},{"x":434.3391822484298,"y":209.81339841933956,"cluster":1},{"x":164.985803963805,"y":187.48401807094638,"cluster":1},{"x":126.43225469216914,"y":77.77338631988684,"cluster":1},{"x":447.0782913135292,"y":202.5532970931759,"cluster":1},{"x":372.76601311449565,"y":32.131172352791026,"cluster":1},{"x":170.13744777221288,"y":46.474180523373164,"cluster":1},{"x":348.5105375564841,"y":126.3641109936472,"cluster":1},{"x":223.68617186595665,"y":58.00811110858885,"cluster":1},{"x":35.7603762187002,"y":222.4263681598185,"cluster":1},{"x":380.7028161556166,"y":44.33313766047511,"cluster":1},{"x":391.1102346185257,"y":25.229139658721465,"cluster":1},{"x":129.5564744513458,"y":141.63045022307392,"cluster":1},{"x":405.7115978558259,"y":117.46439396852847,"cluster":1},{"x":333.73354313677083,"y":258.95490938051984,"cluster":1},{"x":35.15717906640217,"y":71.17814408233545,"cluster":1},{"x":395.8970039915346,"y":226.86881730096016,"cluster":1},{"x":438.28843599770715,"y":75.06749949580636,"cluster":1}],"num_clusters":0}