{"title":"uniform-n35-r3-s-366872147360108557935","map_width":500,"map_height":300,"num_leaves":35,"tree":{"leaf":false,"id":68,"left":{"leaf":false,"id":67,"left":{"leaf":false,"id":66,"left":{"leaf":true,"id":21,"label":"21","site_id":21},"right":{"leaf":false,"id":64,"left":{"leaf":false,"id":63,"left":{"leaf":false,"id":62,"left":{"leaf":true,"id":20,"label":"20","site_id":20},"right":{"leaf":false,"id":50,"left":{"leaf":false,"id":44,"left":{"leaf":true,"id":24,"label":"24","site_id":24},"right":{"leaf":false,"id":39,"left":{"leaf":true,"id":6,"label":"6","site_id":6},"right":{"leaf":false,"id":35,"left":{"leaf":true,"id":28,"label":"28","site_id":28},"right":{"leaf":true,"id":31,"label":"31","site_id":31}}}},"right":{"leaf":false,"id":47,"left":{"leaf":true,"id":7,"label":"7","site_id":7},"right":{"leaf":true,"id":8,"label":"8","site_id":8}}}},"right":{"leaf":false,"id":61,"left":{"leaf":false,"id":58,"left":{"leaf":true,"id":18,"label":"18","site_id":18},"right":{"leaf":false,"id":53,"left":{"leaf":false,"id":46,"left":{"leaf":true,"id":30,"label":"30","site_id":30},"right":{"leaf":true,"id":5,"label":"5","site_id":5}},"right":{"leaf":true,"id":16,"label":"16","site_id":16}}},"right":{"leaf":false,"id":56,"left":{"leaf":false,"id":52,"left":{"leaf":true,"id":22,"label":"22","site_id":22},"right":{"leaf":true,"id":4,"label":"4","site_id":4}},"right":{"leaf":true,"id":0,"label":"0","site_id":0}}}},"right":{"leaf":false,"id":59,"left":{"leaf":false,"id":54,"left":{"leaf":false,"id":38,"left":{"leaf":true,"id":26,"label":"26","site_id":26},"right":{"leaf":true,"id":34,"label":"34","site_id":34}},"right":{"leaf":false,"id":49,"left":{"leaf":false,"id":45,"left":{"leaf":true,"id":3,"label":"3","site_id":3},"right":{"leaf":true,"id":2,"label":"2","site_id":2}},"right":{"leaf":true,"id":12,"label":"12","site_id":12}}},"right":{"leaf":true,"id":10,"label":"10","site_id":10}}}},"right":{"leaf":false,"id":57,"left":{"leaf":false,"id":42,"left":{"leaf":false,"id":41,"left":{"leaf":true,"id":17,"label":"17","site_id":17},"right":{"leaf":true,"id":11,"label":"11","site_id":11}},"right":{"leaf":true,"id":32,"label":"32","site_id":32}},"right":{"leaf":true,"id":29,"label":"29","site_id":29}}},"right":{"leaf":false,"id":65,"left":{"leaf":false,"id":55,"left":{"leaf":false,"id":40,"left":{"leaf":true,"id":23,"label":"23","site_id":23},"right":{"leaf":true,"id":19,"label":"19","site_id":19}},"right":{"leaf":false,"id":51,"left":{"leaf":true,"id":25,"label":"25","site_id":25},"right":{"leaf":false,"id":48,"left":{"leaf":true,"id":1,"label":"1","site_id":1},"right":{"leaf":false,"id":43,"left":{"leaf":true,"id":13,"label":"13","site_id":13},"right":{"leaf":false,"id":37,"left":{"leaf":false,"id":36,"left":{"leaf":true,"id":14,"label":"14","site_id":14},"right":{"leaf":true,"id":27,"label":"27","site_id":27}},"right":{"leaf":true,"id":15,"label":"15","site_id":15}}}}}},"right":{"leaf":false,"id":60,"left":{"leaf":true,"id":33,"label":"33","site_id":33},"right":{"leaf":true,"id":9,"label":"9","site_id":9}}}},"num_sites":35,"sites":[{"x":134.92549466945104,"y":15.365921490565686,"cluster":1},{"x":193.49810241980953,"y":62.262029372108636,"cluster":1},{"x":478.68128316610404,"y":215.73900742338046,"cluster":1},{"x":263.71623274880426,"y":282.15000122370446,"cluster":1},{"x":461.3407634515519,"y":126.07316317562363,"cluster":1},{"x":372.7755091616928,"y":230.12381249256327,"cluster":1},{"x":32.62510204581316,"y":26.673637624183698,"cluster":1},{"x":375.69465920001335,"y":283.623445171798,"cluster":1},{"x":103.71961714341803,"y":231.93645881243802,"cluster":1},{"x":400.34629609263754,"y":220.22567134906794,"cluster":1},{"x":264.3799511836701,"y":130.11904595935061,"cluster":1},{"x":197.80271172439635,"y":97.8130635196352,"cluster":1},{"x":207.7914863212717,"y":125.67392425561536,"cluster":1},{"x":77.84023451848668,"y":105.05615811424062,"cluster":1},{"x":358.379912528723,"y":61.666556990186784,"cluster":1},{"x":122.41664966864758,"y":163.83640595929572,"cluster":1},{"x":478.9216102713517,"y":206.8531624247042,"cluster":1},{"x":114.58661906594654,"y":245.12866552485198,"cluster":1},{"x":402.7453942573784,"y":43.07606747321454,"cluster":1},{"x":238.22032651106673,"y":94.87993950090329,"cluster":1},{"x":20.80831981163659,"y":200.5420366089068,"cluster":1},{"x":235.7038897376083,"y":256.7844494579806,"cluster":1},{"x":471.85662368697,"y":75.92285221663455,"cluster":1},{"x":166.99042541616524,"y":84.49842246222592,"cluster":1},{"x":298.30257905199005,"y":246.50210920159293,"cluster":1},{"x":391.20964859264603,"y":79.75837966853778,"cluster":1},{"x":395.8820217198199,"y":188.36845933589777,"cluster":1},{"x":231.64344247596316,"y":20.052291201040106,"cluster":1},{"x":187.01293505687318,"y":184.3726963830231,"cluster":1},{"x":175.60428169296685,"y":231.86861845318853,"cluster":1},{"x":383.1172547480221,"y":214.35328143021522,"cluster":1},{"x":254.06329178421967,"y":263.4292495443902,"cluster":1},{"x":79.94724450813304,"y":176.60946851811622,"cluster":1},{"x":257.62335671107536,"y":113.38056392572354,"cluster":1},{"x":85.61778934079756,"y":69.1728892281566,"cluster":1}],"num_clusters":0}