{"title":"uniform-n70-r0-s-507183240951714189970","map_width":500,"map_height":300,"num_leaves":70,"tree":{"leaf":false,"id":138,"left":{"leaf":false,"id":133,"left":{"leaf":false,"id":121,"left":{"leaf":false,"id":115,"left":{"leaf":false,"id":89,"left":{"leaf":false,"id":78,"left":{"leaf":true,"id":36,"label":"36","site_id":36},"right":{"leaf":true,"id":27,"label":"27","site_id":27}},"right":{"leaf":false,"id":75,"left":{"leaf":true,"id":62,"label":"62","site_id":62},"right":{"leaf":true,"id":57,"label":"57","site_id":57}}},"right":{"leaf":true,"id":14,"label":"14","site_id":14}},"right":{"leaf":false,"id":106,"left":{"leaf":true,"id":17,"label":"17","site_id":17},"right":{"leaf":false,"id":97,"left":{"leaf":false,"id":76,"left":{"leaf":true,"id":47,"label":"47","site_id":47},"right":{"leaf":true,"id":22,"label":"22","site_id":22}},"right":{"leaf":true,"id":26,"label":"26","site_id":26}}}},"right":{"leaf":false,"id":79,"left":{"leaf":true,"id":67,"label":"67","site_id":67},"right":{"leaf":true,"id":46,"label":"46","site_id":46}}},"right":{"leaf":false,"id":137,"left":{"leaf":false,"id":136,"left":{"leaf":false,"id":135,"left":{"leaf":false,"id":129,"left":{"leaf":false,"id":108,"left":{"leaf":true,"id":55,"label":"55","site_id":55},"right":{"leaf":true,"id":59,"label":"59","site_id":59}},"right":{"leaf":false,"id":123,"left":{"leaf":true,"id":30,"label":"30","site_id":30},"right":{"leaf":true,"id":24,"label":"24","site_id":24}}},"right":{"leaf":false,"id":132,"left":{"leaf":true,"id":65,"label":"65","site_id":65},"right":{"leaf":false,"id":130,"left":{"leaf":false,"id":127,"left":{"leaf":true,"id":7,"label":"7","site_id":7},"right":{"leaf":false,"id":96,"left":{"leaf":true,"id":35,"label":"35","site_id":35},"right":{"leaf":false,"id":70,"left":{"leaf":true,"id":8,"label":"8","site_id":8},"right":{"leaf":true,"id":37,"label":"37","site_id":37}}}},"right":{"leaf":false,"id":125,"left":{"leaf":false,"id":124,"left":{"leaf":false,"id":99,"left":{"leaf":false,"id":84,"left":{"leaf":true,"id":18,"label":"18","site_id":18},"right":{"leaf":true,"id":61,"label":"61","site_id":61}},"right":{"leaf":false,"id":81,"left":{"leaf":true,"id":60,"label":"60","site_id":60},"right":{"leaf":true,"id":21,"label":"21","site_id":21}}},"right":{"leaf":false,"id":118,"left":{"leaf":true,"id":44,"label":"44","site_id":44},"right":{"leaf":false,"id":116,"left":{"leaf":false,"id":112,"left":{"leaf":false,"id":92,"left":{"leaf":true,"id":9,"label":"9","site_id":9},"right":{"leaf":true,"id":1,"label":"1","site_id":1}},"right":{"leaf":false,"id":74,"left":{"leaf":true,"id":38,"label":"38","site_id":38},"right":{"leaf":true,"id":23,"label":"23","site_id":23}}},"right":{"leaf":false,"id":111,"left":{"leaf":false,"id":105,"left":{"leaf":true,"id":45,"label":"45","site_id":45},"right":{"leaf":false,"id":104,"left":{"leaf":true,"id":20,"label":"20","site_id":20},"right":{"leaf":true,"id":64,"label":"64","site_id":64}}},"right":{"leaf":true,"id":51,"label":"51","site_id":51}}}}},"right":{"leaf":false,"id":114,"left":{"leaf":false,"id":109,"left":{"leaf":false,"id":95,"left":{"leaf":false,"id":94,"left":{"leaf":true,"id":41,"label":"41","site_id":41},"right":{"leaf":true,"id":58,"label":"58","site_id":58}},"right":{"leaf":true,"id":48,"label":"48","site_id":48}},"right":{"leaf":false,"id":88,"left":{"leaf":true,"id":5,"label":"5","site_id":5},"right":{"leaf":true,"id":40,"label":"40","site_id":40}}},"right":{"leaf":true,"id":15,"label":"15","site_id":15}}}}}},"right":{"leaf":false,"id":134,"left":{"leaf":false,"id":120,"left":{"leaf":true,"id":13,"label":"13","site_id":13},"right":{"leaf":false,"id":103,"left":{"leaf":true,"id":49,"label":"49","site_id":49},"right":{"leaf":false,"id":100,"left":{"leaf":true,"id":25,"label":"25","site_id":25},"right":{"leaf":false,"id":93,"left":{"leaf":false,"id":77,"left":{"leaf":true,"id":2,"label":"2","site_id":2},"right":{"leaf":true,"id":32,"label":"32","site_id":32}},"right":{"leaf":false,"id":90,"left":{"leaf":true,"id":31,"label":"31","site_id":31},"right":{"leaf":true,"id":63,"label":"63","site_id":63}}}}}},"right":{"leaf":false,"id":131,"left":{"leaf":false,"id":122,"left":{"leaf":true,"id":29,"label":"29","site_id":29},"right":{"leaf":false,"id":117,"left":{"leaf":false,"id":110,"left":{"leaf":true,"id":69,"label":"69","site_id":69},"right":{"leaf":false,"id":102,"left":{"leaf":false,"id":91,"left":{"leaf":false,"id":85,"left":{"leaf":true,"id":3,"label":"3","site_id":3},"right":{"leaf":true,"id":54,"label":"54","site_id":54}},"right":{"leaf":true,"id":34,"label":"34","site_id":34}},"right":{"leaf":false,"id":101,"left":{"leaf":false,"id":83,"left":{"leaf":true,"id":52,"label":"52","site_id":52},"right":{"leaf":false,"id":72,"left":{"leaf":true,"id":50,"label":"50","site_id":50},"right":{"leaf":true,"id":16,"label":"16","site_id":16}}},"right":{"leaf":true,"id":6,"label":"6","site_id":6}}}},"right":{"leaf":false,"id":107,"left":{"leaf":false,"id":98,"left":{"leaf":false,"id":73,"left":{"leaf":true,"id":0,"label":"0","site_id":0},"right":{"leaf":true,"id":68,"label":"68","site_id":68}},"right":{"leaf":true,"id":4,"label":"4","site_id":4}},"right":{"leaf":false,"id":86,"left":{"leaf":true,"id":39,"label":"39","site_id":39},"right":{"leaf":true,"id":33,"label":"33","site_id":33}}}}},"right":{"leaf":false,"id":128,"left":{"leaf":false,"id":71,"left":{"leaf":true,"id":53,"label":"53","site_id":53},"right":{"leaf":true,"id":11,"label":"11","site_id":11}},"right":{"leaf":false,"id":113,"left":{"leaf":true,"id":56,"label":"56","site_id":56},"right":{"leaf":true,"id":12,"label":"12","site_id":12}}}}}},"right":{"leaf":false,"id":126,"left":{"leaf":false,"id":82,"left":{"leaf":true,"id":10,"label":"10","site_id":10},"right":{"leaf":true,"id":19,"label":"19","site_id":19}},"right":{"leaf":false,"id":119,"left":{"leaf":false,"id":87,"left":{"leaf":true,"id":42,"label":"42","site_id":42},"right":{"leaf":false,"id":80,"left":{"leaf":true,"id":43,"label":"43","site_id":43},"right":{"leaf":true,"id":28,"label":"28","site_id":28}}},"right":{"leaf":true,"id":66,"label":"66","site_id":66}}}}},"num_sites":70,"sites":[{"x":431.01296608173516,"y":236.44397434054378,"cluster":1},{"x":97.93813379045675,"y":210.34523605509972,"cluster":1},{"x":48.41810933974905,"y":71.61530473822914,"cluster":1},{"x":336.1113940335157,"y":56.78972353755387,"cluster":1},{"x":208.98031658118927,"y":85.69433307108646,"cluster":1},{"x":419.8952710581781,"y":201.91732872805295,"cluster":1},{"x":433.94856817772495,"y":196.89174653896032,"cluster":1},{"x":54.04201740074555,"y":252.1834306124977,"cluster":1},{"x":122.95879735912001,"y":282.445206110826,"cluster":1},{"x":199.4927616141289,"y":218.26355774583965,"cluster":1},{"x":21.286257822124114,"y":62.60961294272643,"cluster":1},{"x":431.2865372035877,"y":169.22232638986782,"cluster":1},{"x":319.6070191462068,"y":229.50536839101665,"cluster":1},{"x":154.97737886251346,"y":38.50924188764127,"cluster":1},{"x":439.7583028360693,"y":58.49040963435664,"cluster":1},{"x":390.0249207363834,"y":202.1765480687604,"cluster":1},{"x":285.7980190950988,"y":30.102448558292885,"cluster":1},{"x":469.90297953483264,"y":88.68894557591587,"cluster":1},{"x":123.91154620123423,"y":205.68652544057804,"cluster":1},{"x":53.387538817487574,"y":168.3570728579377,"cluster":1},{"x":57.399876298502754,"y":229.57847996966325,"cluster":1},{"x":59.639781400935796,"y":78.77635033025861,"cluster":1},{"x":414.1056534806812,"y":65.1586363228495,"cluster":1},{"x":111.29161070670939,"y":160.68970641237632,"cluster":1},{"x":323.19488751169257,"y":261.22060091744606,"cluster":1},{"x":224.77040996861584,"y":226.4175942198124,"cluster":1},{"x":246.209515021171,"y":208.9186472060464,"cluster":1},{"x":275.56662454924924,"y":70.41051953038516,"cluster":1},{"x":463.741978788317,"y":48.06278213026,"cluster":1},{"x":128.05201913041702,"y":18.57909641611557,"cluster":1},{"x":383.9558398891802,"y":154.72421514787763,"cluster":1},{"x":64.79824228307375,"y":189.84375071609452,"cluster":1},{"x":262.4870374928098,"y":99.99458130141669,"cluster":1},{"x":319.12457686433856,"y":59.82067171848394,"cluster":1},{"x":195.00843078009552,"y":152.310741450518,"cluster":1},{"x":106.82074597412463,"y":242.72293170256648,"cluster":1},{"x":333.92585090359705,"y":103.01285700556107,"cluster":1},{"x":98.64470148787984,"y":203.4050024452342,"cluster":1},{"x":169.29692503986058,"y":236.74674546164772,"cluster":1},{"x":384.287278886882,"y":197.01639636795738,"cluster":1},{"x":191.1243743899071,"y":114.95234720703846,"cluster":1},{"x":481.0248629320523,"y":188.9543429708326,"cluster":1},{"x":465.67374666796417,"y":21.99863842407142,"cluster":1},{"x":426.24789273163117,"y":72.71793215163962,"cluster":1},{"x":42.40093483560288,"y":179.531046732491,"cluster":1},{"x":192.45763918904498,"y":167.86538952127256,"cluster":1},{"x":460.4478058151719,"y":75.29075982968997,"cluster":1},{"x":304.4751658300722,"y":178.04640357559853,"cluster":1},{"x":458.40468482038887,"y":185.19326896237897,"cluster":1},{"x":158.84976418212088,"y":110.34661618238329,"cluster":1},{"x":274.295553477594,"y":17.13561810511258,"cluster":1},{"x":142.23009817753393,"y":184.21560132156722,"cluster":1},{"x":217.9834903765006,"y":105.09731940658031,"cluster":1},{"x":289.8707875523833,"y":47.314332973506964,"cluster":1},{"x":389.99932302121306,"y":45.8937440945344,"cluster":1},{"x":44.157896748277665,"y":277.3875193697682,"cluster":1},{"x":267.3184080764346,"y":256.9431306079101,"cluster":1},{"x":306.0013501375941,"y":146.53906794825988,"cluster":1},{"x":466.3623693751428,"y":187.31253103942484,"cluster":1},{"x":37.23325576500297,"y":284.8986462721524,"cluster":1},{"x":30.277462609200548,"y":76.15399980490155,"cluster":1},{"x":237.73936269063526,"y":282.8389122158471,"cluster":1},{"x":392.7888750561239,"y":98.1641915419104,"cluster":1},{"x":94.46728602184845,"y":39.54293273927581,"cluster":1},{"x":347.9752722237602,"y":225.49511797924643,"cluster":1},{"x":481.2259260025971,"y":180.09433624158856,"cluster":1},{"x":407.9003216901726,"y":129.37780588519223,"cluster":1},{"x":398.844855460536,"y":134.11228025598018,"cluster":1},{"x":383.661340242471,"y":251.66335395868478,"cluster":1},{"x":239.35425604069303,"y":169.49059554846818,"cluster":1}],"num_clusters":0}