{"title":"uniform-n30-r0-s-495285356208130983230","map_width":500,"map_height":300,"num_leaves":30,"tree":{"leaf":false,"id":58,"left":{"leaf":false,"id":57,"left":{"leaf":false,"id":55,"left":{"leaf":false,"id":40,"left":{"leaf":true,"id":27,"label":"27","site_id":27},"right":{"leaf":false,"id":39,"left":{"leaf":true,"id":22,"label":"22","site_id":22},"right":{"leaf":false,"id":34,"left":{"leaf":false,"id":31,"left":{"leaf":true,"id":20,"label":"20","site_id":20},"right":{"leaf":true,"id":17,"label":"17","site_id":17}},"right":{"leaf":true,"id":26,"label":"26","site_id":26}}}},"right":{"leaf":false,"id":53,"left":{"leaf":false,"id":52,"left":{"leaf":true,"id":16,"label":"16","site_id":16},"right":{"leaf":false,"id":42,"left":{"leaf":false,"id":35,"left":{"leaf":true,"id":24,"label":"24","site_id":24},"right":{"leaf":true,"id":0,"label":"0","site_id":0}},"right":{"leaf":true,"id":1,"label":"1","site_id":1}}},"right":{"leaf":false,"id":45,"left":{"leaf":true,"id":5,"label":"5","site_id":5},"right":{"leaf":true,"id":6,"label":"6","site_id":6}}}},"right":{"leaf":false,"id":56,"left":{"leaf":false,"id":54,"left":{"leaf":false,"id":46,"left":{"leaf":false,"id":32,"left":{"leaf":true,"id":7,"label":"7","site_id":7},"right":{"leaf":true,"id":4,"label":"4","site_id":4}},"right":{"leaf":false,"id":37,"left":{"leaf":true,"id":18,"label":"18","site_id":18},"right":{"leaf":true,"id":13,"label":"13","site_id":13}}},"right":{"leaf":false,"id":50,"left":{"leaf":true,"id":14,"label":"14","site_id":14},"right":{"leaf":false,"id":43,"left":{"leaf":false,"id":41,"left":{"leaf":true,"id":23,"label":"23","site_id":23},"right":{"leaf":true,"id":8,"label":"8","site_id":8}},"right":{"leaf":false,"id":38,"left":{"leaf":false,"id":36,"left":{"leaf":true,"id":19,"label":"19","site_id":19},"right":{"leaf":true,"id":25,"label":"25","site_id":25}},"right":{"leaf":true,"id":11,"label":"11","site_id":11}}}}},"right":{"leaf":false,"id":44,"left":{"leaf":true,"id":9,"label":"9","site_id":9},"right":{"leaf":false,"id":33,"left":{"leaf":true,"id":15,"label":"15","site_id":15},"right":{"leaf":true,"id":29,"label":"29","site_id":29}}}}},"right":{"leaf":false,"id":51,"left":{"leaf":false,"id":47,"left":{"leaf":false,"id":30,"left":{"leaf":true,"id":3,"label":"3","site_id":3},"right":{"leaf":true,"id":2,"label":"2","site_id":2}},"right":{"leaf":true,"id":12,"label":"12","site_id":12}},"right":{"leaf":false,"id":49,"left":{"leaf":false,"id":48,"left":{"leaf":true,"id":21,"label":"21","site_id":21},"right":{"leaf":true,"id":28,"label":"28","site_id":28}},"right":{"leaf":true,"id":10,"label":"10","site_id":10}}}},"num_sites":30,"sites":[{"x":133.3682922376878,"y":174.78098605088238,"cluster":1},{"x":238.28900444868236,"y":112.17271083172514,"cluster":1},{"x":436.90192848784824,"y":128.86163953949688,"cluster":1},{"x":387.73465016041274,"y":114.93135575853809,"cluster":1},{"x":413.63592860462904,"y":235.4600664563535,"cluster":1},{"x":241.34788405757845,"y":74.83696797460479,"cluster":1},{"x":21.33567283926287,"y":113.53892403790003,"cluster":1},{"x":450.00494698551125,"y":219.16690985733206,"cluster":1},{"x":63.84411508802363,"y":109.93192677448022,"cluster":1},{"x":358.91860487655583,"y":89.4097779030835,"cluster":1},{"x":38.41498050556578,"y":113.62737804371346,"cluster":1},{"x":229.32395531154992,"y":193.24144890102298,"cluster":1},{"x":392.94667222999675,"y":280.5339228014393,"cluster":1},{"x":248.63657408180723,"y":134.45688792250405,"cluster":1},{"x":139.32040166066287,"y":171.2611755667152,"cluster":1},{"x":418.9925076464117,"y":148.05351955533396,"cluster":1},{"x":157.00460587940148,"y":54.63339836614153,"cluster":1},{"x":251.88217183052896,"y":73.31619633387115,"cluster":1},{"x":446.2347045252176,"y":268.2774776691208,"cluster":1},{"x":156.58042323188,"y":266.8455666701795,"cluster":1},{"x":182.4106386891714,"y":174.6870253464616,"cluster":1},{"x":102.25296261222715,"y":130.00102119800573,"cluster":1},{"x":302.8767373608087,"y":126.66240976048853,"cluster":1},{"x":467.9843398111267,"y":141.19604736514958,"cluster":1},{"x":73.95692644190578,"y":129.96210236456506,"cluster":1},{"x":191.5255216146886,"y":152.8883951043304,"cluster":1},{"x":310.0150853368947,"y":233.37384230397564,"cluster":1},{"x":216.29942562774937,"y":185.94884909001942,"cluster":1},{"x":37.39429003640268,"y":127.22449483649832,"cluster":1},{"x":357.13030717558087,"y":80.37211212153,"cluster":1}],"num_clusters":0}