{"title":"uniform-n80-r8-s265222727107516387380","map_width":500,"map_height":300,"num_leaves":80,"tree":{"leaf":false,"id":158,"left":{"leaf":false,"id":156,"left":{"leaf":false,"id":153,"left":{"leaf":false,"id":152,"left":{"leaf":false,"id":148,"left":{"leaf":false,"id":123,"left":{"leaf":false,"id":121,"left":{"leaf":true,"id":53,"label":"53","site_id":53},"right":{"leaf":false,"id":103,"left":{"leaf":true,"id":42,"label":"42","site_id":42},"right":{"leaf":true,"id":21,"label":"21","site_id":21}}},"right":{"leaf":false,"id":118,"left":{"leaf":false,"id":83,"left":{"leaf":true,"id":57,"label":"57","site_id":57},"right":{"leaf":true,"id":28,"label":"28","site_id":28}},"right":{"leaf":false,"id":89,"left":{"leaf":false,"id":86,"left":{"leaf":true,"id":26,"label":"26","site_id":26},"right":{"leaf":true,"id":30,"label":"30","site_id":30}},"right":{"leaf":true,"id":58,"label":"58","site_id":58}}}},"right":{"leaf":false,"id":144,"left":{"leaf":false,"id":141,"left":{"leaf":false,"id":135,"left":{"leaf":true,"id":15,"label":"15","site_id":15},"right":{"leaf":false,"id":92,"left":{"leaf":false,"id":91,"left":{"leaf":true,"id":14,"label":"14","site_id":14},"right":{"leaf":false,"id":81,"left":{"leaf":true,"id":29,"label":"29","site_id":29},"right":{"leaf":true,"id":34,"label":"34","site_id":34}}},"right":{"leaf":true,"id":77,"label":"77","site_id":77}}},"right":{"leaf":false,"id":131,"left":{"leaf":true,"id":70,"label":"70","site_id":70},"right":{"leaf":false,"id":80,"left":{"leaf":true,"id":45,"label":"45","site_id":45},"right":{"leaf":true,"id":0,"label":"0","site_id":0}}}},"right":{"leaf":false,"id":126,"left":{"leaf":false,"id":106,"left":{"leaf":false,"id":94,"left":{"leaf":false,"id":93,"left":{"leaf":true,"id":12,"label":"12","site_id":12},"right":{"leaf":true,"id":46,"label":"46","site_id":46}},"right":{"leaf":true,"id":27,"label":"27","site_id":27}},"right":{"leaf":true,"id":13,"label":"13","site_id":13}},"right":{"leaf":false,"id":100,"left":{"leaf":true,"id":23,"label":"23","site_id":23},"right":{"leaf":true,"id":7,"label":"7","site_id":7}}}}},"right":{"leaf":false,"id":151,"left":{"leaf":true,"id":41,"label":"41","site_id":41},"right":{"leaf":false,"id":150,"left":{"leaf":false,"id":149,"left":{"leaf":false,"id":137,"left":{"leaf":false,"id":128,"left":{"leaf":true,"id":59,"label":"59","site_id":59},"right":{"leaf":true,"id":16,"label":"16","site_id":16}},"right":{"leaf":false,"id":125,"left":{"leaf":true,"id":73,"label":"73","site_id":73},"right":{"leaf":true,"id":54,"label":"54","site_id":54}}},"right":{"leaf":true,"id":74,"label":"74","site_id":74}},"right":{"leaf":false,"id":142,"left":{"leaf":true,"id":8,"label":"8","site_id":8},"right":{"leaf":false,"id":140,"left":{"leaf":false,"id":129,"left":{"leaf":false,"id":124,"left":{"leaf":false,"id":120,"left":{"leaf":false,"id":112,"left":{"leaf":true,"id":3,"label":"3","site_id":3},"right":{"leaf":false,"id":105,"left":{"leaf":false,"id":90,"left":{"leaf":true,"id":24,"label":"24","site_id":24},"right":{"leaf":true,"id":78,"label":"78","site_id":78}},"right":{"leaf":true,"id":55,"label":"55","site_id":55}}},"right":{"leaf":false,"id":108,"left":{"leaf":true,"id":35,"label":"35","site_id":35},"right":{"leaf":false,"id":98,"left":{"leaf":true,"id":5,"label":"5","site_id":5},"right":{"leaf":true,"id":76,"label":"76","site_id":76}}}},"right":{"leaf":true,"id":63,"label":"63","site_id":63}},"right":{"leaf":false,"id":122,"left":{"leaf":false,"id":95,"left":{"leaf":true,"id":43,"label":"43","site_id":43},"right":{"leaf":false,"id":88,"left":{"leaf":true,"id":19,"label":"19","site_id":19},"right":{"leaf":false,"id":84,"left":{"leaf":true,"id":38,"label":"38","site_id":38},"right":{"leaf":true,"id":68,"label":"68","site_id":68}}}},"right":{"leaf":true,"id":2,"label":"2","site_id":2}}},"right":{"leaf":false,"id":139,"left":{"leaf":false,"id":136,"left":{"leaf":false,"id":110,"left":{"leaf":false,"id":104,"left":{"leaf":true,"id":71,"label":"71","site_id":71},"right":{"leaf":true,"id":50,"label":"50","site_id":50}},"right":{"leaf":true,"id":9,"label":"9","site_id":9}},"right":{"leaf":false,"id":132,"left":{"leaf":false,"id":107,"left":{"leaf":true,"id":69,"label":"69","site_id":69},"right":{"leaf":true,"id":4,"label":"4","site_id":4}},"right":{"leaf":false,"id":119,"left":{"leaf":true,"id":11,"label":"11","site_id":11},"right":{"leaf":false,"id":115,"left":{"leaf":false,"id":85,"left":{"leaf":true,"id":20,"label":"20","site_id":20},"right":{"leaf":true,"id":49,"label":"49","site_id":49}},"right":{"leaf":true,"id":39,"label":"39","site_id":39}}}}},"right":{"leaf":false,"id":133,"left":{"leaf":false,"id":109,"left":{"leaf":true,"id":48,"label":"48","site_id":48},"right":{"leaf":true,"id":25,"label":"25","site_id":25}},"right":{"leaf":true,"id":60,"label":"60","site_id":60}}}}}}}},"right":{"leaf":false,"id":117,"left":{"leaf":true,"id":37,"label":"37","site_id":37},"right":{"leaf":false,"id":113,"left":{"leaf":true,"id":47,"label":"47","site_id":47},"right":{"leaf":false,"id":101,"left":{"leaf":true,"id":67,"label":"67","site_id":67},"right":{"leaf":true,"id":44,"label":"44","site_id":44}}}}},"right":{"leaf":false,"id":155,"left":{"leaf":false,"id":154,"left":{"leaf":false,"id":145,"left":{"leaf":false,"id":82,"left":{"leaf":true,"id":22,"label":"22","site_id":22},"right":{"leaf":true,"id":61,"label":"61","site_id":61}},"right":{"leaf":true,"id":10,"label":"10","site_id":10}},"right":{"leaf":false,"id":143,"left":{"leaf":false,"id":127,"left":{"leaf":false,"id":102,"left":{"leaf":true,"id":6,"label":"6","site_id":6},"right":{"leaf":false,"id":99,"left":{"leaf":true,"id":36,"label":"36","site_id":36},"right":{"leaf":true,"id":33,"label":"33","site_id":33}}},"right":{"leaf":false,"id":111,"left":{"leaf":true,"id":56,"label":"56","site_id":56},"right":{"leaf":true,"id":32,"label":"32","site_id":32}}},"right":{"leaf":false,"id":130,"left":{"leaf":true,"id":66,"label":"66","site_id":66},"right":{"leaf":false,"id":116,"left":{"leaf":false,"id":114,"left":{"leaf":true,"id":79,"label":"79","site_id":79},"right":{"leaf":false,"id":96,"left":{"leaf":true,"id":1,"label":"1","site_id":1},"right":{"leaf":true,"id":51,"label":"51","site_id":51}}},"right":{"leaf":true,"id":72,"label":"72","site_id":72}}}}},"right":{"leaf":true,"id":17,"label":"17","site_id":17}}},"right":{"leaf":false,"id":157,"left":{"leaf":false,"id":147,"left":{"leaf":false,"id":146,"left":{"leaf":true,"id":62,"label":"62","site_id":62},"right":{"leaf":false,"id":97,"left":{"leaf":false,"id":87,"left":{"leaf":true,"id":64,"label":"64","site_id":64},"right":{"leaf":true,"id":65,"label":"65","site_id":65}},"right":{"leaf":true,"id":18,"label":"18","site_id":18}}},"right":{"leaf":false,"id":138,"left":{"leaf":true,"id":31,"label":"31","site_id":31},"right":{"leaf":false,"id":134,"left":{"leaf":true,"id":52,"label":"52","site_id":52},"right":{"leaf":true,"id":40,"label":"40","site_id":40}}}},"right":{"leaf":true,"id":75,"label":"75","site_id":75}}},"num_sites":80,"sites":[{"x":388.25745400192994,"y":134.9347262081372,"cluster":1},{"x":469.6653115088028,"y":199.61530665968175,"cluster":1},{"x":219.32312783266502,"y":199.74746753193682,"cluster":1},{"x":186.6486311865367,"y":135.89753073590947,"cluster":1},{"x":203.55790375660646,"y":40.4389506262668,"cluster":1},{"x":165.72121116705753,"y":178.47716344885154,"cluster":1},{"x":141.51977549849727,"y":206.576649926889,"cluster":1},{"x":53.69316909143599,"y":163.16569257185503,"cluster":1},{"x":209.74158891084056,"y":65.42285442054659,"cluster":1},{"x":153.1936799406704,"y":227.07356576494132,"cluster":1},{"x":390.46233466681076,"y":67.88218963515536,"cluster":1},{"x":96.74650226406888,"y":177.84576679535664,"cluster":1},{"x":264.3275756234296,"y":264.9045349924179,"cluster":1},{"x":155.65120804619593,"y":188.2000038010703,"cluster":1},{"x":320.2471490631363,"y":66.94557299008444,"cluster":1},{"x":405.2553804252219,"y":216.33371712140644,"cluster":1},{"x":376.00220911392864,"y":253.68679424610906,"cluster":1},{"x":310.5762955940766,"y":93.45920642475748,"cluster":1},{"x":256.0356672463663,"y":45.50393148323775,"cluster":1},{"x":17.04101788125594,"y":255.10737973265162,"cluster":1},{"x":109.13939246696651,"y":152.14737329076192,"cluster":1},{"x":370.36197050413597,"y":22.90864094205265,"cluster":1},{"x":398.468189693163,"y":157.76020750649639,"cluster":1},{"x":377.25056264400547,"y":208.31556918387778,"cluster":1},{"x":89.46514508869686,"y":164.70924478275887,"cluster":1},{"x":334.7944683654762,"y":189.17521250735408,"cluster":1},{"x":467.8743183069325,"y":221.74131323702537,"cluster":1},{"x":480.8847205218299,"y":224.18980851645307,"cluster":1},{"x":450.0464233671072,"y":154.70191865460555,"cluster":1},{"x":321.07688214157906,"y":129.12300853560487,"cluster":1},{"x":391.209846654426,"y":280.4652912174407,"cluster":1},{"x":128.7060207949542,"y":62.1146219785492,"cluster":1},{"x":104.28348748421874,"y":106.82463751628221,"cluster":1},{"x":414.94830422692235,"y":273.66014771500244,"cluster":1},{"x":102.14983098392216,"y":192.87831721018532,"cluster":1},{"x":113.83258302705116,"y":179.69237400923234,"cluster":1},{"x":380.08601754359165,"y":275.922467766839,"cluster":1},{"x":423.9533212825035,"y":53.77054075543443,"cluster":1},{"x":402.26738773054456,"y":192.02258807662363,"cluster":1},{"x":23.821938159885782,"y":206.638494311058,"cluster":1},{"x":216.91216841330098,"y":158.28619690031317,"cluster":1},{"x":41.416373851264176,"y":268.3566124124924,"cluster":1},{"x":368.7280801247159,"y":95.39595336477241,"cluster":1},{"x":100.54966889510739,"y":269.8431269839963,"cluster":1},{"x":324.8505668467427,"y":79.18694044924723,"cluster":1},{"x":47.17584468258086,"y":226.97884221369458,"cluster":1},{"x":71.4294431110793,"y":49.96427501813179,"cluster":1},{"x":87.68756608269867,"y":171.4350857901137,"cluster":1},{"x":452.42484298531787,"y":77.85647164438258,"cluster":1},{"x":118.63243328986216,"y":228.0781150887239,"cluster":1},{"x":90.01537962828965,"y":91.78741613432483,"cluster":1},{"x":333.0859295510229,"y":129.18405897396877,"cluster":1},{"x":347.3003671369299,"y":18.62412291907462,"cluster":1},{"x":223.16656511191297,"y":20.76678157510445,"cluster":1},{"x":248.69519806869718,"y":187.71981703447258,"cluster":1},{"x":190.86472760684504,"y":106.07702416276302,"cluster":1},{"x":71.57288548575542,"y":64.42127434865947,"cluster":1},{"x":460.4794663393361,"y":165.77439667289727,"cluster":1},{"x":104.29680335663551,"y":64.1466259566864,"cluster":1},{"x":165.5182961668599,"y":223.40479061966596,"cluster":1},{"x":150.81879216091116,"y":176.364328444739,"cluster":1},{"x":450.91273331740916,"y":48.63404305481026,"cluster":1},{"x":80.48387099447415,"y":85.21622797016816,"cluster":1},{"x":257.8383652863339,"y":229.19458310624978,"cluster":1},{"x":273.5866227645155,"y":70.6270878234319,"cluster":1},{"x":423.3008209821059,"y":135.69518960039147,"cluster":1},{"x":378.56667409492843,"y":190.53024201779553,"cluster":1},{"x":249.9598454205194,"y":111.32469526857453,"cluster":1},{"x":163.4115068559379,"y":201.04906941531402,"cluster":1},{"x":82.836221161915,"y":179.7517914622045,"cluster":1},{"x":264.3344028067763,"y":232.1569960451706,"cluster":1},{"x":19.718668263838516,"y":235.54186768534018,"cluster":1},{"x":405.851315108307,"y":109.0930878683947,"cluster":1},{"x":48.93622478710469,"y":239.0234397225206,"cluster":1},{"x":32.7362798810896,"y":74.45086837669636,"cluster":1},{"x":395.23188828938976,"y":31.83553124347292,"cluster":1},{"x":156.6084188881143,"y":172.14320782916997,"cluster":1},{"x":258.5047488296019,"y":122.40224444853952,"cluster":1},{"x":252.52960531171792,"y":141.33933175491683,"cluster":1},{"x":370.9290745163283,"y":203.48077830758444,"cluster":1}],"num_clusters":0}