{"title":"uniform-n40-r1-s41158875458245883140","map_width":500,"map_height":300,"num_leaves":40,"tree":{"leaf":false,"id":78,"left":{"leaf":false,"id":75,"left":{"leaf":false,"id":72,"left":{"leaf":true,"id":37,"label":"37","site_id":37},"right":{"leaf":false,"id":62,"left":{"leaf":false,"id":60,"left":{"leaf":false,"id":45,"left":{"leaf":true,"id":25,"label":"25","site_id":25},"right":{"leaf":true,"id":12,"label":"12","site_id":12}},"right":{"leaf":true,"id":6,"label":"6","site_id":6}},"right":{"leaf":true,"id":36,"label":"36","site_id":36}}},"right":{"leaf":false,"id":71,"left":{"leaf":false,"id":67,"left":{"leaf":false,"id":64,"left":{"leaf":false,"id":56,"left":{"leaf":false,"id":55,"left":{"leaf":true,"id":18,"label":"18","site_id":18},"right":{"leaf":true,"id":4,"label":"4","site_id":4}},"right":{"leaf":false,"id":53,"left":{"leaf":true,"id":39,"label":"39","site_id":39},"right":{"leaf":false,"id":49,"left":{"leaf":true,"id":10,"label":"10","site_id":10},"right":{"leaf":true,"id":35,"label":"35","site_id":35}}}},"right":{"leaf":false,"id":59,"left":{"leaf":false,"id":41,"left":{"leaf":true,"id":30,"label":"30","site_id":30},"right":{"leaf":true,"id":19,"label":"19","site_id":19}},"right":{"leaf":false,"id":43,"left":{"leaf":true,"id":8,"label":"8","site_id":8},"right":{"leaf":true,"id":15,"label":"15","site_id":15}}}},"right":{"leaf":false,"id":65,"left":{"leaf":true,"id":17,"label":"17","site_id":17},"right":{"leaf":true,"id":23,"label":"23","site_id":23}}},"right":{"leaf":true,"id":27,"label":"27","site_id":27}}},"right":{"leaf":false,"id":77,"left":{"leaf":false,"id":63,"left":{"leaf":true,"id":13,"label":"13","site_id":13},"right":{"leaf":true,"id":2,"label":"2","site_id":2}},"right":{"leaf":false,"id":76,"left":{"leaf":false,"id":74,"left":{"leaf":false,"id":70,"left":{"leaf":false,"id":68,"left":{"leaf":true,"id":31,"label":"31","site_id":31},"right":{"leaf":false,"id":50,"left":{"leaf":false,"id":47,"left":{"leaf":true,"id":14,"label":"14","site_id":14},"right":{"leaf":true,"id":11,"label":"11","site_id":11}},"right":{"leaf":false,"id":46,"left":{"leaf":true,"id":22,"label":"22","site_id":22},"right":{"leaf":true,"id":16,"label":"16","site_id":16}}}},"right":{"leaf":false,"id":61,"left":{"leaf":false,"id":58,"left":{"leaf":false,"id":51,"left":{"leaf":true,"id":1,"label":"1","site_id":1},"right":{"leaf":true,"id":21,"label":"21","site_id":21}},"right":{"leaf":false,"id":54,"left":{"leaf":false,"id":48,"left":{"leaf":true,"id":5,"label":"5","site_id":5},"right":{"leaf":true,"id":28,"label":"28","site_id":28}},"right":{"leaf":true,"id":34,"label":"34","site_id":34}}},"right":{"leaf":false,"id":52,"left":{"leaf":true,"id":29,"label":"29","site_id":29},"right":{"leaf":true,"id":33,"label":"33","site_id":33}}}},"right":{"leaf":false,"id":66,"left":{"leaf":false,"id":57,"left":{"leaf":false,"id":44,"left":{"leaf":true,"id":0,"label":"0","site_id":0},"right":{"leaf":false,"id":40,"left":{"leaf":true,"id":20,"label":"20","site_id":20},"right":{"leaf":true,"id":24,"label":"24","site_id":24}}},"right":{"leaf":false,"id":42,"left":{"leaf":true,"id":9,"label":"9","site_id":9},"right":{"leaf":true,"id":38,"label":"38","site_id":38}}},"right":{"leaf":true,"id":26,"label":"26","site_id":26}}},"right":{"leaf":false,"id":73,"left":{"leaf":true,"id":32,"label":"32","site_id":32},"right":{"leaf":false,"id":69,"left":{"leaf":true,"id":7,"label":"7","site_id":7},"right":{"leaf":true,"id":3,"label":"3","site_id":3}}}}}},"num_sites":40,"sites":[{"x":261.1237256932702,"y":136.24376598809792,"cluster":1},{"x":322.65959636351624,"y":230.81359429045756,"cluster":1},{"x":254.62547858208416,"y":27.180302332756938,"cluster":1},{"x":39.359213879833845,"y":166.42106544410385,"cluster":1},{"x":150.22611109551323,"y":116.12923616896474,"cluster":1},{"x":335.275666575257,"y":164.52375980981859,"cluster":1},{"x":183.98723804858807,"y":164.3367333040648,"cluster":1},{"x":316.82670449080894,"y":15.426757030166417,"cluster":1},{"x":90.60817815702669,"y":239.7436125637051,"cluster":1},{"x":360.98225112051165,"y":113.36263374204142,"cluster":1},{"x":178.42514594028535,"y":153.11866866303606,"cluster":1},{"x":406.7701501569791,"y":82.54511865901395,"cluster":1},{"x":191.2115255588044,"y":160.8544963670021,"cluster":1},{"x":327.64707178431553,"y":89.41631819027292,"cluster":1},{"x":390.7547911582374,"y":122.27450897977201,"cluster":1},{"x":47.08435778901047,"y":257.72040827113443,"cluster":1},{"x":381.1679791967939,"y":48.66530203334449,"cluster":1},{"x":50.91939387958231,"y":284.7458934583704,"cluster":1},{"x":98.81360467760119,"y":242.80109683292574,"cluster":1},{"x":22.16187092953958,"y":115.97480331810576,"cluster":1},{"x":270.57534209337877,"y":201.4672433625074,"cluster":1},{"x":457.0205581447108,"y":121.46132934413045,"cluster":1},{"x":468.0075931802511,"y":249.41764784160466,"cluster":1},{"x":174.92988336612356,"y":220.53378752320248,"cluster":1},{"x":245.6256574839603,"y":131.3160140391592,"cluster":1},{"x":20.306593800208738,"y":201.87290098559174,"cluster":1},{"x":188.2690549849507,"y":148.51364532640554,"cluster":1},{"x":209.65564271701444,"y":253.66572298291288,"cluster":1},{"x":385.07794477189844,"y":230.00679175261806,"cluster":1},{"x":304.47059075875546,"y":93.36861793848492,"cluster":1},{"x":136.16753299269917,"y":261.5941994824856,"cluster":1},{"x":78.13737853341345,"y":38.63417311674347,"cluster":1},{"x":482.56786004416057,"y":284.1208057671969,"cluster":1},{"x":303.7516212837001,"y":70.16594281654864,"cluster":1},{"x":430.41611404130157,"y":170.7462603006247,"cluster":1},{"x":149.39812037939666,"y":133.6612452533169,"cluster":1},{"x":346.7462373391651,"y":244.41706689430848,"cluster":1},{"x":288.01765447163245,"y":151.58645502372858,"cluster":1},{"x":156.5153118779252,"y":250.14916299095634,"cluster":1},{"x":70.49947194912312,"y":96.30054451167791,"cluster":1}],"num_clusters":0}