{"title":"uniform-n15-r8-s-687475332323490904715","map_width":500,"map_height":300,"num_leaves":15,"tree":{"leaf":false,"id":28,"left":{"leaf":false,"id":27,"left":{"leaf":false,"id":20,"left":{"leaf":true,"id":4,"label":"4","site_id":4},"right":{"leaf":false,"id":15,"left":{"leaf":true,"id":10,"label":"10","site_id":10},"right":{"leaf":true,"id":12,"label":"12","site_id":12}}},"right":{"leaf":false,"id":26,"left":{"leaf":false,"id":23,"left":{"leaf":true,"id":1,"label":"1","site_id":1},"right":{"leaf":true,"id":11,"label":"11","site_id":11}},"right":{"leaf":false,"id":25,"left":{"leaf":false,"id":24,"left":{"leaf":true,"id":13,"label":"13","site_id":13},"right":{"leaf":false,"id":22,"left":{"leaf":false,"id":18,"left":{"leaf":true,"id":3,"label":"3","site_id":3},"right":{"leaf":false,"id":16,"left":{"leaf":true,"id":6,"label":"6","site_id":6},"right":{"leaf":true,"id":7,"label":"7","site_id":7}}},"right":{"leaf":false,"id":21,"left":{"leaf":false,"id":19,"left":{"leaf":true,"id":14,"label":"14","site_id":14},"right":{"leaf":true,"id":5,"label":"5","site_id":5}},"right":{"leaf":false,"id":17,"left":{"leaf":true,"id":8,"label":"8","site_id":8},"right":{"leaf":true,"id":0,"label":"0","site_id":0}}}}},"right":{"leaf":true,"id":9,"label":"9","site_id":9}}}},"right":{"leaf":true,"id":2,"label":"2","site_id":2}},"num_sites":15,"sites":[{"x":472.57912518597556,"y":246.6318581556084,"cluster":1},{"x":78.36832102701352,"y":181.83713641028388,"cluster":1},{"x":464.2080908879393,"y":52.43711519965662,"cluster":1},{"x":403.2905002175573,"y":238.65977366354505,"cluster":1},{"x":107.6439512476925,"y":24.210564573753363,"cluster":1},{"x":405.3901122086472,"y":172.5055837376217,"cluster":1},{"x":257.98512550237524,"y":258.5156846988617,"cluster":1},{"x":343.3027794897265,"y":140.6643029125845,"cluster":1},{"x":215.04770335686482,"y":256.3499858120348,"cluster":1},{"x":25.171283198578546,"y":274.6171636068549,"cluster":1},{"x":325.6069368976209,"y":57.37555731045864,"cluster":1},{"x":83.61653127631688,"y":219.56310579954177,"cluster":1},{"x":286.6894619022994,"y":35.54637769986111,"cluster":1},{"x":191.56923303915585,"y":31.736803448551058,"cluster":1},{"x":226.3793238947317,"y":180.34614769924065,"cluster":1}],"num_clusters":0}