{"title":"uniform-n60-r0-s-500903801721837396160","map_width":500,"map_height":300,"num_leaves":60,"tree":{"leaf":false,"id":118,"left":{"leaf":false,"id":116,"left":{"leaf":false,"id":115,"left":{"leaf":false,"id":62,"left":{"leaf":true,"id":20,"label":"20","site_id":20},"right":{"leaf":true,"id":11,"label":"11","site_id":11}},"right":{"leaf":false,"id":91,"left":{"leaf":true,"id":44,"label":"44","site_id":44},"right":{"leaf":true,"id":21,"label":"21","site_id":21}}},"right":{"leaf":false,"id":114,"left":{"leaf":false,"id":109,"left":{"leaf":false,"id":108,"left":{"leaf":false,"id":106,"left":{"leaf":false,"id":64,"left":{"leaf":true,"id":54,"label":"54","site_id":54},"right":{"leaf":true,"id":7,"label":"7","site_id":7}},"right":{"leaf":true,"id":8,"label":"8","site_id":8}},"right":{"leaf":false,"id":107,"left":{"leaf":true,"id":43,"label":"43","site_id":43},"right":{"leaf":false,"id":104,"left":{"leaf":false,"id":73,"left":{"leaf":true,"id":51,"label":"51","site_id":51},"right":{"leaf":false,"id":65,"left":{"leaf":false,"id":63,"left":{"leaf":true,"id":30,"label":"30","site_id":30},"right":{"leaf":true,"id":19,"label":"19","site_id":19}},"right":{"leaf":true,"id":25,"label":"25","site_id":25}}},"right":{"leaf":false,"id":81,"left":{"leaf":false,"id":79,"left":{"leaf":true,"id":24,"label":"24","site_id":24},"right":{"leaf":true,"id":33,"label":"33","site_id":33}},"right":{"leaf":true,"id":40,"label":"40","site_id":40}}}}},"right":{"leaf":false,"id":98,"left":{"leaf":false,"id":93,"left":{"leaf":true,"id":47,"label":"47","site_id":47},"right":{"leaf":true,"id":5,"label":"5","site_id":5}},"right":{"leaf":false,"id":90,"left":{"leaf":true,"id":37,"label":"37","site_id":37},"right":{"leaf":false,"id":71,"left":{"leaf":true,"id":13,"label":"13","site_id":13},"right":{"leaf":true,"id":6,"label":"6","site_id":6}}}}},"right":{"leaf":false,"id":86,"left":{"leaf":false,"id":77,"left":{"leaf":false,"id":75,"left":{"leaf":true,"id":49,"label":"49","site_id":49},"right":{"leaf":true,"id":48,"label":"48","site_id":48}},"right":{"leaf":false,"id":72,"left":{"leaf":true,"id":27,"label":"27","site_id":27},"right":{"leaf":true,"id":26,"label":"26","site_id":26}}},"right":{"leaf":true,"id":29,"label":"29","site_id":29}}}},"right":{"leaf":false,"id":117,"left":{"leaf":false,"id":113,"left":{"leaf":false,"id":112,"left":{"leaf":false,"id":99,"left":{"leaf":true,"id":59,"label":"59","site_id":59},"right":{"leaf":true,"id":1,"label":"1","site_id":1}},"right":{"leaf":true,"id":58,"label":"58","site_id":58}},"right":{"leaf":false,"id":111,"left":{"leaf":false,"id":103,"left":{"leaf":false,"id":82,"left":{"leaf":true,"id":0,"label":"0","site_id":0},"right":{"leaf":true,"id":4,"label":"4","site_id":4}},"right":{"leaf":false,"id":95,"left":{"leaf":true,"id":16,"label":"16","site_id":16},"right":{"leaf":false,"id":61,"left":{"leaf":true,"id":34,"label":"34","site_id":34},"right":{"leaf":true,"id":38,"label":"38","site_id":38}}}},"right":{"leaf":false,"id":102,"left":{"leaf":true,"id":2,"label":"2","site_id":2},"right":{"leaf":false,"id":87,"left":{"leaf":true,"id":53,"label":"53","site_id":53},"right":{"leaf":false,"id":85,"left":{"leaf":true,"id":50,"label":"50","site_id":50},"right":{"leaf":true,"id":52,"label":"52","site_id":52}}}}}},"right":{"leaf":false,"id":110,"left":{"leaf":false,"id":105,"left":{"leaf":false,"id":66,"left":{"leaf":true,"id":9,"label":"9","site_id":9},"right":{"leaf":true,"id":18,"label":"18","site_id":18}},"right":{"leaf":false,"id":92,"left":{"leaf":true,"id":31,"label":"31","site_id":31},"right":{"leaf":false,"id":74,"left":{"leaf":true,"id":12,"label":"12","site_id":12},"right":{"leaf":true,"id":41,"label":"41","site_id":41}}}},"right":{"leaf":false,"id":101,"left":{"leaf":false,"id":97,"left":{"leaf":false,"id":68,"left":{"leaf":true,"id":17,"label":"17","site_id":17},"right":{"leaf":true,"id":10,"label":"10","site_id":10}},"right":{"leaf":true,"id":35,"label":"35","site_id":35}},"right":{"leaf":false,"id":100,"left":{"leaf":false,"id":96,"left":{"leaf":false,"id":83,"left":{"leaf":true,"id":55,"label":"55","site_id":55},"right":{"leaf":false,"id":70,"left":{"leaf":true,"id":15,"label":"15","site_id":15},"right":{"leaf":true,"id":23,"label":"23","site_id":23}}},"right":{"leaf":false,"id":89,"left":{"leaf":false,"id":84,"left":{"leaf":false,"id":80,"left":{"leaf":false,"id":76,"left":{"leaf":true,"id":56,"label":"56","site_id":56},"right":{"leaf":true,"id":14,"label":"14","site_id":14}},"right":{"leaf":true,"id":32,"label":"32","site_id":32}},"right":{"leaf":true,"id":57,"label":"57","site_id":57}},"right":{"leaf":false,"id":69,"left":{"leaf":true,"id":36,"label":"36","site_id":36},"right":{"leaf":true,"id":45,"label":"45","site_id":45}}}},"right":{"leaf":false,"id":94,"left":{"leaf":false,"id":88,"left":{"leaf":false,"id":67,"left":{"leaf":true,"id":28,"label":"28","site_id":28},"right":{"leaf":false,"id":60,"left":{"leaf":true,"id":3,"label":"3","site_id":3},"right":{"leaf":true,"id":46,"label":"46","site_id":46}}},"right":{"leaf":false,"id":78,"left":{"leaf":true,"id":22,"label":"22","site_id":22},"right":{"leaf":true,"id":39,"label":"39","site_id":39}}},"right":{"leaf":true,"id":42,"label":"42","site_id":42}}}}}}},"num_sites":60,"sites":[{"x":205.56725188794323,"y":164.24446139665577,"cluster":1},{"x":96.70915066081886,"y":132.9779660001624,"cluster":1},{"x":93.59076119623404,"y":24.060310512586874,"cluster":1},{"x":167.99842417460928,"y":195.68619125588816,"cluster":1},{"x":101.03781794623694,"y":105.58632974077118,"cluster":1},{"x":431.17870952106983,"y":197.9967910099005,"cluster":1},{"x":224.48356822770234,"y":165.87531004128653,"cluster":1},{"x":280.1654810282834,"y":32.39180449656949,"cluster":1},{"x":225.69144745783257,"y":123.21163835147208,"cluster":1},{"x":279.9968446393421,"y":269.70397099253955,"cluster":1},{"x":39.23615441435163,"y":258.5592240337669,"cluster":1},{"x":429.316960189234,"y":93.34767734337194,"cluster":1},{"x":257.41740202509175,"y":136.09893297678744,"cluster":1},{"x":274.1608789355563,"y":167.1753732952403,"cluster":1},{"x":129.22344191645485,"y":259.5422189370629,"cluster":1},{"x":20.204754554035993,"y":241.33660282612692,"cluster":1},{"x":323.64771716292944,"y":190.58537310172161,"cluster":1},{"x":243.40906940073225,"y":157.5382524606012,"cluster":1},{"x":217.1449811585081,"y":97.73416909374761,"cluster":1},{"x":202.68383647080168,"y":89.31367708542706,"cluster":1},{"x":470.4327710059047,"y":67.78115077037836,"cluster":1},{"x":172.8431168580841,"y":214.30472428812678,"cluster":1},{"x":321.20155095396944,"y":248.45836380036002,"cluster":1},{"x":21.692683172366173,"y":234.14477021175986,"cluster":1},{"x":406.592082175731,"y":169.21580238618648,"cluster":1},{"x":41.60816174532721,"y":93.30233321172214,"cluster":1},{"x":32.530537015923215,"y":87.69122338156856,"cluster":1},{"x":53.41212386743296,"y":41.20376289042051,"cluster":1},{"x":46.18226060929569,"y":142.23970013168537,"cluster":1},{"x":388.7474457854281,"y":282.10008437571344,"cluster":1},{"x":482.8920905682037,"y":105.88146833367126,"cluster":1},{"x":156.47012540254767,"y":34.47698108731977,"cluster":1},{"x":80.02442909672294,"y":144.20431642698625,"cluster":1},{"x":398.84886318518636,"y":166.32838521736664,"cluster":1},{"x":67.09836467132065,"y":89.12224694656426,"cluster":1},{"x":174.55939083244775,"y":274.3232579933199,"cluster":1},{"x":44.53332297317237,"y":261.94449777694854,"cluster":1},{"x":287.60057072356034,"y":83.79135846295839,"cluster":1},{"x":482.177980553955,"y":22.949558839970617,"cluster":1},{"x":324.3352703027905,"y":212.53811782357474,"cluster":1},{"x":403.59016510221835,"y":150.58640781085958,"cluster":1},{"x":314.8728138354417,"y":234.7699451938326,"cluster":1},{"x":282.7678849952248,"y":281.54045367152366,"cluster":1},{"x":469.96084807748804,"y":181.87042418826505,"cluster":1},{"x":236.70156211400192,"y":213.20440201619616,"cluster":1},{"x":150.44322559711208,"y":284.41426190115516,"cluster":1},{"x":269.72484559635643,"y":162.58450137338082,"cluster":1},{"x":423.1666876057893,"y":154.63998964286307,"cluster":1},{"x":104.18660658032299,"y":40.350375282506086,"cluster":1},{"x":84.98271719958532,"y":50.6235919643206,"cluster":1},{"x":26.44870646746145,"y":105.60184620745098,"cluster":1},{"x":235.1922070162945,"y":112.60462391531998,"cluster":1},{"x":37.634406577455366,"y":155.9789433281698,"cluster":1},{"x":56.41917129302139,"y":118.31250564657432,"cluster":1},{"x":284.9096476662794,"y":38.98142347383863,"cluster":1},{"x":34.475981339080676,"y":227.72492228760402,"cluster":1},{"x":111.37408374616268,"y":223.7920051610512,"cluster":1},{"x":99.29617234692014,"y":208.46153933422428,"cluster":1},{"x":70.87160243054353,"y":138.5126451276175,"cluster":1},{"x":21.462164454815717,"y":200.9754184799272,"cluster":1}],"num_clusters":0}