{"title":"uniform-n20-r0-s-494293866278120506320","map_width":500,"map_height":300,"num_leaves":20,"tree":{"leaf":false,"id":38,"left":{"leaf":false,"id":36,"left":{"leaf":false,"id":25,"left":{"leaf":true,"id":13,"label":"13","site_id":13},"right":{"leaf":true,"id":10,"label":"10","site_id":10}},"right":{"leaf":false,"id":34,"left":{"leaf":true,"id":19,"label":"19","site_id":19},"right":{"leaf":false,"id":30,"left":{"leaf":true,"id":15,"label":"15","site_id":15},"right":{"leaf":true,"id":17,"label":"17","site_id":17}}}},"right":{"leaf":false,"id":37,"left":{"leaf":false,"id":33,"left":{"leaf":false,"id":31,"left":{"leaf":true,"id":18,"label":"18","site_id":18},"right":{"leaf":false,"id":27,"left":{"leaf":false,"id":24,"left":{"leaf":true,"id":4,"label":"4","site_id":4},"right":{"leaf":true,"id":7,"label":"7","site_id":7}},"right":{"leaf":false,"id":26,"left":{"leaf":true,"id":6,"label":"6","site_id":6},"right":{"leaf":true,"id":2,"label":"2","site_id":2}}}},"right":{"leaf":true,"id":0,"label":"0","site_id":0}},"right":{"leaf":false,"id":35,"left":{"leaf":false,"id":29,"left":{"leaf":false,"id":28,"left":{"leaf":true,"id":12,"label":"12","site_id":12},"right":{"leaf":false,"id":23,"left":{"leaf":true,"id":16,"label":"16","site_id":16},"right":{"leaf":false,"id":21,"left":{"leaf":true,"id":14,"label":"14","site_id":14},"right":{"leaf":true,"id":3,"label":"3","site_id":3}}}},"right":{"leaf":true,"id":9,"label":"9","site_id":9}},"right":{"leaf":false,"id":32,"left":{"leaf":false,"id":22,"left":{"leaf":true,"id":11,"label":"11","site_id":11},"right":{"leaf":true,"id":1,"label":"1","site_id":1}},"right":{"leaf":false,"id":20,"left":{"leaf":true,"id":5,"label":"5","site_id":5},"right":{"leaf":true,"id":8,"label":"8","site_id":8}}}}}},"num_sites":20,"sites":[{"x":367.1763124615909,"y":235.2639575574524,"cluster":1},{"x":334.2903182214102,"y":31.827288713074324,"cluster":1},{"x":100.61083744718746,"y":50.26427769464546,"cluster":1},{"x":214.02626437229415,"y":218.35442487148202,"cluster":1},{"x":112.94047013805174,"y":190.54651202194933,"cluster":1},{"x":364.49262023090006,"y":151.80657883675684,"cluster":1},{"x":194.446448142921,"y":266.99380095074866,"cluster":1},{"x":105.68070672018366,"y":176.00426570092074,"cluster":1},{"x":367.8897571608474,"y":136.45572068553207,"cluster":1},{"x":356.9683984093586,"y":170.89516309618338,"cluster":1},{"x":418.6367610419715,"y":77.12111212501989,"cluster":1},{"x":80.15732792438216,"y":147.0411706636313,"cluster":1},{"x":479.97412397276815,"y":193.94553784935863,"cluster":1},{"x":409.19904313722736,"y":73.6744892715659,"cluster":1},{"x":227.98667439582098,"y":73.99157845834247,"cluster":1},{"x":193.8496137194005,"y":16.738301334170732,"cluster":1},{"x":268.21332410459115,"y":20.827117347946476,"cluster":1},{"x":420.3031180747698,"y":103.70870971613228,"cluster":1},{"x":357.57578533976374,"y":216.10137899213373,"cluster":1},{"x":396.1021164305292,"y":137.06280184215336,"cluster":1}],"num_clusters":0}