{"title":"uniform-n50-r9-s-215991700051342055150","map_width":500,"map_height":300,"num_leaves":50,"tree":{"leaf":false,"id":98,"left":{"leaf":false,"id":97,"left":{"leaf":false,"id":96,"left":{"leaf":false,"id":62,"left":{"leaf":true,"id":26,"label":"26","site_id":26},"right":{"leaf":true,"id":18,"label":"18","site_id":18}},"right":{"leaf":false,"id":95,"left":{"leaf":false,"id":90,"left":{"leaf":false,"id":74,"left":{"leaf":false,"id":73,"left":{"leaf":false,"id":51,"left":{"leaf":true,"id":1,"label":"1","site_id":1},"right":{"leaf":false,"id":50,"left":{"leaf":true,"id":49,"label":"49","site_id":49},"right":{"leaf":true,"id":0,"label":"0","site_id":0}}},"right":{"leaf":true,"id":29,"label":"29","site_id":29}},"right":{"leaf":true,"id":38,"label":"38","site_id":38}},"right":{"leaf":false,"id":65,"left":{"leaf":true,"id":47,"label":"47","site_id":47},"right":{"leaf":true,"id":10,"label":"10","site_id":10}}},"right":{"leaf":false,"id":93,"left":{"leaf":false,"id":92,"left":{"leaf":false,"id":88,"left":{"leaf":true,"id":28,"label":"28","site_id":28},"right":{"leaf":false,"id":70,"left":{"leaf":true,"id":7,"label":"7","site_id":7},"right":{"leaf":false,"id":54,"left":{"leaf":false,"id":53,"left":{"leaf":true,"id":24,"label":"24","site_id":24},"right":{"leaf":true,"id":32,"label":"32","site_id":32}},"right":{"leaf":true,"id":34,"label":"34","site_id":34}}}},"right":{"leaf":false,"id":85,"left":{"leaf":false,"id":69,"left":{"leaf":false,"id":67,"left":{"leaf":false,"id":60,"left":{"leaf":true,"id":25,"label":"25","site_id":25},"right":{"leaf":true,"id":42,"label":"42","site_id":42}},"right":{"leaf":true,"id":45,"label":"45","site_id":45}},"right":{"leaf":true,"id":17,"label":"17","site_id":17}},"right":{"leaf":true,"id":31,"label":"31","site_id":31}}},"right":{"leaf":false,"id":91,"left":{"leaf":false,"id":82,"left":{"leaf":true,"id":12,"label":"12","site_id":12},"right":{"leaf":true,"id":14,"label":"14","site_id":14}},"right":{"leaf":false,"id":83,"left":{"leaf":true,"id":2,"label":"2","site_id":2},"right":{"leaf":false,"id":79,"left":{"leaf":true,"id":15,"label":"15","site_id":15},"right":{"leaf":false,"id":66,"left":{"leaf":true,"id":48,"label":"48","site_id":48},"right":{"leaf":true,"id":43,"label":"43","site_id":43}}}}}}}},"right":{"leaf":false,"id":94,"left":{"leaf":false,"id":81,"left":{"leaf":false,"id":80,"left":{"leaf":false,"id":75,"left":{"leaf":true,"id":11,"label":"11","site_id":11},"right":{"leaf":false,"id":58,"left":{"leaf":false,"id":57,"left":{"leaf":true,"id":36,"label":"36","site_id":36},"right":{"leaf":true,"id":22,"label":"22","site_id":22}},"right":{"leaf":true,"id":3,"label":"3","site_id":3}}},"right":{"leaf":false,"id":64,"left":{"leaf":false,"id":63,"left":{"leaf":true,"id":30,"label":"30","site_id":30},"right":{"leaf":true,"id":4,"label":"4","site_id":4}},"right":{"leaf":true,"id":21,"label":"21","site_id":21}}},"right":{"leaf":true,"id":40,"label":"40","site_id":40}},"right":{"leaf":false,"id":61,"left":{"leaf":false,"id":52,"left":{"leaf":true,"id":8,"label":"8","site_id":8},"right":{"leaf":true,"id":5,"label":"5","site_id":5}},"right":{"leaf":true,"id":23,"label":"23","site_id":23}}}},"right":{"leaf":false,"id":89,"left":{"leaf":false,"id":87,"left":{"leaf":true,"id":46,"label":"46","site_id":46},"right":{"leaf":false,"id":86,"left":{"leaf":true,"id":39,"label":"39","site_id":39},"right":{"leaf":false,"id":84,"left":{"leaf":false,"id":77,"left":{"leaf":false,"id":72,"left":{"leaf":false,"id":68,"left":{"leaf":true,"id":33,"label":"33","site_id":33},"right":{"leaf":true,"id":44,"label":"44","site_id":44}},"right":{"leaf":true,"id":20,"label":"20","site_id":20}},"right":{"leaf":false,"id":59,"left":{"leaf":false,"id":56,"left":{"leaf":false,"id":55,"left":{"leaf":true,"id":16,"label":"16","site_id":16},"right":{"leaf":true,"id":6,"label":"6","site_id":6}},"right":{"leaf":true,"id":9,"label":"9","site_id":9}},"right":{"leaf":true,"id":13,"label":"13","site_id":13}}},"right":{"leaf":false,"id":71,"left":{"leaf":true,"id":19,"label":"19","site_id":19},"right":{"leaf":true,"id":27,"label":"27","site_id":27}}}}},"right":{"leaf":false,"id":78,"left":{"leaf":true,"id":41,"label":"41","site_id":41},"right":{"leaf":false,"id":76,"left":{"leaf":true,"id":37,"label":"37","site_id":37},"right":{"leaf":true,"id":35,"label":"35","site_id":35}}}}},"num_sites":50,"sites":[{"x":188.41082708449184,"y":152.36556772460824,"cluster":1},{"x":212.53173004366272,"y":278.20473115560463,"cluster":1},{"x":105.53064408707684,"y":138.68043478994423,"cluster":1},{"x":57.320867875437685,"y":158.32011698052114,"cluster":1},{"x":322.381895154411,"y":157.17678109093603,"cluster":1},{"x":119.78839030586089,"y":221.64034771300496,"cluster":1},{"x":75.9113360806005,"y":204.5599775795839,"cluster":1},{"x":324.550412833167,"y":151.64903706127683,"cluster":1},{"x":121.27268142733257,"y":212.10116312995953,"cluster":1},{"x":249.84112946894905,"y":134.25971836446877,"cluster":1},{"x":161.34923067328094,"y":257.27936790805563,"cluster":1},{"x":266.5303845404982,"y":158.3146594708139,"cluster":1},{"x":304.65190674517976,"y":166.77956148783267,"cluster":1},{"x":72.36763301735093,"y":228.6492449657757,"cluster":1},{"x":342.29434250929603,"y":119.22040398613187,"cluster":1},{"x":376.2702787977988,"y":152.90318022339952,"cluster":1},{"x":305.08832999147205,"y":47.77248772525934,"cluster":1},{"x":105.78452867271515,"y":256.14079860352024,"cluster":1},{"x":465.58252570432046,"y":44.30258858199267,"cluster":1},{"x":397.595406118866,"y":24.910916988499878,"cluster":1},{"x":307.08353686038714,"y":107.84127663190363,"cluster":1},{"x":236.14765476128264,"y":264.6327702920262,"cluster":1},{"x":232.35361756416486,"y":41.02133573247915,"cluster":1},{"x":329.06268417425935,"y":231.13773377659345,"cluster":1},{"x":478.7701697790544,"y":168.6709766765809,"cluster":1},{"x":390.097055946862,"y":258.8274567157795,"cluster":1},{"x":334.2622295568796,"y":22.97088256572113,"cluster":1},{"x":290.88606001861774,"y":24.227436710193402,"cluster":1},{"x":49.30537930742251,"y":59.496020378710845,"cluster":1},{"x":251.6515711340231,"y":244.7208360892871,"cluster":1},{"x":164.66124687993755,"y":58.06283482412756,"cluster":1},{"x":468.4263577465526,"y":37.94083837999747,"cluster":1},{"x":412.38918104128123,"y":51.58947092358943,"cluster":1},{"x":470.1575369232624,"y":47.6805166267792,"cluster":1},{"x":338.93740636396285,"y":55.15142052184451,"cluster":1},{"x":113.30004081658849,"y":147.24766404290818,"cluster":1},{"x":404.19633485360663,"y":250.94796298508183,"cluster":1},{"x":45.678926510297636,"y":184.27621335815851,"cluster":1},{"x":168.63827926806692,"y":180.03581478729654,"cluster":1},{"x":253.75554043319332,"y":268.9007972536741,"cluster":1},{"x":47.85459792337596,"y":154.23340635591995,"cluster":1},{"x":68.71523730607394,"y":165.03448984714777,"cluster":1},{"x":480.42472267041256,"y":243.34139249501393,"cluster":1},{"x":40.46830764542602,"y":166.91119737732956,"cluster":1},{"x":180.68422739442028,"y":128.6864717777649,"cluster":1},{"x":414.0072697790793,"y":262.0058727553499,"cluster":1},{"x":123.7878072122565,"y":106.21983627588381,"cluster":1},{"x":233.22560335855397,"y":217.13627206328374,"cluster":1},{"x":50.38009952685021,"y":189.52720128796878,"cluster":1},{"x":73.55947637985078,"y":279.8432132989449,"cluster":1}],"num_clusters":0}