{"title":"uniform-n30-r4-s694116928443858164730","map_width":500,"map_height":300,"num_leaves":30,"tree":{"leaf":false,"id":58,"left":{"leaf":false,"id":57,"left":{"leaf":false,"id":53,"left":{"leaf":false,"id":51,"left":{"leaf":false,"id":49,"left":{"leaf":true,"id":26,"label":"26","site_id":26},"right":{"leaf":false,"id":34,"left":{"leaf":true,"id":15,"label":"15","site_id":15},"right":{"leaf":true,"id":21,"label":"21","site_id":21}}},"right":{"leaf":false,"id":36,"left":{"leaf":true,"id":5,"label":"5","site_id":5},"right":{"leaf":true,"id":6,"label":"6","site_id":6}}},"right":{"leaf":false,"id":48,"left":{"leaf":false,"id":46,"left":{"leaf":false,"id":32,"left":{"leaf":true,"id":0,"label":"0","site_id":0},"right":{"leaf":true,"id":2,"label":"2","site_id":2}},"right":{"leaf":false,"id":42,"left":{"leaf":true,"id":28,"label":"28","site_id":28},"right":{"leaf":true,"id":19,"label":"19","site_id":19}}},"right":{"leaf":false,"id":39,"left":{"leaf":true,"id":4,"label":"4","site_id":4},"right":{"leaf":true,"id":11,"label":"11","site_id":11}}}},"right":{"leaf":false,"id":31,"left":{"leaf":true,"id":13,"label":"13","site_id":13},"right":{"leaf":true,"id":7,"label":"7","site_id":7}}},"right":{"leaf":false,"id":56,"left":{"leaf":false,"id":52,"left":{"leaf":false,"id":50,"left":{"leaf":true,"id":10,"label":"10","site_id":10},"right":{"leaf":true,"id":12,"label":"12","site_id":12}},"right":{"leaf":false,"id":41,"left":{"leaf":false,"id":38,"left":{"leaf":false,"id":30,"left":{"leaf":true,"id":1,"label":"1","site_id":1},"right":{"leaf":true,"id":9,"label":"9","site_id":9}},"right":{"leaf":true,"id":22,"label":"22","site_id":22}},"right":{"leaf":true,"id":17,"label":"17","site_id":17}}},"right":{"leaf":false,"id":55,"left":{"leaf":false,"id":54,"left":{"leaf":true,"id":29,"label":"29","site_id":29},"right":{"leaf":false,"id":47,"left":{"leaf":true,"id":24,"label":"24","site_id":24},"right":{"leaf":false,"id":45,"left":{"leaf":false,"id":44,"left":{"leaf":false,"id":37,"left":{"leaf":true,"id":16,"label":"16","site_id":16},"right":{"leaf":true,"id":25,"label":"25","site_id":25}},"right":{"leaf":false,"id":35,"left":{"leaf":true,"id":23,"label":"23","site_id":23},"right":{"leaf":true,"id":27,"label":"27","site_id":27}}},"right":{"leaf":false,"id":43,"left":{"leaf":true,"id":20,"label":"20","site_id":20},"right":{"leaf":true,"id":14,"label":"14","site_id":14}}}}},"right":{"leaf":false,"id":40,"left":{"leaf":true,"id":3,"label":"3","site_id":3},"right":{"leaf":false,"id":33,"left":{"leaf":true,"id":18,"label":"18","site_id":18},"right":{"leaf":true,"id":8,"label":"8","site_id":8}}}}}},"num_sites":30,"sites":[{"x":71.83063786351411,"y":195.86426033978506,"cluster":1},{"x":270.191162170961,"y":78.98592936161486,"cluster":1},{"x":44.62821400571975,"y":252.6745199814066,"cluster":1},{"x":350.78014176287655,"y":73.01325473376414,"cluster":1},{"x":123.09301103966943,"y":260.1546541912652,"cluster":1},{"x":182.82596055318342,"y":207.1520196065535,"cluster":1},{"x":78.45845743148061,"y":63.18052103749655,"cluster":1},{"x":195.94769029689957,"y":154.90456035050332,"cluster":1},{"x":220.21114057948074,"y":175.27541018058798,"cluster":1},{"x":261.15951812488913,"y":137.07954077691195,"cluster":1},{"x":316.74991957147114,"y":251.9064176891879,"cluster":1},{"x":70.25694156393712,"y":284.01133799748965,"cluster":1},{"x":444.3770591885095,"y":277.8040782230961,"cluster":1},{"x":285.70602975835106,"y":97.32597428354107,"cluster":1},{"x":345.8157118009838,"y":79.65209170107265,"cluster":1},{"x":113.05342935347868,"y":83.75025564454408,"cluster":1},{"x":42.3900633318263,"y":272.5101033432696,"cluster":1},{"x":202.80219288348886,"y":262.4376633155171,"cluster":1},{"x":450.26468125424617,"y":143.75769349535167,"cluster":1},{"x":173.08087936715071,"y":24.041055146127043,"cluster":1},{"x":322.9966322131829,"y":71.11815343216543,"cluster":1},{"x":209.3984216035048,"y":27.36895890291681,"cluster":1},{"x":173.05997530959098,"y":143.8380702672637,"cluster":1},{"x":461.1065562392455,"y":107.12508970614381,"cluster":1},{"x":181.0654294277429,"y":235.1056163564185,"cluster":1},{"x":445.73173509607943,"y":49.548382174795,"cluster":1},{"x":97.99283950623042,"y":22.256857186125654,"cluster":1},{"x":168.3258972079311,"y":238.96840237864083,"cluster":1},{"x":34.24109669527341,"y":206.72547739303693,"cluster":1},{"x":259.03047402946663,"y":160.46869082678887,"cluster":1}],"num_clusters":0}