{"title":"uniform-n95-r4-s811605187336870327095","map_width":500,"map_height":300,"num_leaves":95,"tree":{"leaf":false,"id":188,"left":{"leaf":false,"id":187,"left":{"leaf":false,"id":183,"left":{"leaf":false,"id":177,"left":{"leaf":false,"id":151,"left":{"leaf":false,"id":143,"left":{"leaf":true,"id":33,"label":"33","site_id":33},"right":{"leaf":true,"id":50,"label":"50","site_id":50}},"right":{"leaf":false,"id":106,"left":{"leaf":true,"id":43,"label":"43","site_id":43},"right":{"leaf":true,"id":4,"label":"4","site_id":4}}},"right":{"leaf":false,"id":170,"left":{"leaf":false,"id":166,"left":{"leaf":false,"id":164,"left":{"leaf":true,"id":57,"label":"57","site_id":57},"right":{"leaf":false,"id":155,"left":{"leaf":true,"id":30,"label":"30","site_id":30},"right":{"leaf":true,"id":36,"label":"36","site_id":36}}},"right":{"leaf":true,"id":18,"label":"18","site_id":18}},"right":{"leaf":false,"id":156,"left":{"leaf":false,"id":96,"left":{"leaf":true,"id":15,"label":"15","site_id":15},"right":{"leaf":true,"id":80,"label":"80","site_id":80}},"right":{"leaf":false,"id":130,"left":{"leaf":true,"id":41,"label":"41","site_id":41},"right":{"leaf":true,"id":21,"label":"21","site_id":21}}}}},"right":{"leaf":false,"id":129,"left":{"leaf":true,"id":26,"label":"26","site_id":26},"right":{"leaf":true,"id":40,"label":"40","site_id":40}}},"right":{"leaf":false,"id":186,"left":{"leaf":false,"id":184,"left":{"leaf":false,"id":167,"left":{"leaf":false,"id":141,"left":{"leaf":true,"id":3,"label":"3","site_id":3},"right":{"leaf":false,"id":139,"left":{"leaf":true,"id":60,"label":"60","site_id":60},"right":{"leaf":true,"id":22,"label":"22","site_id":22}}},"right":{"leaf":true,"id":69,"label":"69","site_id":69}},"right":{"leaf":false,"id":179,"left":{"leaf":false,"id":174,"left":{"leaf":false,"id":138,"left":{"leaf":true,"id":87,"label":"87","site_id":87},"right":{"leaf":true,"id":20,"label":"20","site_id":20}},"right":{"leaf":true,"id":48,"label":"48","site_id":48}},"right":{"leaf":false,"id":176,"left":{"leaf":false,"id":124,"left":{"leaf":true,"id":74,"label":"74","site_id":74},"right":{"leaf":true,"id":62,"label":"62","site_id":62}},"right":{"leaf":false,"id":135,"left":{"leaf":false,"id":117,"left":{"leaf":true,"id":7,"label":"7","site_id":7},"right":{"leaf":false,"id":95,"left":{"leaf":true,"id":85,"label":"85","site_id":85},"right":{"leaf":true,"id":2,"label":"2","site_id":2}}},"right":{"leaf":false,"id":119,"left":{"leaf":false,"id":110,"left":{"leaf":true,"id":44,"label":"44","site_id":44},"right":{"leaf":true,"id":6,"label":"6","site_id":6}},"right":{"leaf":false,"id":99,"left":{"leaf":true,"id":47,"label":"47","site_id":47},"right":{"leaf":true,"id":86,"label":"86","site_id":86}}}}}}},"right":{"leaf":false,"id":185,"left":{"leaf":false,"id":182,"left":{"leaf":false,"id":181,"left":{"leaf":false,"id":180,"left":{"leaf":false,"id":168,"left":{"leaf":false,"id":152,"left":{"leaf":true,"id":77,"label":"77","site_id":77},"right":{"leaf":false,"id":146,"left":{"leaf":true,"id":13,"label":"13","site_id":13},"right":{"leaf":false,"id":127,"left":{"leaf":false,"id":115,"left":{"leaf":true,"id":70,"label":"70","site_id":70},"right":{"leaf":true,"id":84,"label":"84","site_id":84}},"right":{"leaf":true,"id":34,"label":"34","site_id":34}}}},"right":{"leaf":false,"id":157,"left":{"leaf":false,"id":120,"left":{"leaf":false,"id":118,"left":{"leaf":true,"id":12,"label":"12","site_id":12},"right":{"leaf":true,"id":82,"label":"82","site_id":82}},"right":{"leaf":true,"id":19,"label":"19","site_id":19}},"right":{"leaf":true,"id":17,"label":"17","site_id":17}}},"right":{"leaf":false,"id":159,"left":{"leaf":false,"id":128,"left":{"leaf":false,"id":123,"left":{"leaf":true,"id":78,"label":"78","site_id":78},"right":{"leaf":true,"id":14,"label":"14","site_id":14}},"right":{"leaf":true,"id":35,"label":"35","site_id":35}},"right":{"leaf":false,"id":132,"left":{"leaf":false,"id":102,"left":{"leaf":true,"id":49,"label":"49","site_id":49},"right":{"leaf":true,"id":79,"label":"79","site_id":79}},"right":{"leaf":true,"id":24,"label":"24","site_id":24}}}},"right":{"leaf":false,"id":172,"left":{"leaf":true,"id":28,"label":"28","site_id":28},"right":{"leaf":false,"id":169,"left":{"leaf":false,"id":160,"left":{"leaf":true,"id":64,"label":"64","site_id":64},"right":{"leaf":true,"id":92,"label":"92","site_id":92}},"right":{"leaf":false,"id":158,"left":{"leaf":false,"id":142,"left":{"leaf":false,"id":133,"left":{"leaf":true,"id":1,"label":"1","site_id":1},"right":{"leaf":true,"id":11,"label":"11","site_id":11}},"right":{"leaf":false,"id":113,"left":{"leaf":true,"id":81,"label":"81","site_id":81},"right":{"leaf":true,"id":16,"label":"16","site_id":16}}},"right":{"leaf":true,"id":56,"label":"56","site_id":56}}}}},"right":{"leaf":false,"id":154,"left":{"leaf":false,"id":148,"left":{"leaf":true,"id":63,"label":"63","site_id":63},"right":{"leaf":false,"id":111,"left":{"leaf":true,"id":61,"label":"61","site_id":61},"right":{"leaf":true,"id":23,"label":"23","site_id":23}}},"right":{"leaf":false,"id":147,"left":{"leaf":false,"id":140,"left":{"leaf":false,"id":108,"left":{"leaf":true,"id":10,"label":"10","site_id":10},"right":{"leaf":true,"id":65,"label":"65","site_id":65}},"right":{"leaf":true,"id":59,"label":"59","site_id":59}},"right":{"leaf":true,"id":25,"label":"25","site_id":25}}}},"right":{"leaf":false,"id":178,"left":{"leaf":false,"id":171,"left":{"leaf":false,"id":162,"left":{"leaf":true,"id":42,"label":"42","site_id":42},"right":{"leaf":true,"id":71,"label":"71","site_id":71}},"right":{"leaf":false,"id":149,"left":{"leaf":false,"id":134,"left":{"leaf":false,"id":103,"left":{"leaf":true,"id":72,"label":"72","site_id":72},"right":{"leaf":true,"id":55,"label":"55","site_id":55}},"right":{"leaf":false,"id":121,"left":{"leaf":true,"id":66,"label":"66","site_id":66},"right":{"leaf":true,"id":93,"label":"93","site_id":93}}},"right":{"leaf":true,"id":32,"label":"32","site_id":32}}},"right":{"leaf":false,"id":175,"left":{"leaf":false,"id":145,"left":{"leaf":false,"id":144,"left":{"leaf":false,"id":122,"left":{"leaf":false,"id":98,"left":{"leaf":true,"id":83,"label":"83","site_id":83},"right":{"leaf":true,"id":94,"label":"94","site_id":94}},"right":{"leaf":true,"id":5,"label":"5","site_id":5}},"right":{"leaf":true,"id":90,"label":"90","site_id":90}},"right":{"leaf":false,"id":126,"left":{"leaf":true,"id":54,"label":"54","site_id":54},"right":{"leaf":true,"id":45,"label":"45","site_id":45}}},"right":{"leaf":false,"id":163,"left":{"leaf":false,"id":161,"left":{"leaf":true,"id":37,"label":"37","site_id":37},"right":{"leaf":false,"id":153,"left":{"leaf":false,"id":137,"left":{"leaf":false,"id":100,"left":{"leaf":true,"id":51,"label":"51","site_id":51},"right":{"leaf":true,"id":38,"label":"38","site_id":38}},"right":{"leaf":false,"id":136,"left":{"leaf":false,"id":116,"left":{"leaf":false,"id":107,"left":{"leaf":true,"id":9,"label":"9","site_id":9},"right":{"leaf":false,"id":104,"left":{"leaf":true,"id":0,"label":"0","site_id":0},"right":{"leaf":true,"id":8,"label":"8","site_id":8}}},"right":{"leaf":true,"id":91,"label":"91","site_id":91}},"right":{"leaf":false,"id":114,"left":{"leaf":false,"id":105,"left":{"leaf":true,"id":73,"label":"73","site_id":73},"right":{"leaf":true,"id":27,"label":"27","site_id":27}},"right":{"leaf":false,"id":112,"left":{"leaf":true,"id":58,"label":"58","site_id":58},"right":{"leaf":false,"id":101,"left":{"leaf":true,"id":68,"label":"68","site_id":68},"right":{"leaf":true,"id":88,"label":"88","site_id":88}}}}}},"right":{"leaf":true,"id":53,"label":"53","site_id":53}}},"right":{"leaf":false,"id":109,"left":{"leaf":true,"id":39,"label":"39","site_id":39},"right":{"leaf":true,"id":89,"label":"89","site_id":89}}}}}}}},"right":{"leaf":false,"id":173,"left":{"leaf":false,"id":150,"left":{"leaf":true,"id":31,"label":"31","site_id":31},"right":{"leaf":false,"id":125,"left":{"leaf":true,"id":75,"label":"75","site_id":75},"right":{"leaf":false,"id":97,"left":{"leaf":true,"id":67,"label":"67","site_id":67},"right":{"leaf":true,"id":52,"label":"52","site_id":52}}}},"right":{"leaf":false,"id":165,"left":{"leaf":false,"id":131,"left":{"leaf":true,"id":29,"label":"29","site_id":29},"right":{"leaf":true,"id":76,"label":"76","site_id":76}},"right":{"leaf":true,"id":46,"label":"46","site_id":46}}}},"num_sites":95,"sites":[{"x":158.85095551748591,"y":144.80458485990044,"cluster":1},{"x":438.3487968752422,"y":269.31783398073173,"cluster":1},{"x":181.685944589897,"y":136.07665338315263,"cluster":1},{"x":236.1860134734071,"y":191.6597266279312,"cluster":1},{"x":452.6628716420671,"y":47.62542004288446,"cluster":1},{"x":245.6609207278304,"y":264.95040029725925,"cluster":1},{"x":230.09225566752713,"y":19.24408023457386,"cluster":1},{"x":15.917235524832435,"y":201.6134657005965,"cluster":1},{"x":456.5475735450896,"y":282.06190869377053,"cluster":1},{"x":254.3602296431303,"y":157.4463119642413,"cluster":1},{"x":100.82009556493456,"y":157.6782309251897,"cluster":1},{"x":368.03834761505016,"y":272.1436096966974,"cluster":1},{"x":145.5533975161022,"y":197.55859833142927,"cluster":1},{"x":24.218754082917997,"y":124.7209631340644,"cluster":1},{"x":70.4156723854781,"y":30.120937402953352,"cluster":1},{"x":386.5726556028506,"y":251.1248406303663,"cluster":1},{"x":393.7666273142903,"y":256.7346554601879,"cluster":1},{"x":154.25763006261005,"y":51.74072275640547,"cluster":1},{"x":92.325344853818,"y":227.82055680580655,"cluster":1},{"x":99.19044860485754,"y":209.8150204248855,"cluster":1},{"x":215.3860508142614,"y":93.3151663619958,"cluster":1},{"x":171.36040287112678,"y":75.23464612833274,"cluster":1},{"x":113.40924669359373,"y":131.49006445437763,"cluster":1},{"x":220.95830538472964,"y":251.65336842155995,"cluster":1},{"x":142.04042808954682,"y":125.29766329469955,"cluster":1},{"x":123.38097158954928,"y":214.10484861010357,"cluster":1},{"x":296.13626693542244,"y":125.24664655320437,"cluster":1},{"x":37.93686246015929,"y":226.91652912344986,"cluster":1},{"x":307.47455136514657,"y":239.72394515659755,"cluster":1},{"x":449.04012156399966,"y":200.7269997652011,"cluster":1},{"x":126.86032329153423,"y":49.658665474668744,"cluster":1},{"x":382.0852622583709,"y":183.09512785292472,"cluster":1},{"x":479.2217903781375,"y":147.3434476062525,"cluster":1},{"x":422.6690035223578,"y":39.327744853465425,"cluster":1},{"x":202.8577662926265,"y":18.085901378418562,"cluster":1},{"x":273.98816742495154,"y":23.229051439396713,"cluster":1},{"x":101.25422726042798,"y":148.1579712936675,"cluster":1},{"x":133.0920448624728,"y":191.4884268358657,"cluster":1},{"x":347.8312180693228,"y":283.24327696028064,"cluster":1},{"x":182.20464318073599,"y":100.37451383184492,"cluster":1},{"x":460.6116832451109,"y":118.25248730009552,"cluster":1},{"x":316.5570858004423,"y":139.29226168592726,"cluster":1},{"x":425.1227791074608,"y":181.98425294764033,"cluster":1},{"x":435.0822645448201,"y":42.58559072985654,"cluster":1},{"x":49.845535657119626,"y":68.65408138505802,"cluster":1},{"x":74.92368655132088,"y":178.7321063066315,"cluster":1},{"x":149.22246379385638,"y":82.79593431455271,"cluster":1},{"x":44.99738496618584,"y":154.77752597911484,"cluster":1},{"x":164.61333045296416,"y":24.461341043787712,"cluster":1},{"x":147.82056046904867,"y":23.49601568382485,"cluster":1},{"x":423.657923419356,"y":67.99820580431293,"cluster":1},{"x":382.48247664312527,"y":91.33889622416254,"cluster":1},{"x":293.26009927556896,"y":279.98629324177676,"cluster":1},{"x":254.98306180909435,"y":16.747851286016743,"cluster":1},{"x":390.8513209575961,"y":220.13905139718577,"cluster":1},{"x":395.20146856762904,"y":90.85988224963738,"cluster":1},{"x":102.7222006950275,"y":183.15107814189736,"cluster":1},{"x":292.4816655317408,"y":16.02001865385379,"cluster":1},{"x":477.02926571004895,"y":159.57816508706216,"cluster":1},{"x":264.23410813243186,"y":141.84382805067605,"cluster":1},{"x":32.58989925553607,"y":149.8816175650322,"cluster":1},{"x":212.77183671909802,"y":137.75115043237312,"cluster":1},{"x":427.63014277228325,"y":75.76922944587534,"cluster":1},{"x":146.66430940181294,"y":66.7403649285009,"cluster":1},{"x":366.2398746211828,"y":254.1771020659326,"cluster":1},{"x":407.28653650603854,"y":118.10644641987965,"cluster":1},{"x":408.6944140108219,"y":141.36940770480692,"cluster":1},{"x":298.8448443680351,"y":267.54045374126554,"cluster":1},{"x":33.56490979983123,"y":42.418736813792236,"cluster":1},{"x":101.99322854815607,"y":94.20716646554769,"cluster":1},{"x":123.96364287575598,"y":61.49700799181729,"cluster":1},{"x":87.68305973556483,"y":267.18326903884247,"cluster":1},{"x":327.4257570360947,"y":143.83994193476263,"cluster":1},{"x":466.50582651454755,"y":101.99003033591848,"cluster":1},{"x":353.3359885484101,"y":41.44053987663158,"cluster":1},{"x":481.43877611307767,"y":223.46177694181415,"cluster":1},{"x":59.94590297539651,"y":283.3368083438368,"cluster":1},{"x":187.59682719434096,"y":70.67357782584017,"cluster":1},{"x":112.3142677653015,"y":245.06007758526758,"cluster":1},{"x":182.97449320741526,"y":175.0717272454214,"cluster":1},{"x":421.47811652205036,"y":26.448847094282556,"cluster":1},{"x":389.2306197203018,"y":264.3079103606442,"cluster":1},{"x":63.82364720129124,"y":182.60944788290107,"cluster":1},{"x":131.32396222991036,"y":271.57291334987474,"cluster":1},{"x":109.25134436015135,"y":163.4580668807048,"cluster":1},{"x":74.56500100621739,"y":61.61193676094833,"cluster":1},{"x":44.27093240827971,"y":148.54271910329888,"cluster":1},{"x":201.94475547163566,"y":62.69916803738742,"cluster":1},{"x":135.8114260760933,"y":184.01322988504685,"cluster":1},{"x":163.77394205060543,"y":258.66408255221705,"cluster":1},{"x":238.17950213898536,"y":252.63289960249233,"cluster":1},{"x":224.12665767628647,"y":167.61402288951018,"cluster":1},{"x":166.48146232323464,"y":165.4837154018659,"cluster":1},{"x":333.5731314119989,"y":206.99012025308699,"cluster":1},{"x":153.00651086490316,"y":247.9084409853472,"cluster":1}],"num_clusters":0}