{"title":"uniform-n40-r4-s748882859483842523140","map_width":500,"map_height":300,"num_leaves":40,"tree":{"leaf":false,"id":78,"left":{"leaf":false,"id":77,"left":{"leaf":false,"id":66,"left":{"leaf":false,"id":65,"left":{"leaf":true,"id":0,"label":"0","site_id":0},"right":{"leaf":true,"id":39,"label":"39","site_id":39}},"right":{"leaf":false,"id":63,"left":{"leaf":false,"id":50,"left":{"leaf":true,"id":36,"label":"36","site_id":36},"right":{"leaf":true,"id":35,"label":"35","site_id":35}},"right":{"leaf":true,"id":28,"label":"28","site_id":28}}},"right":{"leaf":false,"id":76,"left":{"leaf":false,"id":67,"left":{"leaf":false,"id":62,"left":{"leaf":true,"id":16,"label":"16","site_id":16},"right":{"leaf":true,"id":20,"label":"20","site_id":20}},"right":{"leaf":true,"id":21,"label":"21","site_id":21}},"right":{"leaf":false,"id":75,"left":{"leaf":false,"id":74,"left":{"leaf":false,"id":59,"left":{"leaf":false,"id":43,"left":{"leaf":true,"id":4,"label":"4","site_id":4},"right":{"leaf":false,"id":41,"left":{"leaf":true,"id":37,"label":"37","site_id":37},"right":{"leaf":true,"id":29,"label":"29","site_id":29}}},"right":{"leaf":true,"id":14,"label":"14","site_id":14}},"right":{"leaf":false,"id":73,"left":{"leaf":false,"id":71,"left":{"leaf":true,"id":6,"label":"6","site_id":6},"right":{"leaf":true,"id":1,"label":"1","site_id":1}},"right":{"leaf":false,"id":48,"left":{"leaf":true,"id":19,"label":"19","site_id":19},"right":{"leaf":false,"id":47,"left":{"leaf":false,"id":45,"left":{"leaf":true,"id":13,"label":"13","site_id":13},"right":{"leaf":true,"id":30,"label":"30","site_id":30}},"right":{"leaf":true,"id":18,"label":"18","site_id":18}}}}},"right":{"leaf":false,"id":72,"left":{"leaf":true,"id":27,"label":"27","site_id":27},"right":{"leaf":false,"id":70,"left":{"leaf":false,"id":69,"left":{"leaf":false,"id":64,"left":{"leaf":true,"id":10,"label":"10","site_id":10},"right":{"leaf":false,"id":49,"left":{"leaf":true,"id":24,"label":"24","site_id":24},"right":{"leaf":true,"id":34,"label":"34","site_id":34}}},"right":{"leaf":false,"id":68,"left":{"leaf":true,"id":31,"label":"31","site_id":31},"right":{"leaf":false,"id":42,"left":{"leaf":true,"id":12,"label":"12","site_id":12},"right":{"leaf":true,"id":7,"label":"7","site_id":7}}}},"right":{"leaf":false,"id":61,"left":{"leaf":false,"id":60,"left":{"leaf":false,"id":58,"left":{"leaf":false,"id":56,"left":{"leaf":true,"id":38,"label":"38","site_id":38},"right":{"leaf":true,"id":15,"label":"15","site_id":15}},"right":{"leaf":false,"id":57,"left":{"leaf":false,"id":51,"left":{"leaf":true,"id":11,"label":"11","site_id":11},"right":{"leaf":true,"id":22,"label":"22","site_id":22}},"right":{"leaf":true,"id":8,"label":"8","site_id":8}}},"right":{"leaf":false,"id":55,"left":{"leaf":false,"id":53,"left":{"leaf":true,"id":2,"label":"2","site_id":2},"right":{"leaf":true,"id":17,"label":"17","site_id":17}},"right":{"leaf":false,"id":46,"left":{"leaf":true,"id":9,"label":"9","site_id":9},"right":{"leaf":true,"id":26,"label":"26","site_id":26}}}},"right":{"leaf":false,"id":52,"left":{"leaf":false,"id":40,"left":{"leaf":true,"id":3,"label":"3","site_id":3},"right":{"leaf":true,"id":32,"label":"32","site_id":32}},"right":{"leaf":false,"id":44,"left":{"leaf":true,"id":25,"label":"25","site_id":25},"right":{"leaf":true,"id":5,"label":"5","site_id":5}}}}}}}}},"right":{"leaf":false,"id":54,"left":{"leaf":true,"id":33,"label":"33","site_id":33},"right":{"leaf":true,"id":23,"label":"23","site_id":23}}},"num_sites":40,"sites":[{"x":426.2607391222126,"y":181.92174811310707,"cluster":1},{"x":295.54408749882856,"y":27.766526708834405,"cluster":1},{"x":451.0447323884922,"y":167.4302851752991,"cluster":1},{"x":171.1578776398379,"y":120.11615847808874,"cluster":1},{"x":115.74770810408421,"y":145.01237195944964,"cluster":1},{"x":449.85831793201163,"y":121.29626014752917,"cluster":1},{"x":59.973164448177414,"y":170.25604204235185,"cluster":1},{"x":266.2558376817243,"y":234.78844166748718,"cluster":1},{"x":371.9976612585703,"y":116.70606090970611,"cluster":1},{"x":249.19091964879877,"y":134.34825701730168,"cluster":1},{"x":265.9079650911142,"y":144.73615130041875,"cluster":1},{"x":115.38639410464441,"y":26.092414159365507,"cluster":1},{"x":23.505696037975888,"y":282.9503898632007,"cluster":1},{"x":180.01712580503522,"y":24.638419417981925,"cluster":1},{"x":150.50165264267542,"y":125.82188129269267,"cluster":1},{"x":190.84379044307244,"y":79.53901185620262,"cluster":1},{"x":351.0048591700131,"y":68.14219045858033,"cluster":1},{"x":461.2580519195375,"y":257.4627162557471,"cluster":1},{"x":74.73094747291968,"y":15.90775072046497,"cluster":1},{"x":417.2256610623846,"y":281.96843515050824,"cluster":1},{"x":87.71208441963087,"y":114.50946302747627,"cluster":1},{"x":213.68973419855766,"y":16.305768458543685,"cluster":1},{"x":289.5855499311073,"y":208.51983664041285,"cluster":1},{"x":187.5104450947992,"y":135.44454654330474,"cluster":1},{"x":238.77039319765277,"y":192.98684999270617,"cluster":1},{"x":76.46828758723632,"y":241.49569006473294,"cluster":1},{"x":301.01173079025165,"y":263.94675013723486,"cluster":1},{"x":237.24703826896308,"y":121.83229142491003,"cluster":1},{"x":266.87938774494074,"y":205.85806246154118,"cluster":1},{"x":69.63832226944169,"y":111.55366167652559,"cluster":1},{"x":99.85282783777663,"y":265.83686906743685,"cluster":1},{"x":349.4738012193895,"y":191.45650233640916,"cluster":1},{"x":208.60634851351736,"y":168.93872519003483,"cluster":1},{"x":128.99181511664642,"y":219.38660112282128,"cluster":1},{"x":255.0289330949761,"y":105.28514871389059,"cluster":1},{"x":140.48412865538648,"y":156.74056873543603,"cluster":1},{"x":373.37000399286705,"y":258.5730537971622,"cluster":1},{"x":47.14468336219866,"y":112.97146616106443,"cluster":1},{"x":335.6978397889365,"y":106.4330253156686,"cluster":1},{"x":424.055729491636,"y":89.22343115583517,"cluster":1}],"num_clusters":0}