{"title":"uniform-n60-r4-s-67436256128786359860","map_width":500,"map_height":300,"num_leaves":60,"tree":{"leaf":false,"id":118,"left":{"leaf":false,"id":117,"left":{"leaf":false,"id":97,"left":{"leaf":false,"id":75,"left":{"leaf":false,"id":61,"left":{"leaf":true,"id":45,"label":"45","site_id":45},"right":{"leaf":true,"id":21,"label":"21","site_id":21}},"right":{"leaf":true,"id":2,"label":"2","site_id":2}},"right":{"leaf":true,"id":29,"label":"29","site_id":29}},"right":{"leaf":false,"id":116,"left":{"leaf":false,"id":114,"left":{"leaf":false,"id":113,"left":{"leaf":false,"id":106,"left":{"leaf":false,"id":102,"left":{"leaf":false,"id":82,"left":{"leaf":true,"id":49,"label":"49","site_id":49},"right":{"leaf":true,"id":36,"label":"36","site_id":36}},"right":{"leaf":false,"id":95,"left":{"leaf":false,"id":94,"left":{"leaf":false,"id":81,"left":{"leaf":false,"id":71,"left":{"leaf":true,"id":42,"label":"42","site_id":42},"right":{"leaf":false,"id":63,"left":{"leaf":true,"id":30,"label":"30","site_id":30},"right":{"leaf":true,"id":58,"label":"58","site_id":58}}},"right":{"leaf":false,"id":78,"left":{"leaf":false,"id":74,"left":{"leaf":true,"id":43,"label":"43","site_id":43},"right":{"leaf":false,"id":65,"left":{"leaf":true,"id":13,"label":"13","site_id":13},"right":{"leaf":true,"id":35,"label":"35","site_id":35}}},"right":{"leaf":false,"id":76,"left":{"leaf":true,"id":16,"label":"16","site_id":16},"right":{"leaf":true,"id":27,"label":"27","site_id":27}}}},"right":{"leaf":false,"id":93,"left":{"leaf":false,"id":91,"left":{"leaf":false,"id":66,"left":{"leaf":true,"id":48,"label":"48","site_id":48},"right":{"leaf":false,"id":60,"left":{"leaf":true,"id":32,"label":"32","site_id":32},"right":{"leaf":true,"id":31,"label":"31","site_id":31}}},"right":{"leaf":true,"id":40,"label":"40","site_id":40}},"right":{"leaf":false,"id":77,"left":{"leaf":true,"id":7,"label":"7","site_id":7},"right":{"leaf":false,"id":64,"left":{"leaf":true,"id":22,"label":"22","site_id":22},"right":{"leaf":true,"id":18,"label":"18","site_id":18}}}}},"right":{"leaf":false,"id":80,"left":{"leaf":true,"id":47,"label":"47","site_id":47},"right":{"leaf":true,"id":52,"label":"52","site_id":52}}}},"right":{"leaf":true,"id":41,"label":"41","site_id":41}},"right":{"leaf":false,"id":110,"left":{"leaf":false,"id":101,"left":{"leaf":true,"id":17,"label":"17","site_id":17},"right":{"leaf":true,"id":1,"label":"1","site_id":1}},"right":{"leaf":false,"id":69,"left":{"leaf":false,"id":67,"left":{"leaf":true,"id":3,"label":"3","site_id":3},"right":{"leaf":true,"id":9,"label":"9","site_id":9}},"right":{"leaf":true,"id":46,"label":"46","site_id":46}}}},"right":{"leaf":false,"id":100,"left":{"leaf":false,"id":84,"left":{"leaf":true,"id":25,"label":"25","site_id":25},"right":{"leaf":true,"id":54,"label":"54","site_id":54}},"right":{"leaf":false,"id":96,"left":{"leaf":false,"id":92,"left":{"leaf":true,"id":23,"label":"23","site_id":23},"right":{"leaf":false,"id":68,"left":{"leaf":true,"id":53,"label":"53","site_id":53},"right":{"leaf":true,"id":14,"label":"14","site_id":14}}},"right":{"leaf":false,"id":90,"left":{"leaf":true,"id":56,"label":"56","site_id":56},"right":{"leaf":true,"id":51,"label":"51","site_id":51}}}}},"right":{"leaf":false,"id":111,"left":{"leaf":false,"id":109,"left":{"leaf":true,"id":38,"label":"38","site_id":38},"right":{"leaf":false,"id":103,"left":{"leaf":true,"id":20,"label":"20","site_id":20},"right":{"leaf":false,"id":89,"left":{"leaf":false,"id":83,"left":{"leaf":true,"id":50,"label":"50","site_id":50},"right":{"leaf":true,"id":0,"label":"0","site_id":0}},"right":{"leaf":false,"id":87,"left":{"leaf":true,"id":44,"label":"44","site_id":44},"right":{"leaf":true,"id":34,"label":"34","site_id":34}}}}},"right":{"leaf":false,"id":107,"left":{"leaf":false,"id":105,"left":{"leaf":true,"id":57,"label":"57","site_id":57},"right":{"leaf":false,"id":99,"left":{"leaf":true,"id":37,"label":"37","site_id":37},"right":{"leaf":true,"id":15,"label":"15","site_id":15}}},"right":{"leaf":false,"id":104,"left":{"leaf":false,"id":73,"left":{"leaf":true,"id":6,"label":"6","site_id":6},"right":{"leaf":false,"id":62,"left":{"leaf":true,"id":10,"label":"10","site_id":10},"right":{"leaf":true,"id":4,"label":"4","site_id":4}}},"right":{"leaf":true,"id":8,"label":"8","site_id":8}}}}}},"right":{"leaf":false,"id":115,"left":{"leaf":false,"id":112,"left":{"leaf":false,"id":85,"left":{"leaf":false,"id":72,"left":{"leaf":false,"id":70,"left":{"leaf":true,"id":33,"label":"33","site_id":33},"right":{"leaf":true,"id":24,"label":"24","site_id":24}},"right":{"leaf":true,"id":39,"label":"39","site_id":39}},"right":{"leaf":false,"id":79,"left":{"leaf":true,"id":28,"label":"28","site_id":28},"right":{"leaf":true,"id":55,"label":"55","site_id":55}}},"right":{"leaf":false,"id":108,"left":{"leaf":true,"id":59,"label":"59","site_id":59},"right":{"leaf":false,"id":98,"left":{"leaf":true,"id":12,"label":"12","site_id":12},"right":{"leaf":false,"id":88,"left":{"leaf":true,"id":19,"label":"19","site_id":19},"right":{"leaf":false,"id":86,"left":{"leaf":true,"id":11,"label":"11","site_id":11},"right":{"leaf":true,"id":5,"label":"5","site_id":5}}}}}},"right":{"leaf":true,"id":26,"label":"26","site_id":26}}},"num_sites":60,"sites":[{"x":458.3893944021383,"y":132.40330458642268,"cluster":1},{"x":347.53746062475545,"y":192.8776671755419,"cluster":1},{"x":95.85167164663883,"y":242.78514742838078,"cluster":1},{"x":394.76204180330876,"y":281.17402505194264,"cluster":1},{"x":81.87779273612493,"y":200.50072905581263,"cluster":1},{"x":109.33142230577275,"y":90.81089654439361,"cluster":1},{"x":434.95556416293215,"y":219.91308016189296,"cluster":1},{"x":448.43734825634255,"y":46.46591749870798,"cluster":1},{"x":145.59487266631064,"y":164.10495583068595,"cluster":1},{"x":381.47767142811887,"y":216.99196712420616,"cluster":1},{"x":88.42522770272781,"y":193.0858264555244,"cluster":1},{"x":53.43741982438122,"y":107.83498244630434,"cluster":1},{"x":96.22429899575644,"y":36.42295419825727,"cluster":1},{"x":449.7084743124487,"y":184.92348288074152,"cluster":1},{"x":389.245819165586,"y":284.2232620770633,"cluster":1},{"x":179.69634331409048,"y":134.04912739224994,"cluster":1},{"x":226.09692882358405,"y":58.31256918745299,"cluster":1},{"x":348.03680188975204,"y":216.89667845249272,"cluster":1},{"x":349.9828370316648,"y":229.31633578398046,"cluster":1},{"x":73.40748150715541,"y":162.95741828709447,"cluster":1},{"x":386.3926827474148,"y":45.140740528658846,"cluster":1},{"x":35.769183014170565,"y":195.5742446569258,"cluster":1},{"x":315.24400544585103,"y":252.0855762284702,"cluster":1},{"x":233.40846470295793,"y":260.3174425106169,"cluster":1},{"x":222.13381730042312,"y":51.49026701277796,"cluster":1},{"x":291.3781484742118,"y":54.77905738914335,"cluster":1},{"x":189.66290261936516,"y":62.421657333364095,"cluster":1},{"x":172.84394805435298,"y":20.699767978101537,"cluster":1},{"x":460.80553210143466,"y":34.45728647764053,"cluster":1},{"x":184.44551302718432,"y":152.10608198113403,"cluster":1},{"x":291.9904955179556,"y":174.1002552312334,"cluster":1},{"x":456.0670082071145,"y":96.83652753730324,"cluster":1},{"x":203.93983294030062,"y":43.781558166050345,"cluster":1},{"x":204.38709320281458,"y":63.47453297655162,"cluster":1},{"x":313.38033134748014,"y":83.76343086482193,"cluster":1},{"x":288.24010352933135,"y":181.2814887342495,"cluster":1},{"x":328.4985457574749,"y":104.55193293078193,"cluster":1},{"x":32.170146720372394,"y":247.23757144747125,"cluster":1},{"x":435.4533972297557,"y":70.65963253680783,"cluster":1},{"x":382.59657299273806,"y":81.74865219008672,"cluster":1},{"x":192.39153230562235,"y":105.72898336637886,"cluster":1},{"x":268.734204802494,"y":22.96665400623223,"cluster":1},{"x":321.22860518407396,"y":214.13457061194833,"cluster":1},{"x":267.8236084975776,"y":68.99665216587763,"cluster":1},{"x":335.9659149078637,"y":75.22715319152866,"cluster":1},{"x":161.32636962188604,"y":227.52776937070936,"cluster":1},{"x":269.504798248759,"y":283.3651210209647,"cluster":1},{"x":465.5275601444781,"y":253.626129291934,"cluster":1},{"x":18.802357598711264,"y":209.79849250973285,"cluster":1},{"x":406.46193375806104,"y":78.56672290422718,"cluster":1},{"x":480.78023135639285,"y":171.328495687624,"cluster":1},{"x":345.2427018424481,"y":165.65724242078252,"cluster":1},{"x":168.65421456407526,"y":95.46024774749326,"cluster":1},{"x":15.721383394968719,"y":253.02067079029456,"cluster":1},{"x":140.29548232722152,"y":72.4987902602701,"cluster":1},{"x":441.9441101518716,"y":48.25449561531839,"cluster":1},{"x":346.86566670362373,"y":131.70845939897362,"cluster":1},{"x":318.09456859944413,"y":225.77309443822554,"cluster":1},{"x":278.52587829947674,"y":44.46614580242596,"cluster":1},{"x":72.1046047052846,"y":140.25973378186353,"cluster":1}],"num_clusters":0}