{"title":"uniform-n40-r9-s-415849208327998554640","map_width":500,"map_height":300,"num_leaves":40,"tree":{"leaf":false,"id":78,"left":{"leaf":false,"id":71,"left":{"leaf":false,"id":70,"left":{"leaf":false,"id":68,"left":{"leaf":false,"id":66,"left":{"leaf":false,"id":62,"left":{"leaf":false,"id":57,"left":{"leaf":true,"id":11,"label":"11","site_id":11},"right":{"leaf":true,"id":30,"label":"30","site_id":30}},"right":{"leaf":false,"id":56,"left":{"leaf":true,"id":2,"label":"2","site_id":2},"right":{"leaf":false,"id":50,"left":{"leaf":false,"id":46,"left":{"leaf":true,"id":21,"label":"21","site_id":21},"right":{"leaf":true,"id":23,"label":"23","site_id":23}},"right":{"leaf":false,"id":41,"left":{"leaf":true,"id":9,"label":"9","site_id":9},"right":{"leaf":true,"id":4,"label":"4","site_id":4}}}}},"right":{"leaf":true,"id":1,"label":"1","site_id":1}},"right":{"leaf":true,"id":29,"label":"29","site_id":29}},"right":{"leaf":false,"id":69,"left":{"leaf":false,"id":48,"left":{"leaf":false,"id":45,"left":{"leaf":true,"id":25,"label":"25","site_id":25},"right":{"leaf":true,"id":17,"label":"17","site_id":17}},"right":{"leaf":true,"id":27,"label":"27","site_id":27}},"right":{"leaf":false,"id":64,"left":{"leaf":false,"id":52,"left":{"leaf":true,"id":34,"label":"34","site_id":34},"right":{"leaf":true,"id":38,"label":"38","site_id":38}},"right":{"leaf":false,"id":58,"left":{"leaf":false,"id":47,"left":{"leaf":true,"id":16,"label":"16","site_id":16},"right":{"leaf":false,"id":40,"left":{"leaf":true,"id":26,"label":"26","site_id":26},"right":{"leaf":true,"id":5,"label":"5","site_id":5}}},"right":{"leaf":false,"id":54,"left":{"leaf":true,"id":39,"label":"39","site_id":39},"right":{"leaf":true,"id":20,"label":"20","site_id":20}}}}}},"right":{"leaf":false,"id":51,"left":{"leaf":true,"id":35,"label":"35","site_id":35},"right":{"leaf":false,"id":49,"left":{"leaf":true,"id":19,"label":"19","site_id":19},"right":{"leaf":true,"id":0,"label":"0","site_id":0}}}},"right":{"leaf":false,"id":77,"left":{"leaf":false,"id":75,"left":{"leaf":true,"id":37,"label":"37","site_id":37},"right":{"leaf":false,"id":67,"left":{"leaf":true,"id":24,"label":"24","site_id":24},"right":{"leaf":true,"id":31,"label":"31","site_id":31}}},"right":{"leaf":false,"id":76,"left":{"leaf":false,"id":74,"left":{"leaf":false,"id":72,"left":{"leaf":false,"id":55,"left":{"leaf":true,"id":3,"label":"3","site_id":3},"right":{"leaf":true,"id":36,"label":"36","site_id":36}},"right":{"leaf":false,"id":65,"left":{"leaf":false,"id":43,"left":{"leaf":true,"id":7,"label":"7","site_id":7},"right":{"leaf":true,"id":14,"label":"14","site_id":14}},"right":{"leaf":true,"id":18,"label":"18","site_id":18}}},"right":{"leaf":false,"id":42,"left":{"leaf":true,"id":15,"label":"15","site_id":15},"right":{"leaf":true,"id":33,"label":"33","site_id":33}}},"right":{"leaf":false,"id":73,"left":{"leaf":false,"id":63,"left":{"leaf":false,"id":61,"left":{"leaf":true,"id":28,"label":"28","site_id":28},"right":{"leaf":true,"id":32,"label":"32","site_id":32}},"right":{"leaf":true,"id":6,"label":"6","site_id":6}},"right":{"leaf":false,"id":60,"left":{"leaf":true,"id":8,"label":"8","site_id":8},"right":{"leaf":false,"id":59,"left":{"leaf":false,"id":44,"left":{"leaf":true,"id":13,"label":"13","site_id":13},"right":{"leaf":true,"id":12,"label":"12","site_id":12}},"right":{"leaf":false,"id":53,"left":{"leaf":true,"id":22,"label":"22","site_id":22},"right":{"leaf":true,"id":10,"label":"10","site_id":10}}}}}}}},"num_sites":40,"sites":[{"x":69.31976739421665,"y":81.4505852968468,"cluster":1},{"x":352.54478146475293,"y":226.13614756034752,"cluster":1},{"x":353.3715203950843,"y":272.86301444506756,"cluster":1},{"x":134.08819356736893,"y":60.74165824998284,"cluster":1},{"x":457.405920580343,"y":127.4960560093641,"cluster":1},{"x":325.47630644688934,"y":91.74413597386419,"cluster":1},{"x":408.93721789514257,"y":20.820683210444955,"cluster":1},{"x":132.74917493409527,"y":42.60048494298455,"cluster":1},{"x":38.07183752003216,"y":123.06538564905284,"cluster":1},{"x":406.49227465568407,"y":271.33130498890836,"cluster":1},{"x":251.65291150524502,"y":90.77358933299325,"cluster":1},{"x":466.930892866562,"y":95.7441806299254,"cluster":1},{"x":223.07885009498935,"y":109.36242122545727,"cluster":1},{"x":44.53130514849457,"y":171.9036597714652,"cluster":1},{"x":243.88479531527614,"y":153.5441892549113,"cluster":1},{"x":113.4425111470483,"y":58.50513441047281,"cluster":1},{"x":386.8374802785563,"y":163.0479167212009,"cluster":1},{"x":129.86786526213703,"y":152.10466214868978,"cluster":1},{"x":93.64373715462045,"y":152.59206052061222,"cluster":1},{"x":456.8997741860835,"y":206.38930560763424,"cluster":1},{"x":213.4101996393642,"y":127.51078544961364,"cluster":1},{"x":431.4809985140372,"y":262.8423583207815,"cluster":1},{"x":40.71606473392946,"y":199.8246045407923,"cluster":1},{"x":434.5730592050804,"y":143.87262052787372,"cluster":1},{"x":166.33170013890938,"y":226.66352997247688,"cluster":1},{"x":111.6463539072451,"y":195.8871511172541,"cluster":1},{"x":221.03478524833886,"y":28.984233553596546,"cluster":1},{"x":168.8972452890101,"y":118.09265746556164,"cluster":1},{"x":412.2830199032644,"y":45.04964928957936,"cluster":1},{"x":89.25610994308317,"y":188.42171073734087,"cluster":1},{"x":469.3115345906523,"y":108.04041422405467,"cluster":1},{"x":124.71087981194462,"y":252.84780895301196,"cluster":1},{"x":374.0977522459736,"y":52.30700534785666,"cluster":1},{"x":392.7988044783157,"y":206.43554619912467,"cluster":1},{"x":304.1063855116405,"y":171.90316061843484,"cluster":1},{"x":261.5057086953607,"y":142.6661096293787,"cluster":1},{"x":157.9896397364826,"y":77.81047988977184,"cluster":1},{"x":253.12827278325014,"y":270.7299394699244,"cluster":1},{"x":453.8408876240412,"y":176.79540614923272,"cluster":1},{"x":424.360457010251,"y":87.33013022601023,"cluster":1}],"num_clusters":0}