{"title":"uniform-n80-r0-s-504208769873192570680","map_width":500,"map_height":300,"num_leaves":80,"tree":{"leaf":false,"id":158,"left":{"leaf":false,"id":157,"left":{"leaf":false,"id":156,"left":{"leaf":false,"id":154,"left":{"leaf":false,"id":106,"left":{"leaf":true,"id":45,"label":"45","site_id":45},"right":{"leaf":true,"id":23,"label":"23","site_id":23}},"right":{"leaf":false,"id":149,"left":{"leaf":false,"id":144,"left":{"leaf":false,"id":136,"left":{"leaf":false,"id":125,"left":{"leaf":false,"id":114,"left":{"leaf":true,"id":59,"label":"59","site_id":59},"right":{"leaf":false,"id":91,"left":{"leaf":true,"id":49,"label":"49","site_id":49},"right":{"leaf":true,"id":76,"label":"76","site_id":76}}},"right":{"leaf":false,"id":123,"left":{"leaf":false,"id":115,"left":{"leaf":true,"id":42,"label":"42","site_id":42},"right":{"leaf":false,"id":90,"left":{"leaf":true,"id":24,"label":"24","site_id":24},"right":{"leaf":true,"id":5,"label":"5","site_id":5}}},"right":{"leaf":true,"id":43,"label":"43","site_id":43}}},"right":{"leaf":false,"id":117,"left":{"leaf":true,"id":7,"label":"7","site_id":7},"right":{"leaf":false,"id":110,"left":{"leaf":true,"id":55,"label":"55","site_id":55},"right":{"leaf":true,"id":12,"label":"12","site_id":12}}}},"right":{"leaf":false,"id":137,"left":{"leaf":true,"id":22,"label":"22","site_id":22},"right":{"leaf":false,"id":84,"left":{"leaf":true,"id":11,"label":"11","site_id":11},"right":{"leaf":true,"id":38,"label":"38","site_id":38}}}},"right":{"leaf":false,"id":131,"left":{"leaf":false,"id":86,"left":{"leaf":true,"id":17,"label":"17","site_id":17},"right":{"leaf":true,"id":2,"label":"2","site_id":2}},"right":{"leaf":false,"id":129,"left":{"leaf":true,"id":78,"label":"78","site_id":78},"right":{"leaf":true,"id":48,"label":"48","site_id":48}}}}},"right":{"leaf":false,"id":155,"left":{"leaf":false,"id":140,"left":{"leaf":true,"id":68,"label":"68","site_id":68},"right":{"leaf":false,"id":133,"left":{"leaf":false,"id":101,"left":{"leaf":false,"id":89,"left":{"leaf":true,"id":52,"label":"52","site_id":52},"right":{"leaf":false,"id":85,"left":{"leaf":true,"id":30,"label":"30","site_id":30},"right":{"leaf":true,"id":33,"label":"33","site_id":33}}},"right":{"leaf":false,"id":88,"left":{"leaf":true,"id":31,"label":"31","site_id":31},"right":{"leaf":true,"id":77,"label":"77","site_id":77}}},"right":{"leaf":true,"id":10,"label":"10","site_id":10}}},"right":{"leaf":false,"id":153,"left":{"leaf":false,"id":145,"left":{"leaf":false,"id":134,"left":{"leaf":false,"id":112,"left":{"leaf":false,"id":111,"left":{"leaf":false,"id":108,"left":{"leaf":true,"id":65,"label":"65","site_id":65},"right":{"leaf":true,"id":3,"label":"3","site_id":3}},"right":{"leaf":false,"id":98,"left":{"leaf":false,"id":87,"left":{"leaf":true,"id":69,"label":"69","site_id":69},"right":{"leaf":true,"id":72,"label":"72","site_id":72}},"right":{"leaf":true,"id":53,"label":"53","site_id":53}}},"right":{"leaf":true,"id":25,"label":"25","site_id":25}},"right":{"leaf":false,"id":95,"left":{"leaf":true,"id":62,"label":"62","site_id":62},"right":{"leaf":true,"id":75,"label":"75","site_id":75}}},"right":{"leaf":false,"id":81,"left":{"leaf":true,"id":46,"label":"46","site_id":46},"right":{"leaf":true,"id":73,"label":"73","site_id":73}}},"right":{"leaf":true,"id":21,"label":"21","site_id":21}}}},"right":{"leaf":false,"id":139,"left":{"leaf":true,"id":8,"label":"8","site_id":8},"right":{"leaf":false,"id":130,"left":{"leaf":false,"id":82,"left":{"leaf":true,"id":1,"label":"1","site_id":1},"right":{"leaf":true,"id":0,"label":"0","site_id":0}},"right":{"leaf":false,"id":124,"left":{"leaf":false,"id":119,"left":{"leaf":false,"id":118,"left":{"leaf":true,"id":66,"label":"66","site_id":66},"right":{"leaf":true,"id":39,"label":"39","site_id":39}},"right":{"leaf":true,"id":34,"label":"34","site_id":34}},"right":{"leaf":true,"id":35,"label":"35","site_id":35}}}}},"right":{"leaf":false,"id":152,"left":{"leaf":true,"id":61,"label":"61","site_id":61},"right":{"leaf":false,"id":151,"left":{"leaf":false,"id":150,"left":{"leaf":false,"id":147,"left":{"leaf":false,"id":146,"left":{"leaf":true,"id":19,"label":"19","site_id":19},"right":{"leaf":false,"id":132,"left":{"leaf":false,"id":126,"left":{"leaf":false,"id":120,"left":{"leaf":true,"id":63,"label":"63","site_id":63},"right":{"leaf":false,"id":96,"left":{"leaf":true,"id":9,"label":"9","site_id":9},"right":{"leaf":true,"id":70,"label":"70","site_id":70}}},"right":{"leaf":true,"id":41,"label":"41","site_id":41}},"right":{"leaf":false,"id":127,"left":{"leaf":false,"id":103,"left":{"leaf":false,"id":100,"left":{"leaf":true,"id":64,"label":"64","site_id":64},"right":{"leaf":true,"id":16,"label":"16","site_id":16}},"right":{"leaf":true,"id":36,"label":"36","site_id":36}},"right":{"leaf":false,"id":122,"left":{"leaf":true,"id":29,"label":"29","site_id":29},"right":{"leaf":false,"id":121,"left":{"leaf":true,"id":4,"label":"4","site_id":4},"right":{"leaf":false,"id":107,"left":{"leaf":false,"id":99,"left":{"leaf":true,"id":18,"label":"18","site_id":18},"right":{"leaf":true,"id":32,"label":"32","site_id":32}},"right":{"leaf":true,"id":79,"label":"79","site_id":79}}}}}}},"right":{"leaf":false,"id":138,"left":{"leaf":true,"id":71,"label":"71","site_id":71},"right":{"leaf":false,"id":93,"left":{"leaf":true,"id":28,"label":"28","site_id":28},"right":{"leaf":true,"id":58,"label":"58","site_id":58}}}},"right":{"leaf":false,"id":141,"left":{"leaf":false,"id":128,"left":{"leaf":false,"id":104,"left":{"leaf":true,"id":47,"label":"47","site_id":47},"right":{"leaf":true,"id":57,"label":"57","site_id":57}},"right":{"leaf":false,"id":113,"left":{"leaf":true,"id":67,"label":"67","site_id":67},"right":{"leaf":false,"id":97,"left":{"leaf":true,"id":15,"label":"15","site_id":15},"right":{"leaf":true,"id":6,"label":"6","site_id":6}}}},"right":{"leaf":false,"id":109,"left":{"leaf":false,"id":94,"left":{"leaf":false,"id":83,"left":{"leaf":true,"id":26,"label":"26","site_id":26},"right":{"leaf":false,"id":80,"left":{"leaf":true,"id":74,"label":"74","site_id":74},"right":{"leaf":true,"id":14,"label":"14","site_id":14}}},"right":{"leaf":true,"id":44,"label":"44","site_id":44}},"right":{"leaf":false,"id":105,"left":{"leaf":false,"id":102,"left":{"leaf":true,"id":56,"label":"56","site_id":56},"right":{"leaf":false,"id":92,"left":{"leaf":true,"id":60,"label":"60","site_id":60},"right":{"leaf":true,"id":27,"label":"27","site_id":27}}},"right":{"leaf":true,"id":20,"label":"20","site_id":20}}}}},"right":{"leaf":false,"id":148,"left":{"leaf":true,"id":50,"label":"50","site_id":50},"right":{"leaf":false,"id":143,"left":{"leaf":true,"id":37,"label":"37","site_id":37},"right":{"leaf":false,"id":142,"left":{"leaf":false,"id":135,"left":{"leaf":true,"id":54,"label":"54","site_id":54},"right":{"leaf":true,"id":40,"label":"40","site_id":40}},"right":{"leaf":false,"id":116,"left":{"leaf":true,"id":13,"label":"13","site_id":13},"right":{"leaf":true,"id":51,"label":"51","site_id":51}}}}}}}},"num_sites":80,"sites":[{"x":192.50225462672697,"y":145.20760876965718,"cluster":1},{"x":208.44738108599458,"y":204.94427631388396,"cluster":1},{"x":64.1814685999589,"y":242.8856674343119,"cluster":1},{"x":131.16983313716605,"y":105.64538580367099,"cluster":1},{"x":453.39062599592125,"y":34.60373067486307,"cluster":1},{"x":260.45226370464604,"y":146.24868317198482,"cluster":1},{"x":345.90498029428716,"y":75.42005322138255,"cluster":1},{"x":279.3096209687121,"y":278.6711516705765,"cluster":1},{"x":115.83917535880015,"y":181.63721030771742,"cluster":1},{"x":353.0688133133526,"y":114.37922839556866,"cluster":1},{"x":155.7584648831772,"y":139.92077579706665,"cluster":1},{"x":166.5418512639276,"y":208.0949873195556,"cluster":1},{"x":97.79362197640275,"y":178.0712234287073,"cluster":1},{"x":42.93385724925605,"y":68.95556267178915,"cluster":1},{"x":268.0201766314656,"y":108.29474145983006,"cluster":1},{"x":216.7414248617083,"y":149.51737102428797,"cluster":1},{"x":227.52432946640167,"y":61.8947084895411,"cluster":1},{"x":104.42786350122171,"y":233.3194059558364,"cluster":1},{"x":149.4049848944371,"y":53.229865069026516,"cluster":1},{"x":371.6812531510446,"y":131.45250500721409,"cluster":1},{"x":169.18199349856,"y":59.24876656738055,"cluster":1},{"x":25.65874247520278,"y":46.921790971147345,"cluster":1},{"x":169.4607968461919,"y":232.48968810314707,"cluster":1},{"x":20.501636127051537,"y":146.02750383002515,"cluster":1},{"x":270.21219145147643,"y":182.55490175469856,"cluster":1},{"x":112.75507872247034,"y":94.65557172981431,"cluster":1},{"x":465.06139876612184,"y":115.44355517046178,"cluster":1},{"x":180.1312995538569,"y":99.24199938869707,"cluster":1},{"x":335.39188033900746,"y":49.331109795307434,"cluster":1},{"x":287.20644259323734,"y":16.493492678600244,"cluster":1},{"x":131.44498925770927,"y":152.69302755806655,"cluster":1},{"x":259.520535489024,"y":229.1454672180874,"cluster":1},{"x":181.72359467239204,"y":37.068655317609554,"cluster":1},{"x":155.899503070984,"y":121.55230487188196,"cluster":1},{"x":46.45146658715555,"y":139.99350296254192,"cluster":1},{"x":146.85551430090572,"y":156.35592666779024,"cluster":1},{"x":479.97082906426914,"y":212.7981057196115,"cluster":1},{"x":374.6462740891309,"y":171.86733920984145,"cluster":1},{"x":240.77903400501768,"y":243.0790820833078,"cluster":1},{"x":397.98618347142445,"y":79.12206179569773,"cluster":1},{"x":266.4109833464315,"y":92.69293434675889,"cluster":1},{"x":391.50187894490847,"y":227.83397150485672,"cluster":1},{"x":156.81155231017914,"y":271.67330260761287,"cluster":1},{"x":481.77029797430504,"y":130.84979428910728,"cluster":1},{"x":238.58257062729427,"y":105.43315991387375,"cluster":1},{"x":41.39366844930518,"y":166.70310631623656,"cluster":1},{"x":65.08325885197664,"y":59.72511809159633,"cluster":1},{"x":144.1767026912691,"y":52.98754652462834,"cluster":1},{"x":58.595146828887074,"y":272.85820007054764,"cluster":1},{"x":146.58847804232164,"y":214.506548196001,"cluster":1},{"x":80.4665522016384,"y":18.307336353583906,"cluster":1},{"x":99.78857099582025,"y":61.65993679298103,"cluster":1},{"x":158.17302195991326,"y":84.17735293425262,"cluster":1},{"x":117.68126637328743,"y":130.2558963986347,"cluster":1},{"x":270.5387245774376,"y":205.02757166587776,"cluster":1},{"x":285.4778113439763,"y":108.7696536533777,"cluster":1},{"x":147.56556161508732,"y":19.00182387024084,"cluster":1},{"x":194.08957908222757,"y":94.43418303153736,"cluster":1},{"x":342.2773924769833,"y":43.322307384596314,"cluster":1},{"x":153.13335777500194,"y":259.82733019160366,"cluster":1},{"x":15.463971649485778,"y":274.146513456317,"cluster":1},{"x":456.5716198247182,"y":79.39360697902441,"cluster":1},{"x":126.97616524269986,"y":54.480954078323585,"cluster":1},{"x":417.8184099977026,"y":228.32058034009702,"cluster":1},{"x":286.8446539386614,"y":61.46905421213892,"cluster":1},{"x":228.70053571099334,"y":123.56203537670638,"cluster":1},{"x":482.8964475449084,"y":184.40674855813765,"cluster":1},{"x":449.56849603363685,"y":86.03241558759889,"cluster":1},{"x":303.9558729388559,"y":219.16525683168587,"cluster":1},{"x":81.3577413970441,"y":89.04172745241065,"cluster":1},{"x":479.8163230121499,"y":179.9645217654637,"cluster":1},{"x":328.5940240244034,"y":90.02264938702801,"cluster":1},{"x":40.95592726370346,"y":75.64163707845915,"cluster":1},{"x":75.21763413413467,"y":70.52142335258728,"cluster":1},{"x":272.44530038863564,"y":94.6974472617811,"cluster":1},{"x":192.66943464981117,"y":23.281621296930027,"cluster":1},{"x":107.65720784096168,"y":211.48067119731385,"cluster":1},{"x":51.93775994107822,"y":155.04471811834523,"cluster":1},{"x":78.23791870132314,"y":284.88249597680164,"cluster":1},{"x":268.2083464772828,"y":59.42383350564011,"cluster":1}],"num_clusters":0}