{"title":"uniform-n30-r1-s411860533369203808830","map_width":500,"map_height":300,"num_leaves":30,"tree":{"leaf":false,"id":58,"left":{"leaf":false,"id":57,"left":{"leaf":false,"id":56,"left":{"leaf":false,"id":36,"left":{"leaf":true,"id":18,"label":"18","site_id":18},"right":{"leaf":true,"id":12,"label":"12","site_id":12}},"right":{"leaf":false,"id":53,"left":{"leaf":false,"id":37,"left":{"leaf":false,"id":34,"left":{"leaf":true,"id":28,"label":"28","site_id":28},"right":{"leaf":true,"id":20,"label":"20","site_id":20}},"right":{"leaf":true,"id":19,"label":"19","site_id":19}},"right":{"leaf":true,"id":3,"label":"3","site_id":3}}},"right":{"leaf":false,"id":50,"left":{"leaf":false,"id":48,"left":{"leaf":false,"id":45,"left":{"leaf":false,"id":43,"left":{"leaf":true,"id":24,"label":"24","site_id":24},"right":{"leaf":true,"id":8,"label":"8","site_id":8}},"right":{"leaf":false,"id":30,"left":{"leaf":true,"id":11,"label":"11","site_id":11},"right":{"leaf":true,"id":16,"label":"16","site_id":16}}},"right":{"leaf":true,"id":2,"label":"2","site_id":2}},"right":{"leaf":false,"id":49,"left":{"leaf":false,"id":40,"left":{"leaf":false,"id":32,"left":{"leaf":true,"id":23,"label":"23","site_id":23},"right":{"leaf":true,"id":13,"label":"13","site_id":13}},"right":{"leaf":false,"id":39,"left":{"leaf":true,"id":17,"label":"17","site_id":17},"right":{"leaf":true,"id":0,"label":"0","site_id":0}}},"right":{"leaf":true,"id":9,"label":"9","site_id":9}}}},"right":{"leaf":false,"id":55,"left":{"leaf":false,"id":52,"left":{"leaf":false,"id":46,"left":{"leaf":false,"id":42,"left":{"leaf":false,"id":38,"left":{"leaf":true,"id":29,"label":"29","site_id":29},"right":{"leaf":true,"id":4,"label":"4","site_id":4}},"right":{"leaf":true,"id":5,"label":"5","site_id":5}},"right":{"leaf":false,"id":41,"left":{"leaf":true,"id":15,"label":"15","site_id":15},"right":{"leaf":true,"id":27,"label":"27","site_id":27}}},"right":{"leaf":false,"id":51,"left":{"leaf":true,"id":21,"label":"21","site_id":21},"right":{"leaf":false,"id":35,"left":{"leaf":false,"id":33,"left":{"leaf":true,"id":6,"label":"6","site_id":6},"right":{"leaf":true,"id":22,"label":"22","site_id":22}},"right":{"leaf":false,"id":31,"left":{"leaf":true,"id":14,"label":"14","site_id":14},"right":{"leaf":true,"id":26,"label":"26","site_id":26}}}}},"right":{"leaf":false,"id":54,"left":{"leaf":true,"id":25,"label":"25","site_id":25},"right":{"leaf":false,"id":47,"left":{"leaf":true,"id":10,"label":"10","site_id":10},"right":{"leaf":false,"id":44,"left":{"leaf":true,"id":7,"label":"7","site_id":7},"right":{"leaf":true,"id":1,"label":"1","site_id":1}}}}}},"num_sites":30,"sites":[{"x":172.22844338358476,"y":94.75746027080228,"cluster":1},{"x":353.53033928385645,"y":93.91329744956359,"cluster":1},{"x":206.4237044219691,"y":122.61912032414493,"cluster":1},{"x":121.2232306073607,"y":236.91313872644525,"cluster":1},{"x":195.80000741736427,"y":142.06788391417672,"cluster":1},{"x":140.5886846973286,"y":264.5140687235855,"cluster":1},{"x":333.368707368247,"y":274.1743110154209,"cluster":1},{"x":263.3050098387033,"y":74.60196219406191,"cluster":1},{"x":27.143967636559502,"y":108.02794892943744,"cluster":1},{"x":289.53331611635423,"y":270.07737849632645,"cluster":1},{"x":19.943621037842494,"y":161.2755603791062,"cluster":1},{"x":81.22716599055708,"y":46.73685020889714,"cluster":1},{"x":412.4178374584038,"y":216.80504628713095,"cluster":1},{"x":333.755374768799,"y":150.54494094606588,"cluster":1},{"x":455.2550739028281,"y":254.49443095251053,"cluster":1},{"x":176.43086726887515,"y":225.06699688238635,"cluster":1},{"x":131.34862661154241,"y":156.50571151772647,"cluster":1},{"x":147.2163319986923,"y":134.86185990791154,"cluster":1},{"x":420.7286948429792,"y":222.60172383416355,"cluster":1},{"x":103.74259272317235,"y":159.10056486027716,"cluster":1},{"x":140.27373285053116,"y":138.3993648357843,"cluster":1},{"x":381.82829342615736,"y":111.58145433589115,"cluster":1},{"x":366.61159879884184,"y":184.34583282827916,"cluster":1},{"x":23.92990452581064,"y":48.65372937307686,"cluster":1},{"x":44.20457733577237,"y":46.51497977117418,"cluster":1},{"x":213.37856844302723,"y":145.34102553435227,"cluster":1},{"x":441.3843670811686,"y":262.0688763547514,"cluster":1},{"x":245.87572366511512,"y":212.17309943834428,"cluster":1},{"x":45.06154737949892,"y":222.41535996502415,"cluster":1},{"x":167.52204992272885,"y":200.88831345831042,"cluster":1}],"num_clusters":0}