{"title":"uniform-n100-r0-s-5128016860359238732100","map_width":500,"map_height":300,"num_leaves":100,"tree":{"leaf":false,"id":198,"left":{"leaf":false,"id":197,"left":{"leaf":false,"id":194,"left":{"leaf":false,"id":193,"left":{"leaf":true,"id":8,"label":"8","site_id":8},"right":{"leaf":false,"id":190,"left":{"leaf":false,"id":151,"left":{"leaf":true,"id":49,"label":"49","site_id":49},"right":{"leaf":false,"id":127,"left":{"leaf":false,"id":122,"left":{"leaf":true,"id":57,"label":"57","site_id":57},"right":{"leaf":true,"id":22,"label":"22","site_id":22}},"right":{"leaf":false,"id":103,"left":{"leaf":true,"id":40,"label":"40","site_id":40},"right":{"leaf":true,"id":81,"label":"81","site_id":81}}}},"right":{"leaf":false,"id":189,"left":{"leaf":false,"id":188,"left":{"leaf":false,"id":177,"left":{"leaf":false,"id":164,"left":{"leaf":false,"id":146,"left":{"leaf":true,"id":1,"label":"1","site_id":1},"right":{"leaf":false,"id":129,"left":{"leaf":true,"id":32,"label":"32","site_id":32},"right":{"leaf":false,"id":115,"left":{"leaf":true,"id":70,"label":"70","site_id":70},"right":{"leaf":true,"id":50,"label":"50","site_id":50}}}},"right":{"leaf":true,"id":76,"label":"76","site_id":76}},"right":{"leaf":false,"id":175,"left":{"leaf":false,"id":172,"left":{"leaf":false,"id":166,"left":{"leaf":false,"id":133,"left":{"leaf":true,"id":55,"label":"55","site_id":55},"right":{"leaf":true,"id":61,"label":"61","site_id":61}},"right":{"leaf":true,"id":24,"label":"24","site_id":24}},"right":{"leaf":false,"id":162,"left":{"leaf":false,"id":159,"left":{"leaf":false,"id":153,"left":{"leaf":false,"id":138,"left":{"leaf":true,"id":9,"label":"9","site_id":9},"right":{"leaf":false,"id":102,"left":{"leaf":true,"id":51,"label":"51","site_id":51},"right":{"leaf":true,"id":11,"label":"11","site_id":11}}},"right":{"leaf":true,"id":84,"label":"84","site_id":84}},"right":{"leaf":true,"id":62,"label":"62","site_id":62}},"right":{"leaf":false,"id":126,"left":{"leaf":true,"id":72,"label":"72","site_id":72},"right":{"leaf":false,"id":107,"left":{"leaf":true,"id":58,"label":"58","site_id":58},"right":{"leaf":true,"id":75,"label":"75","site_id":75}}}}},"right":{"leaf":false,"id":149,"left":{"leaf":true,"id":96,"label":"96","site_id":96},"right":{"leaf":false,"id":145,"left":{"leaf":true,"id":94,"label":"94","site_id":94},"right":{"leaf":false,"id":120,"left":{"leaf":true,"id":65,"label":"65","site_id":65},"right":{"leaf":true,"id":95,"label":"95","site_id":95}}}}}},"right":{"leaf":false,"id":187,"left":{"leaf":false,"id":160,"left":{"leaf":false,"id":148,"left":{"leaf":true,"id":27,"label":"27","site_id":27},"right":{"leaf":false,"id":142,"left":{"leaf":true,"id":43,"label":"43","site_id":43},"right":{"leaf":false,"id":125,"left":{"leaf":true,"id":66,"label":"66","site_id":66},"right":{"leaf":false,"id":113,"left":{"leaf":false,"id":110,"left":{"leaf":true,"id":97,"label":"97","site_id":97},"right":{"leaf":true,"id":86,"label":"86","site_id":86}},"right":{"leaf":false,"id":112,"left":{"leaf":true,"id":38,"label":"38","site_id":38},"right":{"leaf":true,"id":0,"label":"0","site_id":0}}}}}},"right":{"leaf":true,"id":28,"label":"28","site_id":28}},"right":{"leaf":false,"id":170,"left":{"leaf":false,"id":154,"left":{"leaf":true,"id":82,"label":"82","site_id":82},"right":{"leaf":true,"id":25,"label":"25","site_id":25}},"right":{"leaf":false,"id":168,"left":{"leaf":true,"id":7,"label":"7","site_id":7},"right":{"leaf":false,"id":165,"left":{"leaf":false,"id":140,"left":{"leaf":true,"id":78,"label":"78","site_id":78},"right":{"leaf":true,"id":60,"label":"60","site_id":60}},"right":{"leaf":false,"id":131,"left":{"leaf":true,"id":53,"label":"53","site_id":53},"right":{"leaf":true,"id":30,"label":"30","site_id":30}}}}}}},"right":{"leaf":false,"id":171,"left":{"leaf":false,"id":157,"left":{"leaf":true,"id":89,"label":"89","site_id":89},"right":{"leaf":true,"id":74,"label":"74","site_id":74}},"right":{"leaf":true,"id":48,"label":"48","site_id":48}}}}},"right":{"leaf":false,"id":179,"left":{"leaf":false,"id":178,"left":{"leaf":true,"id":63,"label":"63","site_id":63},"right":{"leaf":false,"id":161,"left":{"leaf":false,"id":135,"left":{"leaf":false,"id":124,"left":{"leaf":true,"id":16,"label":"16","site_id":16},"right":{"leaf":true,"id":59,"label":"59","site_id":59}},"right":{"leaf":true,"id":88,"label":"88","site_id":88}},"right":{"leaf":false,"id":121,"left":{"leaf":true,"id":56,"label":"56","site_id":56},"right":{"leaf":true,"id":45,"label":"45","site_id":45}}}},"right":{"leaf":false,"id":111,"left":{"leaf":true,"id":46,"label":"46","site_id":46},"right":{"leaf":true,"id":13,"label":"13","site_id":13}}}},"right":{"leaf":false,"id":195,"left":{"leaf":false,"id":184,"left":{"leaf":false,"id":180,"left":{"leaf":false,"id":174,"left":{"leaf":true,"id":80,"label":"80","site_id":80},"right":{"leaf":false,"id":163,"left":{"leaf":false,"id":132,"left":{"leaf":true,"id":21,"label":"21","site_id":21},"right":{"leaf":true,"id":67,"label":"67","site_id":67}},"right":{"leaf":false,"id":136,"left":{"leaf":true,"id":14,"label":"14","site_id":14},"right":{"leaf":false,"id":105,"left":{"leaf":false,"id":101,"left":{"leaf":true,"id":35,"label":"35","site_id":35},"right":{"leaf":true,"id":20,"label":"20","site_id":20}},"right":{"leaf":true,"id":34,"label":"34","site_id":34}}}}},"right":{"leaf":true,"id":71,"label":"71","site_id":71}},"right":{"leaf":true,"id":33,"label":"33","site_id":33}},"right":{"leaf":false,"id":192,"left":{"leaf":false,"id":134,"left":{"leaf":false,"id":130,"left":{"leaf":false,"id":119,"left":{"leaf":true,"id":79,"label":"79","site_id":79},"right":{"leaf":true,"id":83,"label":"83","site_id":83}},"right":{"leaf":true,"id":3,"label":"3","site_id":3}},"right":{"leaf":false,"id":104,"left":{"leaf":true,"id":29,"label":"29","site_id":29},"right":{"leaf":true,"id":90,"label":"90","site_id":90}}},"right":{"leaf":false,"id":191,"left":{"leaf":false,"id":182,"left":{"leaf":false,"id":181,"left":{"leaf":true,"id":68,"label":"68","site_id":68},"right":{"leaf":false,"id":169,"left":{"leaf":false,"id":143,"left":{"leaf":false,"id":116,"left":{"leaf":false,"id":109,"left":{"leaf":true,"id":15,"label":"15","site_id":15},"right":{"leaf":true,"id":31,"label":"31","site_id":31}},"right":{"leaf":true,"id":54,"label":"54","site_id":54}},"right":{"leaf":false,"id":100,"left":{"leaf":true,"id":18,"label":"18","site_id":18},"right":{"leaf":true,"id":85,"label":"85","site_id":85}}},"right":{"leaf":true,"id":44,"label":"44","site_id":44}}},"right":{"leaf":true,"id":10,"label":"10","site_id":10}},"right":{"leaf":false,"id":137,"left":{"leaf":true,"id":6,"label":"6","site_id":6},"right":{"leaf":true,"id":41,"label":"41","site_id":41}}}}}},"right":{"leaf":false,"id":196,"left":{"leaf":false,"id":186,"left":{"leaf":false,"id":117,"left":{"leaf":true,"id":23,"label":"23","site_id":23},"right":{"leaf":true,"id":19,"label":"19","site_id":19}},"right":{"leaf":false,"id":150,"left":{"leaf":false,"id":118,"left":{"leaf":true,"id":77,"label":"77","site_id":77},"right":{"leaf":true,"id":4,"label":"4","site_id":4}},"right":{"leaf":true,"id":26,"label":"26","site_id":26}}},"right":{"leaf":false,"id":185,"left":{"leaf":true,"id":98,"label":"98","site_id":98},"right":{"leaf":false,"id":183,"left":{"leaf":false,"id":176,"left":{"leaf":false,"id":158,"left":{"leaf":false,"id":147,"left":{"leaf":true,"id":37,"label":"37","site_id":37},"right":{"leaf":false,"id":144,"left":{"leaf":false,"id":139,"left":{"leaf":false,"id":128,"left":{"leaf":true,"id":12,"label":"12","site_id":12},"right":{"leaf":false,"id":106,"left":{"leaf":true,"id":52,"label":"52","site_id":52},"right":{"leaf":true,"id":92,"label":"92","site_id":92}}},"right":{"leaf":true,"id":47,"label":"47","site_id":47}},"right":{"leaf":true,"id":2,"label":"2","site_id":2}}},"right":{"leaf":true,"id":17,"label":"17","site_id":17}},"right":{"leaf":false,"id":167,"left":{"leaf":true,"id":42,"label":"42","site_id":42},"right":{"leaf":false,"id":156,"left":{"leaf":false,"id":141,"left":{"leaf":true,"id":93,"label":"93","site_id":93},"right":{"leaf":false,"id":108,"left":{"leaf":true,"id":64,"label":"64","site_id":64},"right":{"leaf":true,"id":39,"label":"39","site_id":39}}},"right":{"leaf":false,"id":155,"left":{"leaf":true,"id":69,"label":"69","site_id":69},"right":{"leaf":false,"id":152,"left":{"leaf":false,"id":123,"left":{"leaf":false,"id":114,"left":{"leaf":true,"id":5,"label":"5","site_id":5},"right":{"leaf":true,"id":73,"label":"73","site_id":73}},"right":{"leaf":true,"id":99,"label":"99","site_id":99}},"right":{"leaf":true,"id":87,"label":"87","site_id":87}}}}}},"right":{"leaf":false,"id":173,"left":{"leaf":true,"id":91,"label":"91","site_id":91},"right":{"leaf":true,"id":36,"label":"36","site_id":36}}}}}},"num_sites":100,"sites":[{"x":113.98833863000507,"y":170.2722355437609,"cluster":1},{"x":265.4377111134328,"y":182.55888717606155,"cluster":1},{"x":205.89752486661283,"y":233.6925530269025,"cluster":1},{"x":42.62392240781415,"y":253.95096188151388,"cluster":1},{"x":93.19203158588893,"y":95.88503898706232,"cluster":1},{"x":390.77212232910676,"y":277.80426141152265,"cluster":1},{"x":462.6102230755201,"y":222.06467357228655,"cluster":1},{"x":103.91452924183051,"y":72.56987054909186,"cluster":1},{"x":152.54827620569247,"y":127.27001613945912,"cluster":1},{"x":204.3298309226796,"y":185.72068509036941,"cluster":1},{"x":301.20635881663014,"y":147.40924589246762,"cluster":1},{"x":214.3080922503684,"y":220.00694870117127,"cluster":1},{"x":449.9584787588328,"y":79.86413868615212,"cluster":1},{"x":245.50708002990655,"y":124.80725084133307,"cluster":1},{"x":94.6090630229543,"y":166.96107498890555,"cluster":1},{"x":251.8789465328419,"y":94.2191127808588,"cluster":1},{"x":238.12739166828098,"y":21.897331835665987,"cluster":1},{"x":350.41725613781733,"y":132.78112345955574,"cluster":1},{"x":431.5660068361136,"y":266.4278708132425,"cluster":1},{"x":239.4336607464788,"y":107.40420493598637,"cluster":1},{"x":75.1722075559803,"y":172.77190671483035,"cluster":1},{"x":106.71978474756037,"y":60.212614263963715,"cluster":1},{"x":319.1917108043743,"y":268.7905844459858,"cluster":1},{"x":279.78397266426117,"y":61.555917944526925,"cluster":1},{"x":473.54150286112593,"y":115.51616360487462,"cluster":1},{"x":87.37413907307659,"y":15.451088786581884,"cluster":1},{"x":277.3940310268969,"y":119.58012418745581,"cluster":1},{"x":455.7065576813937,"y":161.1494673549065,"cluster":1},{"x":293.7676074258435,"y":209.99169404768926,"cluster":1},{"x":384.2175193481122,"y":114.39652877035846,"cluster":1},{"x":60.4582559414943,"y":129.0602556899425,"cluster":1},{"x":94.23811518102184,"y":40.2626371899907,"cluster":1},{"x":187.07577509086465,"y":61.03426893203927,"cluster":1},{"x":129.76448192313586,"y":76.17132503577281,"cluster":1},{"x":128.5622281934385,"y":109.24628205353962,"cluster":1},{"x":142.45428743499093,"y":158.93698750189225,"cluster":1},{"x":58.37360213014213,"y":33.20775006422909,"cluster":1},{"x":403.12719828671965,"y":83.2470075283605,"cluster":1},{"x":129.49587275601965,"y":191.1892335833009,"cluster":1},{"x":299.3807173599516,"y":271.08384006809325,"cluster":1},{"x":318.64410708650223,"y":261.350962624423,"cluster":1},{"x":343.45445160607795,"y":72.08066412156637,"cluster":1},{"x":458.35875934854306,"y":235.45526170136802,"cluster":1},{"x":56.184742295737784,"y":263.73974803810233,"cluster":1},{"x":363.2659993780546,"y":43.597040444421,"cluster":1},{"x":381.788145469193,"y":87.81566396250574,"cluster":1},{"x":390.50887371786644,"y":216.2298802104738,"cluster":1},{"x":224.29622972737755,"y":94.97616036900837,"cluster":1},{"x":50.284406664768966,"y":31.045014540582248,"cluster":1},{"x":299.7355549852699,"y":84.10139871356569,"cluster":1},{"x":30.536229330937047,"y":246.9768228337712,"cluster":1},{"x":238.60586652369955,"y":215.26792047447654,"cluster":1},{"x":200.15573892117231,"y":245.76329161870007,"cluster":1},{"x":150.8557692610733,"y":46.586727885413374,"cluster":1},{"x":270.3894111156692,"y":144.62533607708764,"cluster":1},{"x":135.9898506496172,"y":256.3047748796092,"cluster":1},{"x":448.1588810747666,"y":36.14184764931388,"cluster":1},{"x":294.44554494782625,"y":274.4060028261922,"cluster":1},{"x":382.1063567565588,"y":235.29448181679038,"cluster":1},{"x":270.81315466766375,"y":77.41319941102886,"cluster":1},{"x":18.616201177933743,"y":85.3631908697103,"cluster":1},{"x":76.74590630969786,"y":208.19380265735975,"cluster":1},{"x":353.7213997285809,"y":107.33041326732075,"cluster":1},{"x":475.87604150153584,"y":158.10049283246872,"cluster":1},{"x":383.08012658463554,"y":219.41614010632875,"cluster":1},{"x":323.25595434631794,"y":190.23967946667838,"cluster":1},{"x":167.6972201682288,"y":271.84802029803274,"cluster":1},{"x":121.52803720750107,"y":239.77479181674767,"cluster":1},{"x":257.5118737444956,"y":129.7701794316714,"cluster":1},{"x":389.33796878681807,"y":249.7686835027071,"cluster":1},{"x":317.30683980935584,"y":24.25515216488758,"cluster":1},{"x":159.6841341939125,"y":173.59877025738163,"cluster":1},{"x":78.91571646398735,"y":256.88116421866545,"cluster":1},{"x":390.26080187791376,"y":260.94539998052403,"cluster":1},{"x":280.41429893502095,"y":147.27274427970355,"cluster":1},{"x":214.40578039235385,"y":183.7580444863928,"cluster":1},{"x":386.8780340207838,"y":165.37548964190216,"cluster":1},{"x":480.00318030746837,"y":121.44600311415549,"cluster":1},{"x":198.37178727153523,"y":131.046613239578,"cluster":1},{"x":214.61988080985074,"y":20.819265043691797,"cluster":1},{"x":99.10970778392795,"y":152.7906861729764,"cluster":1},{"x":318.269345131589,"y":256.022325465307,"cluster":1},{"x":107.18177851822941,"y":205.15564805392654,"cluster":1},{"x":240.49936334427446,"y":26.8576503443013,"cluster":1},{"x":366.89018929355143,"y":220.42731736122857,"cluster":1},{"x":445.9903408404975,"y":100.48772863242941,"cluster":1},{"x":115.57272696089434,"y":184.82096155655745,"cluster":1},{"x":362.5286103683063,"y":181.5335576629746,"cluster":1},{"x":73.81177461112493,"y":52.36668605217524,"cluster":1},{"x":357.08448355922303,"y":119.05440137744112,"cluster":1},{"x":342.1365291869001,"y":161.12090495436297,"cluster":1},{"x":19.777332476501243,"y":15.79794535365952,"cluster":1},{"x":178.7224954382901,"y":206.20919013676507,"cluster":1},{"x":391.7504770981398,"y":15.451760573016664,"cluster":1},{"x":481.1764038978128,"y":32.516390812297445,"cluster":1},{"x":361.40618239904404,"y":187.4061788957312,"cluster":1},{"x":381.26601824256966,"y":196.58788025185234,"cluster":1},{"x":124.06641620224758,"y":175.75570780213928,"cluster":1},{"x":394.41347337829205,"y":72.49140932131331,"cluster":1},{"x":402.92767497141944,"y":99.92010509243016,"cluster":1}],"num_clusters":0}