{"title":"uniform-n60-r3-s837995175664961046960","map_width":500,"map_height":300,"num_leaves":60,"tree":{"leaf":false,"id":118,"left":{"leaf":false,"id":74,"left":{"leaf":true,"id":12,"label":"12","site_id":12},"right":{"leaf":false,"id":68,"left":{"leaf":true,"id":52,"label":"52","site_id":52},"right":{"leaf":true,"id":28,"label":"28","site_id":28}}},"right":{"leaf":false,"id":117,"left":{"leaf":false,"id":116,"left":{"leaf":false,"id":114,"left":{"leaf":false,"id":111,"left":{"leaf":false,"id":106,"left":{"leaf":false,"id":82,"left":{"leaf":false,"id":80,"left":{"leaf":false,"id":69,"left":{"leaf":true,"id":23,"label":"23","site_id":23},"right":{"leaf":true,"id":41,"label":"41","site_id":41}},"right":{"leaf":false,"id":77,"left":{"leaf":true,"id":35,"label":"35","site_id":35},"right":{"leaf":true,"id":47,"label":"47","site_id":47}}},"right":{"leaf":true,"id":51,"label":"51","site_id":51}},"right":{"leaf":false,"id":104,"left":{"leaf":true,"id":40,"label":"40","site_id":40},"right":{"leaf":false,"id":65,"left":{"leaf":true,"id":32,"label":"32","site_id":32},"right":{"leaf":false,"id":63,"left":{"leaf":true,"id":50,"label":"50","site_id":50},"right":{"leaf":true,"id":33,"label":"33","site_id":33}}}}},"right":{"leaf":true,"id":13,"label":"13","site_id":13}},"right":{"leaf":false,"id":113,"left":{"leaf":true,"id":14,"label":"14","site_id":14},"right":{"leaf":false,"id":107,"left":{"leaf":true,"id":16,"label":"16","site_id":16},"right":{"leaf":false,"id":105,"left":{"leaf":false,"id":95,"left":{"leaf":true,"id":21,"label":"21","site_id":21},"right":{"leaf":false,"id":81,"left":{"leaf":false,"id":75,"left":{"leaf":true,"id":34,"label":"34","site_id":34},"right":{"leaf":false,"id":60,"left":{"leaf":true,"id":49,"label":"49","site_id":49},"right":{"leaf":true,"id":25,"label":"25","site_id":25}}},"right":{"leaf":true,"id":15,"label":"15","site_id":15}}},"right":{"leaf":false,"id":103,"left":{"leaf":false,"id":101,"left":{"leaf":false,"id":94,"left":{"leaf":false,"id":89,"left":{"leaf":false,"id":73,"left":{"leaf":true,"id":44,"label":"44","site_id":44},"right":{"leaf":true,"id":5,"label":"5","site_id":5}},"right":{"leaf":true,"id":39,"label":"39","site_id":39}},"right":{"leaf":true,"id":54,"label":"54","site_id":54}},"right":{"leaf":false,"id":90,"left":{"leaf":true,"id":38,"label":"38","site_id":38},"right":{"leaf":true,"id":42,"label":"42","site_id":42}}},"right":{"leaf":false,"id":99,"left":{"leaf":false,"id":88,"left":{"leaf":false,"id":84,"left":{"leaf":false,"id":78,"left":{"leaf":true,"id":59,"label":"59","site_id":59},"right":{"leaf":true,"id":18,"label":"18","site_id":18}},"right":{"leaf":true,"id":36,"label":"36","site_id":36}},"right":{"leaf":false,"id":67,"left":{"leaf":true,"id":45,"label":"45","site_id":45},"right":{"leaf":true,"id":20,"label":"20","site_id":20}}},"right":{"leaf":false,"id":79,"left":{"leaf":false,"id":64,"left":{"leaf":false,"id":62,"left":{"leaf":true,"id":56,"label":"56","site_id":56},"right":{"leaf":true,"id":2,"label":"2","site_id":2}},"right":{"leaf":true,"id":4,"label":"4","site_id":4}},"right":{"leaf":true,"id":55,"label":"55","site_id":55}}}}}}}},"right":{"leaf":false,"id":70,"left":{"leaf":true,"id":26,"label":"26","site_id":26},"right":{"leaf":true,"id":9,"label":"9","site_id":9}}},"right":{"leaf":false,"id":115,"left":{"leaf":false,"id":112,"left":{"leaf":false,"id":71,"left":{"leaf":true,"id":17,"label":"17","site_id":17},"right":{"leaf":true,"id":58,"label":"58","site_id":58}},"right":{"leaf":false,"id":110,"left":{"leaf":true,"id":19,"label":"19","site_id":19},"right":{"leaf":false,"id":109,"left":{"leaf":false,"id":83,"left":{"leaf":true,"id":10,"label":"10","site_id":10},"right":{"leaf":true,"id":31,"label":"31","site_id":31}},"right":{"leaf":false,"id":108,"left":{"leaf":true,"id":11,"label":"11","site_id":11},"right":{"leaf":false,"id":102,"left":{"leaf":false,"id":92,"left":{"leaf":false,"id":72,"left":{"leaf":true,"id":8,"label":"8","site_id":8},"right":{"leaf":true,"id":6,"label":"6","site_id":6}},"right":{"leaf":true,"id":22,"label":"22","site_id":22}},"right":{"leaf":false,"id":98,"left":{"leaf":true,"id":27,"label":"27","site_id":27},"right":{"leaf":false,"id":97,"left":{"leaf":true,"id":46,"label":"46","site_id":46},"right":{"leaf":false,"id":93,"left":{"leaf":false,"id":61,"left":{"leaf":true,"id":29,"label":"29","site_id":29},"right":{"leaf":true,"id":43,"label":"43","site_id":43}},"right":{"leaf":false,"id":87,"left":{"leaf":true,"id":48,"label":"48","site_id":48},"right":{"leaf":true,"id":57,"label":"57","site_id":57}}}}}}}}}},"right":{"leaf":false,"id":100,"left":{"leaf":true,"id":37,"label":"37","site_id":37},"right":{"leaf":false,"id":96,"left":{"leaf":false,"id":91,"left":{"leaf":false,"id":76,"left":{"leaf":true,"id":30,"label":"30","site_id":30},"right":{"leaf":true,"id":7,"label":"7","site_id":7}},"right":{"leaf":false,"id":86,"left":{"leaf":true,"id":0,"label":"0","site_id":0},"right":{"leaf":false,"id":66,"left":{"leaf":true,"id":1,"label":"1","site_id":1},"right":{"leaf":true,"id":24,"label":"24","site_id":24}}}},"right":{"leaf":false,"id":85,"left":{"leaf":true,"id":3,"label":"3","site_id":3},"right":{"leaf":true,"id":53,"label":"53","site_id":53}}}}}}},"num_sites":60,"sites":[{"x":128.82061890757035,"y":185.7689868282897,"cluster":1},{"x":227.8307397303041,"y":173.82877674160818,"cluster":1},{"x":275.1032049419956,"y":62.861269732675375,"cluster":1},{"x":309.32208886498455,"y":261.9955579156556,"cluster":1},{"x":182.5723951320414,"y":65.78956090800837,"cluster":1},{"x":432.7725973668044,"y":88.85360650855229,"cluster":1},{"x":26.117520499770354,"y":113.44956053261633,"cluster":1},{"x":133.85525524402811,"y":224.73664582221193,"cluster":1},{"x":40.825446786876746,"y":91.7496011207485,"cluster":1},{"x":179.2024857128256,"y":42.67416075711432,"cluster":1},{"x":155.93725161460355,"y":229.97257752251207,"cluster":1},{"x":343.06931736218024,"y":187.44453335448748,"cluster":1},{"x":420.9460379668578,"y":21.51803600899619,"cluster":1},{"x":235.46677087779997,"y":45.67444574874548,"cluster":1},{"x":244.76698937397975,"y":78.74083972732191,"cluster":1},{"x":421.73462806115185,"y":217.24289863313862,"cluster":1},{"x":327.8462859537604,"y":82.60875684290338,"cluster":1},{"x":447.9270646685788,"y":207.84808064345674,"cluster":1},{"x":414.4485459802638,"y":113.59472974539364,"cluster":1},{"x":174.2264496066991,"y":231.88218142068152,"cluster":1},{"x":458.173125945881,"y":20.600370151162277,"cluster":1},{"x":469.87980818657184,"y":233.7340260723283,"cluster":1},{"x":307.99741991316654,"y":159.7755950010051,"cluster":1},{"x":327.86936663771326,"y":24.301461490438296,"cluster":1},{"x":114.8311007529722,"y":94.8552194240521,"cluster":1},{"x":285.6828607225119,"y":207.8449144809394,"cluster":1},{"x":249.6880891519662,"y":205.0766108782244,"cluster":1},{"x":160.14092408253939,"y":272.3509346187623,"cluster":1},{"x":184.1437334571254,"y":35.87348865592561,"cluster":1},{"x":69.26858625236369,"y":254.2988172906685,"cluster":1},{"x":41.74264620936183,"y":121.35914246331417,"cluster":1},{"x":442.6641372994911,"y":126.13576140070633,"cluster":1},{"x":405.45813773783635,"y":146.11837842602836,"cluster":1},{"x":443.72335180152925,"y":231.8654901196314,"cluster":1},{"x":371.1774935825527,"y":237.02071277357737,"cluster":1},{"x":372.41876156997415,"y":262.94239903014306,"cluster":1},{"x":430.497494296195,"y":153.6483140358612,"cluster":1},{"x":96.11281442236367,"y":153.13796530837183,"cluster":1},{"x":167.86290402056957,"y":158.50043288761998,"cluster":1},{"x":308.1007405859514,"y":117.20818118621722,"cluster":1},{"x":187.2662336703981,"y":135.39207380748388,"cluster":1},{"x":39.23306863193305,"y":194.04042637426465,"cluster":1},{"x":292.3498735663013,"y":56.4078187941626,"cluster":1},{"x":157.05975957966172,"y":200.49526622542368,"cluster":1},{"x":350.8124523261122,"y":64.40280711925504,"cluster":1},{"x":429.46697152488963,"y":37.38336842074858,"cluster":1},{"x":79.51929238393592,"y":59.360993202006064,"cluster":1},{"x":295.7444242887388,"y":243.92970473959218,"cluster":1},{"x":80.65232177310912,"y":272.92688459813826,"cluster":1},{"x":407.42562286052777,"y":61.67689664742143,"cluster":1},{"x":171.6078438213944,"y":216.12014683686442,"cluster":1},{"x":274.0848688425937,"y":163.06670845759598,"cluster":1},{"x":112.1612101892108,"y":60.623463543828755,"cluster":1},{"x":265.5545029328589,"y":203.91316095214475,"cluster":1},{"x":281.66542209969293,"y":44.10224740938621,"cluster":1},{"x":71.74236628979858,"y":112.64300230875354,"cluster":1},{"x":136.73611872318503,"y":114.77081762163866,"cluster":1},{"x":194.38401790753178,"y":222.5288290626097,"cluster":1},{"x":385.9988047436903,"y":259.8629009549291,"cluster":1},{"x":331.6557623611991,"y":16.177166611602402,"cluster":1}],"num_clusters":0}