{"title":"uniform-n20-r5-s476724693551654987720","map_width":500,"map_height":300,"num_leaves":20,"tree":{"leaf":false,"id":38,"left":{"leaf":false,"id":36,"left":{"leaf":true,"id":15,"label":"15","site_id":15},"right":{"leaf":false,"id":35,"left":{"leaf":false,"id":32,"left":{"leaf":true,"id":10,"label":"10","site_id":10},"right":{"leaf":false,"id":24,"left":{"leaf":true,"id":9,"label":"9","site_id":9},"right":{"leaf":true,"id":14,"label":"14","site_id":14}}},"right":{"leaf":false,"id":34,"left":{"leaf":true,"id":3,"label":"3","site_id":3},"right":{"leaf":false,"id":33,"left":{"leaf":false,"id":26,"left":{"leaf":true,"id":8,"label":"8","site_id":8},"right":{"leaf":false,"id":25,"left":{"leaf":false,"id":22,"left":{"leaf":true,"id":17,"label":"17","site_id":17},"right":{"leaf":true,"id":0,"label":"0","site_id":0}},"right":{"leaf":false,"id":20,"left":{"leaf":true,"id":18,"label":"18","site_id":18},"right":{"leaf":true,"id":4,"label":"4","site_id":4}}}},"right":{"leaf":false,"id":29,"left":{"leaf":false,"id":23,"left":{"leaf":true,"id":19,"label":"19","site_id":19},"right":{"leaf":true,"id":7,"label":"7","site_id":7}},"right":{"leaf":false,"id":28,"left":{"leaf":true,"id":12,"label":"12","site_id":12},"right":{"leaf":true,"id":5,"label":"5","site_id":5}}}}}}},"right":{"leaf":false,"id":37,"left":{"leaf":false,"id":31,"left":{"leaf":false,"id":27,"left":{"leaf":false,"id":21,"left":{"leaf":true,"id":16,"label":"16","site_id":16},"right":{"leaf":true,"id":6,"label":"6","site_id":6}},"right":{"leaf":true,"id":13,"label":"13","site_id":13}},"right":{"leaf":false,"id":30,"left":{"leaf":true,"id":2,"label":"2","site_id":2},"right":{"leaf":true,"id":1,"label":"1","site_id":1}}},"right":{"leaf":true,"id":11,"label":"11","site_id":11}}},"num_sites":20,"sites":[{"x":302.3121177876739,"y":36.084852623756454,"cluster":1},{"x":248.98640304827288,"y":187.46721360725147,"cluster":1},{"x":196.62203945332192,"y":193.79003784166304,"cluster":1},{"x":249.69965013669795,"y":130.29727841689652,"cluster":1},{"x":216.1857680052615,"y":257.28689533788724,"cluster":1},{"x":366.16235896095486,"y":103.26826038348484,"cluster":1},{"x":425.67836245418107,"y":262.2983269804487,"cluster":1},{"x":177.51329849819393,"y":74.28499793448896,"cluster":1},{"x":217.01324546220096,"y":168.56364130427536,"cluster":1},{"x":252.53415872519264,"y":44.908532053738725,"cluster":1},{"x":44.304427340999226,"y":276.15351298821105,"cluster":1},{"x":91.16435244869106,"y":20.177405995545175,"cluster":1},{"x":278.0906869401253,"y":184.66538460040212,"cluster":1},{"x":150.573697347649,"y":62.887602025742694,"cluster":1},{"x":359.6553592619916,"y":75.93383791068638,"cluster":1},{"x":89.10221865562819,"y":213.1951347877471,"cluster":1},{"x":157.08569425584352,"y":196.27116202373446,"cluster":1},{"x":157.6551684058123,"y":68.37980611371637,"cluster":1},{"x":223.9636886397309,"y":254.3218946900032,"cluster":1},{"x":277.8585813140237,"y":101.27089408639152,"cluster":1}],"num_clusters":0}