{"title":"uniform-n95-r7-s611046649341292252495","map_width":500,"map_height":300,"num_leaves":95,"tree":{"leaf":false,"id":188,"left":{"leaf":false,"id":177,"left":{"leaf":false,"id":167,"left":{"leaf":true,"id":4,"label":"4","site_id":4},"right":{"leaf":false,"id":154,"left":{"leaf":false,"id":136,"left":{"leaf":true,"id":46,"label":"46","site_id":46},"right":{"leaf":false,"id":135,"left":{"leaf":true,"id":52,"label":"52","site_id":52},"right":{"leaf":true,"id":19,"label":"19","site_id":19}}},"right":{"leaf":false,"id":111,"left":{"leaf":true,"id":12,"label":"12","site_id":12},"right":{"leaf":true,"id":5,"label":"5","site_id":5}}}},"right":{"leaf":false,"id":176,"left":{"leaf":true,"id":94,"label":"94","site_id":94},"right":{"leaf":false,"id":134,"left":{"leaf":true,"id":34,"label":"34","site_id":34},"right":{"leaf":false,"id":132,"left":{"leaf":false,"id":127,"left":{"leaf":true,"id":65,"label":"65","site_id":65},"right":{"leaf":false,"id":113,"left":{"leaf":true,"id":51,"label":"51","site_id":51},"right":{"leaf":true,"id":36,"label":"36","site_id":36}}},"right":{"leaf":true,"id":75,"label":"75","site_id":75}}}}},"right":{"leaf":false,"id":187,"left":{"leaf":false,"id":185,"left":{"leaf":false,"id":184,"left":{"leaf":false,"id":183,"left":{"leaf":false,"id":175,"left":{"leaf":true,"id":24,"label":"24","site_id":24},"right":{"leaf":false,"id":131,"left":{"leaf":false,"id":99,"left":{"leaf":true,"id":9,"label":"9","site_id":9},"right":{"leaf":true,"id":31,"label":"31","site_id":31}},"right":{"leaf":true,"id":8,"label":"8","site_id":8}}},"right":{"leaf":false,"id":181,"left":{"leaf":false,"id":179,"left":{"leaf":false,"id":162,"left":{"leaf":false,"id":129,"left":{"leaf":false,"id":120,"left":{"leaf":true,"id":48,"label":"48","site_id":48},"right":{"leaf":true,"id":23,"label":"23","site_id":23}},"right":{"leaf":false,"id":119,"left":{"leaf":true,"id":93,"label":"93","site_id":93},"right":{"leaf":false,"id":97,"left":{"leaf":true,"id":21,"label":"21","site_id":21},"right":{"leaf":true,"id":56,"label":"56","site_id":56}}}},"right":{"leaf":false,"id":159,"left":{"leaf":false,"id":140,"left":{"leaf":false,"id":117,"left":{"leaf":true,"id":49,"label":"49","site_id":49},"right":{"leaf":true,"id":57,"label":"57","site_id":57}},"right":{"leaf":true,"id":47,"label":"47","site_id":47}},"right":{"leaf":false,"id":158,"left":{"leaf":false,"id":139,"left":{"leaf":false,"id":104,"left":{"leaf":true,"id":72,"label":"72","site_id":72},"right":{"leaf":true,"id":40,"label":"40","site_id":40}},"right":{"leaf":false,"id":130,"left":{"leaf":false,"id":121,"left":{"leaf":false,"id":98,"left":{"leaf":true,"id":67,"label":"67","site_id":67},"right":{"leaf":true,"id":11,"label":"11","site_id":11}},"right":{"leaf":true,"id":28,"label":"28","site_id":28}},"right":{"leaf":false,"id":124,"left":{"leaf":true,"id":76,"label":"76","site_id":76},"right":{"leaf":true,"id":85,"label":"85","site_id":85}}}},"right":{"leaf":true,"id":82,"label":"82","site_id":82}}}},"right":{"leaf":false,"id":160,"left":{"leaf":true,"id":73,"label":"73","site_id":73},"right":{"leaf":false,"id":152,"left":{"leaf":true,"id":87,"label":"87","site_id":87},"right":{"leaf":false,"id":146,"left":{"leaf":true,"id":62,"label":"62","site_id":62},"right":{"leaf":true,"id":25,"label":"25","site_id":25}}}}},"right":{"leaf":false,"id":165,"left":{"leaf":false,"id":106,"left":{"leaf":true,"id":74,"label":"74","site_id":74},"right":{"leaf":false,"id":101,"left":{"leaf":true,"id":6,"label":"6","site_id":6},"right":{"leaf":true,"id":1,"label":"1","site_id":1}}},"right":{"leaf":false,"id":164,"left":{"leaf":false,"id":145,"left":{"leaf":true,"id":91,"label":"91","site_id":91},"right":{"leaf":true,"id":86,"label":"86","site_id":86}},"right":{"leaf":false,"id":153,"left":{"leaf":true,"id":68,"label":"68","site_id":68},"right":{"leaf":false,"id":149,"left":{"leaf":false,"id":95,"left":{"leaf":true,"id":69,"label":"69","site_id":69},"right":{"leaf":true,"id":81,"label":"81","site_id":81}},"right":{"leaf":false,"id":109,"left":{"leaf":true,"id":53,"label":"53","site_id":53},"right":{"leaf":true,"id":43,"label":"43","site_id":43}}}}}}}},"right":{"leaf":false,"id":180,"left":{"leaf":false,"id":163,"left":{"leaf":false,"id":123,"left":{"leaf":true,"id":2,"label":"2","site_id":2},"right":{"leaf":true,"id":63,"label":"63","site_id":63}},"right":{"leaf":true,"id":17,"label":"17","site_id":17}},"right":{"leaf":false,"id":178,"left":{"leaf":false,"id":171,"left":{"leaf":false,"id":144,"left":{"leaf":true,"id":66,"label":"66","site_id":66},"right":{"leaf":true,"id":58,"label":"58","site_id":58}},"right":{"leaf":false,"id":168,"left":{"leaf":true,"id":29,"label":"29","site_id":29},"right":{"leaf":false,"id":125,"left":{"leaf":false,"id":116,"left":{"leaf":true,"id":45,"label":"45","site_id":45},"right":{"leaf":true,"id":92,"label":"92","site_id":92}},"right":{"leaf":true,"id":42,"label":"42","site_id":42}}}},"right":{"leaf":false,"id":96,"left":{"leaf":true,"id":80,"label":"80","site_id":80},"right":{"leaf":true,"id":70,"label":"70","site_id":70}}}}},"right":{"leaf":false,"id":173,"left":{"leaf":false,"id":169,"left":{"leaf":false,"id":166,"left":{"leaf":false,"id":150,"left":{"leaf":true,"id":77,"label":"77","site_id":77},"right":{"leaf":false,"id":141,"left":{"leaf":false,"id":100,"left":{"leaf":true,"id":20,"label":"20","site_id":20},"right":{"leaf":true,"id":71,"label":"71","site_id":71}},"right":{"leaf":false,"id":110,"left":{"leaf":true,"id":22,"label":"22","site_id":22},"right":{"leaf":false,"id":105,"left":{"leaf":true,"id":35,"label":"35","site_id":35},"right":{"leaf":true,"id":79,"label":"79","site_id":79}}}}},"right":{"leaf":true,"id":13,"label":"13","site_id":13}},"right":{"leaf":false,"id":147,"left":{"leaf":false,"id":143,"left":{"leaf":true,"id":64,"label":"64","site_id":64},"right":{"leaf":true,"id":38,"label":"38","site_id":38}},"right":{"leaf":true,"id":18,"label":"18","site_id":18}}},"right":{"leaf":false,"id":172,"left":{"leaf":false,"id":156,"left":{"leaf":true,"id":15,"label":"15","site_id":15},"right":{"leaf":true,"id":59,"label":"59","site_id":59}},"right":{"leaf":false,"id":151,"left":{"leaf":false,"id":137,"left":{"leaf":true,"id":33,"label":"33","site_id":33},"right":{"leaf":false,"id":118,"left":{"leaf":false,"id":108,"left":{"leaf":true,"id":54,"label":"54","site_id":54},"right":{"leaf":true,"id":89,"label":"89","site_id":89}},"right":{"leaf":true,"id":32,"label":"32","site_id":32}}},"right":{"leaf":false,"id":148,"left":{"leaf":true,"id":83,"label":"83","site_id":83},"right":{"leaf":true,"id":37,"label":"37","site_id":37}}}}}},"right":{"leaf":false,"id":186,"left":{"leaf":false,"id":182,"left":{"leaf":false,"id":114,"left":{"leaf":true,"id":55,"label":"55","site_id":55},"right":{"leaf":true,"id":16,"label":"16","site_id":16}},"right":{"leaf":false,"id":174,"left":{"leaf":true,"id":30,"label":"30","site_id":30},"right":{"leaf":false,"id":122,"left":{"leaf":true,"id":78,"label":"78","site_id":78},"right":{"leaf":true,"id":88,"label":"88","site_id":88}}}},"right":{"leaf":false,"id":170,"left":{"leaf":false,"id":161,"left":{"leaf":false,"id":142,"left":{"leaf":false,"id":138,"left":{"leaf":false,"id":126,"left":{"leaf":true,"id":90,"label":"90","site_id":90},"right":{"leaf":false,"id":107,"left":{"leaf":true,"id":44,"label":"44","site_id":44},"right":{"leaf":true,"id":26,"label":"26","site_id":26}}},"right":{"leaf":false,"id":103,"left":{"leaf":true,"id":0,"label":"0","site_id":0},"right":{"leaf":true,"id":10,"label":"10","site_id":10}}},"right":{"leaf":true,"id":60,"label":"60","site_id":60}},"right":{"leaf":false,"id":157,"left":{"leaf":false,"id":155,"left":{"leaf":false,"id":112,"left":{"leaf":true,"id":41,"label":"41","site_id":41},"right":{"leaf":true,"id":3,"label":"3","site_id":3}},"right":{"leaf":false,"id":128,"left":{"leaf":true,"id":50,"label":"50","site_id":50},"right":{"leaf":false,"id":115,"left":{"leaf":true,"id":14,"label":"14","site_id":14},"right":{"leaf":true,"id":39,"label":"39","site_id":39}}}},"right":{"leaf":true,"id":7,"label":"7","site_id":7}}},"right":{"leaf":false,"id":133,"left":{"leaf":true,"id":61,"label":"61","site_id":61},"right":{"leaf":false,"id":102,"left":{"leaf":true,"id":27,"label":"27","site_id":27},"right":{"leaf":true,"id":84,"label":"84","site_id":84}}}}}}},"num_sites":95,"sites":[{"x":411.5047665263367,"y":144.81163478741524,"cluster":1},{"x":121.14882333738404,"y":157.84046659030298,"cluster":1},{"x":271.3627030193585,"y":198.0125915959019,"cluster":1},{"x":351.5315147530026,"y":217.27205803179586,"cluster":1},{"x":72.6165591666399,"y":133.68900179162733,"cluster":1},{"x":133.73914347131512,"y":87.83090809113109,"cluster":1},{"x":34.14860255757897,"y":238.2709577711764,"cluster":1},{"x":329.4743925823403,"y":52.21522260575287,"cluster":1},{"x":413.55225074913153,"y":200.83781488324215,"cluster":1},{"x":424.94359879341687,"y":129.5827642973466,"cluster":1},{"x":410.21244515139165,"y":171.4526789091713,"cluster":1},{"x":101.10811113501913,"y":169.15541033770376,"cluster":1},{"x":91.88862883230448,"y":173.38746130614203,"cluster":1},{"x":470.3189320607962,"y":30.93250754086624,"cluster":1},{"x":345.44221093283295,"y":184.5495004598273,"cluster":1},{"x":46.090453302772644,"y":71.26242351436778,"cluster":1},{"x":357.71532498988984,"y":60.25437215065073,"cluster":1},{"x":75.49653861709996,"y":158.8334654127897,"cluster":1},{"x":388.67516807385175,"y":210.28338401497888,"cluster":1},{"x":77.12085845368577,"y":108.05595227517846,"cluster":1},{"x":140.29893695397777,"y":61.48119846259817,"cluster":1},{"x":47.561203559315295,"y":244.95023778599432,"cluster":1},{"x":94.71938001935153,"y":181.28600848457458,"cluster":1},{"x":85.09983394760013,"y":182.6379796311873,"cluster":1},{"x":298.05039699055,"y":208.63885457066465,"cluster":1},{"x":231.35308042127025,"y":119.27403069642209,"cluster":1},{"x":480.7102916151229,"y":189.43532696371508,"cluster":1},{"x":278.7844547307688,"y":94.42699840173132,"cluster":1},{"x":239.88768325354184,"y":119.69886116216087,"cluster":1},{"x":305.8949287221277,"y":78.20383199793031,"cluster":1},{"x":393.18543333531653,"y":252.38718623772064,"cluster":1},{"x":433.1441815394118,"y":162.75554739656428,"cluster":1},{"x":356.0617697679728,"y":77.05398660197613,"cluster":1},{"x":386.0845724149641,"y":174.58059331370237,"cluster":1},{"x":246.4595968199939,"y":43.33604172226142,"cluster":1},{"x":267.8046464355099,"y":108.25901896374845,"cluster":1},{"x":87.97364620887508,"y":69.4213993872003,"cluster":1},{"x":190.58173122235718,"y":147.90506941325276,"cluster":1},{"x":248.05181269218298,"y":185.27745791068986,"cluster":1},{"x":316.6334936385565,"y":61.71746626631247,"cluster":1},{"x":110.06094698935988,"y":267.47816324180576,"cluster":1},{"x":310.0360923817626,"y":267.5360280762626,"cluster":1},{"x":247.56877446843782,"y":127.96772930609984,"cluster":1},{"x":426.24153951457834,"y":73.28010478132614,"cluster":1},{"x":385.90276386375166,"y":133.03370824096547,"cluster":1},{"x":422.180017103028,"y":35.54845905513656,"cluster":1},{"x":79.94311205740658,"y":101.1353824649793,"cluster":1},{"x":188.6728044799944,"y":232.50220352087078,"cluster":1},{"x":78.19102890687047,"y":179.04396868680126,"cluster":1},{"x":227.80928479482557,"y":133.43153647672014,"cluster":1},{"x":331.42501814143657,"y":124.99913168941528,"cluster":1},{"x":239.71689850270653,"y":205.27189153312554,"cluster":1},{"x":69.17530087830744,"y":104.30598139998025,"cluster":1},{"x":284.2255363878513,"y":196.64708721619678,"cluster":1},{"x":402.4968877670945,"y":276.0214278193517,"cluster":1},{"x":460.0206197514341,"y":51.898987976059026,"cluster":1},{"x":189.81235683872734,"y":259.84050443878783,"cluster":1},{"x":253.21001828670154,"y":168.33184677782035,"cluster":1},{"x":105.96678623658354,"y":199.25823821902628,"cluster":1},{"x":29.85324339432383,"y":70.89262597311793,"cluster":1},{"x":62.32312671100471,"y":168.54706166784504,"cluster":1},{"x":180.4910198831318,"y":155.6692736011125,"cluster":1},{"x":203.09871719209445,"y":202.43374636593703,"cluster":1},{"x":268.146055183659,"y":189.63455745279168,"cluster":1},{"x":211.6637256172231,"y":275.7638661636538,"cluster":1},{"x":146.38042698103902,"y":25.904535074892117,"cluster":1},{"x":23.304671329669223,"y":121.20970238087837,"cluster":1},{"x":130.82799310396078,"y":164.10070931762164,"cluster":1},{"x":483.5479382020658,"y":146.91077769873735,"cluster":1},{"x":403.7975198768805,"y":106.36377420662504,"cluster":1},{"x":389.4704893130172,"y":284.87687098452756,"cluster":1},{"x":401.8254659322178,"y":242.24179096837113,"cluster":1},{"x":123.55924452525589,"y":110.7702370926714,"cluster":1},{"x":452.42462375054373,"y":66.95128050736922,"cluster":1},{"x":133.24097242927195,"y":274.49779420637293,"cluster":1},{"x":205.35815854327723,"y":254.25985392177532,"cluster":1},{"x":134.8836298657435,"y":125.72797482266627,"cluster":1},{"x":117.50842690491035,"y":283.08050193912135,"cluster":1},{"x":427.15406167021155,"y":64.25744459093778,"cluster":1},{"x":126.33784434338372,"y":38.147222312467186,"cluster":1},{"x":221.88845380785844,"y":19.40099146975897,"cluster":1},{"x":215.05431500045046,"y":159.85829552742348,"cluster":1},{"x":121.09113179489117,"y":205.26339501988468,"cluster":1},{"x":412.89643664834387,"y":236.52786736238633,"cluster":1},{"x":256.3233377926724,"y":209.87515498846162,"cluster":1},{"x":146.44389141606786,"y":283.87836879891137,"cluster":1},{"x":441.5781638517336,"y":215.73451724121352,"cluster":1},{"x":302.5363517716315,"y":171.6353897012989,"cluster":1},{"x":392.75878542205135,"y":237.29619505272456,"cluster":1},{"x":370.2491366932402,"y":185.55372321354758,"cluster":1},{"x":476.0864193908286,"y":207.38291893808596,"cluster":1},{"x":368.4268792772521,"y":275.1072783834549,"cluster":1},{"x":114.16093200635495,"y":169.368742452302,"cluster":1},{"x":426.51668978556796,"y":32.41765025173068,"cluster":1},{"x":231.98079312114865,"y":45.293818105698065,"cluster":1}],"num_clusters":0}