{"title":"uniform-n30-r5-s545702078950508176030","map_width":500,"map_height":300,"num_leaves":30,"tree":{"leaf":false,"id":58,"left":{"leaf":false,"id":57,"left":{"leaf":false,"id":53,"left":{"leaf":false,"id":51,"left":{"leaf":false,"id":43,"left":{"leaf":false,"id":33,"left":{"leaf":true,"id":6,"label":"6","site_id":6},"right":{"leaf":true,"id":1,"label":"1","site_id":1}},"right":{"leaf":true,"id":9,"label":"9","site_id":9}},"right":{"leaf":true,"id":29,"label":"29","site_id":29}},"right":{"leaf":false,"id":49,"left":{"leaf":true,"id":19,"label":"19","site_id":19},"right":{"leaf":true,"id":25,"label":"25","site_id":25}}},"right":{"leaf":false,"id":48,"left":{"leaf":true,"id":0,"label":"0","site_id":0},"right":{"leaf":false,"id":46,"left":{"leaf":false,"id":31,"left":{"leaf":true,"id":7,"label":"7","site_id":7},"right":{"leaf":true,"id":26,"label":"26","site_id":26}},"right":{"leaf":false,"id":37,"left":{"leaf":true,"id":10,"label":"10","site_id":10},"right":{"leaf":true,"id":11,"label":"11","site_id":11}}}}},"right":{"leaf":false,"id":56,"left":{"leaf":false,"id":55,"left":{"leaf":false,"id":52,"left":{"leaf":false,"id":47,"left":{"leaf":false,"id":42,"left":{"leaf":false,"id":40,"left":{"leaf":true,"id":21,"label":"21","site_id":21},"right":{"leaf":true,"id":18,"label":"18","site_id":18}},"right":{"leaf":true,"id":8,"label":"8","site_id":8}},"right":{"leaf":true,"id":13,"label":"13","site_id":13}},"right":{"leaf":true,"id":23,"label":"23","site_id":23}},"right":{"leaf":false,"id":45,"left":{"leaf":false,"id":35,"left":{"leaf":true,"id":2,"label":"2","site_id":2},"right":{"leaf":true,"id":22,"label":"22","site_id":22}},"right":{"leaf":true,"id":24,"label":"24","site_id":24}}},"right":{"leaf":false,"id":54,"left":{"leaf":false,"id":44,"left":{"leaf":false,"id":39,"left":{"leaf":false,"id":32,"left":{"leaf":true,"id":28,"label":"28","site_id":28},"right":{"leaf":false,"id":30,"left":{"leaf":true,"id":27,"label":"27","site_id":27},"right":{"leaf":true,"id":5,"label":"5","site_id":5}}},"right":{"leaf":true,"id":4,"label":"4","site_id":4}},"right":{"leaf":false,"id":41,"left":{"leaf":true,"id":15,"label":"15","site_id":15},"right":{"leaf":true,"id":17,"label":"17","site_id":17}}},"right":{"leaf":false,"id":50,"left":{"leaf":true,"id":12,"label":"12","site_id":12},"right":{"leaf":false,"id":38,"left":{"leaf":true,"id":16,"label":"16","site_id":16},"right":{"leaf":false,"id":36,"left":{"leaf":true,"id":20,"label":"20","site_id":20},"right":{"leaf":false,"id":34,"left":{"leaf":true,"id":3,"label":"3","site_id":3},"right":{"leaf":true,"id":14,"label":"14","site_id":14}}}}}}}},"num_sites":30,"sites":[{"x":135.69765096067562,"y":149.84799588642386,"cluster":1},{"x":160.2215350849473,"y":57.84611525036757,"cluster":1},{"x":221.43663343130447,"y":99.65384286469971,"cluster":1},{"x":440.6948424138309,"y":263.4721427685221,"cluster":1},{"x":406.46976447383724,"y":104.57130667120693,"cluster":1},{"x":368.57229140366684,"y":161.13143960269358,"cluster":1},{"x":70.85263456045377,"y":78.5666580564612,"cluster":1},{"x":102.6604572131288,"y":105.48771998338175,"cluster":1},{"x":272.2158407921187,"y":77.5089814830132,"cluster":1},{"x":300.4448669823311,"y":53.66661429671706,"cluster":1},{"x":152.21122182930438,"y":156.97095383629724,"cluster":1},{"x":63.534367224957556,"y":83.72151449548409,"cluster":1},{"x":55.970925491452526,"y":16.791443374538467,"cluster":1},{"x":175.3392727023715,"y":127.7302819212798,"cluster":1},{"x":476.2217445884164,"y":240.80170969368064,"cluster":1},{"x":160.86333699628128,"y":263.9940286360819,"cluster":1},{"x":313.2192525081239,"y":175.6150590952579,"cluster":1},{"x":192.85475128530206,"y":168.7759187748883,"cluster":1},{"x":468.37482361168935,"y":176.31528843204194,"cluster":1},{"x":135.11434286452823,"y":207.42208295439136,"cluster":1},{"x":63.34533644179708,"y":19.252452109918742,"cluster":1},{"x":432.49906129696234,"y":137.5488355298794,"cluster":1},{"x":277.43911656859746,"y":142.96485622752084,"cluster":1},{"x":18.086982396667054,"y":153.25937737557848,"cluster":1},{"x":114.46351010083929,"y":247.4943082414357,"cluster":1},{"x":31.08487372866275,"y":79.07017837691963,"cluster":1},{"x":135.59807881543688,"y":70.04725646900903,"cluster":1},{"x":174.36234872867027,"y":215.3814190709146,"cluster":1},{"x":247.52412519048121,"y":171.07738427363586,"cluster":1},{"x":177.9869494713082,"y":53.91770058061694,"cluster":1}],"num_clusters":0}