{"title":"uniform-n20-r7-s-877040739924216504820","map_width":500,"map_height":300,"num_leaves":20,"tree":{"leaf":false,"id":38,"left":{"leaf":false,"id":36,"left":{"leaf":false,"id":33,"left":{"leaf":true,"id":1,"label":"1","site_id":1},"right":{"leaf":false,"id":32,"left":{"leaf":true,"id":4,"label":"4","site_id":4},"right":{"leaf":false,"id":31,"left":{"leaf":true,"id":16,"label":"16","site_id":16},"right":{"leaf":false,"id":21,"left":{"leaf":true,"id":9,"label":"9","site_id":9},"right":{"leaf":true,"id":5,"label":"5","site_id":5}}}}},"right":{"leaf":false,"id":29,"left":{"leaf":true,"id":18,"label":"18","site_id":18},"right":{"leaf":true,"id":13,"label":"13","site_id":13}}},"right":{"leaf":false,"id":37,"left":{"leaf":false,"id":27,"left":{"leaf":true,"id":10,"label":"10","site_id":10},"right":{"leaf":false,"id":20,"left":{"leaf":true,"id":12,"label":"12","site_id":12},"right":{"leaf":true,"id":15,"label":"15","site_id":15}}},"right":{"leaf":false,"id":35,"left":{"leaf":false,"id":34,"left":{"leaf":false,"id":30,"left":{"leaf":false,"id":25,"left":{"leaf":true,"id":14,"label":"14","site_id":14},"right":{"leaf":false,"id":24,"left":{"leaf":true,"id":3,"label":"3","site_id":3},"right":{"leaf":false,"id":23,"left":{"leaf":true,"id":0,"label":"0","site_id":0},"right":{"leaf":true,"id":2,"label":"2","site_id":2}}}},"right":{"leaf":false,"id":26,"left":{"leaf":true,"id":8,"label":"8","site_id":8},"right":{"leaf":true,"id":6,"label":"6","site_id":6}}},"right":{"leaf":false,"id":28,"left":{"leaf":false,"id":22,"left":{"leaf":true,"id":17,"label":"17","site_id":17},"right":{"leaf":true,"id":11,"label":"11","site_id":11}},"right":{"leaf":true,"id":19,"label":"19","site_id":19}}},"right":{"leaf":true,"id":7,"label":"7","site_id":7}}}},"num_sites":20,"sites":[{"x":402.90156577020946,"y":212.71562444143774,"cluster":1},{"x":329.94896589999667,"y":247.92479670703557,"cluster":1},{"x":282.0813052291478,"y":64.28306616036224,"cluster":1},{"x":344.471263905726,"y":137.20613968780225,"cluster":1},{"x":437.40390174423095,"y":225.40084678897293,"cluster":1},{"x":272.3606612164841,"y":69.20122976672079,"cluster":1},{"x":195.46019582786937,"y":249.83251683321336,"cluster":1},{"x":274.10644635212435,"y":133.91965961456515,"cluster":1},{"x":148.5649831286949,"y":246.13184725076485,"cluster":1},{"x":381.09847985268533,"y":71.25557468657621,"cluster":1},{"x":97.01110194185488,"y":21.963779675234136,"cluster":1},{"x":175.0961887916821,"y":137.31471850712,"cluster":1},{"x":62.51049971168663,"y":194.7565072637628,"cluster":1},{"x":73.81344072526693,"y":85.7865118634991,"cluster":1},{"x":265.9588983435459,"y":196.0417043788776,"cluster":1},{"x":55.39975699312229,"y":38.56862624931713,"cluster":1},{"x":457.49511017582046,"y":156.40020058517482,"cluster":1},{"x":269.27601324293835,"y":284.8808392187476,"cluster":1},{"x":88.84735226906021,"y":75.92866418992797,"cluster":1},{"x":277.6481566981322,"y":176.57168165067742,"cluster":1}],"num_clusters":0}