{"title":"uniform-n55-r6-s695416515879407690755","map_width":500,"map_height":300,"num_leaves":55,"tree":{"leaf":false,"id":108,"left":{"leaf":true,"id":32,"label":"32","site_id":32},"right":{"leaf":false,"id":107,"left":{"leaf":false,"id":101,"left":{"leaf":false,"id":99,"left":{"leaf":false,"id":98,"left":{"leaf":true,"id":49,"label":"49","site_id":49},"right":{"leaf":false,"id":97,"left":{"leaf":false,"id":95,"left":{"leaf":false,"id":93,"left":{"leaf":true,"id":25,"label":"25","site_id":25},"right":{"leaf":false,"id":88,"left":{"leaf":true,"id":28,"label":"28","site_id":28},"right":{"leaf":false,"id":85,"left":{"leaf":true,"id":13,"label":"13","site_id":13},"right":{"leaf":false,"id":78,"left":{"leaf":true,"id":15,"label":"15","site_id":15},"right":{"leaf":false,"id":67,"left":{"leaf":true,"id":23,"label":"23","site_id":23},"right":{"leaf":true,"id":1,"label":"1","site_id":1}}}}}},"right":{"leaf":false,"id":83,"left":{"leaf":false,"id":64,"left":{"leaf":true,"id":54,"label":"54","site_id":54},"right":{"leaf":true,"id":46,"label":"46","site_id":46}},"right":{"leaf":false,"id":76,"left":{"leaf":true,"id":34,"label":"34","site_id":34},"right":{"leaf":true,"id":5,"label":"5","site_id":5}}}},"right":{"leaf":false,"id":94,"left":{"leaf":false,"id":79,"left":{"leaf":false,"id":71,"left":{"leaf":true,"id":8,"label":"8","site_id":8},"right":{"leaf":false,"id":70,"left":{"leaf":true,"id":38,"label":"38","site_id":38},"right":{"leaf":true,"id":33,"label":"33","site_id":33}}},"right":{"leaf":false,"id":61,"left":{"leaf":false,"id":59,"left":{"leaf":true,"id":43,"label":"43","site_id":43},"right":{"leaf":true,"id":19,"label":"19","site_id":19}},"right":{"leaf":true,"id":42,"label":"42","site_id":42}}},"right":{"leaf":true,"id":51,"label":"51","site_id":51}}}},"right":{"leaf":true,"id":7,"label":"7","site_id":7}},"right":{"leaf":false,"id":77,"left":{"leaf":true,"id":45,"label":"45","site_id":45},"right":{"leaf":false,"id":62,"left":{"leaf":true,"id":27,"label":"27","site_id":27},"right":{"leaf":false,"id":60,"left":{"leaf":true,"id":47,"label":"47","site_id":47},"right":{"leaf":true,"id":26,"label":"26","site_id":26}}}}},"right":{"leaf":false,"id":106,"left":{"leaf":false,"id":102,"left":{"leaf":false,"id":91,"left":{"leaf":false,"id":90,"left":{"leaf":false,"id":66,"left":{"leaf":true,"id":52,"label":"52","site_id":52},"right":{"leaf":false,"id":55,"left":{"leaf":true,"id":2,"label":"2","site_id":2},"right":{"leaf":true,"id":12,"label":"12","site_id":12}}},"right":{"leaf":true,"id":36,"label":"36","site_id":36}},"right":{"leaf":false,"id":82,"left":{"leaf":true,"id":31,"label":"31","site_id":31},"right":{"leaf":true,"id":50,"label":"50","site_id":50}}},"right":{"leaf":false,"id":87,"left":{"leaf":true,"id":3,"label":"3","site_id":3},"right":{"leaf":false,"id":84,"left":{"leaf":false,"id":81,"left":{"leaf":true,"id":14,"label":"14","site_id":14},"right":{"leaf":false,"id":73,"left":{"leaf":true,"id":11,"label":"11","site_id":11},"right":{"leaf":true,"id":9,"label":"9","site_id":9}}},"right":{"leaf":false,"id":57,"left":{"leaf":true,"id":0,"label":"0","site_id":0},"right":{"leaf":true,"id":10,"label":"10","site_id":10}}}}},"right":{"leaf":false,"id":105,"left":{"leaf":false,"id":104,"left":{"leaf":true,"id":4,"label":"4","site_id":4},"right":{"leaf":false,"id":100,"left":{"leaf":true,"id":16,"label":"16","site_id":16},"right":{"leaf":false,"id":92,"left":{"leaf":true,"id":48,"label":"48","site_id":48},"right":{"leaf":false,"id":89,"left":{"leaf":false,"id":86,"left":{"leaf":false,"id":69,"left":{"leaf":true,"id":22,"label":"22","site_id":22},"right":{"leaf":true,"id":18,"label":"18","site_id":18}},"right":{"leaf":false,"id":75,"left":{"leaf":false,"id":74,"left":{"leaf":false,"id":63,"left":{"leaf":true,"id":35,"label":"35","site_id":35},"right":{"leaf":true,"id":53,"label":"53","site_id":53}},"right":{"leaf":true,"id":6,"label":"6","site_id":6}},"right":{"leaf":true,"id":30,"label":"30","site_id":30}}},"right":{"leaf":false,"id":80,"left":{"leaf":false,"id":72,"left":{"leaf":true,"id":44,"label":"44","site_id":44},"right":{"leaf":true,"id":29,"label":"29","site_id":29}},"right":{"leaf":false,"id":56,"left":{"leaf":true,"id":17,"label":"17","site_id":17},"right":{"leaf":true,"id":39,"label":"39","site_id":39}}}}}}},"right":{"leaf":false,"id":103,"left":{"leaf":true,"id":37,"label":"37","site_id":37},"right":{"leaf":false,"id":96,"left":{"leaf":false,"id":65,"left":{"leaf":false,"id":58,"left":{"leaf":true,"id":41,"label":"41","site_id":41},"right":{"leaf":true,"id":24,"label":"24","site_id":24}},"right":{"leaf":true,"id":40,"label":"40","site_id":40}},"right":{"leaf":false,"id":68,"left":{"leaf":true,"id":20,"label":"20","site_id":20},"right":{"leaf":true,"id":21,"label":"21","site_id":21}}}}}}}},"num_sites":55,"sites":[{"x":452.6113614453495,"y":216.81073966295085,"cluster":1},{"x":382.532598140048,"y":51.404273954356334,"cluster":1},{"x":429.1549297449788,"y":175.65583664388694,"cluster":1},{"x":473.23848717793766,"y":42.345597920816445,"cluster":1},{"x":149.65283083247508,"y":255.4349527088319,"cluster":1},{"x":221.3545062800287,"y":146.6948037337083,"cluster":1},{"x":111.89824112094067,"y":222.24048692400316,"cluster":1},{"x":373.2531099340127,"y":207.65302774403824,"cluster":1},{"x":282.43094571585584,"y":143.42244986387234,"cluster":1},{"x":385.9264242877152,"y":26.129283036679688,"cluster":1},{"x":398.6061532259671,"y":180.23155796624678,"cluster":1},{"x":423.57448309669144,"y":40.537085015426285,"cluster":1},{"x":336.01347835526707,"y":258.7481496325074,"cluster":1},{"x":363.08778184102783,"y":61.04612951793351,"cluster":1},{"x":358.9862084712251,"y":37.05804455083528,"cluster":1},{"x":241.02275572087893,"y":48.081295024382555,"cluster":1},{"x":185.64224695116204,"y":260.8454306939045,"cluster":1},{"x":320.0885338146067,"y":228.91377904898323,"cluster":1},{"x":273.53676461423,"y":160.96940097319097,"cluster":1},{"x":174.52105697390058,"y":102.42959966923092,"cluster":1},{"x":237.58263297213134,"y":75.1746925706392,"cluster":1},{"x":191.0152644767156,"y":70.58828825096242,"cluster":1},{"x":278.40868464342196,"y":241.85866342416992,"cluster":1},{"x":145.11869563923324,"y":165.6998917984769,"cluster":1},{"x":96.77664051376485,"y":246.77564865935602,"cluster":1},{"x":472.15960704137143,"y":15.451183785999037,"cluster":1},{"x":178.06659581471027,"y":33.70605190478527,"cluster":1},{"x":206.89028110477577,"y":132.60205769050765,"cluster":1},{"x":250.1667554705923,"y":267.4518683481152,"cluster":1},{"x":197.0710161834044,"y":63.45102710359034,"cluster":1},{"x":38.36712357156291,"y":132.0415045300245,"cluster":1},{"x":473.2027693010799,"y":78.53386007838265,"cluster":1},{"x":92.05775900047848,"y":28.735916971787073,"cluster":1},{"x":369.536255038148,"y":250.5720436447968,"cluster":1},{"x":350.17108061481883,"y":277.32456589567926,"cluster":1},{"x":50.34289403632292,"y":108.42824055431869,"cluster":1},{"x":305.38369353301067,"y":170.28358015534337,"cluster":1},{"x":100.22769382360244,"y":101.75337170189187,"cluster":1},{"x":201.1070133520289,"y":32.64008035112988,"cluster":1},{"x":377.99687163493627,"y":149.1253596789219,"cluster":1},{"x":340.24714630657184,"y":130.84562389090195,"cluster":1},{"x":70.26256099507837,"y":282.7822739013158,"cluster":1},{"x":470.6030404694538,"y":271.6080897237796,"cluster":1},{"x":163.574786800081,"y":95.54282287208102,"cluster":1},{"x":178.59813622996003,"y":66.46547832719338,"cluster":1},{"x":332.41545767831224,"y":280.184824262778,"cluster":1},{"x":380.80449441148573,"y":199.90643260618566,"cluster":1},{"x":234.87177522212016,"y":248.41766186767018,"cluster":1},{"x":181.41957645573933,"y":178.05135495535134,"cluster":1},{"x":258.2262587821936,"y":45.63739167413216,"cluster":1},{"x":293.4941849521165,"y":91.30445883317978,"cluster":1},{"x":93.05812720967482,"y":158.8932884684472,"cluster":1},{"x":452.2868050657815,"y":237.97112280833636,"cluster":1},{"x":96.74551893958825,"y":108.92255946924406,"cluster":1},{"x":260.63277113080755,"y":276.6062415955898,"cluster":1}],"num_clusters":0}