{"title":"uniform-n80-r5-s-678175855965297724480","map_width":500,"map_height":300,"num_leaves":80,"tree":{"leaf":false,"id":158,"left":{"leaf":false,"id":148,"left":{"leaf":false,"id":142,"left":{"leaf":false,"id":125,"left":{"leaf":true,"id":38,"label":"38","site_id":38},"right":{"leaf":true,"id":0,"label":"0","site_id":0}},"right":{"leaf":false,"id":115,"left":{"leaf":true,"id":40,"label":"40","site_id":40},"right":{"leaf":true,"id":10,"label":"10","site_id":10}}},"right":{"leaf":false,"id":119,"left":{"leaf":true,"id":52,"label":"52","site_id":52},"right":{"leaf":false,"id":117,"left":{"leaf":true,"id":66,"label":"66","site_id":66},"right":{"leaf":true,"id":61,"label":"61","site_id":61}}}},"right":{"leaf":false,"id":157,"left":{"leaf":false,"id":145,"left":{"leaf":false,"id":138,"left":{"leaf":true,"id":17,"label":"17","site_id":17},"right":{"leaf":false,"id":133,"left":{"leaf":false,"id":124,"left":{"leaf":false,"id":111,"left":{"leaf":false,"id":94,"left":{"leaf":true,"id":75,"label":"75","site_id":75},"right":{"leaf":true,"id":25,"label":"25","site_id":25}},"right":{"leaf":true,"id":11,"label":"11","site_id":11}},"right":{"leaf":true,"id":3,"label":"3","site_id":3}},"right":{"leaf":false,"id":132,"left":{"leaf":true,"id":30,"label":"30","site_id":30},"right":{"leaf":false,"id":126,"left":{"leaf":false,"id":121,"left":{"leaf":true,"id":53,"label":"53","site_id":53},"right":{"leaf":true,"id":60,"label":"60","site_id":60}},"right":{"leaf":true,"id":43,"label":"43","site_id":43}}}}},"right":{"leaf":false,"id":144,"left":{"leaf":false,"id":104,"left":{"leaf":false,"id":82,"left":{"leaf":true,"id":26,"label":"26","site_id":26},"right":{"leaf":true,"id":49,"label":"49","site_id":49}},"right":{"leaf":true,"id":79,"label":"79","site_id":79}},"right":{"leaf":false,"id":102,"left":{"leaf":true,"id":20,"label":"20","site_id":20},"right":{"leaf":false,"id":87,"left":{"leaf":true,"id":42,"label":"42","site_id":42},"right":{"leaf":true,"id":36,"label":"36","site_id":36}}}}},"right":{"leaf":false,"id":156,"left":{"leaf":false,"id":155,"left":{"leaf":false,"id":154,"left":{"leaf":false,"id":137,"left":{"leaf":false,"id":130,"left":{"leaf":true,"id":64,"label":"64","site_id":64},"right":{"leaf":false,"id":114,"left":{"leaf":false,"id":113,"left":{"leaf":false,"id":108,"left":{"leaf":true,"id":55,"label":"55","site_id":55},"right":{"leaf":true,"id":39,"label":"39","site_id":39}},"right":{"leaf":false,"id":91,"left":{"leaf":false,"id":86,"left":{"leaf":false,"id":83,"left":{"leaf":true,"id":46,"label":"46","site_id":46},"right":{"leaf":true,"id":65,"label":"65","site_id":65}},"right":{"leaf":true,"id":70,"label":"70","site_id":70}},"right":{"leaf":true,"id":57,"label":"57","site_id":57}}},"right":{"leaf":false,"id":103,"left":{"leaf":true,"id":27,"label":"27","site_id":27},"right":{"leaf":false,"id":97,"left":{"leaf":true,"id":71,"label":"71","site_id":71},"right":{"leaf":true,"id":44,"label":"44","site_id":44}}}}},"right":{"leaf":false,"id":136,"left":{"leaf":false,"id":135,"left":{"leaf":false,"id":134,"left":{"leaf":false,"id":131,"left":{"leaf":false,"id":120,"left":{"leaf":false,"id":89,"left":{"leaf":true,"id":34,"label":"34","site_id":34},"right":{"leaf":true,"id":72,"label":"72","site_id":72}},"right":{"leaf":true,"id":56,"label":"56","site_id":56}},"right":{"leaf":false,"id":127,"left":{"leaf":false,"id":95,"left":{"leaf":true,"id":58,"label":"58","site_id":58},"right":{"leaf":true,"id":77,"label":"77","site_id":77}},"right":{"leaf":false,"id":84,"left":{"leaf":true,"id":2,"label":"2","site_id":2},"right":{"leaf":true,"id":31,"label":"31","site_id":31}}}},"right":{"leaf":false,"id":128,"left":{"leaf":false,"id":105,"left":{"leaf":true,"id":13,"label":"13","site_id":13},"right":{"leaf":false,"id":80,"left":{"leaf":true,"id":22,"label":"22","site_id":22},"right":{"leaf":true,"id":51,"label":"51","site_id":51}}},"right":{"leaf":false,"id":99,"left":{"leaf":true,"id":54,"label":"54","site_id":54},"right":{"leaf":true,"id":5,"label":"5","site_id":5}}}},"right":{"leaf":false,"id":116,"left":{"leaf":true,"id":19,"label":"19","site_id":19},"right":{"leaf":false,"id":96,"left":{"leaf":true,"id":76,"label":"76","site_id":76},"right":{"leaf":true,"id":16,"label":"16","site_id":16}}}},"right":{"leaf":false,"id":109,"left":{"leaf":true,"id":50,"label":"50","site_id":50},"right":{"leaf":true,"id":32,"label":"32","site_id":32}}}},"right":{"leaf":false,"id":152,"left":{"leaf":false,"id":143,"left":{"leaf":true,"id":1,"label":"1","site_id":1},"right":{"leaf":false,"id":88,"left":{"leaf":true,"id":9,"label":"9","site_id":9},"right":{"leaf":true,"id":29,"label":"29","site_id":29}}},"right":{"leaf":true,"id":59,"label":"59","site_id":59}}},"right":{"leaf":false,"id":153,"left":{"leaf":false,"id":141,"left":{"leaf":false,"id":140,"left":{"leaf":false,"id":122,"left":{"leaf":false,"id":90,"left":{"leaf":true,"id":18,"label":"18","site_id":18},"right":{"leaf":false,"id":81,"left":{"leaf":true,"id":24,"label":"24","site_id":24},"right":{"leaf":true,"id":14,"label":"14","site_id":14}}},"right":{"leaf":true,"id":6,"label":"6","site_id":6}},"right":{"leaf":true,"id":63,"label":"63","site_id":63}},"right":{"leaf":false,"id":118,"left":{"leaf":true,"id":8,"label":"8","site_id":8},"right":{"leaf":true,"id":48,"label":"48","site_id":48}}},"right":{"leaf":false,"id":129,"left":{"leaf":false,"id":112,"left":{"leaf":false,"id":100,"left":{"leaf":true,"id":41,"label":"41","site_id":41},"right":{"leaf":true,"id":45,"label":"45","site_id":45}},"right":{"leaf":true,"id":23,"label":"23","site_id":23}},"right":{"leaf":false,"id":93,"left":{"leaf":true,"id":73,"label":"73","site_id":73},"right":{"leaf":false,"id":92,"left":{"leaf":true,"id":12,"label":"12","site_id":12},"right":{"leaf":true,"id":37,"label":"37","site_id":37}}}}}},"right":{"leaf":false,"id":151,"left":{"leaf":false,"id":150,"left":{"leaf":false,"id":149,"left":{"leaf":true,"id":28,"label":"28","site_id":28},"right":{"leaf":false,"id":107,"left":{"leaf":true,"id":68,"label":"68","site_id":68},"right":{"leaf":false,"id":98,"left":{"leaf":true,"id":74,"label":"74","site_id":74},"right":{"leaf":true,"id":35,"label":"35","site_id":35}}}},"right":{"leaf":false,"id":147,"left":{"leaf":false,"id":146,"left":{"leaf":false,"id":106,"left":{"leaf":true,"id":33,"label":"33","site_id":33},"right":{"leaf":true,"id":78,"label":"78","site_id":78}},"right":{"leaf":false,"id":139,"left":{"leaf":false,"id":123,"left":{"leaf":true,"id":7,"label":"7","site_id":7},"right":{"leaf":false,"id":101,"left":{"leaf":true,"id":21,"label":"21","site_id":21},"right":{"leaf":true,"id":62,"label":"62","site_id":62}}},"right":{"leaf":false,"id":110,"left":{"leaf":true,"id":69,"label":"69","site_id":69},"right":{"leaf":true,"id":15,"label":"15","site_id":15}}}},"right":{"leaf":false,"id":85,"left":{"leaf":true,"id":67,"label":"67","site_id":67},"right":{"leaf":true,"id":47,"label":"47","site_id":47}}}},"right":{"leaf":true,"id":4,"label":"4","site_id":4}}}}},"num_sites":80,"sites":[{"x":111.99222992548201,"y":35.48943217206306,"cluster":1},{"x":478.9084105407561,"y":157.14169230408436,"cluster":1},{"x":353.3995365844003,"y":220.19894027413713,"cluster":1},{"x":209.59053079626773,"y":98.53323805728745,"cluster":1},{"x":378.7528980817485,"y":231.49327927573412,"cluster":1},{"x":397.3392311503547,"y":81.08159385405231,"cluster":1},{"x":391.2186171045682,"y":176.07585592830026,"cluster":1},{"x":21.02577450712839,"y":130.65306640593047,"cluster":1},{"x":104.62022191551623,"y":274.596898277895,"cluster":1},{"x":482.9421517160046,"y":139.31891681687972,"cluster":1},{"x":30.0421574535382,"y":52.79529942643737,"cluster":1},{"x":184.08346024482879,"y":239.17285628972496,"cluster":1},{"x":449.24660152477765,"y":61.894054200528096,"cluster":1},{"x":118.8781629487903,"y":16.706073155337943,"cluster":1},{"x":454.584081813946,"y":45.09429109548874,"cluster":1},{"x":233.62827179476471,"y":137.54850437255436,"cluster":1},{"x":126.64825154868048,"y":51.360695478069935,"cluster":1},{"x":437.483142637996,"y":155.9313761647859,"cluster":1},{"x":225.54543240009298,"y":229.2162819292629,"cluster":1},{"x":113.4668464339725,"y":112.10837299605082,"cluster":1},{"x":325.5905133512004,"y":86.9683619423665,"cluster":1},{"x":177.61844276532804,"y":163.32011812760712,"cluster":1},{"x":224.81205672085923,"y":80.60061240149238,"cluster":1},{"x":385.8887476439284,"y":102.95184195368074,"cluster":1},{"x":459.8040193118295,"y":265.48741960052627,"cluster":1},{"x":325.4485234769967,"y":66.85122498185632,"cluster":1},{"x":334.75440353198263,"y":258.7699542154612,"cluster":1},{"x":272.47574806665926,"y":134.71514227247482,"cluster":1},{"x":143.0026049724596,"y":154.73118036658227,"cluster":1},{"x":382.8546597372408,"y":270.42062672548013,"cluster":1},{"x":336.18614063795263,"y":139.4427984356608,"cluster":1},{"x":38.77217768649493,"y":254.5798611314226,"cluster":1},{"x":339.93404992569,"y":63.329924598897854,"cluster":1},{"x":312.9374791414285,"y":45.44066309607038,"cluster":1},{"x":156.1480262716702,"y":241.11014202048634,"cluster":1},{"x":153.0781599586511,"y":40.53335032564341,"cluster":1},{"x":240.1841785897185,"y":177.8113330296763,"cluster":1},{"x":382.48179308508617,"y":161.18149903486363,"cluster":1},{"x":76.706816501228,"y":47.25844432108826,"cluster":1},{"x":240.63268584481608,"y":65.54222751775745,"cluster":1},{"x":151.65710245955455,"y":19.2843359590195,"cluster":1},{"x":69.41759202311925,"y":236.54372330562435,"cluster":1},{"x":231.36162723538678,"y":234.06325640136012,"cluster":1},{"x":389.959117289184,"y":29.5861267769874,"cluster":1},{"x":328.72732888095885,"y":245.37605700943928,"cluster":1},{"x":357.5980155158929,"y":40.721328338965094,"cluster":1},{"x":450.25917438607155,"y":255.83721457552593,"cluster":1},{"x":216.09743562287963,"y":199.0314380567304,"cluster":1},{"x":45.043058075323266,"y":158.21497763372255,"cluster":1},{"x":256.06289240824566,"y":227.6361566826022,"cluster":1},{"x":120.18431589990658,"y":257.3689851607093,"cluster":1},{"x":335.0377114725682,"y":55.84487742805034,"cluster":1},{"x":83.08990595665553,"y":124.29742617276342,"cluster":1},{"x":445.4674656947931,"y":134.07799337244307,"cluster":1},{"x":362.83766264481847,"y":56.5499969497816,"cluster":1},{"x":246.87324060019048,"y":86.80487729077117,"cluster":1},{"x":147.86624149423997,"y":243.3548398921818,"cluster":1},{"x":325.9080242581082,"y":190.80662295149267,"cluster":1},{"x":294.3969038257365,"y":241.33678523595097,"cluster":1},{"x":472.4915382639819,"y":26.569607953108196,"cluster":1},{"x":479.3639224290111,"y":107.67103474241786,"cluster":1},{"x":71.9279786902148,"y":119.55147519303193,"cluster":1},{"x":183.18272765988021,"y":181.92082445972613,"cluster":1},{"x":361.425309451202,"y":125.64934434696947,"cluster":1},{"x":208.57818367317614,"y":59.29037885999503,"cluster":1},{"x":410.4003264383156,"y":240.17542079880636,"cluster":1},{"x":101.93906822838296,"y":172.83291310580918,"cluster":1},{"x":299.75008533354384,"y":107.5593609339005,"cluster":1},{"x":105.6796434031021,"y":66.61225202082693,"cluster":1},{"x":245.47990478854138,"y":128.059645352722,"cluster":1},{"x":441.21769404455375,"y":275.13766757626996,"cluster":1},{"x":189.32523918007786,"y":58.89287916223172,"cluster":1},{"x":194.93727756580333,"y":252.4682727926724,"cluster":1},{"x":95.0395836895653,"y":284.1587947123154,"cluster":1},{"x":52.44242311609709,"y":123.81308103664219,"cluster":1},{"x":479.0518438362697,"y":94.258833896389,"cluster":1},{"x":142.05297889628127,"y":105.11634897389436,"cluster":1},{"x":191.9941715808233,"y":245.04116845849504,"cluster":1},{"x":456.2656030133377,"y":87.47725935098461,"cluster":1},{"x":298.841716983976,"y":232.24681879872287,"cluster":1}],"num_clusters":0}