{"title":"uniform-n80-r4-s678204133958777814780","map_width":500,"map_height":300,"num_leaves":80,"tree":{"leaf":false,"id":158,"left":{"leaf":false,"id":157,"left":{"leaf":false,"id":155,"left":{"leaf":false,"id":150,"left":{"leaf":false,"id":85,"left":{"leaf":true,"id":58,"label":"58","site_id":58},"right":{"leaf":true,"id":6,"label":"6","site_id":6}},"right":{"leaf":false,"id":149,"left":{"leaf":false,"id":137,"left":{"leaf":false,"id":119,"left":{"leaf":true,"id":56,"label":"56","site_id":56},"right":{"leaf":true,"id":17,"label":"17","site_id":17}},"right":{"leaf":false,"id":133,"left":{"leaf":false,"id":95,"left":{"leaf":true,"id":45,"label":"45","site_id":45},"right":{"leaf":true,"id":15,"label":"15","site_id":15}},"right":{"leaf":false,"id":131,"left":{"leaf":true,"id":31,"label":"31","site_id":31},"right":{"leaf":false,"id":98,"left":{"leaf":false,"id":90,"left":{"leaf":true,"id":2,"label":"2","site_id":2},"right":{"leaf":false,"id":84,"left":{"leaf":true,"id":79,"label":"79","site_id":79},"right":{"leaf":false,"id":81,"left":{"leaf":true,"id":74,"label":"74","site_id":74},"right":{"leaf":true,"id":64,"label":"64","site_id":64}}}},"right":{"leaf":true,"id":37,"label":"37","site_id":37}}}}},"right":{"leaf":false,"id":146,"left":{"leaf":false,"id":112,"left":{"leaf":true,"id":8,"label":"8","site_id":8},"right":{"leaf":true,"id":53,"label":"53","site_id":53}},"right":{"leaf":false,"id":121,"left":{"leaf":true,"id":69,"label":"69","site_id":69},"right":{"leaf":false,"id":110,"left":{"leaf":true,"id":49,"label":"49","site_id":49},"right":{"leaf":true,"id":12,"label":"12","site_id":12}}}}}},"right":{"leaf":false,"id":141,"left":{"leaf":false,"id":122,"left":{"leaf":true,"id":71,"label":"71","site_id":71},"right":{"leaf":true,"id":14,"label":"14","site_id":14}},"right":{"leaf":false,"id":130,"left":{"leaf":true,"id":42,"label":"42","site_id":42},"right":{"leaf":false,"id":94,"left":{"leaf":true,"id":10,"label":"10","site_id":10},"right":{"leaf":true,"id":44,"label":"44","site_id":44}}}}},"right":{"leaf":false,"id":153,"left":{"leaf":false,"id":151,"left":{"leaf":false,"id":148,"left":{"leaf":true,"id":61,"label":"61","site_id":61},"right":{"leaf":false,"id":105,"left":{"leaf":false,"id":100,"left":{"leaf":true,"id":3,"label":"3","site_id":3},"right":{"leaf":true,"id":29,"label":"29","site_id":29}},"right":{"leaf":true,"id":50,"label":"50","site_id":50}}},"right":{"leaf":false,"id":145,"left":{"leaf":false,"id":135,"left":{"leaf":false,"id":134,"left":{"leaf":true,"id":0,"label":"0","site_id":0},"right":{"leaf":false,"id":88,"left":{"leaf":false,"id":87,"left":{"leaf":true,"id":54,"label":"54","site_id":54},"right":{"leaf":true,"id":67,"label":"67","site_id":67}},"right":{"leaf":true,"id":48,"label":"48","site_id":48}}},"right":{"leaf":false,"id":106,"left":{"leaf":false,"id":104,"left":{"leaf":false,"id":91,"left":{"leaf":true,"id":21,"label":"21","site_id":21},"right":{"leaf":true,"id":33,"label":"33","site_id":33}},"right":{"leaf":true,"id":27,"label":"27","site_id":27}},"right":{"leaf":false,"id":102,"left":{"leaf":true,"id":55,"label":"55","site_id":55},"right":{"leaf":true,"id":5,"label":"5","site_id":5}}}},"right":{"leaf":false,"id":142,"left":{"leaf":false,"id":139,"left":{"leaf":true,"id":63,"label":"63","site_id":63},"right":{"leaf":true,"id":20,"label":"20","site_id":20}},"right":{"leaf":false,"id":93,"left":{"leaf":true,"id":22,"label":"22","site_id":22},"right":{"leaf":true,"id":30,"label":"30","site_id":30}}}}},"right":{"leaf":false,"id":147,"left":{"leaf":true,"id":7,"label":"7","site_id":7},"right":{"leaf":false,"id":140,"left":{"leaf":false,"id":113,"left":{"leaf":true,"id":40,"label":"40","site_id":40},"right":{"leaf":true,"id":4,"label":"4","site_id":4}},"right":{"leaf":false,"id":138,"left":{"leaf":false,"id":120,"left":{"leaf":false,"id":96,"left":{"leaf":true,"id":52,"label":"52","site_id":52},"right":{"leaf":false,"id":92,"left":{"leaf":true,"id":73,"label":"73","site_id":73},"right":{"leaf":true,"id":72,"label":"72","site_id":72}}},"right":{"leaf":true,"id":39,"label":"39","site_id":39}},"right":{"leaf":false,"id":118,"left":{"leaf":false,"id":111,"left":{"leaf":true,"id":47,"label":"47","site_id":47},"right":{"leaf":true,"id":76,"label":"76","site_id":76}},"right":{"leaf":true,"id":19,"label":"19","site_id":19}}}}}}},"right":{"leaf":false,"id":156,"left":{"leaf":false,"id":154,"left":{"leaf":false,"id":144,"left":{"leaf":false,"id":109,"left":{"leaf":true,"id":23,"label":"23","site_id":23},"right":{"leaf":false,"id":99,"left":{"leaf":true,"id":78,"label":"78","site_id":78},"right":{"leaf":false,"id":97,"left":{"leaf":true,"id":1,"label":"1","site_id":1},"right":{"leaf":true,"id":24,"label":"24","site_id":24}}}},"right":{"leaf":false,"id":136,"left":{"leaf":false,"id":116,"left":{"leaf":true,"id":66,"label":"66","site_id":66},"right":{"leaf":false,"id":82,"left":{"leaf":true,"id":38,"label":"38","site_id":38},"right":{"leaf":true,"id":26,"label":"26","site_id":26}}},"right":{"leaf":true,"id":35,"label":"35","site_id":35}}},"right":{"leaf":false,"id":152,"left":{"leaf":true,"id":18,"label":"18","site_id":18},"right":{"leaf":false,"id":143,"left":{"leaf":false,"id":103,"left":{"leaf":false,"id":80,"left":{"leaf":true,"id":36,"label":"36","site_id":36},"right":{"leaf":true,"id":60,"label":"60","site_id":60}},"right":{"leaf":false,"id":101,"left":{"leaf":true,"id":41,"label":"41","site_id":41},"right":{"leaf":true,"id":68,"label":"68","site_id":68}}},"right":{"leaf":false,"id":132,"left":{"leaf":false,"id":128,"left":{"leaf":false,"id":126,"left":{"leaf":false,"id":125,"left":{"leaf":false,"id":115,"left":{"leaf":true,"id":13,"label":"13","site_id":13},"right":{"leaf":false,"id":108,"left":{"leaf":true,"id":65,"label":"65","site_id":65},"right":{"leaf":false,"id":107,"left":{"leaf":true,"id":9,"label":"9","site_id":9},"right":{"leaf":true,"id":43,"label":"43","site_id":43}}}},"right":{"leaf":true,"id":16,"label":"16","site_id":16}},"right":{"leaf":false,"id":83,"left":{"leaf":true,"id":57,"label":"57","site_id":57},"right":{"leaf":true,"id":70,"label":"70","site_id":70}}},"right":{"leaf":false,"id":117,"left":{"leaf":true,"id":28,"label":"28","site_id":28},"right":{"leaf":true,"id":75,"label":"75","site_id":75}}},"right":{"leaf":false,"id":129,"left":{"leaf":false,"id":127,"left":{"leaf":false,"id":114,"left":{"leaf":true,"id":11,"label":"11","site_id":11},"right":{"leaf":false,"id":86,"left":{"leaf":true,"id":46,"label":"46","site_id":46},"right":{"leaf":true,"id":25,"label":"25","site_id":25}}},"right":{"leaf":false,"id":89,"left":{"leaf":true,"id":59,"label":"59","site_id":59},"right":{"leaf":true,"id":32,"label":"32","site_id":32}}},"right":{"leaf":false,"id":124,"left":{"leaf":true,"id":51,"label":"51","site_id":51},"right":{"leaf":false,"id":123,"left":{"leaf":true,"id":77,"label":"77","site_id":77},"right":{"leaf":true,"id":34,"label":"34","site_id":34}}}}}}}},"right":{"leaf":true,"id":62,"label":"62","site_id":62}}},"num_sites":80,"sites":[{"x":218.65765508893801,"y":214.39479379196698,"cluster":1},{"x":288.21919548827316,"y":160.25005366737477,"cluster":1},{"x":42.94074360501611,"y":191.7477770196417,"cluster":1},{"x":19.86210400903944,"y":49.870037119900935,"cluster":1},{"x":16.734587359167296,"y":98.56108074732956,"cluster":1},{"x":179.81481522637148,"y":174.34151398442614,"cluster":1},{"x":312.59477367743267,"y":136.42781859267262,"cluster":1},{"x":282.84506181295944,"y":184.39815746929347,"cluster":1},{"x":342.34201767463395,"y":59.95513875044885,"cluster":1},{"x":197.582465815104,"y":220.5447417071831,"cluster":1},{"x":39.990033558261544,"y":232.83154116771735,"cluster":1},{"x":481.6286087194482,"y":260.4819441527454,"cluster":1},{"x":227.52439121359967,"y":137.89013853811127,"cluster":1},{"x":365.34268558183385,"y":138.76177741928922,"cluster":1},{"x":238.56763098472922,"y":27.556758745351843,"cluster":1},{"x":323.4147392452287,"y":34.23733517776824,"cluster":1},{"x":384.60419439255804,"y":237.46818511241017,"cluster":1},{"x":239.696440582965,"y":102.11082684941867,"cluster":1},{"x":129.0152927208584,"y":59.629900655655774,"cluster":1},{"x":153.0537775382966,"y":90.81141258848206,"cluster":1},{"x":145.68718019565912,"y":222.254057264693,"cluster":1},{"x":190.23873044888154,"y":99.54976513373396,"cluster":1},{"x":101.40774054884211,"y":231.37764187206162,"cluster":1},{"x":435.946944188534,"y":210.19899110324843,"cluster":1},{"x":284.65472853320335,"y":264.5068729479136,"cluster":1},{"x":420.33559404620576,"y":97.14161765891768,"cluster":1},{"x":187.70536991868735,"y":278.8682930988163,"cluster":1},{"x":80.32085938722035,"y":160.90037455618392,"cluster":1},{"x":54.26058627923122,"y":226.368209794945,"cluster":1},{"x":72.95664448662097,"y":275.73542633538716,"cluster":1},{"x":60.97832970713746,"y":204.07123098708738,"cluster":1},{"x":467.11616186495047,"y":57.943701565016475,"cluster":1},{"x":388.4491493465746,"y":152.90509843345848,"cluster":1},{"x":293.5553978297585,"y":270.33599162239693,"cluster":1},{"x":115.22332740123458,"y":218.3830360786706,"cluster":1},{"x":83.23250182735497,"y":189.295407459727,"cluster":1},{"x":427.5125489582615,"y":245.4062831139217,"cluster":1},{"x":199.48940945088776,"y":183.93587702641244,"cluster":1},{"x":477.14024064866754,"y":84.66851221452406,"cluster":1},{"x":21.372006777356383,"y":282.18216153307833,"cluster":1},{"x":21.203546893860263,"y":100.83021356942714,"cluster":1},{"x":202.97261198650722,"y":276.08313621960923,"cluster":1},{"x":88.73570891403193,"y":242.46526104205543,"cluster":1},{"x":307.22342591676454,"y":138.3477201462327,"cluster":1},{"x":302.42171547779947,"y":40.803233031889945,"cluster":1},{"x":462.05190034452977,"y":73.95817967473214,"cluster":1},{"x":467.12102780547696,"y":148.50009599950874,"cluster":1},{"x":32.22922360281454,"y":124.76818550824918,"cluster":1},{"x":181.5897985332916,"y":131.06635993865316,"cluster":1},{"x":211.60016509465234,"y":151.23326309139358,"cluster":1},{"x":65.37139724881474,"y":132.16577428067262,"cluster":1},{"x":287.6776909833085,"y":73.84906037124452,"cluster":1},{"x":359.3375714891176,"y":119.76911014912945,"cluster":1},{"x":83.81808936211635,"y":167.48797628856633,"cluster":1},{"x":55.81371650797007,"y":173.10655445215562,"cluster":1},{"x":83.36234278419172,"y":74.62756230846986,"cluster":1},{"x":252.61051357387066,"y":80.5088195668759,"cluster":1},{"x":245.2367109393921,"y":58.45422087332043,"cluster":1},{"x":174.6102818830875,"y":145.56087114237292,"cluster":1},{"x":461.55075591754724,"y":224.0035938520568,"cluster":1},{"x":136.82015855621796,"y":263.5138677186261,"cluster":1},{"x":454.7130332230395,"y":264.8640855354116,"cluster":1},{"x":44.00526842738644,"y":201.60971695241673,"cluster":1},{"x":174.5050293395159,"y":254.5228985423594,"cluster":1},{"x":244.15367858810495,"y":75.86927224395998,"cluster":1},{"x":274.41093531615263,"y":195.17406503297767,"cluster":1},{"x":356.1015301044985,"y":32.97907329937328,"cluster":1},{"x":251.29612337754048,"y":22.73570461777705,"cluster":1},{"x":425.65959912541774,"y":229.18308099867247,"cluster":1},{"x":133.2594092742204,"y":124.93904177723526,"cluster":1},{"x":299.5346592575173,"y":138.54485360788345,"cluster":1},{"x":117.15412839084492,"y":19.654404501896092,"cluster":1},{"x":342.226964864246,"y":280.5919894807311,"cluster":1},{"x":299.8804973968603,"y":193.10955051273285,"cluster":1},{"x":417.9115841820735,"y":192.18881924825874,"cluster":1},{"x":476.09678051368417,"y":52.33370257452423,"cluster":1},{"x":267.0752013427756,"y":60.504632410106964,"cluster":1},{"x":109.4789050166654,"y":213.02557401022779,"cluster":1},{"x":466.3808312686288,"y":203.15385720564888,"cluster":1},{"x":85.07838990378276,"y":253.09656815949592,"cluster":1}],"num_clusters":0}