{"title":"uniform-n60-r8-s-399317392043443820260","map_width":500,"map_height":300,"num_leaves":60,"tree":{"leaf":false,"id":118,"left":{"leaf":false,"id":113,"left":{"leaf":false,"id":111,"left":{"leaf":false,"id":100,"left":{"leaf":false,"id":84,"left":{"leaf":true,"id":34,"label":"34","site_id":34},"right":{"leaf":false,"id":80,"left":{"leaf":true,"id":58,"label":"58","site_id":58},"right":{"leaf":false,"id":68,"left":{"leaf":false,"id":64,"left":{"leaf":false,"id":62,"left":{"leaf":true,"id":31,"label":"31","site_id":31},"right":{"leaf":false,"id":60,"left":{"leaf":true,"id":7,"label":"7","site_id":7},"right":{"leaf":true,"id":42,"label":"42","site_id":42}}},"right":{"leaf":true,"id":8,"label":"8","site_id":8}},"right":{"leaf":true,"id":26,"label":"26","site_id":26}}}},"right":{"leaf":false,"id":76,"left":{"leaf":true,"id":46,"label":"46","site_id":46},"right":{"leaf":false,"id":71,"left":{"leaf":true,"id":32,"label":"32","site_id":32},"right":{"leaf":true,"id":45,"label":"45","site_id":45}}}},"right":{"leaf":false,"id":98,"left":{"leaf":false,"id":88,"left":{"leaf":true,"id":41,"label":"41","site_id":41},"right":{"leaf":true,"id":53,"label":"53","site_id":53}},"right":{"leaf":true,"id":4,"label":"4","site_id":4}}},"right":{"leaf":false,"id":96,"left":{"leaf":true,"id":39,"label":"39","site_id":39},"right":{"leaf":false,"id":78,"left":{"leaf":false,"id":77,"left":{"leaf":false,"id":61,"left":{"leaf":true,"id":18,"label":"18","site_id":18},"right":{"leaf":true,"id":22,"label":"22","site_id":22}},"right":{"leaf":false,"id":67,"left":{"leaf":true,"id":14,"label":"14","site_id":14},"right":{"leaf":true,"id":36,"label":"36","site_id":36}}},"right":{"leaf":true,"id":9,"label":"9","site_id":9}}}},"right":{"leaf":false,"id":117,"left":{"leaf":false,"id":116,"left":{"leaf":false,"id":114,"left":{"leaf":false,"id":112,"left":{"leaf":false,"id":104,"left":{"leaf":false,"id":97,"left":{"leaf":true,"id":56,"label":"56","site_id":56},"right":{"leaf":true,"id":50,"label":"50","site_id":50}},"right":{"leaf":true,"id":44,"label":"44","site_id":44}},"right":{"leaf":true,"id":43,"label":"43","site_id":43}},"right":{"leaf":false,"id":103,"left":{"leaf":true,"id":37,"label":"37","site_id":37},"right":{"leaf":false,"id":101,"left":{"leaf":false,"id":95,"left":{"leaf":false,"id":94,"left":{"leaf":false,"id":74,"left":{"leaf":true,"id":16,"label":"16","site_id":16},"right":{"leaf":true,"id":48,"label":"48","site_id":48}},"right":{"leaf":false,"id":93,"left":{"leaf":false,"id":87,"left":{"leaf":true,"id":17,"label":"17","site_id":17},"right":{"leaf":true,"id":2,"label":"2","site_id":2}},"right":{"leaf":true,"id":30,"label":"30","site_id":30}}},"right":{"leaf":false,"id":83,"left":{"leaf":true,"id":35,"label":"35","site_id":35},"right":{"leaf":true,"id":38,"label":"38","site_id":38}}},"right":{"leaf":false,"id":72,"left":{"leaf":false,"id":65,"left":{"leaf":true,"id":13,"label":"13","site_id":13},"right":{"leaf":true,"id":29,"label":"29","site_id":29}},"right":{"leaf":true,"id":23,"label":"23","site_id":23}}}}},"right":{"leaf":true,"id":5,"label":"5","site_id":5}},"right":{"leaf":false,"id":115,"left":{"leaf":false,"id":110,"left":{"leaf":false,"id":107,"left":{"leaf":true,"id":59,"label":"59","site_id":59},"right":{"leaf":false,"id":102,"left":{"leaf":true,"id":10,"label":"10","site_id":10},"right":{"leaf":true,"id":28,"label":"28","site_id":28}}},"right":{"leaf":true,"id":24,"label":"24","site_id":24}},"right":{"leaf":false,"id":109,"left":{"leaf":false,"id":85,"left":{"leaf":false,"id":70,"left":{"leaf":true,"id":3,"label":"3","site_id":3},"right":{"leaf":false,"id":69,"left":{"leaf":false,"id":66,"left":{"leaf":true,"id":33,"label":"33","site_id":33},"right":{"leaf":true,"id":54,"label":"54","site_id":54}},"right":{"leaf":true,"id":1,"label":"1","site_id":1}}},"right":{"leaf":true,"id":11,"label":"11","site_id":11}},"right":{"leaf":false,"id":108,"left":{"leaf":false,"id":106,"left":{"leaf":false,"id":92,"left":{"leaf":true,"id":49,"label":"49","site_id":49},"right":{"leaf":false,"id":90,"left":{"leaf":false,"id":82,"left":{"leaf":false,"id":79,"left":{"leaf":true,"id":47,"label":"47","site_id":47},"right":{"leaf":false,"id":75,"left":{"leaf":true,"id":12,"label":"12","site_id":12},"right":{"leaf":true,"id":51,"label":"51","site_id":51}}},"right":{"leaf":true,"id":20,"label":"20","site_id":20}},"right":{"leaf":true,"id":25,"label":"25","site_id":25}}},"right":{"leaf":false,"id":105,"left":{"leaf":true,"id":52,"label":"52","site_id":52},"right":{"leaf":false,"id":99,"left":{"leaf":true,"id":0,"label":"0","site_id":0},"right":{"leaf":false,"id":89,"left":{"leaf":false,"id":81,"left":{"leaf":true,"id":55,"label":"55","site_id":55},"right":{"leaf":true,"id":27,"label":"27","site_id":27}},"right":{"leaf":false,"id":86,"left":{"leaf":true,"id":15,"label":"15","site_id":15},"right":{"leaf":true,"id":21,"label":"21","site_id":21}}}}}},"right":{"leaf":false,"id":91,"left":{"leaf":false,"id":73,"left":{"leaf":true,"id":57,"label":"57","site_id":57},"right":{"leaf":false,"id":63,"left":{"leaf":true,"id":19,"label":"19","site_id":19},"right":{"leaf":true,"id":40,"label":"40","site_id":40}}},"right":{"leaf":true,"id":6,"label":"6","site_id":6}}}}}}},"num_sites":60,"sites":[{"x":61.18268110715233,"y":158.09547908341972,"cluster":1},{"x":258.47948036648944,"y":219.3636695070532,"cluster":1},{"x":450.7673716533158,"y":175.19722845390865,"cluster":1},{"x":201.73038857747773,"y":213.626586997542,"cluster":1},{"x":51.89225776460014,"y":197.69861319955942,"cluster":1},{"x":84.34578415118375,"y":86.2063483551505,"cluster":1},{"x":122.2422275699506,"y":22.354362726447974,"cluster":1},{"x":159.27965110924467,"y":151.72022102101525,"cluster":1},{"x":153.74040225040972,"y":43.76533604219413,"cluster":1},{"x":282.818169723696,"y":215.06368402449934,"cluster":1},{"x":411.0197654906756,"y":136.99320214509285,"cluster":1},{"x":234.39285159023936,"y":272.22918950147226,"cluster":1},{"x":64.88232085775235,"y":63.56841988980418,"cluster":1},{"x":251.00866255016507,"y":107.69140027491632,"cluster":1},{"x":355.64293910188206,"y":16.95215995945195,"cluster":1},{"x":368.3670256749683,"y":162.40273077363514,"cluster":1},{"x":421.79215890515735,"y":33.46362492224026,"cluster":1},{"x":102.3943628116197,"y":18.112963939294808,"cluster":1},{"x":289.6369245371173,"y":15.573261524034026,"cluster":1},{"x":141.205060294294,"y":281.33423318310577,"cluster":1},{"x":459.490084962479,"y":216.28827455673263,"cluster":1},{"x":348.5337825374018,"y":213.81747633915992,"cluster":1},{"x":313.5793096236273,"y":76.12066174401613,"cluster":1},{"x":295.365381069089,"y":65.88895806660764,"cluster":1},{"x":270.13321004209445,"y":197.8290503709998,"cluster":1},{"x":256.8713401865019,"y":274.41536883206044,"cluster":1},{"x":47.07680250290736,"y":178.76446395319013,"cluster":1},{"x":336.8303521119225,"y":238.5233223402669,"cluster":1},{"x":347.430957885596,"y":166.22611322285252,"cluster":1},{"x":291.4661387527473,"y":23.49424370966211,"cluster":1},{"x":396.85959839512833,"y":197.74707004745926,"cluster":1},{"x":29.079364591929888,"y":146.48775854097275,"cluster":1},{"x":151.84605050370124,"y":205.68093176683703,"cluster":1},{"x":60.98088208238605,"y":246.91688482946896,"cluster":1},{"x":204.7041458260851,"y":173.84912774723128,"cluster":1},{"x":23.05250814635321,"y":199.40551717665016,"cluster":1},{"x":369.0419036900613,"y":263.33474996317483,"cluster":1},{"x":235.76674382222126,"y":68.30382546714232,"cluster":1},{"x":26.395440581215375,"y":184.77245166302376,"cluster":1},{"x":273.6907629944012,"y":99.71945940533799,"cluster":1},{"x":21.537439086910467,"y":275.68514921084244,"cluster":1},{"x":93.38042538008318,"y":69.94244748092565,"cluster":1},{"x":181.13873640251308,"y":97.9990862111545,"cluster":1},{"x":391.03020907465196,"y":278.40766285158725,"cluster":1},{"x":329.36896868991874,"y":64.86498921686079,"cluster":1},{"x":272.73778782327975,"y":192.64868501821394,"cluster":1},{"x":282.19570976980435,"y":152.60001101792864,"cluster":1},{"x":96.34883055800314,"y":120.94978803560055,"cluster":1},{"x":207.6586056863328,"y":203.33750263097656,"cluster":1},{"x":440.93231752385435,"y":268.7367319435771,"cluster":1},{"x":265.1011215341921,"y":40.667991150889996,"cluster":1},{"x":99.49559240484038,"y":94.76449552327368,"cluster":1},{"x":332.3833188358214,"y":124.50204250926852,"cluster":1},{"x":39.636076779083425,"y":180.97514120700563,"cluster":1},{"x":418.24029068747893,"y":24.97979147186746,"cluster":1},{"x":399.74023611213863,"y":71.55046372601046,"cluster":1},{"x":350.48924405329683,"y":111.41422683283085,"cluster":1},{"x":105.25587044436867,"y":262.70811150709926,"cluster":1},{"x":110.85639754493488,"y":128.61302174992903,"cluster":1},{"x":373.2258059711026,"y":215.36621199182062,"cluster":1}],"num_clusters":0}