{"title":"uniform-n75-r5-s201128925643527591375","map_width":500,"map_height":300,"num_leaves":75,"tree":{"leaf":false,"id":148,"left":{"leaf":false,"id":147,"left":{"leaf":false,"id":144,"left":{"leaf":false,"id":140,"left":{"leaf":false,"id":129,"left":{"leaf":false,"id":113,"left":{"leaf":false,"id":108,"left":{"leaf":false,"id":101,"left":{"leaf":true,"id":41,"label":"41","site_id":41},"right":{"leaf":false,"id":76,"left":{"leaf":true,"id":53,"label":"53","site_id":53},"right":{"leaf":true,"id":7,"label":"7","site_id":7}}},"right":{"leaf":true,"id":28,"label":"28","site_id":28}},"right":{"leaf":false,"id":106,"left":{"leaf":true,"id":62,"label":"62","site_id":62},"right":{"leaf":false,"id":94,"left":{"leaf":false,"id":90,"left":{"leaf":true,"id":6,"label":"6","site_id":6},"right":{"leaf":true,"id":54,"label":"54","site_id":54}},"right":{"leaf":true,"id":43,"label":"43","site_id":43}}}},"right":{"leaf":false,"id":125,"left":{"leaf":false,"id":118,"left":{"leaf":true,"id":37,"label":"37","site_id":37},"right":{"leaf":false,"id":102,"left":{"leaf":true,"id":24,"label":"24","site_id":24},"right":{"leaf":true,"id":39,"label":"39","site_id":39}}},"right":{"leaf":false,"id":123,"left":{"leaf":false,"id":112,"left":{"leaf":true,"id":60,"label":"60","site_id":60},"right":{"leaf":true,"id":18,"label":"18","site_id":18}},"right":{"leaf":false,"id":111,"left":{"leaf":true,"id":1,"label":"1","site_id":1},"right":{"leaf":true,"id":68,"label":"68","site_id":68}}}}},"right":{"leaf":false,"id":139,"left":{"leaf":true,"id":8,"label":"8","site_id":8},"right":{"leaf":false,"id":135,"left":{"leaf":false,"id":133,"left":{"leaf":false,"id":126,"left":{"leaf":true,"id":50,"label":"50","site_id":50},"right":{"leaf":true,"id":2,"label":"2","site_id":2}},"right":{"leaf":false,"id":80,"left":{"leaf":true,"id":30,"label":"30","site_id":30},"right":{"leaf":true,"id":5,"label":"5","site_id":5}}},"right":{"leaf":false,"id":122,"left":{"leaf":false,"id":95,"left":{"leaf":true,"id":63,"label":"63","site_id":63},"right":{"leaf":false,"id":88,"left":{"leaf":true,"id":4,"label":"4","site_id":4},"right":{"leaf":true,"id":69,"label":"69","site_id":69}}},"right":{"leaf":false,"id":120,"left":{"leaf":true,"id":74,"label":"74","site_id":74},"right":{"leaf":false,"id":119,"left":{"leaf":true,"id":21,"label":"21","site_id":21},"right":{"leaf":true,"id":17,"label":"17","site_id":17}}}}}}},"right":{"leaf":false,"id":137,"left":{"leaf":false,"id":132,"left":{"leaf":false,"id":107,"left":{"leaf":true,"id":38,"label":"38","site_id":38},"right":{"leaf":false,"id":79,"left":{"leaf":true,"id":12,"label":"12","site_id":12},"right":{"leaf":true,"id":56,"label":"56","site_id":56}}},"right":{"leaf":true,"id":9,"label":"9","site_id":9}},"right":{"leaf":true,"id":45,"label":"45","site_id":45}}},"right":{"leaf":false,"id":146,"left":{"leaf":true,"id":13,"label":"13","site_id":13},"right":{"leaf":false,"id":142,"left":{"leaf":false,"id":141,"left":{"leaf":false,"id":77,"left":{"leaf":true,"id":71,"label":"71","site_id":71},"right":{"leaf":true,"id":46,"label":"46","site_id":46}},"right":{"leaf":false,"id":138,"left":{"leaf":false,"id":116,"left":{"leaf":false,"id":89,"left":{"leaf":true,"id":59,"label":"59","site_id":59},"right":{"leaf":true,"id":3,"label":"3","site_id":3}},"right":{"leaf":false,"id":115,"left":{"leaf":false,"id":81,"left":{"leaf":true,"id":44,"label":"44","site_id":44},"right":{"leaf":true,"id":52,"label":"52","site_id":52}},"right":{"leaf":false,"id":91,"left":{"leaf":true,"id":23,"label":"23","site_id":23},"right":{"leaf":false,"id":78,"left":{"leaf":true,"id":29,"label":"29","site_id":29},"right":{"leaf":true,"id":35,"label":"35","site_id":35}}}}},"right":{"leaf":false,"id":128,"left":{"leaf":true,"id":27,"label":"27","site_id":27},"right":{"leaf":false,"id":127,"left":{"leaf":false,"id":96,"left":{"leaf":true,"id":51,"label":"51","site_id":51},"right":{"leaf":true,"id":47,"label":"47","site_id":47}},"right":{"leaf":false,"id":114,"left":{"leaf":false,"id":105,"left":{"leaf":false,"id":104,"left":{"leaf":true,"id":57,"label":"57","site_id":57},"right":{"leaf":true,"id":61,"label":"61","site_id":61}},"right":{"leaf":false,"id":93,"left":{"leaf":true,"id":34,"label":"34","site_id":34},"right":{"leaf":true,"id":67,"label":"67","site_id":67}}},"right":{"leaf":false,"id":100,"left":{"leaf":false,"id":97,"left":{"leaf":false,"id":92,"left":{"leaf":false,"id":86,"left":{"leaf":true,"id":19,"label":"19","site_id":19},"right":{"leaf":true,"id":11,"label":"11","site_id":11}},"right":{"leaf":true,"id":42,"label":"42","site_id":42}},"right":{"leaf":true,"id":33,"label":"33","site_id":33}},"right":{"leaf":false,"id":98,"left":{"leaf":true,"id":36,"label":"36","site_id":36},"right":{"leaf":true,"id":40,"label":"40","site_id":40}}}}}}}},"right":{"leaf":true,"id":14,"label":"14","site_id":14}}}},"right":{"leaf":false,"id":145,"left":{"leaf":false,"id":136,"left":{"leaf":false,"id":110,"left":{"leaf":true,"id":15,"label":"15","site_id":15},"right":{"leaf":false,"id":87,"left":{"leaf":false,"id":84,"left":{"leaf":true,"id":48,"label":"48","site_id":48},"right":{"leaf":true,"id":73,"label":"73","site_id":73}},"right":{"leaf":false,"id":75,"left":{"leaf":true,"id":20,"label":"20","site_id":20},"right":{"leaf":true,"id":26,"label":"26","site_id":26}}}},"right":{"leaf":false,"id":85,"left":{"leaf":true,"id":10,"label":"10","site_id":10},"right":{"leaf":true,"id":64,"label":"64","site_id":64}}},"right":{"leaf":false,"id":143,"left":{"leaf":false,"id":117,"left":{"leaf":true,"id":66,"label":"66","site_id":66},"right":{"leaf":true,"id":55,"label":"55","site_id":55}},"right":{"leaf":false,"id":134,"left":{"leaf":false,"id":131,"left":{"leaf":false,"id":130,"left":{"leaf":false,"id":99,"left":{"leaf":true,"id":32,"label":"32","site_id":32},"right":{"leaf":true,"id":22,"label":"22","site_id":22}},"right":{"leaf":false,"id":124,"left":{"leaf":true,"id":31,"label":"31","site_id":31},"right":{"leaf":false,"id":121,"left":{"leaf":false,"id":109,"left":{"leaf":false,"id":83,"left":{"leaf":true,"id":49,"label":"49","site_id":49},"right":{"leaf":false,"id":82,"left":{"leaf":true,"id":16,"label":"16","site_id":16},"right":{"leaf":true,"id":70,"label":"70","site_id":70}}},"right":{"leaf":true,"id":58,"label":"58","site_id":58}},"right":{"leaf":false,"id":103,"left":{"leaf":true,"id":65,"label":"65","site_id":65},"right":{"leaf":true,"id":25,"label":"25","site_id":25}}}}},"right":{"leaf":true,"id":72,"label":"72","site_id":72}},"right":{"leaf":true,"id":0,"label":"0","site_id":0}}}}},"num_sites":75,"sites":[{"x":89.3897110597821,"y":76.45261349689585,"cluster":1},{"x":349.6137159743167,"y":18.132672318450847,"cluster":1},{"x":197.71314632594405,"y":73.96548715281968,"cluster":1},{"x":85.60265719113075,"y":82.97924317304629,"cluster":1},{"x":79.01669116016184,"y":209.9819993460315,"cluster":1},{"x":461.06571550728916,"y":125.3664037621473,"cluster":1},{"x":186.126481838444,"y":116.80031277454884,"cluster":1},{"x":220.98845808308533,"y":176.2403462349104,"cluster":1},{"x":379.3401084709936,"y":186.23965289706942,"cluster":1},{"x":108.89484920641398,"y":113.38012142199071,"cluster":1},{"x":119.63123727624931,"y":70.94234679670507,"cluster":1},{"x":391.6290188325094,"y":180.82733888441138,"cluster":1},{"x":67.16280908448451,"y":263.049278663749,"cluster":1},{"x":177.38059444185023,"y":177.70942423431276,"cluster":1},{"x":117.82180450256847,"y":115.71234492071956,"cluster":1},{"x":250.97036456016056,"y":163.165034819045,"cluster":1},{"x":20.205944402348432,"y":106.56953469285732,"cluster":1},{"x":148.0991067173684,"y":268.8362871065889,"cluster":1},{"x":158.6466483767835,"y":175.65795802465914,"cluster":1},{"x":46.384972265351614,"y":29.835569982163562,"cluster":1},{"x":64.44439919642043,"y":83.27720527933307,"cluster":1},{"x":145.57578029176767,"y":169.22578876876875,"cluster":1},{"x":257.52209896285444,"y":86.03999941917353,"cluster":1},{"x":342.3203290472355,"y":119.87114873537155,"cluster":1},{"x":454.1687304323574,"y":251.7593190501851,"cluster":1},{"x":286.3185274235872,"y":271.0213941837561,"cluster":1},{"x":63.449794942800516,"y":105.92064200904639,"cluster":1},{"x":314.54315776624856,"y":125.1859026780622,"cluster":1},{"x":115.20317481818658,"y":274.2751978355161,"cluster":1},{"x":248.53657275914898,"y":283.7347993150128,"cluster":1},{"x":466.31770826038945,"y":37.56455944475253,"cluster":1},{"x":176.5338484100013,"y":217.2326491327393,"cluster":1},{"x":179.20950890381317,"y":25.549314121309486,"cluster":1},{"x":217.34921796111527,"y":188.76615393604035,"cluster":1},{"x":57.064247551211785,"y":138.36374874561767,"cluster":1},{"x":256.585880302893,"y":225.47059883597646,"cluster":1},{"x":304.5064072375704,"y":203.75595658386743,"cluster":1},{"x":247.78958670574494,"y":265.0907165478177,"cluster":1},{"x":79.88523381512806,"y":58.997203376553024,"cluster":1},{"x":171.6648609680603,"y":70.72992256472082,"cluster":1},{"x":306.33395984387266,"y":156.15653523245246,"cluster":1},{"x":375.4076475662519,"y":47.94781140368298,"cluster":1},{"x":143.163473502506,"y":209.0362004114995,"cluster":1},{"x":251.58192125789031,"y":134.05907938684956,"cluster":1},{"x":466.99309607946907,"y":189.3506242312025,"cluster":1},{"x":161.7776264618626,"y":199.8680109500479,"cluster":1},{"x":443.30045983726717,"y":28.706219891296623,"cluster":1},{"x":434.5361170741174,"y":39.140878627045836,"cluster":1},{"x":123.78956562703885,"y":41.601503518883916,"cluster":1},{"x":239.71406767047495,"y":270.87459271988314,"cluster":1},{"x":53.129987078299614,"y":133.01643904656262,"cluster":1},{"x":432.58051776359434,"y":63.86323255163516,"cluster":1},{"x":360.21221317830714,"y":112.19730333252406,"cluster":1},{"x":80.50167259338012,"y":242.19501897322723,"cluster":1},{"x":214.09348518231383,"y":241.9676766656707,"cluster":1},{"x":383.0667470692653,"y":284.13047329226754,"cluster":1},{"x":293.2750820069182,"y":230.30853890502453,"cluster":1},{"x":422.94313675044714,"y":45.31860680940413,"cluster":1},{"x":68.85644285872611,"y":268.0498167796487,"cluster":1},{"x":379.6225341603767,"y":180.5012091169973,"cluster":1},{"x":121.53012469955114,"y":225.73608675378435,"cluster":1},{"x":213.71705813031986,"y":155.73869616314028,"cluster":1},{"x":283.1420528837858,"y":181.97949311483492,"cluster":1},{"x":318.5417189171496,"y":238.1971994388638,"cluster":1},{"x":136.28908180709035,"y":57.209426587998266,"cluster":1},{"x":305.3687870588298,"y":268.859574006085,"cluster":1},{"x":395.0689780422184,"y":237.67950734650688,"cluster":1},{"x":292.3752126972763,"y":107.82210683710815,"cluster":1},{"x":476.23085157702195,"y":263.9592199202738,"cluster":1},{"x":219.0504304436078,"y":198.76698744654283,"cluster":1},{"x":143.5886944728381,"y":83.74088851432744,"cluster":1},{"x":324.71331651364306,"y":255.5803554849689,"cluster":1},{"x":208.3456675785907,"y":198.05396904195132,"cluster":1},{"x":209.29014064657412,"y":61.251346426503275,"cluster":1},{"x":24.23654507588728,"y":30.72950624746007,"cluster":1}],"num_clusters":0}