{"title":"uniform-n90-r2-s799626128828978142490","map_width":500,"map_height":300,"num_leaves":90,"tree":{"leaf":false,"id":178,"left":{"leaf":false,"id":173,"left":{"leaf":false,"id":172,"left":{"leaf":false,"id":127,"left":{"leaf":false,"id":117,"left":{"leaf":true,"id":31,"label":"31","site_id":31},"right":{"leaf":false,"id":94,"left":{"leaf":true,"id":33,"label":"33","site_id":33},"right":{"leaf":true,"id":23,"label":"23","site_id":23}}},"right":{"leaf":true,"id":24,"label":"24","site_id":24}},"right":{"leaf":false,"id":171,"left":{"leaf":false,"id":167,"left":{"leaf":true,"id":29,"label":"29","site_id":29},"right":{"leaf":false,"id":137,"left":{"leaf":true,"id":74,"label":"74","site_id":74},"right":{"leaf":true,"id":50,"label":"50","site_id":50}}},"right":{"leaf":false,"id":169,"left":{"leaf":false,"id":165,"left":{"leaf":false,"id":156,"left":{"leaf":false,"id":124,"left":{"leaf":false,"id":107,"left":{"leaf":false,"id":100,"left":{"leaf":true,"id":42,"label":"42","site_id":42},"right":{"leaf":true,"id":68,"label":"68","site_id":68}},"right":{"leaf":false,"id":92,"left":{"leaf":true,"id":3,"label":"3","site_id":3},"right":{"leaf":true,"id":54,"label":"54","site_id":54}}},"right":{"leaf":true,"id":45,"label":"45","site_id":45}},"right":{"leaf":true,"id":78,"label":"78","site_id":78}},"right":{"leaf":false,"id":164,"left":{"leaf":false,"id":159,"left":{"leaf":false,"id":157,"left":{"leaf":false,"id":155,"left":{"leaf":false,"id":154,"left":{"leaf":true,"id":46,"label":"46","site_id":46},"right":{"leaf":false,"id":141,"left":{"leaf":false,"id":112,"left":{"leaf":true,"id":4,"label":"4","site_id":4},"right":{"leaf":true,"id":53,"label":"53","site_id":53}},"right":{"leaf":false,"id":136,"left":{"leaf":false,"id":128,"left":{"leaf":true,"id":63,"label":"63","site_id":63},"right":{"leaf":true,"id":19,"label":"19","site_id":19}},"right":{"leaf":true,"id":66,"label":"66","site_id":66}}}},"right":{"leaf":false,"id":108,"left":{"leaf":true,"id":39,"label":"39","site_id":39},"right":{"leaf":false,"id":103,"left":{"leaf":true,"id":79,"label":"79","site_id":79},"right":{"leaf":true,"id":41,"label":"41","site_id":41}}}},"right":{"leaf":false,"id":139,"left":{"leaf":false,"id":126,"left":{"leaf":true,"id":70,"label":"70","site_id":70},"right":{"leaf":false,"id":125,"left":{"leaf":true,"id":6,"label":"6","site_id":6},"right":{"leaf":true,"id":8,"label":"8","site_id":8}}},"right":{"leaf":false,"id":134,"left":{"leaf":false,"id":119,"left":{"leaf":false,"id":93,"left":{"leaf":true,"id":69,"label":"69","site_id":69},"right":{"leaf":true,"id":0,"label":"0","site_id":0}},"right":{"leaf":false,"id":105,"left":{"leaf":false,"id":91,"left":{"leaf":true,"id":82,"label":"82","site_id":82},"right":{"leaf":true,"id":48,"label":"48","site_id":48}},"right":{"leaf":true,"id":28,"label":"28","site_id":28}}},"right":{"leaf":false,"id":101,"left":{"leaf":true,"id":61,"label":"61","site_id":61},"right":{"leaf":true,"id":27,"label":"27","site_id":27}}}}},"right":{"leaf":true,"id":21,"label":"21","site_id":21}},"right":{"leaf":false,"id":161,"left":{"leaf":false,"id":104,"left":{"leaf":true,"id":73,"label":"73","site_id":73},"right":{"leaf":true,"id":87,"label":"87","site_id":87}},"right":{"leaf":false,"id":122,"left":{"leaf":true,"id":65,"label":"65","site_id":65},"right":{"leaf":true,"id":55,"label":"55","site_id":55}}}}},"right":{"leaf":false,"id":166,"left":{"leaf":false,"id":163,"left":{"leaf":false,"id":162,"left":{"leaf":true,"id":11,"label":"11","site_id":11},"right":{"leaf":true,"id":5,"label":"5","site_id":5}},"right":{"leaf":false,"id":144,"left":{"leaf":false,"id":133,"left":{"leaf":true,"id":12,"label":"12","site_id":12},"right":{"leaf":false,"id":109,"left":{"leaf":true,"id":77,"label":"77","site_id":77},"right":{"leaf":true,"id":34,"label":"34","site_id":34}}},"right":{"leaf":true,"id":72,"label":"72","site_id":72}}},"right":{"leaf":false,"id":118,"left":{"leaf":true,"id":57,"label":"57","site_id":57},"right":{"leaf":false,"id":110,"left":{"leaf":false,"id":96,"left":{"leaf":true,"id":25,"label":"25","site_id":25},"right":{"leaf":true,"id":37,"label":"37","site_id":37}},"right":{"leaf":true,"id":75,"label":"75","site_id":75}}}}}}},"right":{"leaf":false,"id":151,"left":{"leaf":false,"id":142,"left":{"leaf":true,"id":30,"label":"30","site_id":30},"right":{"leaf":true,"id":76,"label":"76","site_id":76}},"right":{"leaf":true,"id":89,"label":"89","site_id":89}}},"right":{"leaf":false,"id":177,"left":{"leaf":false,"id":121,"left":{"leaf":true,"id":51,"label":"51","site_id":51},"right":{"leaf":true,"id":38,"label":"38","site_id":38}},"right":{"leaf":false,"id":176,"left":{"leaf":false,"id":175,"left":{"leaf":false,"id":174,"left":{"leaf":false,"id":140,"left":{"leaf":false,"id":123,"left":{"leaf":false,"id":115,"left":{"leaf":true,"id":58,"label":"58","site_id":58},"right":{"leaf":false,"id":113,"left":{"leaf":true,"id":81,"label":"81","site_id":81},"right":{"leaf":true,"id":9,"label":"9","site_id":9}}},"right":{"leaf":false,"id":114,"left":{"leaf":true,"id":62,"label":"62","site_id":62},"right":{"leaf":true,"id":1,"label":"1","site_id":1}}},"right":{"leaf":true,"id":2,"label":"2","site_id":2}},"right":{"leaf":false,"id":168,"left":{"leaf":false,"id":160,"left":{"leaf":false,"id":153,"left":{"leaf":false,"id":147,"left":{"leaf":true,"id":20,"label":"20","site_id":20},"right":{"leaf":false,"id":99,"left":{"leaf":true,"id":18,"label":"18","site_id":18},"right":{"leaf":true,"id":52,"label":"52","site_id":52}}},"right":{"leaf":true,"id":88,"label":"88","site_id":88}},"right":{"leaf":false,"id":95,"left":{"leaf":true,"id":35,"label":"35","site_id":35},"right":{"leaf":true,"id":86,"label":"86","site_id":86}}},"right":{"leaf":false,"id":158,"left":{"leaf":false,"id":116,"left":{"leaf":false,"id":102,"left":{"leaf":true,"id":13,"label":"13","site_id":13},"right":{"leaf":false,"id":90,"left":{"leaf":true,"id":56,"label":"56","site_id":56},"right":{"leaf":true,"id":16,"label":"16","site_id":16}}},"right":{"leaf":true,"id":26,"label":"26","site_id":26}},"right":{"leaf":false,"id":152,"left":{"leaf":false,"id":146,"left":{"leaf":true,"id":49,"label":"49","site_id":49},"right":{"leaf":true,"id":36,"label":"36","site_id":36}},"right":{"leaf":false,"id":148,"left":{"leaf":true,"id":32,"label":"32","site_id":32},"right":{"leaf":false,"id":145,"left":{"leaf":true,"id":84,"label":"84","site_id":84},"right":{"leaf":false,"id":131,"left":{"leaf":true,"id":44,"label":"44","site_id":44},"right":{"leaf":true,"id":60,"label":"60","site_id":60}}}}}}}},"right":{"leaf":false,"id":170,"left":{"leaf":false,"id":138,"left":{"leaf":true,"id":85,"label":"85","site_id":85},"right":{"leaf":true,"id":7,"label":"7","site_id":7}},"right":{"leaf":false,"id":143,"left":{"leaf":false,"id":132,"left":{"leaf":true,"id":71,"label":"71","site_id":71},"right":{"leaf":false,"id":120,"left":{"leaf":true,"id":14,"label":"14","site_id":14},"right":{"leaf":true,"id":64,"label":"64","site_id":64}}},"right":{"leaf":false,"id":135,"left":{"leaf":true,"id":83,"label":"83","site_id":83},"right":{"leaf":false,"id":130,"left":{"leaf":false,"id":111,"left":{"leaf":false,"id":98,"left":{"leaf":true,"id":47,"label":"47","site_id":47},"right":{"leaf":true,"id":43,"label":"43","site_id":43}},"right":{"leaf":true,"id":10,"label":"10","site_id":10}},"right":{"leaf":true,"id":59,"label":"59","site_id":59}}}}}},"right":{"leaf":false,"id":150,"left":{"leaf":false,"id":97,"left":{"leaf":true,"id":80,"label":"80","site_id":80},"right":{"leaf":true,"id":17,"label":"17","site_id":17}},"right":{"leaf":false,"id":149,"left":{"leaf":false,"id":129,"left":{"leaf":false,"id":106,"left":{"leaf":true,"id":40,"label":"40","site_id":40},"right":{"leaf":true,"id":67,"label":"67","site_id":67}},"right":{"leaf":true,"id":15,"label":"15","site_id":15}},"right":{"leaf":true,"id":22,"label":"22","site_id":22}}}}}},"num_sites":90,"sites":[{"x":394.97382790037335,"y":244.64272088932836,"cluster":1},{"x":183.9742486182245,"y":133.81946558875222,"cluster":1},{"x":214.60663146449517,"y":95.29118173419215,"cluster":1},{"x":475.8297489279827,"y":132.45532387811255,"cluster":1},{"x":17.478764869065394,"y":269.98498481927345,"cluster":1},{"x":454.9197364848491,"y":229.64901469542443,"cluster":1},{"x":209.8532425349129,"y":209.67307597532744,"cluster":1},{"x":125.48314682182509,"y":223.72451679458882,"cluster":1},{"x":291.6482199735192,"y":172.10996064411373,"cluster":1},{"x":185.5307133756897,"y":80.68840909636101,"cluster":1},{"x":108.54359052528044,"y":259.3851609063784,"cluster":1},{"x":402.13283490233016,"y":264.57245873447454,"cluster":1},{"x":224.03568391029722,"y":233.45902241659712,"cluster":1},{"x":296.37443354089424,"y":259.97009144294805,"cluster":1},{"x":74.54766895715804,"y":264.3370335855495,"cluster":1},{"x":57.75965433711041,"y":72.1556228322454,"cluster":1},{"x":282.09979548847235,"y":125.3881225440885,"cluster":1},{"x":394.08857283180714,"y":80.51738779755735,"cluster":1},{"x":77.62746195731405,"y":98.62261886776417,"cluster":1},{"x":471.25671863432024,"y":204.81477849191555,"cluster":1},{"x":43.806763298000746,"y":189.49390568970387,"cluster":1},{"x":258.0427649982312,"y":210.98623795583222,"cluster":1},{"x":59.206006248010056,"y":15.97317347693209,"cluster":1},{"x":203.75277561421203,"y":213.88955137814963,"cluster":1},{"x":435.72823739897706,"y":220.2697430067361,"cluster":1},{"x":481.5797005040556,"y":238.44741858267002,"cluster":1},{"x":288.64376226633834,"y":153.63006344184598,"cluster":1},{"x":383.0331938569407,"y":205.1464302341567,"cluster":1},{"x":345.60911475446966,"y":241.23900193531313,"cluster":1},{"x":252.17051143770865,"y":264.44204886812327,"cluster":1},{"x":296.3497389745011,"y":147.88043644139583,"cluster":1},{"x":372.27206753363663,"y":255.4722137205349,"cluster":1},{"x":49.82802939659879,"y":112.31863302024925,"cluster":1},{"x":174.1214466063953,"y":184.49170641828357,"cluster":1},{"x":117.33923663051691,"y":121.72873440737645,"cluster":1},{"x":165.3517624920848,"y":269.4868295661128,"cluster":1},{"x":444.3409202622983,"y":161.04543836532068,"cluster":1},{"x":457.62563412873976,"y":261.0557657171681,"cluster":1},{"x":422.4134593822315,"y":79.7781987268434,"cluster":1},{"x":110.5998629696836,"y":205.84425817185613,"cluster":1},{"x":101.95300402806997,"y":108.82111907889029,"cluster":1},{"x":89.39560217624205,"y":223.2039478100004,"cluster":1},{"x":61.80474665429962,"y":180.24427696019285,"cluster":1},{"x":104.3165096948758,"y":23.738861280308484,"cluster":1},{"x":28.91017358814853,"y":141.5200433891215,"cluster":1},{"x":340.7661322027234,"y":174.84107585532487,"cluster":1},{"x":50.09424037198188,"y":17.542268988420354,"cluster":1},{"x":243.71240107024485,"y":33.189601785412236,"cluster":1},{"x":109.3590858735104,"y":189.1379255333853,"cluster":1},{"x":474.631060649385,"y":167.49709647154054,"cluster":1},{"x":407.47824220116087,"y":55.550222168410656,"cluster":1},{"x":279.6313314709768,"y":36.537051617601634,"cluster":1},{"x":166.3007535224339,"y":150.58884785280443,"cluster":1},{"x":15.426178347265287,"y":277.6697074879667,"cluster":1},{"x":347.97738844389386,"y":57.797469540527224,"cluster":1},{"x":264.955722679783,"y":29.707829643285947,"cluster":1},{"x":309.3110916087704,"y":69.08025118342732,"cluster":1},{"x":166.80695415014426,"y":211.0242888572045,"cluster":1},{"x":303.6119581019597,"y":33.75854732403016,"cluster":1},{"x":212.09355020189963,"y":169.30117689668486,"cluster":1},{"x":56.80185837787778,"y":140.99568057389268,"cluster":1},{"x":369.1693628549043,"y":223.25584656132742,"cluster":1},{"x":161.06683447457252,"y":107.93210421896009,"cluster":1},{"x":450.445151997216,"y":209.05241367762838,"cluster":1},{"x":68.09550773006049,"y":238.71482894315028,"cluster":1},{"x":206.66223928815774,"y":84.91757976742493,"cluster":1},{"x":424.8695233470429,"y":105.88457294818066,"cluster":1},{"x":98.08722781814188,"y":45.30069185963692,"cluster":1},{"x":70.83970825266036,"y":175.02085147301872,"cluster":1},{"x":448.60463958159994,"y":258.93822661650154,"cluster":1},{"x":482.7002206001214,"y":230.00598779164062,"cluster":1},{"x":64.76777104333492,"y":156.48347864996748,"cluster":1},{"x":215.6020736928202,"y":215.71119904841285,"cluster":1},{"x":213.18840873984263,"y":176.68333600584216,"cluster":1},{"x":357.75419833197225,"y":277.39945062034457,"cluster":1},{"x":427.3803953390853,"y":252.87095019091046,"cluster":1},{"x":305.5735241753128,"y":137.82508646188452,"cluster":1},{"x":28.72643796825401,"y":53.9941087214036,"cluster":1},{"x":220.49059016789323,"y":257.77272405789483,"cluster":1},{"x":70.48543448273017,"y":232.81488693075394,"cluster":1},{"x":267.56524464871137,"y":74.63205269968759,"cluster":1},{"x":173.97838331702397,"y":46.728120272839064,"cluster":1},{"x":44.45927378046255,"y":119.50998087389729,"cluster":1},{"x":346.70584884060264,"y":273.8633554821743,"cluster":1},{"x":82.27225305864195,"y":58.567016504820806,"cluster":1},{"x":254.95283425729738,"y":27.7888677139711,"cluster":1},{"x":29.89285134180109,"y":197.88794879831147,"cluster":1},{"x":78.42729179529003,"y":178.22852762413277,"cluster":1},{"x":30.852443227412834,"y":63.25734165511467,"cluster":1},{"x":61.65586397667729,"y":112.73121023977869,"cluster":1}],"num_clusters":0}