{"title":"uniform-n65-r8-s553380667387563471865","map_width":500,"map_height":300,"num_leaves":65,"tree":{"leaf":false,"id":128,"left":{"leaf":false,"id":126,"left":{"leaf":true,"id":62,"label":"62","site_id":62},"right":{"leaf":false,"id":120,"left":{"leaf":false,"id":65,"left":{"leaf":true,"id":10,"label":"10","site_id":10},"right":{"leaf":true,"id":6,"label":"6","site_id":6}},"right":{"leaf":false,"id":75,"left":{"leaf":true,"id":17,"label":"17","site_id":17},"right":{"leaf":true,"id":1,"label":"1","site_id":1}}}},"right":{"leaf":false,"id":127,"left":{"leaf":false,"id":125,"left":{"leaf":false,"id":123,"left":{"leaf":false,"id":118,"left":{"leaf":false,"id":94,"left":{"leaf":true,"id":25,"label":"25","site_id":25},"right":{"leaf":true,"id":21,"label":"21","site_id":21}},"right":{"leaf":false,"id":69,"left":{"leaf":true,"id":8,"label":"8","site_id":8},"right":{"leaf":true,"id":13,"label":"13","site_id":13}}},"right":{"leaf":false,"id":122,"left":{"leaf":false,"id":116,"left":{"leaf":false,"id":114,"left":{"leaf":false,"id":109,"left":{"leaf":false,"id":108,"left":{"leaf":false,"id":68,"left":{"leaf":true,"id":53,"label":"53","site_id":53},"right":{"leaf":true,"id":64,"label":"64","site_id":64}},"right":{"leaf":false,"id":107,"left":{"leaf":false,"id":105,"left":{"leaf":true,"id":50,"label":"50","site_id":50},"right":{"leaf":false,"id":84,"left":{"leaf":false,"id":77,"left":{"leaf":true,"id":28,"label":"28","site_id":28},"right":{"leaf":true,"id":59,"label":"59","site_id":59}},"right":{"leaf":true,"id":31,"label":"31","site_id":31}}},"right":{"leaf":true,"id":42,"label":"42","site_id":42}}},"right":{"leaf":true,"id":9,"label":"9","site_id":9}},"right":{"leaf":false,"id":103,"left":{"leaf":true,"id":54,"label":"54","site_id":54},"right":{"leaf":false,"id":85,"left":{"leaf":false,"id":83,"left":{"leaf":true,"id":18,"label":"18","site_id":18},"right":{"leaf":true,"id":52,"label":"52","site_id":52}},"right":{"leaf":true,"id":11,"label":"11","site_id":11}}}},"right":{"leaf":false,"id":95,"left":{"leaf":false,"id":88,"left":{"leaf":true,"id":3,"label":"3","site_id":3},"right":{"leaf":true,"id":49,"label":"49","site_id":49}},"right":{"leaf":false,"id":78,"left":{"leaf":true,"id":7,"label":"7","site_id":7},"right":{"leaf":false,"id":72,"left":{"leaf":true,"id":55,"label":"55","site_id":55},"right":{"leaf":true,"id":30,"label":"30","site_id":30}}}}},"right":{"leaf":false,"id":113,"left":{"leaf":false,"id":111,"left":{"leaf":false,"id":76,"left":{"leaf":true,"id":35,"label":"35","site_id":35},"right":{"leaf":true,"id":43,"label":"43","site_id":43}},"right":{"leaf":true,"id":16,"label":"16","site_id":16}},"right":{"leaf":false,"id":106,"left":{"leaf":false,"id":97,"left":{"leaf":true,"id":57,"label":"57","site_id":57},"right":{"leaf":false,"id":80,"left":{"leaf":true,"id":48,"label":"48","site_id":48},"right":{"leaf":true,"id":56,"label":"56","site_id":56}}},"right":{"leaf":false,"id":99,"left":{"leaf":true,"id":41,"label":"41","site_id":41},"right":{"leaf":true,"id":5,"label":"5","site_id":5}}}}}},"right":{"leaf":false,"id":124,"left":{"leaf":false,"id":119,"left":{"leaf":false,"id":115,"left":{"leaf":true,"id":15,"label":"15","site_id":15},"right":{"leaf":true,"id":29,"label":"29","site_id":29}},"right":{"leaf":false,"id":96,"left":{"leaf":true,"id":63,"label":"63","site_id":63},"right":{"leaf":false,"id":92,"left":{"leaf":false,"id":79,"left":{"leaf":true,"id":40,"label":"40","site_id":40},"right":{"leaf":false,"id":71,"left":{"leaf":true,"id":23,"label":"23","site_id":23},"right":{"leaf":true,"id":22,"label":"22","site_id":22}}},"right":{"leaf":true,"id":4,"label":"4","site_id":4}}}},"right":{"leaf":false,"id":121,"left":{"leaf":false,"id":110,"left":{"leaf":false,"id":100,"left":{"leaf":false,"id":74,"left":{"leaf":true,"id":32,"label":"32","site_id":32},"right":{"leaf":true,"id":44,"label":"44","site_id":44}},"right":{"leaf":false,"id":98,"left":{"leaf":false,"id":67,"left":{"leaf":true,"id":61,"label":"61","site_id":61},"right":{"leaf":true,"id":33,"label":"33","site_id":33}},"right":{"leaf":true,"id":36,"label":"36","site_id":36}}},"right":{"leaf":false,"id":102,"left":{"leaf":true,"id":51,"label":"51","site_id":51},"right":{"leaf":false,"id":91,"left":{"leaf":true,"id":27,"label":"27","site_id":27},"right":{"leaf":false,"id":89,"left":{"leaf":false,"id":73,"left":{"leaf":true,"id":2,"label":"2","site_id":2},"right":{"leaf":true,"id":47,"label":"47","site_id":47}},"right":{"leaf":false,"id":87,"left":{"leaf":true,"id":20,"label":"20","site_id":20},"right":{"leaf":true,"id":46,"label":"46","site_id":46}}}}}},"right":{"leaf":true,"id":24,"label":"24","site_id":24}}}},"right":{"leaf":false,"id":117,"left":{"leaf":false,"id":104,"left":{"leaf":false,"id":86,"left":{"leaf":false,"id":66,"left":{"leaf":true,"id":37,"label":"37","site_id":37},"right":{"leaf":true,"id":58,"label":"58","site_id":58}},"right":{"leaf":false,"id":82,"left":{"leaf":true,"id":45,"label":"45","site_id":45},"right":{"leaf":true,"id":19,"label":"19","site_id":19}}},"right":{"leaf":false,"id":93,"left":{"leaf":true,"id":34,"label":"34","site_id":34},"right":{"leaf":false,"id":90,"left":{"leaf":true,"id":12,"label":"12","site_id":12},"right":{"leaf":false,"id":81,"left":{"leaf":true,"id":14,"label":"14","site_id":14},"right":{"leaf":true,"id":60,"label":"60","site_id":60}}}}},"right":{"leaf":false,"id":112,"left":{"leaf":true,"id":0,"label":"0","site_id":0},"right":{"leaf":false,"id":101,"left":{"leaf":false,"id":70,"left":{"leaf":true,"id":26,"label":"26","site_id":26},"right":{"leaf":true,"id":38,"label":"38","site_id":38}},"right":{"leaf":true,"id":39,"label":"39","site_id":39}}}}}},"num_sites":65,"sites":[{"x":141.3009116187992,"y":27.77146081863729,"cluster":1},{"x":223.1370045666979,"y":196.2034097498802,"cluster":1},{"x":335.46521862688286,"y":174.12398536632793,"cluster":1},{"x":88.81923305997151,"y":20.538351394679445,"cluster":1},{"x":351.38536962179734,"y":97.99691976011628,"cluster":1},{"x":107.275462285014,"y":223.14118139149693,"cluster":1},{"x":62.343262277492784,"y":262.17045137902915,"cluster":1},{"x":139.5106407048308,"y":203.49695001514704,"cluster":1},{"x":380.98786873221883,"y":273.2169293467122,"cluster":1},{"x":301.34755839567384,"y":201.20125453443458,"cluster":1},{"x":70.55537497355792,"y":265.9261744729846,"cluster":1},{"x":248.27893559515087,"y":255.66839540276018,"cluster":1},{"x":267.1887515846123,"y":282.64245143280084,"cluster":1},{"x":356.7252386623525,"y":252.04437651580915,"cluster":1},{"x":186.7204390184751,"y":200.9856059345527,"cluster":1},{"x":440.2131759635886,"y":95.87438212775409,"cluster":1},{"x":283.2570066079371,"y":283.0676789770254,"cluster":1},{"x":59.058880599009875,"y":25.43197649092245,"cluster":1},{"x":130.56615731202496,"y":149.8924311746073,"cluster":1},{"x":226.8951325188473,"y":222.91206653261568,"cluster":1},{"x":310.61665994535036,"y":26.138871872418157,"cluster":1},{"x":196.82554242186316,"y":273.9222021473031,"cluster":1},{"x":376.65831612481935,"y":42.9811064701185,"cluster":1},{"x":404.1195734573805,"y":218.87653590867183,"cluster":1},{"x":420.9541725462846,"y":119.98540595286792,"cluster":1},{"x":101.18032702056902,"y":270.0043960873604,"cluster":1},{"x":349.6890005245052,"y":171.45169500192787,"cluster":1},{"x":344.02321637037414,"y":43.73022764682477,"cluster":1},{"x":349.67772557126295,"y":247.8301825213788,"cluster":1},{"x":477.6968198149003,"y":120.16403173634868,"cluster":1},{"x":153.2847270103917,"y":29.045164118674926,"cluster":1},{"x":300.95806516540813,"y":249.3615058061262,"cluster":1},{"x":359.43939806106476,"y":73.69659905446889,"cluster":1},{"x":428.0824350502675,"y":87.87041127011526,"cluster":1},{"x":399.79543164986995,"y":166.18631078597375,"cluster":1},{"x":37.94532811419592,"y":278.8745351533783,"cluster":1},{"x":469.931179540828,"y":262.8292626263199,"cluster":1},{"x":237.45473795332904,"y":174.97930836352728,"cluster":1},{"x":466.0251557112436,"y":197.96156767534995,"cluster":1},{"x":238.04556861211782,"y":24.352678222364595,"cluster":1},{"x":317.66566393091955,"y":31.94562860211497,"cluster":1},{"x":470.26461582054185,"y":38.542663123344916,"cluster":1},{"x":317.36551766257264,"y":214.79878644405073,"cluster":1},{"x":122.48131627690253,"y":163.83758562075064,"cluster":1},{"x":146.95244097239245,"y":131.93578034234054,"cluster":1},{"x":255.45213084211466,"y":197.5176186242438,"cluster":1},{"x":350.29281703292025,"y":222.21626876514873,"cluster":1},{"x":324.84787051294967,"y":105.76618300503195,"cluster":1},{"x":260.7811541009114,"y":253.1274861993853,"cluster":1},{"x":108.92128141327423,"y":151.36699233015767,"cluster":1},{"x":400.68968041519054,"y":133.50818792715836,"cluster":1},{"x":448.2482545321354,"y":266.60772293991374,"cluster":1},{"x":137.82202736881882,"y":160.73377972306164,"cluster":1},{"x":188.91923509879703,"y":170.04344164479258,"cluster":1},{"x":122.95226669381655,"y":206.73361322453906,"cluster":1},{"x":119.68839162956284,"y":84.94308293427464,"cluster":1},{"x":419.2549319006375,"y":165.60021343798115,"cluster":1},{"x":37.40634054349201,"y":82.34948325815603,"cluster":1},{"x":242.34395228180497,"y":264.8762779466467,"cluster":1},{"x":253.5682831146837,"y":252.72855230139916,"cluster":1},{"x":276.63791704373284,"y":112.86897779467691,"cluster":1},{"x":338.0025060069971,"y":67.16553903171263,"cluster":1},{"x":70.55635587061848,"y":155.54234543130127,"cluster":1},{"x":413.6052421873875,"y":161.98621068101818,"cluster":1},{"x":179.5260350771016,"y":188.67706583225507,"cluster":1}],"num_clusters":0}