{"title":"uniform-n45-r4-s474124355055620593945","map_width":500,"map_height":300,"num_leaves":45,"tree":{"leaf":false,"id":88,"left":{"leaf":false,"id":73,"left":{"leaf":false,"id":68,"left":{"leaf":true,"id":12,"label":"12","site_id":12},"right":{"leaf":false,"id":64,"left":{"leaf":true,"id":22,"label":"22","site_id":22},"right":{"leaf":true,"id":36,"label":"36","site_id":36}}},"right":{"leaf":true,"id":13,"label":"13","site_id":13}},"right":{"leaf":false,"id":87,"left":{"leaf":false,"id":80,"left":{"leaf":false,"id":67,"left":{"leaf":true,"id":40,"label":"40","site_id":40},"right":{"leaf":false,"id":63,"left":{"leaf":true,"id":14,"label":"14","site_id":14},"right":{"leaf":true,"id":3,"label":"3","site_id":3}}},"right":{"leaf":false,"id":60,"left":{"leaf":true,"id":19,"label":"19","site_id":19},"right":{"leaf":true,"id":9,"label":"9","site_id":9}}},"right":{"leaf":false,"id":86,"left":{"leaf":false,"id":84,"left":{"leaf":false,"id":83,"left":{"leaf":false,"id":82,"left":{"leaf":false,"id":76,"left":{"leaf":false,"id":75,"left":{"leaf":false,"id":57,"left":{"leaf":false,"id":48,"left":{"leaf":true,"id":15,"label":"15","site_id":15},"right":{"leaf":true,"id":33,"label":"33","site_id":33}},"right":{"leaf":true,"id":20,"label":"20","site_id":20}},"right":{"leaf":false,"id":58,"left":{"leaf":true,"id":30,"label":"30","site_id":30},"right":{"leaf":false,"id":50,"left":{"leaf":true,"id":5,"label":"5","site_id":5},"right":{"leaf":false,"id":49,"left":{"leaf":false,"id":45,"left":{"leaf":true,"id":27,"label":"27","site_id":27},"right":{"leaf":true,"id":8,"label":"8","site_id":8}},"right":{"leaf":true,"id":42,"label":"42","site_id":42}}}}},"right":{"leaf":false,"id":70,"left":{"leaf":true,"id":18,"label":"18","site_id":18},"right":{"leaf":true,"id":34,"label":"34","site_id":34}}},"right":{"leaf":false,"id":69,"left":{"leaf":false,"id":66,"left":{"leaf":false,"id":54,"left":{"leaf":true,"id":21,"label":"21","site_id":21},"right":{"leaf":false,"id":47,"left":{"leaf":true,"id":29,"label":"29","site_id":29},"right":{"leaf":true,"id":32,"label":"32","site_id":32}}},"right":{"leaf":false,"id":62,"left":{"leaf":false,"id":56,"left":{"leaf":false,"id":51,"left":{"leaf":true,"id":44,"label":"44","site_id":44},"right":{"leaf":true,"id":31,"label":"31","site_id":31}},"right":{"leaf":true,"id":26,"label":"26","site_id":26}},"right":{"leaf":false,"id":61,"left":{"leaf":true,"id":43,"label":"43","site_id":43},"right":{"leaf":false,"id":53,"left":{"leaf":true,"id":24,"label":"24","site_id":24},"right":{"leaf":true,"id":11,"label":"11","site_id":11}}}}},"right":{"leaf":true,"id":16,"label":"16","site_id":16}}},"right":{"leaf":false,"id":72,"left":{"leaf":true,"id":4,"label":"4","site_id":4},"right":{"leaf":false,"id":52,"left":{"leaf":true,"id":10,"label":"10","site_id":10},"right":{"leaf":false,"id":46,"left":{"leaf":true,"id":2,"label":"2","site_id":2},"right":{"leaf":true,"id":17,"label":"17","site_id":17}}}}},"right":{"leaf":true,"id":41,"label":"41","site_id":41}},"right":{"leaf":false,"id":85,"left":{"leaf":false,"id":81,"left":{"leaf":false,"id":77,"left":{"leaf":true,"id":6,"label":"6","site_id":6},"right":{"leaf":true,"id":23,"label":"23","site_id":23}},"right":{"leaf":true,"id":7,"label":"7","site_id":7}},"right":{"leaf":false,"id":79,"left":{"leaf":false,"id":78,"left":{"leaf":true,"id":25,"label":"25","site_id":25},"right":{"leaf":false,"id":74,"left":{"leaf":false,"id":55,"left":{"leaf":true,"id":35,"label":"35","site_id":35},"right":{"leaf":true,"id":38,"label":"38","site_id":38}},"right":{"leaf":false,"id":71,"left":{"leaf":false,"id":65,"left":{"leaf":true,"id":39,"label":"39","site_id":39},"right":{"leaf":true,"id":1,"label":"1","site_id":1}},"right":{"leaf":true,"id":28,"label":"28","site_id":28}}}},"right":{"leaf":false,"id":59,"left":{"leaf":true,"id":0,"label":"0","site_id":0},"right":{"leaf":true,"id":37,"label":"37","site_id":37}}}}}}},"num_sites":45,"sites":[{"x":316.75711698516125,"y":152.52894728621985,"cluster":1},{"x":106.99894703471024,"y":40.957017751594805,"cluster":1},{"x":333.1070547298262,"y":157.89501753285506,"cluster":1},{"x":439.44022899594563,"y":224.33054451340263,"cluster":1},{"x":65.07026834901518,"y":224.2590627502787,"cluster":1},{"x":365.3381586832089,"y":160.77602465046124,"cluster":1},{"x":100.32986128203585,"y":160.32733977244683,"cluster":1},{"x":263.57225446473547,"y":127.08938004994913,"cluster":1},{"x":170.8985964446279,"y":21.94519019573926,"cluster":1},{"x":465.6395951186035,"y":278.11667640408587,"cluster":1},{"x":43.26105247424337,"y":39.91084411960369,"cluster":1},{"x":49.21302901760606,"y":283.796165579956,"cluster":1},{"x":180.21626287891294,"y":141.03751960229602,"cluster":1},{"x":430.34735730999387,"y":142.12670579318635,"cluster":1},{"x":442.17081819887807,"y":81.3331266988365,"cluster":1},{"x":414.5981532686799,"y":240.79415054235474,"cluster":1},{"x":187.14616929373295,"y":120.93838450895231,"cluster":1},{"x":345.5502165076193,"y":135.80255945737815,"cluster":1},{"x":421.21464659647836,"y":178.42312917430624,"cluster":1},{"x":473.42254478300225,"y":193.25990286361608,"cluster":1},{"x":24.467962367151138,"y":67.18711873961342,"cluster":1},{"x":156.52424266179406,"y":110.45797302900925,"cluster":1},{"x":191.94757556174838,"y":159.04557836872505,"cluster":1},{"x":104.38059025602638,"y":114.5641868474319,"cluster":1},{"x":424.2303729707303,"y":89.60124556357817,"cluster":1},{"x":253.33099370436247,"y":51.60799405853622,"cluster":1},{"x":358.5639889315822,"y":206.71361688515822,"cluster":1},{"x":173.32042397682233,"y":204.99747253553247,"cluster":1},{"x":238.58514288734193,"y":177.27263420046407,"cluster":1},{"x":138.46340397635086,"y":151.5418384469967,"cluster":1},{"x":173.75447873767652,"y":133.88347885136122,"cluster":1},{"x":378.4596961951891,"y":228.81684518363846,"cluster":1},{"x":106.0316028824736,"y":91.35802343335028,"cluster":1},{"x":161.37554201641908,"y":256.8713045978853,"cluster":1},{"x":388.96863219227725,"y":16.604250403682965,"cluster":1},{"x":335.18575619591076,"y":23.774301503346877,"cluster":1},{"x":169.48084757921723,"y":102.73519302709337,"cluster":1},{"x":120.31393762522666,"y":98.665562899112,"cluster":1},{"x":286.47194424891705,"y":195.56015618025103,"cluster":1},{"x":57.70102647297164,"y":68.56154928840328,"cluster":1},{"x":462.33372723993034,"y":237.21215336522107,"cluster":1},{"x":460.0550906875368,"y":75.74185106777469,"cluster":1},{"x":483.029396045231,"y":201.58825167056267,"cluster":1},{"x":335.44124551316287,"y":267.8711946562146,"cluster":1},{"x":403.9488892373272,"y":278.2504473827004,"cluster":1}],"num_clusters":0}