{"title":"uniform-n100-r1-s3596673253889729385100","map_width":500,"map_height":300,"num_leaves":100,"tree":{"leaf":false,"id":198,"left":{"leaf":false,"id":197,"left":{"leaf":false,"id":175,"left":{"leaf":true,"id":24,"label":"24","site_id":24},"right":{"leaf":false,"id":174,"left":{"leaf":false,"id":153,"left":{"leaf":false,"id":148,"left":{"leaf":false,"id":121,"left":{"leaf":true,"id":52,"label":"52","site_id":52},"right":{"leaf":true,"id":17,"label":"17","site_id":17}},"right":{"leaf":false,"id":115,"left":{"leaf":true,"id":48,"label":"48","site_id":48},"right":{"leaf":true,"id":42,"label":"42","site_id":42}}},"right":{"leaf":true,"id":75,"label":"75","site_id":75}},"right":{"leaf":false,"id":172,"left":{"leaf":false,"id":152,"left":{"leaf":false,"id":142,"left":{"leaf":true,"id":87,"label":"87","site_id":87},"right":{"leaf":true,"id":1,"label":"1","site_id":1}},"right":{"leaf":false,"id":147,"left":{"leaf":false,"id":127,"left":{"leaf":false,"id":119,"left":{"leaf":true,"id":40,"label":"40","site_id":40},"right":{"leaf":true,"id":93,"label":"93","site_id":93}},"right":{"leaf":true,"id":39,"label":"39","site_id":39}},"right":{"leaf":true,"id":5,"label":"5","site_id":5}}},"right":{"leaf":true,"id":96,"label":"96","site_id":96}}}},"right":{"leaf":false,"id":196,"left":{"leaf":false,"id":192,"left":{"leaf":false,"id":190,"left":{"leaf":false,"id":187,"left":{"leaf":false,"id":182,"left":{"leaf":false,"id":177,"left":{"leaf":true,"id":69,"label":"69","site_id":69},"right":{"leaf":true,"id":7,"label":"7","site_id":7}},"right":{"leaf":false,"id":163,"left":{"leaf":true,"id":79,"label":"79","site_id":79},"right":{"leaf":false,"id":138,"left":{"leaf":false,"id":133,"left":{"leaf":true,"id":64,"label":"64","site_id":64},"right":{"leaf":false,"id":132,"left":{"leaf":true,"id":80,"label":"80","site_id":80},"right":{"leaf":true,"id":27,"label":"27","site_id":27}}},"right":{"leaf":false,"id":134,"left":{"leaf":false,"id":126,"left":{"leaf":true,"id":28,"label":"28","site_id":28},"right":{"leaf":true,"id":95,"label":"95","site_id":95}},"right":{"leaf":false,"id":117,"left":{"leaf":true,"id":20,"label":"20","site_id":20},"right":{"leaf":true,"id":15,"label":"15","site_id":15}}}}}},"right":{"leaf":false,"id":186,"left":{"leaf":false,"id":181,"left":{"leaf":false,"id":173,"left":{"leaf":true,"id":4,"label":"4","site_id":4},"right":{"leaf":false,"id":105,"left":{"leaf":true,"id":13,"label":"13","site_id":13},"right":{"leaf":true,"id":76,"label":"76","site_id":76}}},"right":{"leaf":true,"id":92,"label":"92","site_id":92}},"right":{"leaf":false,"id":179,"left":{"leaf":false,"id":168,"left":{"leaf":true,"id":9,"label":"9","site_id":9},"right":{"leaf":false,"id":144,"left":{"leaf":true,"id":53,"label":"53","site_id":53},"right":{"leaf":false,"id":129,"left":{"leaf":true,"id":14,"label":"14","site_id":14},"right":{"leaf":false,"id":109,"left":{"leaf":false,"id":102,"left":{"leaf":true,"id":85,"label":"85","site_id":85},"right":{"leaf":true,"id":34,"label":"34","site_id":34}},"right":{"leaf":true,"id":67,"label":"67","site_id":67}}}}},"right":{"leaf":false,"id":140,"left":{"leaf":true,"id":43,"label":"43","site_id":43},"right":{"leaf":false,"id":110,"left":{"leaf":true,"id":0,"label":"0","site_id":0},"right":{"leaf":true,"id":22,"label":"22","site_id":22}}}}}},"right":{"leaf":false,"id":189,"left":{"leaf":false,"id":185,"left":{"leaf":false,"id":106,"left":{"leaf":true,"id":31,"label":"31","site_id":31},"right":{"leaf":true,"id":6,"label":"6","site_id":6}},"right":{"leaf":false,"id":176,"left":{"leaf":false,"id":170,"left":{"leaf":true,"id":19,"label":"19","site_id":19},"right":{"leaf":true,"id":46,"label":"46","site_id":46}},"right":{"leaf":false,"id":171,"left":{"leaf":false,"id":166,"left":{"leaf":false,"id":164,"left":{"leaf":false,"id":156,"left":{"leaf":false,"id":139,"left":{"leaf":false,"id":131,"left":{"leaf":true,"id":2,"label":"2","site_id":2},"right":{"leaf":true,"id":18,"label":"18","site_id":18}},"right":{"leaf":true,"id":63,"label":"63","site_id":63}},"right":{"leaf":false,"id":151,"left":{"leaf":false,"id":137,"left":{"leaf":true,"id":29,"label":"29","site_id":29},"right":{"leaf":false,"id":135,"left":{"leaf":true,"id":61,"label":"61","site_id":61},"right":{"leaf":true,"id":26,"label":"26","site_id":26}}},"right":{"leaf":false,"id":103,"left":{"leaf":true,"id":55,"label":"55","site_id":55},"right":{"leaf":true,"id":16,"label":"16","site_id":16}}}},"right":{"leaf":true,"id":56,"label":"56","site_id":56}},"right":{"leaf":true,"id":3,"label":"3","site_id":3}},"right":{"leaf":false,"id":145,"left":{"leaf":true,"id":77,"label":"77","site_id":77},"right":{"leaf":true,"id":49,"label":"49","site_id":49}}}}},"right":{"leaf":false,"id":158,"left":{"leaf":true,"id":51,"label":"51","site_id":51},"right":{"leaf":false,"id":150,"left":{"leaf":false,"id":146,"left":{"leaf":false,"id":116,"left":{"leaf":false,"id":111,"left":{"leaf":true,"id":88,"label":"88","site_id":88},"right":{"leaf":true,"id":98,"label":"98","site_id":98}},"right":{"leaf":true,"id":62,"label":"62","site_id":62}},"right":{"leaf":true,"id":82,"label":"82","site_id":82}},"right":{"leaf":true,"id":78,"label":"78","site_id":78}}}}},"right":{"leaf":false,"id":183,"left":{"leaf":false,"id":114,"left":{"leaf":false,"id":108,"left":{"leaf":true,"id":60,"label":"60","site_id":60},"right":{"leaf":true,"id":86,"label":"86","site_id":86}},"right":{"leaf":true,"id":23,"label":"23","site_id":23}},"right":{"leaf":false,"id":178,"left":{"leaf":false,"id":161,"left":{"leaf":true,"id":94,"label":"94","site_id":94},"right":{"leaf":false,"id":155,"left":{"leaf":false,"id":149,"left":{"leaf":true,"id":83,"label":"83","site_id":83},"right":{"leaf":false,"id":122,"left":{"leaf":true,"id":89,"label":"89","site_id":89},"right":{"leaf":true,"id":36,"label":"36","site_id":36}}},"right":{"leaf":true,"id":30,"label":"30","site_id":30}}},"right":{"leaf":false,"id":167,"left":{"leaf":true,"id":70,"label":"70","site_id":70},"right":{"leaf":false,"id":112,"left":{"leaf":true,"id":97,"label":"97","site_id":97},"right":{"leaf":true,"id":91,"label":"91","site_id":91}}}}}},"right":{"leaf":false,"id":191,"left":{"leaf":false,"id":188,"left":{"leaf":false,"id":143,"left":{"leaf":true,"id":41,"label":"41","site_id":41},"right":{"leaf":true,"id":47,"label":"47","site_id":47}},"right":{"leaf":false,"id":180,"left":{"leaf":false,"id":169,"left":{"leaf":false,"id":165,"left":{"leaf":false,"id":136,"left":{"leaf":false,"id":123,"left":{"leaf":true,"id":35,"label":"35","site_id":35},"right":{"leaf":false,"id":107,"left":{"leaf":true,"id":10,"label":"10","site_id":10},"right":{"leaf":true,"id":59,"label":"59","site_id":59}}},"right":{"leaf":false,"id":130,"left":{"leaf":true,"id":11,"label":"11","site_id":11},"right":{"leaf":false,"id":120,"left":{"leaf":false,"id":100,"left":{"leaf":true,"id":21,"label":"21","site_id":21},"right":{"leaf":true,"id":65,"label":"65","site_id":65}},"right":{"leaf":false,"id":118,"left":{"leaf":true,"id":25,"label":"25","site_id":25},"right":{"leaf":false,"id":104,"left":{"leaf":true,"id":12,"label":"12","site_id":12},"right":{"leaf":true,"id":33,"label":"33","site_id":33}}}}}},"right":{"leaf":true,"id":44,"label":"44","site_id":44}},"right":{"leaf":true,"id":38,"label":"38","site_id":38}},"right":{"leaf":true,"id":74,"label":"74","site_id":74}}},"right":{"leaf":false,"id":159,"left":{"leaf":true,"id":66,"label":"66","site_id":66},"right":{"leaf":false,"id":154,"left":{"leaf":false,"id":141,"left":{"leaf":true,"id":37,"label":"37","site_id":37},"right":{"leaf":true,"id":32,"label":"32","site_id":32}},"right":{"leaf":false,"id":128,"left":{"leaf":true,"id":73,"label":"73","site_id":73},"right":{"leaf":true,"id":99,"label":"99","site_id":99}}}}}}},"right":{"leaf":false,"id":195,"left":{"leaf":false,"id":193,"left":{"leaf":false,"id":184,"left":{"leaf":true,"id":81,"label":"81","site_id":81},"right":{"leaf":true,"id":72,"label":"72","site_id":72}},"right":{"leaf":true,"id":8,"label":"8","site_id":8}},"right":{"leaf":false,"id":194,"left":{"leaf":false,"id":160,"left":{"leaf":true,"id":68,"label":"68","site_id":68},"right":{"leaf":false,"id":125,"left":{"leaf":true,"id":57,"label":"57","site_id":57},"right":{"leaf":true,"id":84,"label":"84","site_id":84}}},"right":{"leaf":false,"id":162,"left":{"leaf":false,"id":157,"left":{"leaf":false,"id":124,"left":{"leaf":true,"id":71,"label":"71","site_id":71},"right":{"leaf":true,"id":58,"label":"58","site_id":58}},"right":{"leaf":true,"id":45,"label":"45","site_id":45}},"right":{"leaf":false,"id":113,"left":{"leaf":true,"id":50,"label":"50","site_id":50},"right":{"leaf":false,"id":101,"left":{"leaf":true,"id":90,"label":"90","site_id":90},"right":{"leaf":true,"id":54,"label":"54","site_id":54}}}}}}},"num_sites":100,"sites":[{"x":71.84835684775479,"y":174.4765512227439,"cluster":1},{"x":377.6056819950536,"y":186.89499379305997,"cluster":1},{"x":291.0254426037328,"y":53.67888526423023,"cluster":1},{"x":116.302186921978,"y":152.8152031458427,"cluster":1},{"x":52.83243151907294,"y":204.23964201836074,"cluster":1},{"x":261.9857925415495,"y":87.01965540729694,"cluster":1},{"x":392.7182689620746,"y":45.80508215824422,"cluster":1},{"x":429.92316945104807,"y":66.65062017581559,"cluster":1},{"x":67.42006165823378,"y":225.22655357484564,"cluster":1},{"x":337.27469497229487,"y":115.9677780120118,"cluster":1},{"x":64.37973981864698,"y":264.71614375120544,"cluster":1},{"x":208.5286534931709,"y":161.83015233127662,"cluster":1},{"x":324.6759476052825,"y":253.1069290335463,"cluster":1},{"x":212.75654497464333,"y":48.81447094947617,"cluster":1},{"x":53.86406313010312,"y":161.89235856303532,"cluster":1},{"x":225.26161539016422,"y":196.26459986647592,"cluster":1},{"x":428.5843131317619,"y":110.13135381482265,"cluster":1},{"x":367.6275765592684,"y":283.072503222805,"cluster":1},{"x":243.7019163377979,"y":174.40538982135212,"cluster":1},{"x":370.04795381655606,"y":114.18462258132928,"cluster":1},{"x":225.0852679118117,"y":201.80079315994766,"cluster":1},{"x":278.1269493913155,"y":65.70826964676166,"cluster":1},{"x":116.90729376148927,"y":165.36430390089114,"cluster":1},{"x":413.0905784851889,"y":93.06120480816784,"cluster":1},{"x":329.57202123106157,"y":172.64187572187703,"cluster":1},{"x":299.5327051198198,"y":278.86321676399626,"cluster":1},{"x":215.02254352299195,"y":78.76037402802285,"cluster":1},{"x":268.4433833301963,"y":144.2120306282754,"cluster":1},{"x":170.2786134500389,"y":146.04897844832985,"cluster":1},{"x":115.32750666337547,"y":48.616669940018284,"cluster":1},{"x":367.58114933521597,"y":122.42162304335328,"cluster":1},{"x":383.7199680965181,"y":40.179719281055554,"cluster":1},{"x":430.48779146842463,"y":140.65397647023855,"cluster":1},{"x":313.33889218929886,"y":268.6259356597029,"cluster":1},{"x":459.66815041310423,"y":20.28805795127649,"cluster":1},{"x":179.4916028280833,"y":139.46780736148338,"cluster":1},{"x":439.9887962582888,"y":73.18467157705518,"cluster":1},{"x":136.1586862283159,"y":197.97970693987327,"cluster":1},{"x":221.75773733303535,"y":182.7185137813557,"cluster":1},{"x":99.42923265014039,"y":236.72052633986428,"cluster":1},{"x":453.71468521086666,"y":125.2728012134516,"cluster":1},{"x":80.64627514960421,"y":90.10062375253317,"cluster":1},{"x":283.50773850679064,"y":151.04005345543393,"cluster":1},{"x":259.744188924735,"y":113.9321754983148,"cluster":1},{"x":72.98898187741914,"y":239.17255507766012,"cluster":1},{"x":278.8204559719064,"y":197.0329902217548,"cluster":1},{"x":270.6907557083417,"y":270.05085124363404,"cluster":1},{"x":83.9823446446776,"y":135.77213680633122,"cluster":1},{"x":162.3111392795942,"y":274.85056361735104,"cluster":1},{"x":279.94447118767704,"y":60.951566873468984,"cluster":1},{"x":181.94150573977828,"y":189.68752058474627,"cluster":1},{"x":136.72625758294862,"y":29.611418331100744,"cluster":1},{"x":222.1107599460674,"y":268.4082915382641,"cluster":1},{"x":331.10901211320976,"y":182.22732503672745,"cluster":1},{"x":119.50023522959275,"y":284.5677877026261,"cluster":1},{"x":437.2601546213896,"y":268.3366620638001,"cluster":1},{"x":215.4000273349223,"y":29.297746306758228,"cluster":1},{"x":141.11785596830094,"y":120.88622450331424,"cluster":1},{"x":145.63169211240975,"y":267.6194939223235,"cluster":1},{"x":461.75233929512837,"y":281.53758121214963,"cluster":1},{"x":453.7542532790474,"y":81.29148907622864,"cluster":1},{"x":159.98068457961242,"y":115.79677078658652,"cluster":1},{"x":273.89955229933327,"y":141.50680598934304,"cluster":1},{"x":315.5499856086917,"y":79.66779163388264,"cluster":1},{"x":183.81807557616847,"y":143.4224995876629,"cluster":1},{"x":251.9757395649523,"y":59.06464747060759,"cluster":1},{"x":80.35943938450075,"y":281.1666037651295,"cluster":1},{"x":446.8905910937732,"y":84.5720454855724,"cluster":1},{"x":82.4830073665493,"y":125.47512268161424,"cluster":1},{"x":320.1646177009541,"y":51.45220036567235,"cluster":1},{"x":483.7112593930803,"y":102.4228728156036,"cluster":1},{"x":53.14887341858948,"y":148.01515201074017,"cluster":1},{"x":44.70377421834819,"y":202.3044405869843,"cluster":1},{"x":17.321489460612646,"y":110.2364960417335,"cluster":1},{"x":335.3572238960807,"y":133.17488885779505,"cluster":1},{"x":276.55641371628576,"y":219.46999377020444,"cluster":1},{"x":203.05299940497042,"y":56.36084273253514,"cluster":1},{"x":213.34522376432173,"y":97.11699088908347,"cluster":1},{"x":180.56139687280492,"y":233.4242241028224,"cluster":1},{"x":332.7694139874213,"y":282.5268506798451,"cluster":1},{"x":88.54735909673678,"y":117.56640191336328,"cluster":1},{"x":34.924680309224,"y":102.50204321606144,"cluster":1},{"x":287.49549566071187,"y":140.65428620783538,"cluster":1},{"x":456.84062937857624,"y":162.56872232859988,"cluster":1},{"x":362.1826734454147,"y":259.9304501349552,"cluster":1},{"x":388.5747516474428,"y":96.0378578777505,"cluster":1},{"x":446.5270891045645,"y":132.92745032868106,"cluster":1},{"x":458.20919114728537,"y":36.245624532416784,"cluster":1},{"x":23.648595155371577,"y":124.5738336240886,"cluster":1},{"x":478.7487539275831,"y":163.70558919302277,"cluster":1},{"x":98.36339159124695,"y":274.4816683610988,"cluster":1},{"x":461.4516363895474,"y":245.20028454504316,"cluster":1},{"x":141.48514201356903,"y":113.45611091939708,"cluster":1},{"x":476.8018457044033,"y":96.16135641647507,"cluster":1},{"x":429.43012304627797,"y":121.15742753629365,"cluster":1},{"x":148.4787359102068,"y":22.743246788670938,"cluster":1},{"x":102.40588314336645,"y":228.72550812292212,"cluster":1},{"x":433.2180091520903,"y":46.430361804898524,"cluster":1},{"x":465.24720954719027,"y":191.29246237160493,"cluster":1},{"x":459.92694565248735,"y":187.03678507408506,"cluster":1}],"num_clusters":0}