{"title":"uniform-n15-r5-s-488644932639971587815","map_width":500,"map_height":300,"num_leaves":15,"tree":{"leaf":false,"id":28,"left":{"leaf":false,"id":27,"left":{"leaf":false,"id":25,"left":{"leaf":false,"id":23,"left":{"leaf":false,"id":19,"left":{"leaf":true,"id":5,"label":"5","site_id":5},"right":{"leaf":true,"id":11,"label":"11","site_id":11}},"right":{"leaf":false,"id":17,"left":{"leaf":true,"id":1,"label":"1","site_id":1},"right":{"leaf":true,"id":4,"label":"4","site_id":4}}},"right":{"leaf":false,"id":24,"left":{"leaf":false,"id":20,"left":{"leaf":true,"id":14,"label":"14","site_id":14},"right":{"leaf":true,"id":9,"label":"9","site_id":9}},"right":{"leaf":false,"id":22,"left":{"leaf":false,"id":21,"left":{"leaf":true,"id":13,"label":"13","site_id":13},"right":{"leaf":true,"id":8,"label":"8","site_id":8}},"right":{"leaf":false,"id":16,"left":{"leaf":false,"id":15,"left":{"leaf":true,"id":7,"label":"7","site_id":7},"right":{"leaf":true,"id":3,"label":"3","site_id":3}},"right":{"leaf":true,"id":12,"label":"12","site_id":12}}}}},"right":{"leaf":true,"id":10,"label":"10","site_id":10}},"right":{"leaf":false,"id":26,"left":{"leaf":false,"id":18,"left":{"leaf":true,"id":6,"label":"6","site_id":6},"right":{"leaf":true,"id":0,"label":"0","site_id":0}},"right":{"leaf":true,"id":2,"label":"2","site_id":2}}},"num_sites":15,"sites":[{"x":16.905265584116684,"y":196.2479334332825,"cluster":1},{"x":429.28615007637586,"y":189.4725063692857,"cluster":1},{"x":148.62282414004974,"y":250.30962425401805,"cluster":1},{"x":333.5452861620525,"y":91.09777924045883,"cluster":1},{"x":402.7700418500394,"y":222.40196354381675,"cluster":1},{"x":254.48424742378464,"y":255.8576959515905,"cluster":1},{"x":36.14774828637866,"y":228.92281038065573,"cluster":1},{"x":357.32510754922373,"y":152.3854905135644,"cluster":1},{"x":171.38233565135278,"y":46.91221170288431,"cluster":1},{"x":108.16731313860615,"y":136.26885128479688,"cluster":1},{"x":409.51798228664893,"y":157.5331968620869,"cluster":1},{"x":261.5848289038057,"y":177.27538546529613,"cluster":1},{"x":207.58071606149704,"y":198.6716860961924,"cluster":1},{"x":170.3445646169685,"y":53.41375548949345,"cluster":1},{"x":355.7820378501949,"y":111.37340388782839,"cluster":1}],"num_clusters":0}