{"title":"uniform-n20-r3-s300823145365658695020","map_width":500,"map_height":300,"num_leaves":20,"tree":{"leaf":false,"id":38,"left":{"leaf":false,"id":36,"left":{"leaf":false,"id":30,"left":{"leaf":true,"id":3,"label":"3","site_id":3},"right":{"leaf":false,"id":27,"left":{"leaf":false,"id":22,"left":{"leaf":true,"id":10,"label":"10","site_id":10},"right":{"leaf":true,"id":4,"label":"4","site_id":4}},"right":{"leaf":false,"id":24,"left":{"leaf":true,"id":16,"label":"16","site_id":16},"right":{"leaf":true,"id":2,"label":"2","site_id":2}}}},"right":{"leaf":false,"id":33,"left":{"leaf":true,"id":13,"label":"13","site_id":13},"right":{"leaf":false,"id":29,"left":{"leaf":true,"id":9,"label":"9","site_id":9},"right":{"leaf":true,"id":18,"label":"18","site_id":18}}}},"right":{"leaf":false,"id":37,"left":{"leaf":false,"id":35,"left":{"leaf":false,"id":34,"left":{"leaf":true,"id":0,"label":"0","site_id":0},"right":{"leaf":false,"id":28,"left":{"leaf":false,"id":26,"left":{"leaf":false,"id":23,"left":{"leaf":true,"id":19,"label":"19","site_id":19},"right":{"leaf":false,"id":20,"left":{"leaf":true,"id":6,"label":"6","site_id":6},"right":{"leaf":true,"id":1,"label":"1","site_id":1}}},"right":{"leaf":false,"id":21,"left":{"leaf":true,"id":5,"label":"5","site_id":5},"right":{"leaf":true,"id":7,"label":"7","site_id":7}}},"right":{"leaf":true,"id":12,"label":"12","site_id":12}}},"right":{"leaf":false,"id":32,"left":{"leaf":true,"id":11,"label":"11","site_id":11},"right":{"leaf":false,"id":31,"left":{"leaf":false,"id":25,"left":{"leaf":true,"id":17,"label":"17","site_id":17},"right":{"leaf":true,"id":8,"label":"8","site_id":8}},"right":{"leaf":true,"id":15,"label":"15","site_id":15}}}},"right":{"leaf":true,"id":14,"label":"14","site_id":14}}},"num_sites":20,"sites":[{"x":89.48385163780529,"y":284.01866762125513,"cluster":1},{"x":21.690488783537482,"y":106.32052758908684,"cluster":1},{"x":272.6239240467775,"y":250.45852082675316,"cluster":1},{"x":291.0004921442187,"y":201.85088759462175,"cluster":1},{"x":292.6358024654356,"y":26.01898471471229,"cluster":1},{"x":113.69509079651404,"y":61.71830131279936,"cluster":1},{"x":34.02530591050402,"y":108.10943557449475,"cluster":1},{"x":228.3532089702443,"y":111.05258809782458,"cluster":1},{"x":451.54669479272934,"y":182.94731992323204,"cluster":1},{"x":165.05332923161257,"y":194.02480681565936,"cluster":1},{"x":389.0262064344151,"y":270.2715540723722,"cluster":1},{"x":328.59025418415393,"y":240.57817395938548,"cluster":1},{"x":136.85466729274214,"y":163.84178722597505,"cluster":1},{"x":216.39472778711476,"y":107.89931733295299,"cluster":1},{"x":468.3590021204294,"y":27.846639937111565,"cluster":1},{"x":43.54835818670145,"y":219.7361074608643,"cluster":1},{"x":285.7993867368497,"y":259.2949758663293,"cluster":1},{"x":478.91693117928565,"y":218.3384634680999,"cluster":1},{"x":306.96330091024964,"y":127.3531259336861,"cluster":1},{"x":32.7435986185907,"y":121.40580116354616,"cluster":1}],"num_clusters":0}