{"title":"uniform-n75-r6-s848178564653775790375","map_width":500,"map_height":300,"num_leaves":75,"tree":{"leaf":false,"id":148,"left":{"leaf":true,"id":66,"label":"66","site_id":66},"right":{"leaf":false,"id":147,"left":{"leaf":false,"id":143,"left":{"leaf":false,"id":114,"left":{"leaf":true,"id":2,"label":"2","site_id":2},"right":{"leaf":false,"id":107,"left":{"leaf":false,"id":93,"left":{"leaf":false,"id":77,"left":{"leaf":true,"id":18,"label":"18","site_id":18},"right":{"leaf":true,"id":47,"label":"47","site_id":47}},"right":{"leaf":true,"id":16,"label":"16","site_id":16}},"right":{"leaf":true,"id":12,"label":"12","site_id":12}}},"right":{"leaf":false,"id":138,"left":{"leaf":false,"id":108,"left":{"leaf":false,"id":92,"left":{"leaf":true,"id":25,"label":"25","site_id":25},"right":{"leaf":true,"id":49,"label":"49","site_id":49}},"right":{"leaf":true,"id":58,"label":"58","site_id":58}},"right":{"leaf":false,"id":105,"left":{"leaf":true,"id":19,"label":"19","site_id":19},"right":{"leaf":true,"id":61,"label":"61","site_id":61}}}},"right":{"leaf":false,"id":146,"left":{"leaf":false,"id":145,"left":{"leaf":false,"id":132,"left":{"leaf":false,"id":101,"left":{"leaf":true,"id":46,"label":"46","site_id":46},"right":{"leaf":true,"id":26,"label":"26","site_id":26}},"right":{"leaf":false,"id":125,"left":{"leaf":false,"id":118,"left":{"leaf":true,"id":15,"label":"15","site_id":15},"right":{"leaf":true,"id":30,"label":"30","site_id":30}},"right":{"leaf":false,"id":121,"left":{"leaf":false,"id":109,"left":{"leaf":true,"id":64,"label":"64","site_id":64},"right":{"leaf":true,"id":31,"label":"31","site_id":31}},"right":{"leaf":false,"id":79,"left":{"leaf":true,"id":70,"label":"70","site_id":70},"right":{"leaf":true,"id":37,"label":"37","site_id":37}}}}},"right":{"leaf":false,"id":144,"left":{"leaf":false,"id":136,"left":{"leaf":false,"id":115,"left":{"leaf":false,"id":106,"left":{"leaf":true,"id":57,"label":"57","site_id":57},"right":{"leaf":true,"id":59,"label":"59","site_id":59}},"right":{"leaf":false,"id":84,"left":{"leaf":true,"id":34,"label":"34","site_id":34},"right":{"leaf":true,"id":69,"label":"69","site_id":69}}},"right":{"leaf":true,"id":54,"label":"54","site_id":54}},"right":{"leaf":false,"id":141,"left":{"leaf":false,"id":127,"left":{"leaf":false,"id":126,"left":{"leaf":true,"id":29,"label":"29","site_id":29},"right":{"leaf":true,"id":74,"label":"74","site_id":74}},"right":{"leaf":false,"id":117,"left":{"leaf":true,"id":27,"label":"27","site_id":27},"right":{"leaf":false,"id":102,"left":{"leaf":true,"id":56,"label":"56","site_id":56},"right":{"leaf":false,"id":86,"left":{"leaf":true,"id":14,"label":"14","site_id":14},"right":{"leaf":false,"id":78,"left":{"leaf":true,"id":63,"label":"63","site_id":63},"right":{"leaf":true,"id":7,"label":"7","site_id":7}}}}}},"right":{"leaf":true,"id":42,"label":"42","site_id":42}}}},"right":{"leaf":false,"id":142,"left":{"leaf":false,"id":133,"left":{"leaf":false,"id":131,"left":{"leaf":true,"id":43,"label":"43","site_id":43},"right":{"leaf":false,"id":129,"left":{"leaf":false,"id":75,"left":{"leaf":true,"id":0,"label":"0","site_id":0},"right":{"leaf":true,"id":20,"label":"20","site_id":20}},"right":{"leaf":false,"id":123,"left":{"leaf":true,"id":24,"label":"24","site_id":24},"right":{"leaf":false,"id":116,"left":{"leaf":true,"id":22,"label":"22","site_id":22},"right":{"leaf":false,"id":112,"left":{"leaf":false,"id":100,"left":{"leaf":true,"id":4,"label":"4","site_id":4},"right":{"leaf":true,"id":62,"label":"62","site_id":62}},"right":{"leaf":true,"id":44,"label":"44","site_id":44}}}}}},"right":{"leaf":false,"id":130,"left":{"leaf":false,"id":122,"left":{"leaf":false,"id":97,"left":{"leaf":false,"id":82,"left":{"leaf":false,"id":76,"left":{"leaf":true,"id":3,"label":"3","site_id":3},"right":{"leaf":true,"id":73,"label":"73","site_id":73}},"right":{"leaf":true,"id":13,"label":"13","site_id":13}},"right":{"leaf":false,"id":91,"left":{"leaf":true,"id":6,"label":"6","site_id":6},"right":{"leaf":false,"id":83,"left":{"leaf":true,"id":53,"label":"53","site_id":53},"right":{"leaf":true,"id":67,"label":"67","site_id":67}}}},"right":{"leaf":false,"id":113,"left":{"leaf":true,"id":51,"label":"51","site_id":51},"right":{"leaf":false,"id":94,"left":{"leaf":true,"id":39,"label":"39","site_id":39},"right":{"leaf":true,"id":11,"label":"11","site_id":11}}}},"right":{"leaf":false,"id":98,"left":{"leaf":true,"id":60,"label":"60","site_id":60},"right":{"leaf":false,"id":96,"left":{"leaf":true,"id":40,"label":"40","site_id":40},"right":{"leaf":true,"id":28,"label":"28","site_id":28}}}}},"right":{"leaf":false,"id":140,"left":{"leaf":false,"id":134,"left":{"leaf":false,"id":110,"left":{"leaf":false,"id":104,"left":{"leaf":false,"id":90,"left":{"leaf":true,"id":71,"label":"71","site_id":71},"right":{"leaf":true,"id":35,"label":"35","site_id":35}},"right":{"leaf":false,"id":103,"left":{"leaf":true,"id":41,"label":"41","site_id":41},"right":{"leaf":true,"id":33,"label":"33","site_id":33}}},"right":{"leaf":true,"id":72,"label":"72","site_id":72}},"right":{"leaf":false,"id":128,"left":{"leaf":true,"id":55,"label":"55","site_id":55},"right":{"leaf":false,"id":124,"left":{"leaf":false,"id":111,"left":{"leaf":true,"id":10,"label":"10","site_id":10},"right":{"leaf":true,"id":48,"label":"48","site_id":48}},"right":{"leaf":true,"id":9,"label":"9","site_id":9}}}},"right":{"leaf":false,"id":139,"left":{"leaf":false,"id":120,"left":{"leaf":false,"id":95,"left":{"leaf":false,"id":88,"left":{"leaf":true,"id":23,"label":"23","site_id":23},"right":{"leaf":true,"id":36,"label":"36","site_id":36}},"right":{"leaf":true,"id":38,"label":"38","site_id":38}},"right":{"leaf":false,"id":119,"left":{"leaf":false,"id":89,"left":{"leaf":true,"id":65,"label":"65","site_id":65},"right":{"leaf":false,"id":85,"left":{"leaf":false,"id":81,"left":{"leaf":true,"id":17,"label":"17","site_id":17},"right":{"leaf":true,"id":5,"label":"5","site_id":5}},"right":{"leaf":true,"id":45,"label":"45","site_id":45}}},"right":{"leaf":true,"id":68,"label":"68","site_id":68}}},"right":{"leaf":false,"id":137,"left":{"leaf":false,"id":87,"left":{"leaf":true,"id":1,"label":"1","site_id":1},"right":{"leaf":false,"id":80,"left":{"leaf":true,"id":32,"label":"32","site_id":32},"right":{"leaf":true,"id":21,"label":"21","site_id":21}}},"right":{"leaf":false,"id":135,"left":{"leaf":true,"id":8,"label":"8","site_id":8},"right":{"leaf":false,"id":99,"left":{"leaf":true,"id":50,"label":"50","site_id":50},"right":{"leaf":true,"id":52,"label":"52","site_id":52}}}}}}}}}},"num_sites":75,"sites":[{"x":270.06250739224504,"y":135.64163392020765,"cluster":1},{"x":395.6313912120335,"y":47.782268559444745,"cluster":1},{"x":67.14266391832506,"y":34.757650250006314,"cluster":1},{"x":197.66577420647792,"y":75.52524025323908,"cluster":1},{"x":460.3751767466615,"y":35.70799317100296,"cluster":1},{"x":127.90440791696882,"y":106.84894734586781,"cluster":1},{"x":52.66279373285183,"y":157.38449503210725,"cluster":1},{"x":171.9017512737956,"y":257.32345925190623,"cluster":1},{"x":129.00378645090288,"y":153.80482499256587,"cluster":1},{"x":365.83371803743927,"y":94.43277556623727,"cluster":1},{"x":291.70867648095077,"y":104.85677643626403,"cluster":1},{"x":233.4993305866845,"y":19.12316045232308,"cluster":1},{"x":26.17793643482232,"y":73.3631349378558,"cluster":1},{"x":215.60356958189988,"y":125.23450827900514,"cluster":1},{"x":159.02849457913806,"y":192.878545503512,"cluster":1},{"x":36.48366266214805,"y":45.01012649970383,"cluster":1},{"x":67.33959801401798,"y":199.9948814709065,"cluster":1},{"x":404.64187145838685,"y":250.58956335599567,"cluster":1},{"x":100.70838671548931,"y":246.48437021979248,"cluster":1},{"x":235.58677761394512,"y":260.2852804025157,"cluster":1},{"x":276.6629876492668,"y":130.35005615661885,"cluster":1},{"x":468.5610286374658,"y":284.5282720393977,"cluster":1},{"x":294.77576046374753,"y":230.78080973210638,"cluster":1},{"x":442.7474077406505,"y":79.63892702146032,"cluster":1},{"x":115.55194819067675,"y":120.12343290751392,"cluster":1},{"x":53.496013865369605,"y":218.03865693442629,"cluster":1},{"x":146.83867955424157,"y":26.286931402784514,"cluster":1},{"x":415.00422436070147,"y":191.1641424322586,"cluster":1},{"x":303.10687433882026,"y":121.48465564660407,"cluster":1},{"x":201.50342644123072,"y":277.8972146755529,"cluster":1},{"x":326.3996985267297,"y":59.607916902750915,"cluster":1},{"x":73.05346593010057,"y":107.70487609362654,"cluster":1},{"x":483.8140908412067,"y":190.19651571594875,"cluster":1},{"x":177.81247562455164,"y":103.99035168875076,"cluster":1},{"x":324.0118180130004,"y":249.75834441219988,"cluster":1},{"x":319.1254193158434,"y":70.25355671906507,"cluster":1},{"x":370.5298343463924,"y":204.2772115627019,"cluster":1},{"x":114.44498887050294,"y":209.7073751106199,"cluster":1},{"x":155.730698621387,"y":108.36638599869407,"cluster":1},{"x":168.3933719583213,"y":31.138785354206764,"cluster":1},{"x":280.2593565592615,"y":104.11414104706265,"cluster":1},{"x":447.92215533416356,"y":35.92251651421592,"cluster":1},{"x":244.8974937865755,"y":40.50061855028841,"cluster":1},{"x":19.532059936971073,"y":210.76450527769995,"cluster":1},{"x":216.43261664771586,"y":91.9037477380032,"cluster":1},{"x":254.55936516603077,"y":52.93023582514315,"cluster":1},{"x":64.42256698869471,"y":133.733393731285,"cluster":1},{"x":230.51817507488047,"y":209.07825470064205,"cluster":1},{"x":221.93757095104053,"y":19.9420615243702,"cluster":1},{"x":54.40766917077095,"y":125.37192373084454,"cluster":1},{"x":120.50032044874854,"y":181.05684883414148,"cluster":1},{"x":267.7508568663955,"y":175.28264847983792,"cluster":1},{"x":137.5209698497853,"y":222.4612712405093,"cluster":1},{"x":182.9263695282797,"y":62.425602920213784,"cluster":1},{"x":343.5376621239115,"y":280.9272445398302,"cluster":1},{"x":426.0870642935966,"y":258.8841899462883,"cluster":1},{"x":376.5239071626728,"y":142.8563550281389,"cluster":1},{"x":423.62932371044127,"y":164.78219240362046,"cluster":1},{"x":21.413535994018293,"y":180.33600499246108,"cluster":1},{"x":356.78422144474064,"y":102.35281264605908,"cluster":1},{"x":214.81944988766838,"y":110.9501885996495,"cluster":1},{"x":132.44679609846577,"y":187.4316386538906,"cluster":1},{"x":297.6864451297166,"y":184.3059251127085,"cluster":1},{"x":37.84193029371648,"y":203.16552865663147,"cluster":1},{"x":82.31949576304075,"y":82.44548820081741,"cluster":1},{"x":82.04526784732323,"y":64.78250396987175,"cluster":1},{"x":478.73533014757345,"y":20.507705986946767,"cluster":1},{"x":359.917979860948,"y":20.212135172485198,"cluster":1},{"x":321.8473021351177,"y":142.13828160495984,"cluster":1},{"x":400.3751062129737,"y":122.81842896915673,"cluster":1},{"x":113.23772126206657,"y":184.5582087343457,"cluster":1},{"x":216.993647728684,"y":75.05402605056045,"cluster":1},{"x":280.2914111969055,"y":63.45068346994758,"cluster":1},{"x":237.8851946175946,"y":72.56201597212159,"cluster":1},{"x":252.04801351493316,"y":207.133279925353,"cluster":1}],"num_clusters":0}