{"title":"uniform-n70-r6-s-798337454273613981370","map_width":500,"map_height":300,"num_leaves":70,"tree":{"leaf":false,"id":138,"left":{"leaf":true,"id":34,"label":"34","site_id":34},"right":{"leaf":false,"id":137,"left":{"leaf":false,"id":136,"left":{"leaf":false,"id":134,"left":{"leaf":false,"id":99,"left":{"leaf":false,"id":95,"left":{"leaf":false,"id":75,"left":{"leaf":true,"id":52,"label":"52","site_id":52},"right":{"leaf":true,"id":26,"label":"26","site_id":26}},"right":{"leaf":false,"id":83,"left":{"leaf":true,"id":67,"label":"67","site_id":67},"right":{"leaf":true,"id":33,"label":"33","site_id":33}}},"right":{"leaf":false,"id":91,"left":{"leaf":false,"id":74,"left":{"leaf":true,"id":58,"label":"58","site_id":58},"right":{"leaf":true,"id":20,"label":"20","site_id":20}},"right":{"leaf":true,"id":18,"label":"18","site_id":18}}},"right":{"leaf":false,"id":133,"left":{"leaf":false,"id":131,"left":{"leaf":false,"id":125,"left":{"leaf":false,"id":120,"left":{"leaf":false,"id":115,"left":{"leaf":false,"id":106,"left":{"leaf":false,"id":89,"left":{"leaf":true,"id":64,"label":"64","site_id":64},"right":{"leaf":true,"id":19,"label":"19","site_id":19}},"right":{"leaf":false,"id":76,"left":{"leaf":true,"id":9,"label":"9","site_id":9},"right":{"leaf":true,"id":15,"label":"15","site_id":15}}},"right":{"leaf":false,"id":96,"left":{"leaf":true,"id":43,"label":"43","site_id":43},"right":{"leaf":true,"id":36,"label":"36","site_id":36}}},"right":{"leaf":false,"id":80,"left":{"leaf":true,"id":21,"label":"21","site_id":21},"right":{"leaf":true,"id":62,"label":"62","site_id":62}}},"right":{"leaf":false,"id":121,"left":{"leaf":false,"id":118,"left":{"leaf":false,"id":117,"left":{"leaf":false,"id":98,"left":{"leaf":true,"id":0,"label":"0","site_id":0},"right":{"leaf":false,"id":73,"left":{"leaf":true,"id":16,"label":"16","site_id":16},"right":{"leaf":true,"id":31,"label":"31","site_id":31}}},"right":{"leaf":false,"id":116,"left":{"leaf":false,"id":92,"left":{"leaf":false,"id":84,"left":{"leaf":true,"id":44,"label":"44","site_id":44},"right":{"leaf":false,"id":78,"left":{"leaf":true,"id":48,"label":"48","site_id":48},"right":{"leaf":true,"id":8,"label":"8","site_id":8}}},"right":{"leaf":true,"id":3,"label":"3","site_id":3}},"right":{"leaf":false,"id":72,"left":{"leaf":true,"id":60,"label":"60","site_id":60},"right":{"leaf":true,"id":23,"label":"23","site_id":23}}}},"right":{"leaf":false,"id":109,"left":{"leaf":false,"id":101,"left":{"leaf":false,"id":86,"left":{"leaf":true,"id":42,"label":"42","site_id":42},"right":{"leaf":true,"id":41,"label":"41","site_id":41}},"right":{"leaf":true,"id":11,"label":"11","site_id":11}},"right":{"leaf":false,"id":100,"left":{"leaf":false,"id":70,"left":{"leaf":true,"id":30,"label":"30","site_id":30},"right":{"leaf":true,"id":14,"label":"14","site_id":14}},"right":{"leaf":true,"id":49,"label":"49","site_id":49}}}},"right":{"leaf":false,"id":112,"left":{"leaf":false,"id":105,"left":{"leaf":false,"id":94,"left":{"leaf":true,"id":39,"label":"39","site_id":39},"right":{"leaf":true,"id":47,"label":"47","site_id":47}},"right":{"leaf":false,"id":97,"left":{"leaf":true,"id":13,"label":"13","site_id":13},"right":{"leaf":false,"id":82,"left":{"leaf":true,"id":25,"label":"25","site_id":25},"right":{"leaf":true,"id":10,"label":"10","site_id":10}}}},"right":{"leaf":true,"id":63,"label":"63","site_id":63}}}},"right":{"leaf":false,"id":128,"left":{"leaf":false,"id":119,"left":{"leaf":true,"id":46,"label":"46","site_id":46},"right":{"leaf":true,"id":61,"label":"61","site_id":61}},"right":{"leaf":false,"id":110,"left":{"leaf":true,"id":59,"label":"59","site_id":59},"right":{"leaf":false,"id":81,"left":{"leaf":true,"id":22,"label":"22","site_id":22},"right":{"leaf":true,"id":24,"label":"24","site_id":24}}}}},"right":{"leaf":true,"id":56,"label":"56","site_id":56}}},"right":{"leaf":false,"id":113,"left":{"leaf":false,"id":111,"left":{"leaf":true,"id":4,"label":"4","site_id":4},"right":{"leaf":true,"id":50,"label":"50","site_id":50}},"right":{"leaf":true,"id":53,"label":"53","site_id":53}}},"right":{"leaf":false,"id":135,"left":{"leaf":false,"id":124,"left":{"leaf":true,"id":55,"label":"55","site_id":55},"right":{"leaf":false,"id":90,"left":{"leaf":false,"id":85,"left":{"leaf":true,"id":51,"label":"51","site_id":51},"right":{"leaf":true,"id":57,"label":"57","site_id":57}},"right":{"leaf":false,"id":79,"left":{"leaf":true,"id":5,"label":"5","site_id":5},"right":{"leaf":true,"id":6,"label":"6","site_id":6}}}},"right":{"leaf":false,"id":132,"left":{"leaf":false,"id":130,"left":{"leaf":false,"id":126,"left":{"leaf":false,"id":123,"left":{"leaf":false,"id":122,"left":{"leaf":true,"id":27,"label":"27","site_id":27},"right":{"leaf":false,"id":114,"left":{"leaf":false,"id":102,"left":{"leaf":true,"id":1,"label":"1","site_id":1},"right":{"leaf":false,"id":71,"left":{"leaf":true,"id":37,"label":"37","site_id":37},"right":{"leaf":true,"id":28,"label":"28","site_id":28}}},"right":{"leaf":false,"id":93,"left":{"leaf":false,"id":87,"left":{"leaf":true,"id":68,"label":"68","site_id":68},"right":{"leaf":false,"id":77,"left":{"leaf":true,"id":32,"label":"32","site_id":32},"right":{"leaf":true,"id":2,"label":"2","site_id":2}}},"right":{"leaf":true,"id":7,"label":"7","site_id":7}}}},"right":{"leaf":false,"id":88,"left":{"leaf":true,"id":35,"label":"35","site_id":35},"right":{"leaf":true,"id":54,"label":"54","site_id":54}}},"right":{"leaf":true,"id":65,"label":"65","site_id":65}},"right":{"leaf":false,"id":127,"left":{"leaf":true,"id":66,"label":"66","site_id":66},"right":{"leaf":false,"id":108,"left":{"leaf":true,"id":45,"label":"45","site_id":45},"right":{"leaf":false,"id":104,"left":{"leaf":true,"id":17,"label":"17","site_id":17},"right":{"leaf":true,"id":40,"label":"40","site_id":40}}}}},"right":{"leaf":false,"id":129,"left":{"leaf":true,"id":69,"label":"69","site_id":69},"right":{"leaf":false,"id":107,"left":{"leaf":true,"id":38,"label":"38","site_id":38},"right":{"leaf":false,"id":103,"left":{"leaf":true,"id":12,"label":"12","site_id":12},"right":{"leaf":true,"id":29,"label":"29","site_id":29}}}}}}}},"num_sites":70,"sites":[{"x":480.63332205726914,"y":173.46567625365694,"cluster":1},{"x":391.18779376189553,"y":253.3275131999826,"cluster":1},{"x":477.94136113825954,"y":100.30182148896813,"cluster":1},{"x":328.99226899553383,"y":160.8091160686451,"cluster":1},{"x":72.64743675727897,"y":112.5006403896096,"cluster":1},{"x":15.463984898603773,"y":85.36289713072244,"cluster":1},{"x":33.77229359202186,"y":35.22197950541169,"cluster":1},{"x":478.7788586782058,"y":139.8858591551505,"cluster":1},{"x":277.45598096495536,"y":245.9573501863731,"cluster":1},{"x":432.64308212423765,"y":165.46527754258528,"cluster":1},{"x":115.12385830797949,"y":214.1666849640158,"cluster":1},{"x":323.6369623473236,"y":200.7852176089734,"cluster":1},{"x":205.77766124372374,"y":214.028192382505,"cluster":1},{"x":175.22229259328253,"y":77.27051091484041,"cluster":1},{"x":139.54651301478782,"y":151.9537957232852,"cluster":1},{"x":95.71880237152024,"y":167.5142631800457,"cluster":1},{"x":408.9586692224373,"y":97.85672147109072,"cluster":1},{"x":158.60020463392203,"y":221.7127107923984,"cluster":1},{"x":114.65851820286122,"y":113.67921290820023,"cluster":1},{"x":140.4427056477087,"y":56.19647141964651,"cluster":1},{"x":253.494658737361,"y":144.39732831984452,"cluster":1},{"x":44.77903275432308,"y":39.69996688451465,"cluster":1},{"x":239.04334896419059,"y":35.61632183017751,"cluster":1},{"x":388.96807189323715,"y":26.751057401549957,"cluster":1},{"x":297.7078886497953,"y":27.954020839388146,"cluster":1},{"x":175.9854843002166,"y":183.4906108963908,"cluster":1},{"x":97.54833026887782,"y":111.68118098368195,"cluster":1},{"x":183.77281746908437,"y":109.34703657506574,"cluster":1},{"x":411.946647299215,"y":235.5466795326658,"cluster":1},{"x":201.4527458546129,"y":238.29345655110663,"cluster":1},{"x":236.10173157398222,"y":131.36199545784413,"cluster":1},{"x":214.32539449827144,"y":115.90551515327508,"cluster":1},{"x":481.17425839487214,"y":130.75332074345056,"cluster":1},{"x":208.10561298026747,"y":133.1154905449057,"cluster":1},{"x":88.66544635442838,"y":122.51121898821773,"cluster":1},{"x":447.34360585482756,"y":214.42363900263743,"cluster":1},{"x":306.3147948110582,"y":278.17666807554144,"cluster":1},{"x":413.39103378049913,"y":217.38045195154956,"cluster":1},{"x":446.4404959533445,"y":59.89879081217902,"cluster":1},{"x":273.6323963282626,"y":281.3936551458522,"cluster":1},{"x":138.22263550564827,"y":208.18365130184722,"cluster":1},{"x":295.996191430389,"y":177.34170641077847,"cluster":1},{"x":446.94253586817365,"y":247.92490586783566,"cluster":1},{"x":160.99284404065662,"y":265.0904605294179,"cluster":1},{"x":105.64323364945105,"y":149.06607892022345,"cluster":1},{"x":37.696420666373015,"y":273.8128586515636,"cluster":1},{"x":328.0645093220589,"y":273.3907782318415,"cluster":1},{"x":460.1944308699061,"y":80.00115855244522,"cluster":1},{"x":206.03199656720548,"y":201.27107350040683,"cluster":1},{"x":217.07497483129728,"y":80.23958813980117,"cluster":1},{"x":159.74376280598744,"y":161.72581846420894,"cluster":1},{"x":178.50295252537845,"y":50.16999197319821,"cluster":1},{"x":295.59880315752656,"y":215.8496105267823,"cluster":1},{"x":43.35700499663314,"y":227.63608099314882,"cluster":1},{"x":393.35058985077757,"y":147.56965458066412,"cluster":1},{"x":62.75608749937616,"y":16.73213849175329,"cluster":1},{"x":102.44499986250214,"y":196.7716593567717,"cluster":1},{"x":176.0998342926062,"y":40.409516801115004,"cluster":1},{"x":316.41559825517,"y":128.10749979856354,"cluster":1},{"x":351.4788979963409,"y":152.4097959632965,"cluster":1},{"x":344.1604043560165,"y":34.256321314312416,"cluster":1},{"x":313.98173138815696,"y":214.59606999434303,"cluster":1},{"x":17.81303861597831,"y":205.05718211248237,"cluster":1},{"x":123.03143964297665,"y":113.24394496926871,"cluster":1},{"x":38.747196541004485,"y":143.76542531673655,"cluster":1},{"x":183.43139581708363,"y":47.53186227297694,"cluster":1},{"x":114.28068654753973,"y":245.33529013217822,"cluster":1},{"x":255.23811746975156,"y":62.80903439256434,"cluster":1},{"x":455.3403485869653,"y":125.48224728343568,"cluster":1},{"x":310.54894224938295,"y":234.89855793660996,"cluster":1}],"num_clusters":0}