{"title":"uniform-n75-r2-s237104041493722593275","map_width":500,"map_height":300,"num_leaves":75,"tree":{"leaf":false,"id":148,"left":{"leaf":false,"id":147,"left":{"leaf":false,"id":115,"left":{"leaf":true,"id":35,"label":"35","site_id":35},"right":{"leaf":true,"id":74,"label":"74","site_id":74}},"right":{"leaf":false,"id":145,"left":{"leaf":false,"id":144,"left":{"leaf":false,"id":137,"left":{"leaf":false,"id":131,"left":{"leaf":false,"id":124,"left":{"leaf":true,"id":46,"label":"46","site_id":46},"right":{"leaf":true,"id":37,"label":"37","site_id":37}},"right":{"leaf":false,"id":105,"left":{"leaf":true,"id":16,"label":"16","site_id":16},"right":{"leaf":true,"id":56,"label":"56","site_id":56}}},"right":{"leaf":false,"id":133,"left":{"leaf":false,"id":122,"left":{"leaf":false,"id":110,"left":{"leaf":false,"id":107,"left":{"leaf":false,"id":96,"left":{"leaf":false,"id":81,"left":{"leaf":true,"id":72,"label":"72","site_id":72},"right":{"leaf":true,"id":70,"label":"70","site_id":70}},"right":{"leaf":true,"id":30,"label":"30","site_id":30}},"right":{"leaf":false,"id":101,"left":{"leaf":false,"id":88,"left":{"leaf":false,"id":82,"left":{"leaf":true,"id":73,"label":"73","site_id":73},"right":{"leaf":true,"id":19,"label":"19","site_id":19}},"right":{"leaf":true,"id":14,"label":"14","site_id":14}},"right":{"leaf":true,"id":6,"label":"6","site_id":6}}},"right":{"leaf":false,"id":92,"left":{"leaf":true,"id":5,"label":"5","site_id":5},"right":{"leaf":true,"id":25,"label":"25","site_id":25}}},"right":{"leaf":true,"id":20,"label":"20","site_id":20}},"right":{"leaf":false,"id":104,"left":{"leaf":true,"id":41,"label":"41","site_id":41},"right":{"leaf":true,"id":40,"label":"40","site_id":40}}}},"right":{"leaf":false,"id":142,"left":{"leaf":false,"id":129,"left":{"leaf":true,"id":44,"label":"44","site_id":44},"right":{"leaf":true,"id":69,"label":"69","site_id":69}},"right":{"leaf":false,"id":138,"left":{"leaf":false,"id":130,"left":{"leaf":true,"id":15,"label":"15","site_id":15},"right":{"leaf":false,"id":112,"left":{"leaf":false,"id":95,"left":{"leaf":true,"id":45,"label":"45","site_id":45},"right":{"leaf":true,"id":55,"label":"55","site_id":55}},"right":{"leaf":false,"id":89,"left":{"leaf":true,"id":29,"label":"29","site_id":29},"right":{"leaf":true,"id":8,"label":"8","site_id":8}}}},"right":{"leaf":false,"id":94,"left":{"leaf":true,"id":38,"label":"38","site_id":38},"right":{"leaf":true,"id":50,"label":"50","site_id":50}}}}},"right":{"leaf":false,"id":108,"left":{"leaf":false,"id":87,"left":{"leaf":true,"id":68,"label":"68","site_id":68},"right":{"leaf":true,"id":17,"label":"17","site_id":17}},"right":{"leaf":true,"id":39,"label":"39","site_id":39}}}},"right":{"leaf":false,"id":146,"left":{"leaf":false,"id":143,"left":{"leaf":false,"id":140,"left":{"leaf":false,"id":135,"left":{"leaf":false,"id":132,"left":{"leaf":true,"id":31,"label":"31","site_id":31},"right":{"leaf":false,"id":120,"left":{"leaf":true,"id":48,"label":"48","site_id":48},"right":{"leaf":false,"id":79,"left":{"leaf":false,"id":78,"left":{"leaf":true,"id":28,"label":"28","site_id":28},"right":{"leaf":true,"id":2,"label":"2","site_id":2}},"right":{"leaf":true,"id":66,"label":"66","site_id":66}}}},"right":{"leaf":false,"id":119,"left":{"leaf":true,"id":13,"label":"13","site_id":13},"right":{"leaf":true,"id":52,"label":"52","site_id":52}}},"right":{"leaf":false,"id":134,"left":{"leaf":true,"id":0,"label":"0","site_id":0},"right":{"leaf":false,"id":121,"left":{"leaf":false,"id":117,"left":{"leaf":false,"id":116,"left":{"leaf":true,"id":57,"label":"57","site_id":57},"right":{"leaf":false,"id":75,"left":{"leaf":true,"id":53,"label":"53","site_id":53},"right":{"leaf":true,"id":65,"label":"65","site_id":65}}},"right":{"leaf":true,"id":60,"label":"60","site_id":60}},"right":{"leaf":false,"id":98,"left":{"leaf":false,"id":77,"left":{"leaf":true,"id":18,"label":"18","site_id":18},"right":{"leaf":true,"id":21,"label":"21","site_id":21}},"right":{"leaf":false,"id":85,"left":{"leaf":true,"id":22,"label":"22","site_id":22},"right":{"leaf":false,"id":76,"left":{"leaf":true,"id":47,"label":"47","site_id":47},"right":{"leaf":true,"id":7,"label":"7","site_id":7}}}}}}},"right":{"leaf":false,"id":141,"left":{"leaf":false,"id":139,"left":{"leaf":false,"id":128,"left":{"leaf":false,"id":100,"left":{"leaf":true,"id":54,"label":"54","site_id":54},"right":{"leaf":true,"id":9,"label":"9","site_id":9}},"right":{"leaf":false,"id":126,"left":{"leaf":false,"id":93,"left":{"leaf":false,"id":90,"left":{"leaf":false,"id":80,"left":{"leaf":true,"id":4,"label":"4","site_id":4},"right":{"leaf":true,"id":43,"label":"43","site_id":43}},"right":{"leaf":true,"id":36,"label":"36","site_id":36}},"right":{"leaf":false,"id":91,"left":{"leaf":true,"id":62,"label":"62","site_id":62},"right":{"leaf":true,"id":10,"label":"10","site_id":10}}},"right":{"leaf":false,"id":123,"left":{"leaf":true,"id":33,"label":"33","site_id":33},"right":{"leaf":false,"id":113,"left":{"leaf":false,"id":86,"left":{"leaf":true,"id":71,"label":"71","site_id":71},"right":{"leaf":true,"id":32,"label":"32","site_id":32}},"right":{"leaf":false,"id":109,"left":{"leaf":true,"id":11,"label":"11","site_id":11},"right":{"leaf":true,"id":51,"label":"51","site_id":51}}}}}},"right":{"leaf":false,"id":127,"left":{"leaf":false,"id":106,"left":{"leaf":false,"id":97,"left":{"leaf":true,"id":24,"label":"24","site_id":24},"right":{"leaf":true,"id":59,"label":"59","site_id":59}},"right":{"leaf":true,"id":1,"label":"1","site_id":1}},"right":{"leaf":true,"id":23,"label":"23","site_id":23}}},"right":{"leaf":false,"id":125,"left":{"leaf":false,"id":118,"left":{"leaf":true,"id":67,"label":"67","site_id":67},"right":{"leaf":false,"id":99,"left":{"leaf":false,"id":84,"left":{"leaf":true,"id":26,"label":"26","site_id":26},"right":{"leaf":true,"id":34,"label":"34","site_id":34}},"right":{"leaf":false,"id":83,"left":{"leaf":true,"id":12,"label":"12","site_id":12},"right":{"leaf":true,"id":27,"label":"27","site_id":27}}}},"right":{"leaf":false,"id":111,"left":{"leaf":false,"id":103,"left":{"leaf":true,"id":64,"label":"64","site_id":64},"right":{"leaf":true,"id":63,"label":"63","site_id":63}},"right":{"leaf":true,"id":61,"label":"61","site_id":61}}}}},"right":{"leaf":false,"id":136,"left":{"leaf":true,"id":3,"label":"3","site_id":3},"right":{"leaf":false,"id":114,"left":{"leaf":false,"id":102,"left":{"leaf":true,"id":49,"label":"49","site_id":49},"right":{"leaf":true,"id":58,"label":"58","site_id":58}},"right":{"leaf":true,"id":42,"label":"42","site_id":42}}}}},"num_sites":75,"sites":[{"x":439.2711507146818,"y":111.31472501000421,"cluster":1},{"x":330.3758713630531,"y":218.19645122770854,"cluster":1},{"x":193.47371783714584,"y":269.44347265299143,"cluster":1},{"x":45.95898937040219,"y":261.5658679602544,"cluster":1},{"x":261.0381368537166,"y":257.986772325617,"cluster":1},{"x":129.24019392803024,"y":210.51329788168562,"cluster":1},{"x":369.052589775878,"y":44.11695706129362,"cluster":1},{"x":141.65189734375915,"y":50.15537970907686,"cluster":1},{"x":304.16166994814233,"y":29.540501085934167,"cluster":1},{"x":483.3106359809603,"y":176.92680724346528,"cluster":1},{"x":77.08542678672214,"y":117.91161643893683,"cluster":1},{"x":143.62108040326828,"y":84.62972529210663,"cluster":1},{"x":396.6379180591609,"y":112.5798254068468,"cluster":1},{"x":40.05110196672056,"y":52.59989583076888,"cluster":1},{"x":325.62507005005256,"y":21.64278323515772,"cluster":1},{"x":278.74214549084604,"y":272.38938720531985,"cluster":1},{"x":205.36727448077093,"y":153.24214776148497,"cluster":1},{"x":57.32812437641466,"y":213.30125925758537,"cluster":1},{"x":142.1448079288852,"y":173.44481732811633,"cluster":1},{"x":74.23265543542007,"y":219.484596998995,"cluster":1},{"x":57.604152881677216,"y":51.893464244926776,"cluster":1},{"x":229.79818150310584,"y":52.108968810194845,"cluster":1},{"x":116.09143486564832,"y":266.68978284753763,"cluster":1},{"x":312.8722590521388,"y":179.38524803572184,"cluster":1},{"x":334.9940876216097,"y":249.6904884241516,"cluster":1},{"x":321.9351891069782,"y":34.8854393265567,"cluster":1},{"x":189.4747226527483,"y":126.55050981443331,"cluster":1},{"x":22.499522903918923,"y":190.73706954630717,"cluster":1},{"x":220.47151340920934,"y":282.43957577395724,"cluster":1},{"x":192.34631122867674,"y":46.828420879377866,"cluster":1},{"x":54.51687872058167,"y":184.38774062361068,"cluster":1},{"x":413.1839084902224,"y":240.15864457881867,"cluster":1},{"x":455.7917613010723,"y":74.68205065628052,"cluster":1},{"x":311.52473439221575,"y":139.90275225858883,"cluster":1},{"x":294.8853717382505,"y":136.64108654038398,"cluster":1},{"x":62.97138240011333,"y":33.63404856088896,"cluster":1},{"x":314.97055066124045,"y":144.43566755222125,"cluster":1},{"x":174.53258361212875,"y":92.40344796908968,"cluster":1},{"x":80.60212070335102,"y":267.55572124537355,"cluster":1},{"x":266.4046366427819,"y":196.52191512201847,"cluster":1},{"x":122.84854779984505,"y":27.833450393865462,"cluster":1},{"x":315.6656786828541,"y":211.3585613034624,"cluster":1},{"x":21.09859551551481,"y":67.97233065457259,"cluster":1},{"x":293.94681927351803,"y":239.90878416115672,"cluster":1},{"x":438.7703761391109,"y":148.26473157559172,"cluster":1},{"x":294.8701597112122,"y":31.261448827534252,"cluster":1},{"x":227.6226695942431,"y":184.0962679446493,"cluster":1},{"x":414.7088791596736,"y":61.99875429595565,"cluster":1},{"x":189.95110524298622,"y":283.88085522732786,"cluster":1},{"x":103.91061000844728,"y":101.6413680924415,"cluster":1},{"x":70.49998340080913,"y":259.625445304213,"cluster":1},{"x":178.86594354020065,"y":250.29165066167386,"cluster":1},{"x":18.287041307894143,"y":44.112236612951875,"cluster":1},{"x":439.2319057075024,"y":237.90697085312888,"cluster":1},{"x":471.81022196461333,"y":172.93414644982232,"cluster":1},{"x":164.23546601230981,"y":189.35205097517905,"cluster":1},{"x":191.68449908213785,"y":117.53341081796472,"cluster":1},{"x":421.4415004617693,"y":114.68758372746588,"cluster":1},{"x":135.90460730456175,"y":138.51098074645637,"cluster":1},{"x":275.4256445602467,"y":123.84826565870605,"cluster":1},{"x":435.497081422841,"y":177.5110197707031,"cluster":1},{"x":338.0075644003202,"y":78.93482890484776,"cluster":1},{"x":408.67914789146005,"y":253.23150663302036,"cluster":1},{"x":363.020180853428,"y":29.735265166268473,"cluster":1},{"x":335.5259137576674,"y":51.23481390832795,"cluster":1},{"x":377.6275342319356,"y":280.56799987966707,"cluster":1},{"x":432.5803209682294,"y":280.0661736840934,"cluster":1},{"x":374.25566252125395,"y":84.87016313721247,"cluster":1},{"x":49.4934450550834,"y":216.6486617427219,"cluster":1},{"x":28.281389690548643,"y":250.67531537380532,"cluster":1},{"x":107.75417212655462,"y":241.89756677419857,"cluster":1},{"x":461.59330250822154,"y":63.70340273498659,"cluster":1},{"x":185.25032889930864,"y":121.61112106269697,"cluster":1},{"x":482.023440950443,"y":101.23085012037805,"cluster":1},{"x":36.72832202837069,"y":35.93371428987426,"cluster":1}],"num_clusters":0}