{"title":"uniform-n60-r9-s-323607281365003750260","map_width":500,"map_height":300,"num_leaves":60,"tree":{"leaf":false,"id":118,"left":{"leaf":false,"id":117,"left":{"leaf":false,"id":115,"left":{"leaf":false,"id":110,"left":{"leaf":false,"id":108,"left":{"leaf":false,"id":96,"left":{"leaf":false,"id":91,"left":{"leaf":false,"id":81,"left":{"leaf":true,"id":3,"label":"3","site_id":3},"right":{"leaf":false,"id":66,"left":{"leaf":true,"id":1,"label":"1","site_id":1},"right":{"leaf":true,"id":54,"label":"54","site_id":54}}},"right":{"leaf":true,"id":24,"label":"24","site_id":24}},"right":{"leaf":true,"id":19,"label":"19","site_id":19}},"right":{"leaf":false,"id":103,"left":{"leaf":false,"id":100,"left":{"leaf":false,"id":98,"left":{"leaf":true,"id":58,"label":"58","site_id":58},"right":{"leaf":false,"id":89,"left":{"leaf":true,"id":49,"label":"49","site_id":49},"right":{"leaf":true,"id":13,"label":"13","site_id":13}}},"right":{"leaf":false,"id":95,"left":{"leaf":false,"id":65,"left":{"leaf":true,"id":10,"label":"10","site_id":10},"right":{"leaf":true,"id":20,"label":"20","site_id":20}},"right":{"leaf":false,"id":77,"left":{"leaf":true,"id":43,"label":"43","site_id":43},"right":{"leaf":true,"id":59,"label":"59","site_id":59}}}},"right":{"leaf":false,"id":94,"left":{"leaf":false,"id":69,"left":{"leaf":true,"id":21,"label":"21","site_id":21},"right":{"leaf":true,"id":11,"label":"11","site_id":11}},"right":{"leaf":false,"id":87,"left":{"leaf":true,"id":50,"label":"50","site_id":50},"right":{"leaf":false,"id":72,"left":{"leaf":true,"id":31,"label":"31","site_id":31},"right":{"leaf":true,"id":30,"label":"30","site_id":30}}}}}},"right":{"leaf":false,"id":107,"left":{"leaf":false,"id":85,"left":{"leaf":false,"id":78,"left":{"leaf":true,"id":51,"label":"51","site_id":51},"right":{"leaf":false,"id":68,"left":{"leaf":true,"id":39,"label":"39","site_id":39},"right":{"leaf":true,"id":42,"label":"42","site_id":42}}},"right":{"leaf":false,"id":83,"left":{"leaf":false,"id":76,"left":{"leaf":true,"id":7,"label":"7","site_id":7},"right":{"leaf":true,"id":9,"label":"9","site_id":9}},"right":{"leaf":true,"id":23,"label":"23","site_id":23}}},"right":{"leaf":true,"id":26,"label":"26","site_id":26}}},"right":{"leaf":false,"id":113,"left":{"leaf":false,"id":101,"left":{"leaf":true,"id":46,"label":"46","site_id":46},"right":{"leaf":false,"id":97,"left":{"leaf":false,"id":92,"left":{"leaf":true,"id":2,"label":"2","site_id":2},"right":{"leaf":false,"id":88,"left":{"leaf":true,"id":32,"label":"32","site_id":32},"right":{"leaf":true,"id":35,"label":"35","site_id":35}}},"right":{"leaf":false,"id":73,"left":{"leaf":true,"id":29,"label":"29","site_id":29},"right":{"leaf":true,"id":5,"label":"5","site_id":5}}}},"right":{"leaf":false,"id":70,"left":{"leaf":false,"id":67,"left":{"leaf":true,"id":38,"label":"38","site_id":38},"right":{"leaf":true,"id":48,"label":"48","site_id":48}},"right":{"leaf":true,"id":41,"label":"41","site_id":41}}}},"right":{"leaf":false,"id":116,"left":{"leaf":false,"id":114,"left":{"leaf":false,"id":112,"left":{"leaf":false,"id":104,"left":{"leaf":false,"id":102,"left":{"leaf":false,"id":84,"left":{"leaf":false,"id":82,"left":{"leaf":true,"id":57,"label":"57","site_id":57},"right":{"leaf":false,"id":63,"left":{"leaf":true,"id":27,"label":"27","site_id":27},"right":{"leaf":true,"id":15,"label":"15","site_id":15}}},"right":{"leaf":true,"id":34,"label":"34","site_id":34}},"right":{"leaf":false,"id":80,"left":{"leaf":true,"id":16,"label":"16","site_id":16},"right":{"leaf":true,"id":6,"label":"6","site_id":6}}},"right":{"leaf":true,"id":18,"label":"18","site_id":18}},"right":{"leaf":false,"id":99,"left":{"leaf":false,"id":86,"left":{"leaf":true,"id":55,"label":"55","site_id":55},"right":{"leaf":true,"id":22,"label":"22","site_id":22}},"right":{"leaf":true,"id":0,"label":"0","site_id":0}}},"right":{"leaf":false,"id":109,"left":{"leaf":true,"id":33,"label":"33","site_id":33},"right":{"leaf":false,"id":106,"left":{"leaf":false,"id":105,"left":{"leaf":true,"id":17,"label":"17","site_id":17},"right":{"leaf":false,"id":74,"left":{"leaf":true,"id":56,"label":"56","site_id":56},"right":{"leaf":true,"id":28,"label":"28","site_id":28}}},"right":{"leaf":false,"id":62,"left":{"leaf":true,"id":53,"label":"53","site_id":53},"right":{"leaf":true,"id":52,"label":"52","site_id":52}}}}},"right":{"leaf":false,"id":111,"left":{"leaf":false,"id":93,"left":{"leaf":false,"id":90,"left":{"leaf":false,"id":79,"left":{"leaf":true,"id":14,"label":"14","site_id":14},"right":{"leaf":false,"id":71,"left":{"leaf":true,"id":37,"label":"37","site_id":37},"right":{"leaf":true,"id":45,"label":"45","site_id":45}}},"right":{"leaf":true,"id":12,"label":"12","site_id":12}},"right":{"leaf":false,"id":75,"left":{"leaf":true,"id":8,"label":"8","site_id":8},"right":{"leaf":false,"id":60,"left":{"leaf":true,"id":40,"label":"40","site_id":40},"right":{"leaf":true,"id":36,"label":"36","site_id":36}}}},"right":{"leaf":false,"id":64,"left":{"leaf":false,"id":61,"left":{"leaf":true,"id":44,"label":"44","site_id":44},"right":{"leaf":true,"id":47,"label":"47","site_id":47}},"right":{"leaf":true,"id":25,"label":"25","site_id":25}}}}},"right":{"leaf":true,"id":4,"label":"4","site_id":4}},"num_sites":60,"sites":[{"x":73.38292256411279,"y":64.99122668092659,"cluster":1},{"x":332.0013558177901,"y":206.6611985865381,"cluster":1},{"x":426.082142760269,"y":50.900829474154925,"cluster":1},{"x":177.71579189866625,"y":150.0762712196145,"cluster":1},{"x":99.66592527595846,"y":254.22352147516932,"cluster":1},{"x":454.784832825848,"y":143.39705250443436,"cluster":1},{"x":419.46642952088496,"y":124.57613948575316,"cluster":1},{"x":374.4264146028383,"y":166.2382035145842,"cluster":1},{"x":136.0080879938839,"y":48.42208820878009,"cluster":1},{"x":409.59238336588686,"y":149.8772342956959,"cluster":1},{"x":185.4845307440892,"y":27.459374997405725,"cluster":1},{"x":362.395680586275,"y":271.2416486673377,"cluster":1},{"x":140.96592446490945,"y":158.53052561437178,"cluster":1},{"x":104.91048739016753,"y":56.998719392258764,"cluster":1},{"x":431.63094568703,"y":284.07874323113816,"cluster":1},{"x":312.43185671408287,"y":253.4275286042204,"cluster":1},{"x":470.82414815010975,"y":228.2195340328828,"cluster":1},{"x":20.380966827147176,"y":213.01657264228677,"cluster":1},{"x":271.93243533834675,"y":215.47950727143996,"cluster":1},{"x":287.8294580213054,"y":94.93145567442501,"cluster":1},{"x":33.95534218880387,"y":137.17403265463466,"cluster":1},{"x":232.09074968551627,"y":183.63568095808137,"cluster":1},{"x":246.21224180774698,"y":64.25268229497578,"cluster":1},{"x":159.98826078432793,"y":118.02399233659396,"cluster":1},{"x":253.88522755996644,"y":115.23654581676601,"cluster":1},{"x":242.26044414303996,"y":182.4412042924035,"cluster":1},{"x":383.0402236078123,"y":53.603680392832636,"cluster":1},{"x":388.09909319174756,"y":170.91064237112482,"cluster":1},{"x":155.39912499820917,"y":250.64911609215181,"cluster":1},{"x":467.0426110133111,"y":26.785044168738594,"cluster":1},{"x":299.4547799008843,"y":237.45303951226362,"cluster":1},{"x":345.3573944346704,"y":241.85896387117833,"cluster":1},{"x":435.5258873165076,"y":43.13590635122226,"cluster":1},{"x":243.6407788124153,"y":201.74530813178097,"cluster":1},{"x":458.042690662413,"y":206.06145754030314,"cluster":1},{"x":391.6653737057353,"y":98.0198412196261,"cluster":1},{"x":188.73502025507443,"y":70.06870628699903,"cluster":1},{"x":25.460002274291856,"y":232.2762081479858,"cluster":1},{"x":59.46253222547515,"y":209.1712932077526,"cluster":1},{"x":380.2837494215068,"y":202.8101715239341,"cluster":1},{"x":153.183019882679,"y":71.45749552647861,"cluster":1},{"x":41.50004005274782,"y":161.1653572408674,"cluster":1},{"x":325.99788970571257,"y":196.15674880094045,"cluster":1},{"x":93.39405073377091,"y":23.22414152053603,"cluster":1},{"x":142.34483026377626,"y":247.00826473708375,"cluster":1},{"x":33.70196996777372,"y":197.91579577308346,"cluster":1},{"x":429.2260642908976,"y":90.17489837141274,"cluster":1},{"x":169.03231807168973,"y":165.9402961059599,"cluster":1},{"x":63.866340862787595,"y":205.99030116604501,"cluster":1},{"x":103.4592860181608,"y":151.16989472075022,"cluster":1},{"x":222.3883673287816,"y":90.80975430273394,"cluster":1},{"x":319.35528633175926,"y":268.59154433141043,"cluster":1},{"x":414.9739709715828,"y":68.15510582326843,"cluster":1},{"x":466.00428501275104,"y":54.79227222132071,"cluster":1},{"x":85.54794081976131,"y":137.2015741460323,"cluster":1},{"x":217.69980691675204,"y":30.065314076354746,"cluster":1},{"x":141.27712406236373,"y":181.44912259401363,"cluster":1},{"x":378.8808675830959,"y":225.22900552147556,"cluster":1},{"x":59.12086357959477,"y":161.15357443193142,"cluster":1},{"x":89.3966167529992,"y":31.201091762367447,"cluster":1}],"num_clusters":0}