{"title":"uniform-n65-r2-s-540951084727632524265","map_width":500,"map_height":300,"num_leaves":65,"tree":{"leaf":false,"id":128,"left":{"leaf":false,"id":125,"left":{"leaf":false,"id":124,"left":{"leaf":false,"id":112,"left":{"leaf":false,"id":110,"left":{"leaf":true,"id":63,"label":"63","site_id":63},"right":{"leaf":false,"id":109,"left":{"leaf":false,"id":107,"left":{"leaf":false,"id":101,"left":{"leaf":true,"id":28,"label":"28","site_id":28},"right":{"leaf":true,"id":46,"label":"46","site_id":46}},"right":{"leaf":false,"id":104,"left":{"leaf":false,"id":75,"left":{"leaf":false,"id":66,"left":{"leaf":true,"id":6,"label":"6","site_id":6},"right":{"leaf":true,"id":38,"label":"38","site_id":38}},"right":{"leaf":true,"id":11,"label":"11","site_id":11}},"right":{"leaf":false,"id":87,"left":{"leaf":false,"id":76,"left":{"leaf":true,"id":3,"label":"3","site_id":3},"right":{"leaf":true,"id":32,"label":"32","site_id":32}},"right":{"leaf":true,"id":54,"label":"54","site_id":54}}}},"right":{"leaf":true,"id":37,"label":"37","site_id":37}}},"right":{"leaf":false,"id":97,"left":{"leaf":true,"id":43,"label":"43","site_id":43},"right":{"leaf":false,"id":91,"left":{"leaf":false,"id":83,"left":{"leaf":false,"id":79,"left":{"leaf":false,"id":67,"left":{"leaf":true,"id":23,"label":"23","site_id":23},"right":{"leaf":true,"id":2,"label":"2","site_id":2}},"right":{"leaf":true,"id":12,"label":"12","site_id":12}},"right":{"leaf":true,"id":41,"label":"41","site_id":41}},"right":{"leaf":true,"id":52,"label":"52","site_id":52}}}},"right":{"leaf":false,"id":113,"left":{"leaf":false,"id":84,"left":{"leaf":true,"id":8,"label":"8","site_id":8},"right":{"leaf":true,"id":57,"label":"57","site_id":57}},"right":{"leaf":false,"id":94,"left":{"leaf":true,"id":48,"label":"48","site_id":48},"right":{"leaf":true,"id":35,"label":"35","site_id":35}}}},"right":{"leaf":false,"id":120,"left":{"leaf":false,"id":80,"left":{"leaf":true,"id":56,"label":"56","site_id":56},"right":{"leaf":true,"id":4,"label":"4","site_id":4}},"right":{"leaf":false,"id":118,"left":{"leaf":false,"id":114,"left":{"leaf":false,"id":95,"left":{"leaf":true,"id":58,"label":"58","site_id":58},"right":{"leaf":true,"id":34,"label":"34","site_id":34}},"right":{"leaf":false,"id":106,"left":{"leaf":false,"id":105,"left":{"leaf":true,"id":45,"label":"45","site_id":45},"right":{"leaf":true,"id":22,"label":"22","site_id":22}},"right":{"leaf":true,"id":64,"label":"64","site_id":64}}},"right":{"leaf":false,"id":103,"left":{"leaf":false,"id":90,"left":{"leaf":true,"id":53,"label":"53","site_id":53},"right":{"leaf":false,"id":85,"left":{"leaf":false,"id":72,"left":{"leaf":true,"id":21,"label":"21","site_id":21},"right":{"leaf":true,"id":60,"label":"60","site_id":60}},"right":{"leaf":true,"id":1,"label":"1","site_id":1}}},"right":{"leaf":false,"id":100,"left":{"leaf":false,"id":78,"left":{"leaf":false,"id":65,"left":{"leaf":true,"id":33,"label":"33","site_id":33},"right":{"leaf":true,"id":16,"label":"16","site_id":16}},"right":{"leaf":true,"id":5,"label":"5","site_id":5}},"right":{"leaf":false,"id":88,"left":{"leaf":true,"id":36,"label":"36","site_id":36},"right":{"leaf":true,"id":59,"label":"59","site_id":59}}}}}}},"right":{"leaf":false,"id":127,"left":{"leaf":false,"id":122,"left":{"leaf":false,"id":121,"left":{"leaf":true,"id":19,"label":"19","site_id":19},"right":{"leaf":true,"id":51,"label":"51","site_id":51}},"right":{"leaf":false,"id":102,"left":{"leaf":true,"id":61,"label":"61","site_id":61},"right":{"leaf":false,"id":89,"left":{"leaf":false,"id":81,"left":{"leaf":true,"id":25,"label":"25","site_id":25},"right":{"leaf":true,"id":62,"label":"62","site_id":62}},"right":{"leaf":false,"id":82,"left":{"leaf":true,"id":44,"label":"44","site_id":44},"right":{"leaf":false,"id":69,"left":{"leaf":true,"id":17,"label":"17","site_id":17},"right":{"leaf":true,"id":31,"label":"31","site_id":31}}}}}},"right":{"leaf":false,"id":126,"left":{"leaf":false,"id":98,"left":{"leaf":true,"id":55,"label":"55","site_id":55},"right":{"leaf":true,"id":50,"label":"50","site_id":50}},"right":{"leaf":false,"id":123,"left":{"leaf":false,"id":119,"left":{"leaf":false,"id":116,"left":{"leaf":false,"id":93,"left":{"leaf":false,"id":86,"left":{"leaf":true,"id":13,"label":"13","site_id":13},"right":{"leaf":true,"id":30,"label":"30","site_id":30}},"right":{"leaf":true,"id":15,"label":"15","site_id":15}},"right":{"leaf":false,"id":70,"left":{"leaf":true,"id":27,"label":"27","site_id":27},"right":{"leaf":true,"id":39,"label":"39","site_id":39}}},"right":{"leaf":false,"id":111,"left":{"leaf":false,"id":108,"left":{"leaf":false,"id":71,"left":{"leaf":true,"id":49,"label":"49","site_id":49},"right":{"leaf":true,"id":24,"label":"24","site_id":24}},"right":{"leaf":true,"id":40,"label":"40","site_id":40}},"right":{"leaf":false,"id":96,"left":{"leaf":true,"id":10,"label":"10","site_id":10},"right":{"leaf":false,"id":77,"left":{"leaf":true,"id":20,"label":"20","site_id":20},"right":{"leaf":false,"id":73,"left":{"leaf":true,"id":18,"label":"18","site_id":18},"right":{"leaf":true,"id":29,"label":"29","site_id":29}}}}}},"right":{"leaf":false,"id":117,"left":{"leaf":true,"id":42,"label":"42","site_id":42},"right":{"leaf":false,"id":115,"left":{"leaf":false,"id":74,"left":{"leaf":false,"id":68,"left":{"leaf":true,"id":47,"label":"47","site_id":47},"right":{"leaf":true,"id":0,"label":"0","site_id":0}},"right":{"leaf":true,"id":14,"label":"14","site_id":14}},"right":{"leaf":false,"id":99,"left":{"leaf":true,"id":7,"label":"7","site_id":7},"right":{"leaf":false,"id":92,"left":{"leaf":true,"id":26,"label":"26","site_id":26},"right":{"leaf":true,"id":9,"label":"9","site_id":9}}}}}}}}},"num_sites":65,"sites":[{"x":217.16568234494983,"y":78.97349860650573,"cluster":1},{"x":101.82178447706823,"y":101.19540873062898,"cluster":1},{"x":32.51737197198915,"y":231.9793847227872,"cluster":1},{"x":28.792591508992484,"y":79.89298845793496,"cluster":1},{"x":172.48405668598062,"y":194.57241120350767,"cluster":1},{"x":321.92019673015034,"y":204.98801788292735,"cluster":1},{"x":183.95293249312252,"y":22.69607343642646,"cluster":1},{"x":158.31113322014758,"y":254.60802192760016,"cluster":1},{"x":413.9219046959465,"y":246.71484827118917,"cluster":1},{"x":314.98000860146124,"y":174.85214290097437,"cluster":1},{"x":377.1264318620578,"y":58.11842672886865,"cluster":1},{"x":248.6955196696762,"y":158.82428910214026,"cluster":1},{"x":59.764666743436685,"y":167.92745770589798,"cluster":1},{"x":74.95072368910525,"y":206.59547715574428,"cluster":1},{"x":85.39009993788942,"y":61.84554536534311,"cluster":1},{"x":108.05938067761785,"y":242.87368819478013,"cluster":1},{"x":367.07772121640784,"y":74.653680876149,"cluster":1},{"x":263.5107599435799,"y":228.32931529008573,"cluster":1},{"x":347.694512163989,"y":194.73165644679685,"cluster":1},{"x":467.53394620573107,"y":25.631897525696694,"cluster":1},{"x":137.51712271748585,"y":258.91746491803576,"cluster":1},{"x":197.32811117827808,"y":262.2986791506198,"cluster":1},{"x":258.6090953787983,"y":239.43780548965972,"cluster":1},{"x":17.597640377158346,"y":225.77491023098335,"cluster":1},{"x":335.00310917256286,"y":18.389189776102082,"cluster":1},{"x":300.92314834762715,"y":141.71569052635226,"cluster":1},{"x":256.3868264198404,"y":136.12322680906624,"cluster":1},{"x":390.8792166704208,"y":110.42107645933181,"cluster":1},{"x":100.52914630861596,"y":125.05263639970273,"cluster":1},{"x":481.5077088861291,"y":22.4724758985561,"cluster":1},{"x":224.3330958602081,"y":223.6450074069931,"cluster":1},{"x":237.032639706671,"y":46.31913906455682,"cluster":1},{"x":327.6071854164213,"y":180.89364503960155,"cluster":1},{"x":376.7003210428795,"y":241.68107379279047,"cluster":1},{"x":313.6140961966837,"y":250.3117178002455,"cluster":1},{"x":220.2454548305441,"y":143.2190574122568,"cluster":1},{"x":456.6501723975044,"y":217.65950425315978,"cluster":1},{"x":35.872518456827336,"y":40.805763526829296,"cluster":1},{"x":197.60276978032468,"y":141.0971922445979,"cluster":1},{"x":226.92901705844378,"y":21.43297263025202,"cluster":1},{"x":473.81319581065367,"y":82.87537963824091,"cluster":1},{"x":97.42149857022962,"y":77.4287534626016,"cluster":1},{"x":349.641526557769,"y":48.03298679782862,"cluster":1},{"x":20.187622644140163,"y":156.2344861036404,"cluster":1},{"x":308.8852673679157,"y":227.86713357782648,"cluster":1},{"x":414.8869929024243,"y":208.5053400068227,"cluster":1},{"x":119.64719806851744,"y":64.17204773090918,"cluster":1},{"x":46.01069483541956,"y":63.749042898125644,"cluster":1},{"x":336.37885817123885,"y":164.41385105380982,"cluster":1},{"x":333.83399673459735,"y":26.106298647253375,"cluster":1},{"x":72.64400972495028,"y":218.11569362780173,"cluster":1},{"x":483.64886756728924,"y":37.20259712900112,"cluster":1},{"x":161.65287204055045,"y":100.77235843410028,"cluster":1},{"x":180.71245845591034,"y":248.2646060902697,"cluster":1},{"x":189.8106422980945,"y":83.59619254594146,"cluster":1},{"x":40.13500868740725,"y":249.89571315911772,"cluster":1},{"x":41.40525729732508,"y":265.315858187145,"cluster":1},{"x":352.40489050132607,"y":165.04375450379626,"cluster":1},{"x":220.12725918376654,"y":106.10702349626001,"cluster":1},{"x":475.37091384201966,"y":53.52890004332795,"cluster":1},{"x":152.67268347016582,"y":177.44477101288237,"cluster":1},{"x":128.20846181714913,"y":66.07307343997542,"cluster":1},{"x":230.02184411236033,"y":89.93647309959772,"cluster":1},{"x":323.5611354089347,"y":281.6008497788318,"cluster":1},{"x":49.2122709496989,"y":174.26921351025732,"cluster":1}],"num_clusters":0}