{"title":"uniform-n90-r1-s730368983299930864290","map_width":500,"map_height":300,"num_leaves":90,"tree":{"leaf":false,"id":178,"left":{"leaf":false,"id":171,"left":{"leaf":false,"id":166,"left":{"leaf":true,"id":67,"label":"67","site_id":67},"right":{"leaf":true,"id":48,"label":"48","site_id":48}},"right":{"leaf":false,"id":169,"left":{"leaf":false,"id":165,"left":{"leaf":false,"id":145,"left":{"leaf":false,"id":141,"left":{"leaf":false,"id":138,"left":{"leaf":false,"id":136,"left":{"leaf":true,"id":34,"label":"34","site_id":34},"right":{"leaf":false,"id":106,"left":{"leaf":true,"id":84,"label":"84","site_id":84},"right":{"leaf":false,"id":97,"left":{"leaf":true,"id":71,"label":"71","site_id":71},"right":{"leaf":true,"id":72,"label":"72","site_id":72}}}},"right":{"leaf":true,"id":75,"label":"75","site_id":75}},"right":{"leaf":false,"id":112,"left":{"leaf":false,"id":91,"left":{"leaf":true,"id":86,"label":"86","site_id":86},"right":{"leaf":true,"id":15,"label":"15","site_id":15}},"right":{"leaf":true,"id":29,"label":"29","site_id":29}}},"right":{"leaf":true,"id":12,"label":"12","site_id":12}},"right":{"leaf":false,"id":161,"left":{"leaf":true,"id":63,"label":"63","site_id":63},"right":{"leaf":false,"id":159,"left":{"leaf":false,"id":156,"left":{"leaf":false,"id":150,"left":{"leaf":true,"id":7,"label":"7","site_id":7},"right":{"leaf":false,"id":146,"left":{"leaf":false,"id":129,"left":{"leaf":false,"id":107,"left":{"leaf":true,"id":62,"label":"62","site_id":62},"right":{"leaf":true,"id":35,"label":"35","site_id":35}},"right":{"leaf":true,"id":6,"label":"6","site_id":6}},"right":{"leaf":false,"id":98,"left":{"leaf":true,"id":85,"label":"85","site_id":85},"right":{"leaf":true,"id":45,"label":"45","site_id":45}}}},"right":{"leaf":false,"id":149,"left":{"leaf":false,"id":132,"left":{"leaf":true,"id":50,"label":"50","site_id":50},"right":{"leaf":true,"id":47,"label":"47","site_id":47}},"right":{"leaf":false,"id":139,"left":{"leaf":false,"id":118,"left":{"leaf":true,"id":65,"label":"65","site_id":65},"right":{"leaf":true,"id":16,"label":"16","site_id":16}},"right":{"leaf":true,"id":17,"label":"17","site_id":17}}}},"right":{"leaf":false,"id":137,"left":{"leaf":true,"id":57,"label":"57","site_id":57},"right":{"leaf":true,"id":76,"label":"76","site_id":76}}}}},"right":{"leaf":false,"id":168,"left":{"leaf":false,"id":157,"left":{"leaf":false,"id":105,"left":{"leaf":true,"id":3,"label":"3","site_id":3},"right":{"leaf":false,"id":99,"left":{"leaf":true,"id":54,"label":"54","site_id":54},"right":{"leaf":true,"id":18,"label":"18","site_id":18}}},"right":{"leaf":false,"id":153,"left":{"leaf":false,"id":134,"left":{"leaf":true,"id":70,"label":"70","site_id":70},"right":{"leaf":false,"id":108,"left":{"leaf":true,"id":9,"label":"9","site_id":9},"right":{"leaf":true,"id":28,"label":"28","site_id":28}}},"right":{"leaf":false,"id":121,"left":{"leaf":false,"id":111,"left":{"leaf":true,"id":26,"label":"26","site_id":26},"right":{"leaf":false,"id":96,"left":{"leaf":true,"id":69,"label":"69","site_id":69},"right":{"leaf":true,"id":81,"label":"81","site_id":81}}},"right":{"leaf":true,"id":30,"label":"30","site_id":30}}}},"right":{"leaf":false,"id":163,"left":{"leaf":false,"id":133,"left":{"leaf":false,"id":126,"left":{"leaf":true,"id":46,"label":"46","site_id":46},"right":{"leaf":true,"id":56,"label":"56","site_id":56}},"right":{"leaf":false,"id":117,"left":{"leaf":true,"id":60,"label":"60","site_id":60},"right":{"leaf":true,"id":74,"label":"74","site_id":74}}},"right":{"leaf":false,"id":122,"left":{"leaf":true,"id":40,"label":"40","site_id":40},"right":{"leaf":true,"id":53,"label":"53","site_id":53}}}}}},"right":{"leaf":false,"id":177,"left":{"leaf":false,"id":170,"left":{"leaf":false,"id":160,"left":{"leaf":false,"id":144,"left":{"leaf":false,"id":143,"left":{"leaf":false,"id":103,"left":{"leaf":true,"id":24,"label":"24","site_id":24},"right":{"leaf":true,"id":5,"label":"5","site_id":5}},"right":{"leaf":true,"id":73,"label":"73","site_id":73}},"right":{"leaf":true,"id":55,"label":"55","site_id":55}},"right":{"leaf":false,"id":147,"left":{"leaf":false,"id":124,"left":{"leaf":true,"id":31,"label":"31","site_id":31},"right":{"leaf":true,"id":4,"label":"4","site_id":4}},"right":{"leaf":false,"id":113,"left":{"leaf":true,"id":37,"label":"37","site_id":37},"right":{"leaf":true,"id":43,"label":"43","site_id":43}}}},"right":{"leaf":false,"id":155,"left":{"leaf":true,"id":8,"label":"8","site_id":8},"right":{"leaf":false,"id":125,"left":{"leaf":false,"id":95,"left":{"leaf":true,"id":68,"label":"68","site_id":68},"right":{"leaf":true,"id":51,"label":"51","site_id":51}},"right":{"leaf":true,"id":22,"label":"22","site_id":22}}}},"right":{"leaf":false,"id":176,"left":{"leaf":false,"id":175,"left":{"leaf":false,"id":174,"left":{"leaf":false,"id":172,"left":{"leaf":true,"id":82,"label":"82","site_id":82},"right":{"leaf":false,"id":120,"left":{"leaf":true,"id":19,"label":"19","site_id":19},"right":{"leaf":true,"id":36,"label":"36","site_id":36}}},"right":{"leaf":false,"id":167,"left":{"leaf":false,"id":158,"left":{"leaf":false,"id":135,"left":{"leaf":true,"id":11,"label":"11","site_id":11},"right":{"leaf":false,"id":127,"left":{"leaf":false,"id":119,"left":{"leaf":true,"id":89,"label":"89","site_id":89},"right":{"leaf":false,"id":115,"left":{"leaf":false,"id":110,"left":{"leaf":true,"id":0,"label":"0","site_id":0},"right":{"leaf":true,"id":59,"label":"59","site_id":59}},"right":{"leaf":true,"id":42,"label":"42","site_id":42}}},"right":{"leaf":true,"id":14,"label":"14","site_id":14}}},"right":{"leaf":true,"id":49,"label":"49","site_id":49}},"right":{"leaf":false,"id":116,"left":{"leaf":true,"id":80,"label":"80","site_id":80},"right":{"leaf":false,"id":90,"left":{"leaf":true,"id":79,"label":"79","site_id":79},"right":{"leaf":true,"id":1,"label":"1","site_id":1}}}}},"right":{"leaf":false,"id":140,"left":{"leaf":true,"id":21,"label":"21","site_id":21},"right":{"leaf":false,"id":131,"left":{"leaf":false,"id":104,"left":{"leaf":true,"id":25,"label":"25","site_id":25},"right":{"leaf":false,"id":101,"left":{"leaf":true,"id":77,"label":"77","site_id":77},"right":{"leaf":true,"id":61,"label":"61","site_id":61}}},"right":{"leaf":false,"id":114,"left":{"leaf":true,"id":58,"label":"58","site_id":58},"right":{"leaf":false,"id":109,"left":{"leaf":true,"id":88,"label":"88","site_id":88},"right":{"leaf":true,"id":64,"label":"64","site_id":64}}}}}},"right":{"leaf":false,"id":173,"left":{"leaf":false,"id":148,"left":{"leaf":false,"id":130,"left":{"leaf":true,"id":13,"label":"13","site_id":13},"right":{"leaf":true,"id":2,"label":"2","site_id":2}},"right":{"leaf":false,"id":92,"left":{"leaf":true,"id":23,"label":"23","site_id":23},"right":{"leaf":true,"id":33,"label":"33","site_id":33}}},"right":{"leaf":false,"id":164,"left":{"leaf":false,"id":93,"left":{"leaf":true,"id":87,"label":"87","site_id":87},"right":{"leaf":true,"id":39,"label":"39","site_id":39}},"right":{"leaf":false,"id":162,"left":{"leaf":false,"id":151,"left":{"leaf":false,"id":123,"left":{"leaf":true,"id":52,"label":"52","site_id":52},"right":{"leaf":true,"id":41,"label":"41","site_id":41}},"right":{"leaf":true,"id":27,"label":"27","site_id":27}},"right":{"leaf":false,"id":154,"left":{"leaf":false,"id":152,"left":{"leaf":false,"id":142,"left":{"leaf":false,"id":128,"left":{"leaf":true,"id":78,"label":"78","site_id":78},"right":{"leaf":true,"id":44,"label":"44","site_id":44}},"right":{"leaf":false,"id":102,"left":{"leaf":false,"id":94,"left":{"leaf":true,"id":66,"label":"66","site_id":66},"right":{"leaf":true,"id":83,"label":"83","site_id":83}},"right":{"leaf":true,"id":38,"label":"38","site_id":38}}},"right":{"leaf":true,"id":20,"label":"20","site_id":20}},"right":{"leaf":false,"id":100,"left":{"leaf":true,"id":10,"label":"10","site_id":10},"right":{"leaf":true,"id":32,"label":"32","site_id":32}}}}}}}}},"num_sites":90,"sites":[{"x":109.5564566837975,"y":236.4350265918369,"cluster":1},{"x":29.526339267662927,"y":59.83793416090907,"cluster":1},{"x":212.9125877127434,"y":64.43643151044733,"cluster":1},{"x":89.9067321786597,"y":153.09966012142772,"cluster":1},{"x":155.08370471251487,"y":17.33633351978184,"cluster":1},{"x":247.4427101890889,"y":112.66324620523386,"cluster":1},{"x":316.17785537970934,"y":58.14500536530381,"cluster":1},{"x":345.08949620677083,"y":183.6181415442538,"cluster":1},{"x":231.8498580746211,"y":68.42674843944361,"cluster":1},{"x":465.65640396327683,"y":150.7299084212915,"cluster":1},{"x":348.8381526603082,"y":241.07529137748458,"cluster":1},{"x":239.01002410741262,"y":116.66998799829426,"cluster":1},{"x":193.77937866350848,"y":264.03851486992676,"cluster":1},{"x":133.77216005489652,"y":67.17801823983734,"cluster":1},{"x":101.93135371532553,"y":242.2590723647353,"cluster":1},{"x":321.30996222134314,"y":78.95337462155737,"cluster":1},{"x":114.69085780896813,"y":124.89238826353673,"cluster":1},{"x":260.66545852691627,"y":225.08652847653653,"cluster":1},{"x":101.7358993541044,"y":180.59589760027802,"cluster":1},{"x":115.25321344733133,"y":115.35326816898166,"cluster":1},{"x":309.2241609992762,"y":249.0920861767374,"cluster":1},{"x":120.0299068541879,"y":84.90501938754029,"cluster":1},{"x":217.34856757339335,"y":91.93129419592036,"cluster":1},{"x":274.19416028591024,"y":167.40143211186216,"cluster":1},{"x":99.78581585530556,"y":76.95598129052863,"cluster":1},{"x":281.0830613168911,"y":131.3765716610236,"cluster":1},{"x":37.50135150274345,"y":103.90620928474301,"cluster":1},{"x":273.0969372158774,"y":199.56171542879835,"cluster":1},{"x":290.9817086864982,"y":91.19641790237023,"cluster":1},{"x":243.46716513342594,"y":20.414256897964037,"cluster":1},{"x":29.6023669591667,"y":92.84224956431598,"cluster":1},{"x":421.62127097506453,"y":176.53277710838503,"cluster":1},{"x":294.1982504689458,"y":188.40325737240045,"cluster":1},{"x":42.271448000553555,"y":202.36169195517098,"cluster":1},{"x":95.06789450983199,"y":224.06245138313398,"cluster":1},{"x":187.48444475631405,"y":22.75856051148326,"cluster":1},{"x":115.36707510919237,"y":141.35246824193263,"cluster":1},{"x":184.80838449478966,"y":169.10462480096342,"cluster":1},{"x":257.259869357062,"y":69.36420625843834,"cluster":1},{"x":343.03841224336327,"y":40.68426806149035,"cluster":1},{"x":45.294400333307365,"y":166.53743427190042,"cluster":1},{"x":120.39614615654874,"y":166.04113855842573,"cluster":1},{"x":88.25796431730707,"y":139.33419841511068,"cluster":1},{"x":387.7789833496738,"y":121.93894871881355,"cluster":1},{"x":227.24084496652466,"y":137.23430517534723,"cluster":1},{"x":432.30343159148055,"y":56.41216949433712,"cluster":1},{"x":363.79982629338923,"y":226.56851237742242,"cluster":1},{"x":413.6228505553148,"y":157.18688254918564,"cluster":1},{"x":367.9625612314847,"y":269.7186399838991,"cluster":1},{"x":117.44277702797227,"y":207.484364845443,"cluster":1},{"x":221.35071444028705,"y":121.165034322119,"cluster":1},{"x":247.28863969709232,"y":67.89002414424601,"cluster":1},{"x":445.92450742627517,"y":237.75041696819477,"cluster":1},{"x":176.89819939303115,"y":155.5776010814515,"cluster":1},{"x":133.76333474514357,"y":227.35542479305872,"cluster":1},{"x":101.61764555207462,"y":110.72360672609774,"cluster":1},{"x":97.897010257456,"y":217.94472241357255,"cluster":1},{"x":417.8730887515575,"y":54.42924683447022,"cluster":1},{"x":448.48875853916104,"y":217.6437965441684,"cluster":1},{"x":35.170397550203205,"y":282.88714254272674,"cluster":1},{"x":122.64638265912579,"y":146.1452142992112,"cluster":1},{"x":455.1444297864598,"y":258.8874488494737,"cluster":1},{"x":399.7994892985767,"y":138.31926044650066,"cluster":1},{"x":336.9348945465568,"y":154.053015933861,"cluster":1},{"x":257.93064482180125,"y":282.4175866807842,"cluster":1},{"x":37.60904154938535,"y":133.42555938368196,"cluster":1},{"x":268.9855127257895,"y":77.70961605378525,"cluster":1},{"x":370.48250341272444,"y":248.19479805634765,"cluster":1},{"x":194.51113177103164,"y":39.78022537269261,"cluster":1},{"x":53.00803071802254,"y":212.46990495482746,"cluster":1},{"x":84.98434194123924,"y":246.04326326101815,"cluster":1},{"x":109.4073638796268,"y":226.03754200998586,"cluster":1},{"x":98.3911787922079,"y":199.2892304385162,"cluster":1},{"x":41.41527715534534,"y":27.03315367050635,"cluster":1},{"x":253.3853749320195,"y":256.37220143448997,"cluster":1},{"x":319.99253847589097,"y":201.59497798083774,"cluster":1},{"x":385.5758003312404,"y":179.64533418764822,"cluster":1},{"x":135.41344612754966,"y":148.82414442600557,"cluster":1},{"x":221.6885736710603,"y":151.97639309704297,"cluster":1},{"x":86.48068216061868,"y":92.58745910043977,"cluster":1},{"x":73.68013705967401,"y":37.07483394228717,"cluster":1},{"x":409.4207514511549,"y":24.348282772184696,"cluster":1},{"x":18.490908407944595,"y":93.38361234294977,"cluster":1},{"x":260.94982514147785,"y":28.24753834117671,"cluster":1},{"x":317.660561602975,"y":27.831484013400964,"cluster":1},{"x":478.0677014742875,"y":228.82633025040923,"cluster":1},{"x":331.8013254599493,"y":81.24322452334448,"cluster":1},{"x":329.6786008061631,"y":31.32131115247619,"cluster":1},{"x":457.5949949527872,"y":48.94391945668364,"cluster":1},{"x":190.43401237719232,"y":131.91158875369823,"cluster":1}],"num_clusters":0}