{"title":"uniform-n75-r0-s-508009482560056253975","map_width":500,"map_height":300,"num_leaves":75,"tree":{"leaf":false,"id":148,"left":{"leaf":false,"id":146,"left":{"leaf":false,"id":142,"left":{"leaf":false,"id":140,"left":{"leaf":false,"id":135,"left":{"leaf":true,"id":58,"label":"58","site_id":58},"right":{"leaf":false,"id":95,"left":{"leaf":false,"id":94,"left":{"leaf":true,"id":0,"label":"0","site_id":0},"right":{"leaf":true,"id":53,"label":"53","site_id":53}},"right":{"leaf":true,"id":62,"label":"62","site_id":62}}},"right":{"leaf":false,"id":138,"left":{"leaf":false,"id":137,"left":{"leaf":false,"id":133,"left":{"leaf":false,"id":120,"left":{"leaf":true,"id":55,"label":"55","site_id":55},"right":{"leaf":true,"id":17,"label":"17","site_id":17}},"right":{"leaf":false,"id":125,"left":{"leaf":true,"id":72,"label":"72","site_id":72},"right":{"leaf":true,"id":21,"label":"21","site_id":21}}},"right":{"leaf":false,"id":136,"left":{"leaf":false,"id":131,"left":{"leaf":false,"id":98,"left":{"leaf":true,"id":42,"label":"42","site_id":42},"right":{"leaf":false,"id":96,"left":{"leaf":false,"id":76,"left":{"leaf":true,"id":12,"label":"12","site_id":12},"right":{"leaf":true,"id":31,"label":"31","site_id":31}},"right":{"leaf":false,"id":93,"left":{"leaf":false,"id":85,"left":{"leaf":true,"id":8,"label":"8","site_id":8},"right":{"leaf":true,"id":60,"label":"60","site_id":60}},"right":{"leaf":true,"id":70,"label":"70","site_id":70}}}},"right":{"leaf":false,"id":112,"left":{"leaf":false,"id":110,"left":{"leaf":true,"id":14,"label":"14","site_id":14},"right":{"leaf":false,"id":97,"left":{"leaf":false,"id":81,"left":{"leaf":true,"id":30,"label":"30","site_id":30},"right":{"leaf":true,"id":13,"label":"13","site_id":13}},"right":{"leaf":true,"id":25,"label":"25","site_id":25}}},"right":{"leaf":false,"id":89,"left":{"leaf":true,"id":45,"label":"45","site_id":45},"right":{"leaf":true,"id":15,"label":"15","site_id":15}}}},"right":{"leaf":false,"id":126,"left":{"leaf":false,"id":113,"left":{"leaf":false,"id":92,"left":{"leaf":true,"id":74,"label":"74","site_id":74},"right":{"leaf":false,"id":83,"left":{"leaf":true,"id":43,"label":"43","site_id":43},"right":{"leaf":true,"id":22,"label":"22","site_id":22}}},"right":{"leaf":true,"id":65,"label":"65","site_id":65}},"right":{"leaf":true,"id":64,"label":"64","site_id":64}}}},"right":{"leaf":true,"id":51,"label":"51","site_id":51}}},"right":{"leaf":false,"id":109,"left":{"leaf":true,"id":18,"label":"18","site_id":18},"right":{"leaf":true,"id":11,"label":"11","site_id":11}}},"right":{"leaf":false,"id":134,"left":{"leaf":false,"id":102,"left":{"leaf":false,"id":88,"left":{"leaf":true,"id":29,"label":"29","site_id":29},"right":{"leaf":true,"id":34,"label":"34","site_id":34}},"right":{"leaf":true,"id":57,"label":"57","site_id":57}},"right":{"leaf":true,"id":26,"label":"26","site_id":26}}},"right":{"leaf":false,"id":147,"left":{"leaf":false,"id":143,"left":{"leaf":false,"id":141,"left":{"leaf":true,"id":52,"label":"52","site_id":52},"right":{"leaf":false,"id":103,"left":{"leaf":true,"id":1,"label":"1","site_id":1},"right":{"leaf":true,"id":54,"label":"54","site_id":54}}},"right":{"leaf":false,"id":130,"left":{"leaf":false,"id":129,"left":{"leaf":false,"id":128,"left":{"leaf":true,"id":49,"label":"49","site_id":49},"right":{"leaf":false,"id":119,"left":{"leaf":true,"id":50,"label":"50","site_id":50},"right":{"leaf":false,"id":91,"left":{"leaf":true,"id":46,"label":"46","site_id":46},"right":{"leaf":true,"id":2,"label":"2","site_id":2}}}},"right":{"leaf":false,"id":127,"left":{"leaf":false,"id":114,"left":{"leaf":false,"id":105,"left":{"leaf":false,"id":99,"left":{"leaf":false,"id":90,"left":{"leaf":true,"id":39,"label":"39","site_id":39},"right":{"leaf":true,"id":5,"label":"5","site_id":5}},"right":{"leaf":false,"id":87,"left":{"leaf":true,"id":68,"label":"68","site_id":68},"right":{"leaf":true,"id":66,"label":"66","site_id":66}}},"right":{"leaf":true,"id":3,"label":"3","site_id":3}},"right":{"leaf":true,"id":61,"label":"61","site_id":61}},"right":{"leaf":false,"id":115,"left":{"leaf":false,"id":107,"left":{"leaf":true,"id":37,"label":"37","site_id":37},"right":{"leaf":true,"id":10,"label":"10","site_id":10}},"right":{"leaf":false,"id":108,"left":{"leaf":true,"id":35,"label":"35","site_id":35},"right":{"leaf":true,"id":56,"label":"56","site_id":56}}}}},"right":{"leaf":false,"id":124,"left":{"leaf":false,"id":111,"left":{"leaf":false,"id":84,"left":{"leaf":false,"id":82,"left":{"leaf":false,"id":75,"left":{"leaf":true,"id":33,"label":"33","site_id":33},"right":{"leaf":true,"id":47,"label":"47","site_id":47}},"right":{"leaf":true,"id":16,"label":"16","site_id":16}},"right":{"leaf":true,"id":41,"label":"41","site_id":41}},"right":{"leaf":true,"id":32,"label":"32","site_id":32}},"right":{"leaf":false,"id":121,"left":{"leaf":false,"id":116,"left":{"leaf":false,"id":86,"left":{"leaf":true,"id":4,"label":"4","site_id":4},"right":{"leaf":true,"id":38,"label":"38","site_id":38}},"right":{"leaf":true,"id":23,"label":"23","site_id":23}},"right":{"leaf":false,"id":78,"left":{"leaf":true,"id":59,"label":"59","site_id":59},"right":{"leaf":true,"id":28,"label":"28","site_id":28}}}}}},"right":{"leaf":false,"id":145,"left":{"leaf":false,"id":144,"left":{"leaf":false,"id":132,"left":{"leaf":false,"id":118,"left":{"leaf":false,"id":104,"left":{"leaf":true,"id":6,"label":"6","site_id":6},"right":{"leaf":false,"id":77,"left":{"leaf":true,"id":63,"label":"63","site_id":63},"right":{"leaf":true,"id":69,"label":"69","site_id":69}}},"right":{"leaf":true,"id":36,"label":"36","site_id":36}},"right":{"leaf":false,"id":123,"left":{"leaf":false,"id":101,"left":{"leaf":true,"id":9,"label":"9","site_id":9},"right":{"leaf":true,"id":40,"label":"40","site_id":40}},"right":{"leaf":false,"id":122,"left":{"leaf":false,"id":80,"left":{"leaf":true,"id":44,"label":"44","site_id":44},"right":{"leaf":false,"id":79,"left":{"leaf":true,"id":20,"label":"20","site_id":20},"right":{"leaf":true,"id":67,"label":"67","site_id":67}}},"right":{"leaf":true,"id":24,"label":"24","site_id":24}}}},"right":{"leaf":true,"id":19,"label":"19","site_id":19}},"right":{"leaf":false,"id":139,"left":{"leaf":false,"id":117,"left":{"leaf":true,"id":48,"label":"48","site_id":48},"right":{"leaf":false,"id":106,"left":{"leaf":true,"id":71,"label":"71","site_id":71},"right":{"leaf":false,"id":100,"left":{"leaf":true,"id":27,"label":"27","site_id":27},"right":{"leaf":true,"id":73,"label":"73","site_id":73}}}},"right":{"leaf":true,"id":7,"label":"7","site_id":7}}}}},"num_sites":75,"sites":[{"x":401.55282586407833,"y":139.82258401415822,"cluster":1},{"x":462.4536286253406,"y":269.4094779138644,"cluster":1},{"x":149.72908510393987,"y":20.67495243086106,"cluster":1},{"x":294.71958717051075,"y":165.33535973612345,"cluster":1},{"x":37.13466033779571,"y":99.26326838890256,"cluster":1},{"x":66.32655780022773,"y":265.7510628275869,"cluster":1},{"x":362.6636137870817,"y":19.33339681196955,"cluster":1},{"x":334.313832220837,"y":270.0766609930853,"cluster":1},{"x":339.70173939974114,"y":128.53543833435353,"cluster":1},{"x":310.2102071146492,"y":28.346981461846216,"cluster":1},{"x":90.61385675738997,"y":156.7527211797384,"cluster":1},{"x":235.9670977660355,"y":76.8634561325126,"cluster":1},{"x":420.9143968662044,"y":143.9775039550453,"cluster":1},{"x":403.79660080065145,"y":75.06854369205706,"cluster":1},{"x":379.61871779864384,"y":65.1257273191766,"cluster":1},{"x":319.5125148991433,"y":129.3895314940579,"cluster":1},{"x":204.33324156545964,"y":160.81386602031202,"cluster":1},{"x":266.50173974744456,"y":250.0230932788018,"cluster":1},{"x":240.14044362049162,"y":69.43937477799805,"cluster":1},{"x":248.42021702029118,"y":26.544051169551892,"cluster":1},{"x":270.270408264994,"y":96.91221086851662,"cluster":1},{"x":463.9235476506405,"y":216.07793404648484,"cluster":1},{"x":418.0909873111419,"y":21.012185881202008,"cluster":1},{"x":342.41984142132395,"y":278.2541215031242,"cluster":1},{"x":289.2071108858716,"y":83.3769160049011,"cluster":1},{"x":359.0977338508068,"y":94.36995618205447,"cluster":1},{"x":358.8295968517613,"y":79.32528717719163,"cluster":1},{"x":391.0715711048767,"y":212.9547964254922,"cluster":1},{"x":418.04173779520636,"y":33.44687998791932,"cluster":1},{"x":132.07954966733703,"y":156.66484287969047,"cluster":1},{"x":448.92732480800044,"y":28.32162656113698,"cluster":1},{"x":455.2144239409139,"y":18.16797452690549,"cluster":1},{"x":348.06136734771655,"y":223.62788909706674,"cluster":1},{"x":142.3275059818426,"y":180.0250433940353,"cluster":1},{"x":190.78339198890376,"y":160.4785511985206,"cluster":1},{"x":103.33206888883572,"y":41.7119118994627,"cluster":1},{"x":77.7362528083323,"y":52.015150694497436,"cluster":1},{"x":123.50508851851757,"y":30.119785025367776,"cluster":1},{"x":50.49512486710192,"y":118.07704966502016,"cluster":1},{"x":450.19693524871224,"y":227.75231778094778,"cluster":1},{"x":201.89053516250215,"y":178.23740724269965,"cluster":1},{"x":172.10677326318148,"y":125.40625293414192,"cluster":1},{"x":348.8463047216464,"y":153.65968197434634,"cluster":1},{"x":484.466738134053,"y":33.37831074056688,"cluster":1},{"x":301.20724174677946,"y":134.07811840403548,"cluster":1},{"x":252.1012847567535,"y":147.18425675399928,"cluster":1},{"x":209.1236485618396,"y":21.74273256950637,"cluster":1},{"x":259.3883273900792,"y":40.407195702877246,"cluster":1},{"x":404.08857373581543,"y":229.39386824249397,"cluster":1},{"x":251.64716429515198,"y":278.61014084704726,"cluster":1},{"x":154.690879993292,"y":274.24362299303255,"cluster":1},{"x":116.41351465573376,"y":264.2541007885628,"cluster":1},{"x":477.5512566819946,"y":274.5409583031541,"cluster":1},{"x":395.4350724922896,"y":143.25607826581,"cluster":1},{"x":316.7502351333454,"y":269.5844288384965,"cluster":1},{"x":269.0316050540107,"y":219.20233290742976,"cluster":1},{"x":71.3365829803747,"y":128.02114030405704,"cluster":1},{"x":53.7116236016446,"y":131.30054751043727,"cluster":1},{"x":430.2210193168752,"y":232.93252764056402,"cluster":1},{"x":21.623200664519082,"y":196.9104689540519,"cluster":1},{"x":356.91490294630404,"y":125.55735466811643,"cluster":1},{"x":156.53946670022924,"y":148.93594908481145,"cluster":1},{"x":393.16488110919096,"y":192.53920420100073,"cluster":1},{"x":245.64015283909558,"y":42.49204355309648,"cluster":1},{"x":110.56416186242026,"y":54.31051110769409,"cluster":1},{"x":439.3481905187433,"y":74.0793963039799,"cluster":1},{"x":282.68760496101373,"y":24.637282252674677,"cluster":1},{"x":162.91623401615377,"y":150.0038240532221,"cluster":1},{"x":337.2022852054516,"y":263.4481513379309,"cluster":1},{"x":253.33091059442194,"y":58.97245831910114,"cluster":1},{"x":283.41316447225626,"y":16.67859607793885,"cluster":1},{"x":389.15296388647823,"y":199.7760200731768,"cluster":1},{"x":41.741020982498625,"y":237.75592803381,"cluster":1},{"x":346.7963569673028,"y":47.63247322057548,"cluster":1},{"x":432.2068343031086,"y":22.73838394764928,"cluster":1}],"num_clusters":0}