{"title":"uniform-n15-r2-s-164749587370537368015","map_width":500,"map_height":300,"num_leaves":15,"tree":{"leaf":false,"id":28,"left":{"leaf":false,"id":27,"left":{"leaf":false,"id":25,"left":{"leaf":false,"id":22,"left":{"leaf":true,"id":11,"label":"11","site_id":11},"right":{"leaf":false,"id":17,"left":{"leaf":true,"id":8,"label":"8","site_id":8},"right":{"leaf":true,"id":7,"label":"7","site_id":7}}},"right":{"leaf":false,"id":24,"left":{"leaf":false,"id":23,"left":{"leaf":false,"id":21,"left":{"leaf":true,"id":9,"label":"9","site_id":9},"right":{"leaf":false,"id":20,"left":{"leaf":false,"id":15,"left":{"leaf":true,"id":13,"label":"13","site_id":13},"right":{"leaf":true,"id":2,"label":"2","site_id":2}},"right":{"leaf":true,"id":12,"label":"12","site_id":12}}},"right":{"leaf":true,"id":0,"label":"0","site_id":0}},"right":{"leaf":false,"id":18,"left":{"leaf":false,"id":16,"left":{"leaf":true,"id":3,"label":"3","site_id":3},"right":{"leaf":true,"id":6,"label":"6","site_id":6}},"right":{"leaf":true,"id":4,"label":"4","site_id":4}}}},"right":{"leaf":true,"id":5,"label":"5","site_id":5}},"right":{"leaf":false,"id":26,"left":{"leaf":false,"id":19,"left":{"leaf":true,"id":1,"label":"1","site_id":1},"right":{"leaf":true,"id":10,"label":"10","site_id":10}},"right":{"leaf":true,"id":14,"label":"14","site_id":14}}},"num_sites":15,"sites":[{"x":192.9092562990827,"y":21.286227979208125,"cluster":1},{"x":476.02882822330724,"y":41.993349085473525,"cluster":1},{"x":191.34497050208066,"y":136.26618064418807,"cluster":1},{"x":459.85546359514444,"y":115.12864034934884,"cluster":1},{"x":427.6656873722265,"y":186.99072241393114,"cluster":1},{"x":230.20136197585134,"y":182.35082063392832,"cluster":1},{"x":426.49784722550146,"y":41.42087847262592,"cluster":1},{"x":242.0848395860575,"y":103.24648145541252,"cluster":1},{"x":232.1586507923676,"y":141.77432493201832,"cluster":1},{"x":193.33731202752355,"y":60.756682135103226,"cluster":1},{"x":221.3198530500506,"y":43.85452104129719,"cluster":1},{"x":390.3830134697757,"y":270.50756839922224,"cluster":1},{"x":252.57337578593499,"y":234.26387114017902,"cluster":1},{"x":98.18490518751638,"y":209.2862882022076,"cluster":1},{"x":404.5705786044321,"y":33.78181012424504,"cluster":1}],"num_clusters":0}