{"title":"uniform-n45-r9-s-454283344419414146545","map_width":500,"map_height":300,"num_leaves":45,"tree":{"leaf":false,"id":88,"left":{"leaf":true,"id":21,"label":"21","site_id":21},"right":{"leaf":false,"id":87,"left":{"leaf":false,"id":74,"left":{"leaf":false,"id":73,"left":{"leaf":false,"id":71,"left":{"leaf":false,"id":47,"left":{"leaf":true,"id":13,"label":"13","site_id":13},"right":{"leaf":true,"id":42,"label":"42","site_id":42}},"right":{"leaf":false,"id":57,"left":{"leaf":true,"id":29,"label":"29","site_id":29},"right":{"leaf":true,"id":24,"label":"24","site_id":24}}},"right":{"leaf":false,"id":50,"left":{"leaf":true,"id":36,"label":"36","site_id":36},"right":{"leaf":true,"id":18,"label":"18","site_id":18}}},"right":{"leaf":true,"id":11,"label":"11","site_id":11}},"right":{"leaf":false,"id":86,"left":{"leaf":false,"id":83,"left":{"leaf":true,"id":7,"label":"7","site_id":7},"right":{"leaf":false,"id":79,"left":{"leaf":false,"id":76,"left":{"leaf":false,"id":70,"left":{"leaf":false,"id":66,"left":{"leaf":false,"id":58,"left":{"leaf":true,"id":5,"label":"5","site_id":5},"right":{"leaf":true,"id":17,"label":"17","site_id":17}},"right":{"leaf":true,"id":33,"label":"33","site_id":33}},"right":{"leaf":true,"id":16,"label":"16","site_id":16}},"right":{"leaf":false,"id":62,"left":{"leaf":true,"id":38,"label":"38","site_id":38},"right":{"leaf":false,"id":56,"left":{"leaf":true,"id":6,"label":"6","site_id":6},"right":{"leaf":true,"id":43,"label":"43","site_id":43}}}},"right":{"leaf":true,"id":10,"label":"10","site_id":10}}},"right":{"leaf":false,"id":85,"left":{"leaf":false,"id":84,"left":{"leaf":false,"id":81,"left":{"leaf":false,"id":64,"left":{"leaf":true,"id":12,"label":"12","site_id":12},"right":{"leaf":true,"id":40,"label":"40","site_id":40}},"right":{"leaf":false,"id":77,"left":{"leaf":true,"id":31,"label":"31","site_id":31},"right":{"leaf":false,"id":67,"left":{"leaf":false,"id":65,"left":{"leaf":true,"id":41,"label":"41","site_id":41},"right":{"leaf":false,"id":55,"left":{"leaf":false,"id":48,"left":{"leaf":true,"id":9,"label":"9","site_id":9},"right":{"leaf":true,"id":20,"label":"20","site_id":20}},"right":{"leaf":true,"id":15,"label":"15","site_id":15}}},"right":{"leaf":false,"id":54,"left":{"leaf":true,"id":34,"label":"34","site_id":34},"right":{"leaf":true,"id":39,"label":"39","site_id":39}}}}},"right":{"leaf":false,"id":82,"left":{"leaf":false,"id":69,"left":{"leaf":true,"id":2,"label":"2","site_id":2},"right":{"leaf":false,"id":60,"left":{"leaf":true,"id":19,"label":"19","site_id":19},"right":{"leaf":false,"id":52,"left":{"leaf":true,"id":25,"label":"25","site_id":25},"right":{"leaf":true,"id":37,"label":"37","site_id":37}}}},"right":{"leaf":false,"id":72,"left":{"leaf":false,"id":68,"left":{"leaf":true,"id":28,"label":"28","site_id":28},"right":{"leaf":false,"id":59,"left":{"leaf":true,"id":3,"label":"3","site_id":3},"right":{"leaf":true,"id":35,"label":"35","site_id":35}}},"right":{"leaf":false,"id":51,"left":{"leaf":true,"id":30,"label":"30","site_id":30},"right":{"leaf":true,"id":32,"label":"32","site_id":32}}}}},"right":{"leaf":false,"id":80,"left":{"leaf":true,"id":27,"label":"27","site_id":27},"right":{"leaf":false,"id":78,"left":{"leaf":false,"id":61,"left":{"leaf":false,"id":53,"left":{"leaf":false,"id":46,"left":{"leaf":true,"id":0,"label":"0","site_id":0},"right":{"leaf":true,"id":44,"label":"44","site_id":44}},"right":{"leaf":true,"id":1,"label":"1","site_id":1}},"right":{"leaf":false,"id":45,"left":{"leaf":true,"id":4,"label":"4","site_id":4},"right":{"leaf":true,"id":14,"label":"14","site_id":14}}},"right":{"leaf":false,"id":75,"left":{"leaf":false,"id":63,"left":{"leaf":true,"id":26,"label":"26","site_id":26},"right":{"leaf":true,"id":23,"label":"23","site_id":23}},"right":{"leaf":false,"id":49,"left":{"leaf":true,"id":8,"label":"8","site_id":8},"right":{"leaf":true,"id":22,"label":"22","site_id":22}}}}}}}}},"num_sites":45,"sites":[{"x":76.75595422430936,"y":246.54837605025273,"cluster":1},{"x":141.7079429660181,"y":22.49344013227792,"cluster":1},{"x":467.2439359190902,"y":156.65331375922534,"cluster":1},{"x":358.815604268954,"y":221.69357349538598,"cluster":1},{"x":324.5243101615722,"y":93.01301378545904,"cluster":1},{"x":474.12396570787604,"y":219.75466325682459,"cluster":1},{"x":412.783005492501,"y":24.916203219341817,"cluster":1},{"x":421.17864181533514,"y":17.06789079140715,"cluster":1},{"x":125.624848939816,"y":236.9905294759301,"cluster":1},{"x":233.63065410170125,"y":219.355683719621,"cluster":1},{"x":390.4056522996257,"y":146.12542171947925,"cluster":1},{"x":293.4503216491117,"y":110.73358202811468,"cluster":1},{"x":70.28547812076758,"y":276.2521685984007,"cluster":1},{"x":272.60138783048274,"y":219.9172849921631,"cluster":1},{"x":359.3750775258444,"y":58.7030516137538,"cluster":1},{"x":386.76508752844245,"y":246.54962691601634,"cluster":1},{"x":90.51758612692086,"y":143.67415185973258,"cluster":1},{"x":423.09260716501257,"y":29.768701355949595,"cluster":1},{"x":465.3545825965796,"y":218.30661778622496,"cluster":1},{"x":18.29068177985638,"y":153.47252039618152,"cluster":1},{"x":412.3710416864734,"y":239.0790327199738,"cluster":1},{"x":118.608461085997,"y":22.256822026072594,"cluster":1},{"x":220.59564468142645,"y":240.5685864377926,"cluster":1},{"x":319.4952403834903,"y":218.7118500802699,"cluster":1},{"x":284.55329242324734,"y":79.1916828661541,"cluster":1},{"x":69.83714189175922,"y":266.6602665626321,"cluster":1},{"x":289.9236291880111,"y":229.27467374322367,"cluster":1},{"x":293.7570338176332,"y":86.00244714007381,"cluster":1},{"x":59.15478579326442,"y":229.7332918552841,"cluster":1},{"x":141.97583228023106,"y":253.1067502264078,"cluster":1},{"x":62.01347537942067,"y":132.75445168252858,"cluster":1},{"x":264.684032654364,"y":196.14157003905697,"cluster":1},{"x":97.72294432407529,"y":201.17692506008387,"cluster":1},{"x":448.76168989656406,"y":77.39217101099175,"cluster":1},{"x":282.94742686519743,"y":238.75765084383994,"cluster":1},{"x":284.0105066631377,"y":284.4395452943805,"cluster":1},{"x":433.42674677164086,"y":177.18796779786214,"cluster":1},{"x":105.8259038900145,"y":239.0998872992342,"cluster":1},{"x":406.5471325944218,"y":45.58965756029775,"cluster":1},{"x":455.43786793006217,"y":257.2322623005391,"cluster":1},{"x":67.5543117341926,"y":202.27298167116084,"cluster":1},{"x":423.4880488703796,"y":243.91859574798175,"cluster":1},{"x":173.47215858492126,"y":104.77956695661487,"cluster":1},{"x":378.2868792054003,"y":27.104032904339242,"cluster":1},{"x":66.08546180063868,"y":242.660343245379,"cluster":1}],"num_clusters":0}