{"title":"uniform-n85-r5-s-5803231841522162485","map_width":500,"map_height":300,"num_leaves":85,"tree":{"leaf":false,"id":168,"left":{"leaf":false,"id":167,"left":{"leaf":false,"id":160,"left":{"leaf":false,"id":156,"left":{"leaf":true,"id":73,"label":"73","site_id":73},"right":{"leaf":false,"id":134,"left":{"leaf":true,"id":66,"label":"66","site_id":66},"right":{"leaf":true,"id":48,"label":"48","site_id":48}}},"right":{"leaf":true,"id":49,"label":"49","site_id":49}},"right":{"leaf":false,"id":165,"left":{"leaf":false,"id":125,"left":{"leaf":true,"id":8,"label":"8","site_id":8},"right":{"leaf":false,"id":89,"left":{"leaf":true,"id":37,"label":"37","site_id":37},"right":{"leaf":true,"id":36,"label":"36","site_id":36}}},"right":{"leaf":false,"id":152,"left":{"leaf":false,"id":151,"left":{"leaf":false,"id":143,"left":{"leaf":false,"id":136,"left":{"leaf":true,"id":44,"label":"44","site_id":44},"right":{"leaf":false,"id":109,"left":{"leaf":true,"id":39,"label":"39","site_id":39},"right":{"leaf":false,"id":90,"left":{"leaf":true,"id":62,"label":"62","site_id":62},"right":{"leaf":true,"id":40,"label":"40","site_id":40}}}},"right":{"leaf":false,"id":118,"left":{"leaf":false,"id":115,"left":{"leaf":true,"id":80,"label":"80","site_id":80},"right":{"leaf":false,"id":113,"left":{"leaf":false,"id":99,"left":{"leaf":true,"id":33,"label":"33","site_id":33},"right":{"leaf":true,"id":29,"label":"29","site_id":29}},"right":{"leaf":false,"id":93,"left":{"leaf":true,"id":79,"label":"79","site_id":79},"right":{"leaf":true,"id":57,"label":"57","site_id":57}}}},"right":{"leaf":true,"id":82,"label":"82","site_id":82}}},"right":{"leaf":false,"id":144,"left":{"leaf":false,"id":108,"left":{"leaf":true,"id":23,"label":"23","site_id":23},"right":{"leaf":false,"id":101,"left":{"leaf":true,"id":43,"label":"43","site_id":43},"right":{"leaf":true,"id":67,"label":"67","site_id":67}}},"right":{"leaf":true,"id":46,"label":"46","site_id":46}}},"right":{"leaf":false,"id":147,"left":{"leaf":false,"id":135,"left":{"leaf":false,"id":114,"left":{"leaf":true,"id":11,"label":"11","site_id":11},"right":{"leaf":true,"id":60,"label":"60","site_id":60}},"right":{"leaf":true,"id":72,"label":"72","site_id":72}},"right":{"leaf":false,"id":119,"left":{"leaf":false,"id":116,"left":{"leaf":true,"id":19,"label":"19","site_id":19},"right":{"leaf":true,"id":17,"label":"17","site_id":17}},"right":{"leaf":true,"id":34,"label":"34","site_id":34}}}}}},"right":{"leaf":false,"id":166,"left":{"leaf":false,"id":137,"left":{"leaf":false,"id":129,"left":{"leaf":true,"id":56,"label":"56","site_id":56},"right":{"leaf":false,"id":107,"left":{"leaf":true,"id":28,"label":"28","site_id":28},"right":{"leaf":false,"id":86,"left":{"leaf":true,"id":50,"label":"50","site_id":50},"right":{"leaf":true,"id":61,"label":"61","site_id":61}}}},"right":{"leaf":false,"id":133,"left":{"leaf":true,"id":5,"label":"5","site_id":5},"right":{"leaf":false,"id":124,"left":{"leaf":true,"id":21,"label":"21","site_id":21},"right":{"leaf":false,"id":94,"left":{"leaf":false,"id":87,"left":{"leaf":true,"id":47,"label":"47","site_id":47},"right":{"leaf":true,"id":12,"label":"12","site_id":12}},"right":{"leaf":true,"id":32,"label":"32","site_id":32}}}}},"right":{"leaf":false,"id":164,"left":{"leaf":false,"id":163,"left":{"leaf":false,"id":161,"left":{"leaf":false,"id":157,"left":{"leaf":false,"id":153,"left":{"leaf":false,"id":126,"left":{"leaf":true,"id":54,"label":"54","site_id":54},"right":{"leaf":true,"id":4,"label":"4","site_id":4}},"right":{"leaf":false,"id":149,"left":{"leaf":false,"id":120,"left":{"leaf":false,"id":105,"left":{"leaf":true,"id":70,"label":"70","site_id":70},"right":{"leaf":true,"id":38,"label":"38","site_id":38}},"right":{"leaf":true,"id":10,"label":"10","site_id":10}},"right":{"leaf":false,"id":141,"left":{"leaf":true,"id":63,"label":"63","site_id":63},"right":{"leaf":false,"id":91,"left":{"leaf":true,"id":78,"label":"78","site_id":78},"right":{"leaf":true,"id":41,"label":"41","site_id":41}}}}},"right":{"leaf":false,"id":142,"left":{"leaf":false,"id":130,"left":{"leaf":true,"id":84,"label":"84","site_id":84},"right":{"leaf":false,"id":128,"left":{"leaf":false,"id":92,"left":{"leaf":true,"id":75,"label":"75","site_id":75},"right":{"leaf":true,"id":9,"label":"9","site_id":9}},"right":{"leaf":true,"id":35,"label":"35","site_id":35}}},"right":{"leaf":false,"id":138,"left":{"leaf":true,"id":27,"label":"27","site_id":27},"right":{"leaf":false,"id":122,"left":{"leaf":false,"id":103,"left":{"leaf":true,"id":13,"label":"13","site_id":13},"right":{"leaf":true,"id":18,"label":"18","site_id":18}},"right":{"leaf":true,"id":31,"label":"31","site_id":31}}}}},"right":{"leaf":true,"id":25,"label":"25","site_id":25}},"right":{"leaf":false,"id":162,"left":{"leaf":false,"id":159,"left":{"leaf":false,"id":154,"left":{"leaf":false,"id":123,"left":{"leaf":true,"id":30,"label":"30","site_id":30},"right":{"leaf":true,"id":14,"label":"14","site_id":14}},"right":{"leaf":true,"id":59,"label":"59","site_id":59}},"right":{"leaf":false,"id":131,"left":{"leaf":false,"id":96,"left":{"leaf":true,"id":51,"label":"51","site_id":51},"right":{"leaf":true,"id":45,"label":"45","site_id":45}},"right":{"leaf":false,"id":127,"left":{"leaf":false,"id":106,"left":{"leaf":true,"id":74,"label":"74","site_id":74},"right":{"leaf":false,"id":98,"left":{"leaf":true,"id":53,"label":"53","site_id":53},"right":{"leaf":false,"id":88,"left":{"leaf":true,"id":55,"label":"55","site_id":55},"right":{"leaf":true,"id":6,"label":"6","site_id":6}}}},"right":{"leaf":true,"id":64,"label":"64","site_id":64}}}},"right":{"leaf":false,"id":155,"left":{"leaf":false,"id":97,"left":{"leaf":true,"id":68,"label":"68","site_id":68},"right":{"leaf":true,"id":81,"label":"81","site_id":81}},"right":{"leaf":false,"id":150,"left":{"leaf":false,"id":148,"left":{"leaf":false,"id":140,"left":{"leaf":true,"id":3,"label":"3","site_id":3},"right":{"leaf":false,"id":132,"left":{"leaf":false,"id":121,"left":{"leaf":false,"id":111,"left":{"leaf":true,"id":65,"label":"65","site_id":65},"right":{"leaf":true,"id":22,"label":"22","site_id":22}},"right":{"leaf":true,"id":77,"label":"77","site_id":77}},"right":{"leaf":false,"id":112,"left":{"leaf":true,"id":20,"label":"20","site_id":20},"right":{"leaf":false,"id":104,"left":{"leaf":true,"id":58,"label":"58","site_id":58},"right":{"leaf":false,"id":102,"left":{"leaf":true,"id":76,"label":"76","site_id":76},"right":{"leaf":true,"id":1,"label":"1","site_id":1}}}}}},"right":{"leaf":false,"id":117,"left":{"leaf":true,"id":69,"label":"69","site_id":69},"right":{"leaf":true,"id":83,"label":"83","site_id":83}}},"right":{"leaf":false,"id":146,"left":{"leaf":true,"id":0,"label":"0","site_id":0},"right":{"leaf":false,"id":145,"left":{"leaf":true,"id":52,"label":"52","site_id":52},"right":{"leaf":true,"id":7,"label":"7","site_id":7}}}}}}},"right":{"leaf":false,"id":158,"left":{"leaf":false,"id":139,"left":{"leaf":false,"id":110,"left":{"leaf":true,"id":26,"label":"26","site_id":26},"right":{"leaf":true,"id":71,"label":"71","site_id":71}},"right":{"leaf":false,"id":95,"left":{"leaf":true,"id":42,"label":"42","site_id":42},"right":{"leaf":false,"id":85,"left":{"leaf":true,"id":16,"label":"16","site_id":16},"right":{"leaf":true,"id":2,"label":"2","site_id":2}}}},"right":{"leaf":false,"id":100,"left":{"leaf":true,"id":24,"label":"24","site_id":24},"right":{"leaf":true,"id":15,"label":"15","site_id":15}}}}}},"num_sites":85,"sites":[{"x":404.2123526081966,"y":150.7876095007384,"cluster":1},{"x":352.61962902225514,"y":227.64636939799078,"cluster":1},{"x":147.79790473958704,"y":36.35911517387535,"cluster":1},{"x":354.96914410044036,"y":76.3784416589488,"cluster":1},{"x":204.61792982513074,"y":109.27588153638834,"cluster":1},{"x":124.33084278768341,"y":284.0372026948505,"cluster":1},{"x":112.80248974154524,"y":181.6019797663598,"cluster":1},{"x":470.3464259406968,"y":148.6127552778751,"cluster":1},{"x":33.96237871739686,"y":38.20126120277708,"cluster":1},{"x":211.7307131022835,"y":114.4209545746243,"cluster":1},{"x":244.3039847939214,"y":30.884842710524325,"cluster":1},{"x":238.65778081776034,"y":228.0019221218854,"cluster":1},{"x":351.50863408178276,"y":59.61005381243495,"cluster":1},{"x":337.20774722514375,"y":36.932231361755754,"cluster":1},{"x":435.1226306706191,"y":96.75950925032802,"cluster":1},{"x":137.01410967601942,"y":223.18012449929896,"cluster":1},{"x":110.53833067735894,"y":257.5896512439065,"cluster":1},{"x":305.4291408047991,"y":135.1623964696072,"cluster":1},{"x":256.16792149380257,"y":25.436110932027574,"cluster":1},{"x":45.890210852121434,"y":188.62836549429366,"cluster":1},{"x":100.12068410106609,"y":284.19876142421253,"cluster":1},{"x":184.72251190108912,"y":115.9006249767727,"cluster":1},{"x":296.5909561347938,"y":203.002387631284,"cluster":1},{"x":179.35391920850955,"y":215.84417110055375,"cluster":1},{"x":33.2479402885654,"y":198.73944034957452,"cluster":1},{"x":271.84568503213984,"y":183.21464224039372,"cluster":1},{"x":49.19009172230002,"y":81.44948659601036,"cluster":1},{"x":264.7574318188135,"y":75.75334136646984,"cluster":1},{"x":178.48578225231898,"y":145.17533271676209,"cluster":1},{"x":151.6680771285969,"y":280.5509139626848,"cluster":1},{"x":376.96829224715526,"y":43.058980793780165,"cluster":1},{"x":102.16444649989727,"y":47.793448063027924,"cluster":1},{"x":119.78732254031021,"y":50.00110357708922,"cluster":1},{"x":40.786846829562606,"y":250.03390324679225,"cluster":1},{"x":384.2407140781076,"y":189.20574950874297,"cluster":1},{"x":51.28642607669305,"y":118.59880153123149,"cluster":1},{"x":36.61882840504364,"y":50.36749726027269,"cluster":1},{"x":201.60160062469345,"y":15.644135906656741,"cluster":1},{"x":253.1908408370591,"y":37.13146572165915,"cluster":1},{"x":111.2013870593852,"y":200.71652588214687,"cluster":1},{"x":144.0458887070097,"y":269.76689533905494,"cluster":1},{"x":440.8707647503175,"y":44.454711695224866,"cluster":1},{"x":104.2737059465173,"y":205.74335936953815,"cluster":1},{"x":135.6288652910435,"y":39.283439054878805,"cluster":1},{"x":159.9282851007593,"y":246.08394466280836,"cluster":1},{"x":414.2733007855233,"y":247.60599265739816,"cluster":1},{"x":96.36456082071278,"y":218.99291451725136,"cluster":1},{"x":84.03417360166684,"y":242.09347145343364,"cluster":1},{"x":313.8721119444482,"y":274.315996473334,"cluster":1},{"x":165.99906645358723,"y":140.19815254017038,"cluster":1},{"x":266.3357055781497,"y":265.98522109659586,"cluster":1},{"x":360.08746000758873,"y":243.76805436544726,"cluster":1},{"x":449.891313980729,"y":176.7811997785916,"cluster":1},{"x":284.970366178521,"y":179.70161226725853,"cluster":1},{"x":246.4885160446372,"y":59.979453433075946,"cluster":1},{"x":223.80028895864652,"y":257.0268614644424,"cluster":1},{"x":146.1647220654304,"y":196.62230484095446,"cluster":1},{"x":309.5806730501843,"y":260.40646818762025,"cluster":1},{"x":357.7176977439985,"y":253.09610151126253,"cluster":1},{"x":388.3667021558047,"y":95.51887085113276,"cluster":1},{"x":425.2224643156248,"y":160.42996599722667,"cluster":1},{"x":109.28040317215918,"y":83.93251823076865,"cluster":1},{"x":29.674956401755793,"y":162.28057666749427,"cluster":1},{"x":47.59569970167427,"y":57.71483825915533,"cluster":1},{"x":436.2588074752199,"y":169.25968300731222,"cluster":1},{"x":405.291879150788,"y":253.36895548046832,"cluster":1},{"x":286.42657848802224,"y":143.47917741629348,"cluster":1},{"x":146.52895636648566,"y":251.46675352109668,"cluster":1},{"x":42.6032669821906,"y":95.52187528392422,"cluster":1},{"x":436.61594520850906,"y":120.78844897075186,"cluster":1},{"x":297.23474181408966,"y":84.32783108129713,"cluster":1},{"x":50.7318988563071,"y":159.99703287402806,"cluster":1},{"x":344.31398768110887,"y":197.05665771711554,"cluster":1},{"x":239.57194317971255,"y":188.09083949605667,"cluster":1},{"x":224.34103641199695,"y":197.94113214137894,"cluster":1},{"x":220.03135059635858,"y":116.05344001709675,"cluster":1},{"x":345.382849478523,"y":248.1075066868053,"cluster":1},{"x":445.99499716880604,"y":226.14414244872694,"cluster":1},{"x":466.5548666595121,"y":44.65475545209937,"cluster":1},{"x":61.46300319315667,"y":191.24977065366983,"cluster":1},{"x":86.39678729447677,"y":133.04337062828364,"cluster":1},{"x":167.46694525308854,"y":100.21728678536516,"cluster":1},{"x":135.06556263072724,"y":228.2608860411833,"cluster":1},{"x":282.67135676663776,"y":65.00075938778048,"cluster":1},{"x":428.0090193835077,"y":153.07314847163295,"cluster":1}],"num_clusters":0}