{"title":"uniform-n30-r2-s397772500394214910830","map_width":500,"map_height":300,"num_leaves":30,"tree":{"leaf":false,"id":58,"left":{"leaf":false,"id":56,"left":{"leaf":false,"id":55,"left":{"leaf":false,"id":33,"left":{"leaf":true,"id":1,"label":"1","site_id":1},"right":{"leaf":true,"id":3,"label":"3","site_id":3}},"right":{"leaf":false,"id":52,"left":{"leaf":false,"id":48,"left":{"leaf":false,"id":45,"left":{"leaf":true,"id":12,"label":"12","site_id":12},"right":{"leaf":true,"id":21,"label":"21","site_id":21}},"right":{"leaf":true,"id":19,"label":"19","site_id":19}},"right":{"leaf":false,"id":41,"left":{"leaf":true,"id":16,"label":"16","site_id":16},"right":{"leaf":true,"id":26,"label":"26","site_id":26}}}},"right":{"leaf":true,"id":10,"label":"10","site_id":10}},"right":{"leaf":false,"id":57,"left":{"leaf":false,"id":53,"left":{"leaf":true,"id":23,"label":"23","site_id":23},"right":{"leaf":false,"id":37,"left":{"leaf":true,"id":5,"label":"5","site_id":5},"right":{"leaf":true,"id":4,"label":"4","site_id":4}}},"right":{"leaf":false,"id":54,"left":{"leaf":true,"id":14,"label":"14","site_id":14},"right":{"leaf":false,"id":51,"left":{"leaf":true,"id":7,"label":"7","site_id":7},"right":{"leaf":false,"id":50,"left":{"leaf":false,"id":49,"left":{"leaf":false,"id":47,"left":{"leaf":false,"id":43,"left":{"leaf":false,"id":31,"left":{"leaf":true,"id":22,"label":"22","site_id":22},"right":{"leaf":true,"id":6,"label":"6","site_id":6}},"right":{"leaf":false,"id":39,"left":{"leaf":false,"id":38,"left":{"leaf":true,"id":20,"label":"20","site_id":20},"right":{"leaf":false,"id":35,"left":{"leaf":true,"id":9,"label":"9","site_id":9},"right":{"leaf":true,"id":24,"label":"24","site_id":24}}},"right":{"leaf":false,"id":34,"left":{"leaf":true,"id":25,"label":"25","site_id":25},"right":{"leaf":true,"id":11,"label":"11","site_id":11}}}},"right":{"leaf":false,"id":44,"left":{"leaf":true,"id":29,"label":"29","site_id":29},"right":{"leaf":false,"id":40,"left":{"leaf":false,"id":36,"left":{"leaf":true,"id":0,"label":"0","site_id":0},"right":{"leaf":true,"id":17,"label":"17","site_id":17}},"right":{"leaf":false,"id":32,"left":{"leaf":false,"id":30,"left":{"leaf":true,"id":2,"label":"2","site_id":2},"right":{"leaf":true,"id":8,"label":"8","site_id":8}},"right":{"leaf":true,"id":15,"label":"15","site_id":15}}}}},"right":{"leaf":true,"id":27,"label":"27","site_id":27}},"right":{"leaf":false,"id":46,"left":{"leaf":true,"id":28,"label":"28","site_id":28},"right":{"leaf":false,"id":42,"left":{"leaf":true,"id":18,"label":"18","site_id":18},"right":{"leaf":true,"id":13,"label":"13","site_id":13}}}}}}}},"num_sites":30,"sites":[{"x":478.67317257499593,"y":105.52633845791347,"cluster":1},{"x":68.80005902650751,"y":159.33307430269602,"cluster":1},{"x":257.4074993451369,"y":72.62390903928251,"cluster":1},{"x":136.94631048085665,"y":192.28719350018662,"cluster":1},{"x":88.13143009246056,"y":236.5122627239032,"cluster":1},{"x":81.07643175957654,"y":243.74697662013455,"cluster":1},{"x":199.37490990343437,"y":218.97773852780617,"cluster":1},{"x":428.3612855346719,"y":275.41004514196004,"cluster":1},{"x":269.45390836400423,"y":85.77745736896705,"cluster":1},{"x":291.3850767344867,"y":130.46554236558944,"cluster":1},{"x":425.6217184500391,"y":100.37099246408621,"cluster":1},{"x":389.0854038487996,"y":89.86070819246311,"cluster":1},{"x":183.94424802948203,"y":63.75538526061435,"cluster":1},{"x":280.6681250895459,"y":169.3099107165431,"cluster":1},{"x":50.45327988102565,"y":277.540693924583,"cluster":1},{"x":292.61640633293655,"y":183.76838938388553,"cluster":1},{"x":377.5592003822396,"y":276.18255905381307,"cluster":1},{"x":39.68473701213456,"y":127.84073382821961,"cluster":1},{"x":405.32019510182806,"y":36.504971998382004,"cluster":1},{"x":128.72774653117057,"y":110.7798279911821,"cluster":1},{"x":424.96737993904617,"y":68.3007723213236,"cluster":1},{"x":19.359991160230386,"y":133.35508361875756,"cluster":1},{"x":272.07589275203395,"y":238.889281939577,"cluster":1},{"x":437.77714707249385,"y":240.92913792072042,"cluster":1},{"x":318.9492048932223,"y":237.03963076287698,"cluster":1},{"x":219.59017465439047,"y":222.58045288757185,"cluster":1},{"x":260.1497857168669,"y":217.6352491340829,"cluster":1},{"x":194.2332731027005,"y":180.04466807335726,"cluster":1},{"x":451.6614407639505,"y":267.85920120082255,"cluster":1},{"x":477.40292615951444,"y":52.62060334714389,"cluster":1}],"num_clusters":0}