{"title":"uniform-n40-r7-s342732728523154975240","map_width":500,"map_height":300,"num_leaves":40,"tree":{"leaf":false,"id":78,"left":{"leaf":false,"id":77,"left":{"leaf":false,"id":71,"left":{"leaf":false,"id":70,"left":{"leaf":false,"id":61,"left":{"leaf":true,"id":6,"label":"6","site_id":6},"right":{"leaf":true,"id":14,"label":"14","site_id":14}},"right":{"leaf":false,"id":68,"left":{"leaf":false,"id":62,"left":{"leaf":false,"id":54,"left":{"leaf":true,"id":24,"label":"24","site_id":24},"right":{"leaf":false,"id":40,"left":{"leaf":true,"id":27,"label":"27","site_id":27},"right":{"leaf":true,"id":13,"label":"13","site_id":13}}},"right":{"leaf":true,"id":11,"label":"11","site_id":11}},"right":{"leaf":false,"id":67,"left":{"leaf":false,"id":58,"left":{"leaf":false,"id":55,"left":{"leaf":true,"id":21,"label":"21","site_id":21},"right":{"leaf":true,"id":39,"label":"39","site_id":39}},"right":{"leaf":true,"id":15,"label":"15","site_id":15}},"right":{"leaf":false,"id":63,"left":{"leaf":true,"id":35,"label":"35","site_id":35},"right":{"leaf":false,"id":51,"left":{"leaf":false,"id":48,"left":{"leaf":true,"id":18,"label":"18","site_id":18},"right":{"leaf":true,"id":7,"label":"7","site_id":7}},"right":{"leaf":true,"id":8,"label":"8","site_id":8}}}}}},"right":{"leaf":true,"id":36,"label":"36","site_id":36}},"right":{"leaf":false,"id":76,"left":{"leaf":false,"id":75,"left":{"leaf":false,"id":64,"left":{"leaf":false,"id":42,"left":{"leaf":true,"id":22,"label":"22","site_id":22},"right":{"leaf":true,"id":1,"label":"1","site_id":1}},"right":{"leaf":true,"id":38,"label":"38","site_id":38}},"right":{"leaf":false,"id":60,"left":{"leaf":true,"id":26,"label":"26","site_id":26},"right":{"leaf":false,"id":53,"left":{"leaf":false,"id":47,"left":{"leaf":false,"id":46,"left":{"leaf":false,"id":44,"left":{"leaf":true,"id":29,"label":"29","site_id":29},"right":{"leaf":true,"id":37,"label":"37","site_id":37}},"right":{"leaf":true,"id":0,"label":"0","site_id":0}},"right":{"leaf":false,"id":45,"left":{"leaf":true,"id":2,"label":"2","site_id":2},"right":{"leaf":true,"id":19,"label":"19","site_id":19}}},"right":{"leaf":false,"id":52,"left":{"leaf":false,"id":49,"left":{"leaf":true,"id":3,"label":"3","site_id":3},"right":{"leaf":false,"id":43,"left":{"leaf":false,"id":41,"left":{"leaf":true,"id":16,"label":"16","site_id":16},"right":{"leaf":true,"id":32,"label":"32","site_id":32}},"right":{"leaf":true,"id":5,"label":"5","site_id":5}}},"right":{"leaf":true,"id":9,"label":"9","site_id":9}}}}},"right":{"leaf":false,"id":74,"left":{"leaf":false,"id":73,"left":{"leaf":true,"id":34,"label":"34","site_id":34},"right":{"leaf":false,"id":69,"left":{"leaf":false,"id":56,"left":{"leaf":true,"id":4,"label":"4","site_id":4},"right":{"leaf":true,"id":12,"label":"12","site_id":12}},"right":{"leaf":false,"id":66,"left":{"leaf":true,"id":31,"label":"31","site_id":31},"right":{"leaf":false,"id":57,"left":{"leaf":true,"id":20,"label":"20","site_id":20},"right":{"leaf":false,"id":50,"left":{"leaf":true,"id":28,"label":"28","site_id":28},"right":{"leaf":true,"id":23,"label":"23","site_id":23}}}}}},"right":{"leaf":true,"id":10,"label":"10","site_id":10}}}},"right":{"leaf":false,"id":72,"left":{"leaf":false,"id":59,"left":{"leaf":true,"id":17,"label":"17","site_id":17},"right":{"leaf":true,"id":30,"label":"30","site_id":30}},"right":{"leaf":false,"id":65,"left":{"leaf":true,"id":33,"label":"33","site_id":33},"right":{"leaf":true,"id":25,"label":"25","site_id":25}}}},"num_sites":40,"sites":[{"x":400.7283821613718,"y":248.70986991862839,"cluster":1},{"x":138.62622417769458,"y":18.10495012995707,"cluster":1},{"x":443.9447806521004,"y":86.89365879048896,"cluster":1},{"x":435.6399857428981,"y":27.735424610998418,"cluster":1},{"x":207.87108018114253,"y":22.211906097856954,"cluster":1},{"x":296.40920751806556,"y":225.71705306241103,"cluster":1},{"x":181.15354457356307,"y":29.2507771927311,"cluster":1},{"x":193.19068343242787,"y":42.58115719319174,"cluster":1},{"x":253.9099374099044,"y":74.93295273817964,"cluster":1},{"x":468.46577786957397,"y":122.63645671198466,"cluster":1},{"x":382.7569045728681,"y":262.90426952533346,"cluster":1},{"x":83.30859755109705,"y":74.43561516930649,"cluster":1},{"x":336.5854857576186,"y":72.18915499789588,"cluster":1},{"x":111.75333328448963,"y":224.19515346040907,"cluster":1},{"x":209.52216688712747,"y":54.444437558078455,"cluster":1},{"x":315.0547361296376,"y":269.91131591915894,"cluster":1},{"x":332.97238175331444,"y":201.82660397598028,"cluster":1},{"x":285.0380246265851,"y":17.068888509877503,"cluster":1},{"x":291.2893671713346,"y":33.61057415363061,"cluster":1},{"x":453.22500073785096,"y":93.43156498169978,"cluster":1},{"x":65.44571847393914,"y":94.25872096781843,"cluster":1},{"x":62.10084361634105,"y":150.43192297527636,"cluster":1},{"x":146.10615841313867,"y":18.636836950784048,"cluster":1},{"x":56.751225353106285,"y":182.14587286387672,"cluster":1},{"x":101.70912008375029,"y":261.5092855869732,"cluster":1},{"x":239.15210051265686,"y":229.74052526706362,"cluster":1},{"x":448.5613191179715,"y":78.31870117054899,"cluster":1},{"x":83.63493661591356,"y":259.62652898479627,"cluster":1},{"x":68.53324396588863,"y":82.56598354719736,"cluster":1},{"x":370.47766647366524,"y":27.324977291740915,"cluster":1},{"x":205.71530802055545,"y":241.85468075812838,"cluster":1},{"x":85.18701178955843,"y":146.2759166077138,"cluster":1},{"x":106.35300902263991,"y":199.84897673657963,"cluster":1},{"x":193.84051847168632,"y":111.46972609346865,"cluster":1},{"x":166.52629332970355,"y":275.01800003303777,"cluster":1},{"x":429.8468957363299,"y":171.8744312268418,"cluster":1},{"x":174.66096530669302,"y":123.16139303247027,"cluster":1},{"x":408.1700862642105,"y":198.71290707207692,"cluster":1},{"x":114.35472481419826,"y":63.19848769032331,"cluster":1},{"x":413.32264681654476,"y":192.49190988226547,"cluster":1}],"num_clusters":0}