{"title":"uniform-n85-r7-s-735829709463721796485","map_width":500,"map_height":300,"num_leaves":85,"tree":{"leaf":false,"id":168,"left":{"leaf":false,"id":146,"left":{"leaf":true,"id":84,"label":"84","site_id":84},"right":{"leaf":false,"id":110,"left":{"leaf":true,"id":63,"label":"63","site_id":63},"right":{"leaf":true,"id":55,"label":"55","site_id":55}}},"right":{"leaf":false,"id":167,"left":{"leaf":false,"id":164,"left":{"leaf":true,"id":37,"label":"37","site_id":37},"right":{"leaf":false,"id":162,"left":{"leaf":false,"id":159,"left":{"leaf":false,"id":129,"left":{"leaf":true,"id":0,"label":"0","site_id":0},"right":{"leaf":false,"id":120,"left":{"leaf":false,"id":97,"left":{"leaf":true,"id":25,"label":"25","site_id":25},"right":{"leaf":true,"id":12,"label":"12","site_id":12}},"right":{"leaf":false,"id":103,"left":{"leaf":true,"id":80,"label":"80","site_id":80},"right":{"leaf":true,"id":3,"label":"3","site_id":3}}}},"right":{"leaf":true,"id":42,"label":"42","site_id":42}},"right":{"leaf":false,"id":154,"left":{"leaf":false,"id":117,"left":{"leaf":true,"id":10,"label":"10","site_id":10},"right":{"leaf":true,"id":26,"label":"26","site_id":26}},"right":{"leaf":false,"id":132,"left":{"leaf":true,"id":83,"label":"83","site_id":83},"right":{"leaf":false,"id":131,"left":{"leaf":true,"id":81,"label":"81","site_id":81},"right":{"leaf":true,"id":23,"label":"23","site_id":23}}}}}},"right":{"leaf":false,"id":166,"left":{"leaf":true,"id":46,"label":"46","site_id":46},"right":{"leaf":false,"id":165,"left":{"leaf":false,"id":156,"left":{"leaf":false,"id":148,"left":{"leaf":true,"id":45,"label":"45","site_id":45},"right":{"leaf":true,"id":9,"label":"9","site_id":9}},"right":{"leaf":false,"id":115,"left":{"leaf":false,"id":108,"left":{"leaf":true,"id":1,"label":"1","site_id":1},"right":{"leaf":true,"id":58,"label":"58","site_id":58}},"right":{"leaf":true,"id":62,"label":"62","site_id":62}}},"right":{"leaf":false,"id":163,"left":{"leaf":false,"id":158,"left":{"leaf":false,"id":155,"left":{"leaf":false,"id":147,"left":{"leaf":false,"id":142,"left":{"leaf":false,"id":94,"left":{"leaf":true,"id":53,"label":"53","site_id":53},"right":{"leaf":true,"id":44,"label":"44","site_id":44}},"right":{"leaf":false,"id":134,"left":{"leaf":true,"id":54,"label":"54","site_id":54},"right":{"leaf":false,"id":130,"left":{"leaf":false,"id":125,"left":{"leaf":true,"id":60,"label":"60","site_id":60},"right":{"leaf":true,"id":71,"label":"71","site_id":71}},"right":{"leaf":true,"id":59,"label":"59","site_id":59}}}},"right":{"leaf":false,"id":139,"left":{"leaf":false,"id":101,"left":{"leaf":true,"id":48,"label":"48","site_id":48},"right":{"leaf":true,"id":27,"label":"27","site_id":27}},"right":{"leaf":false,"id":138,"left":{"leaf":true,"id":65,"label":"65","site_id":65},"right":{"leaf":true,"id":21,"label":"21","site_id":21}}}},"right":{"leaf":false,"id":114,"left":{"leaf":false,"id":109,"left":{"leaf":false,"id":104,"left":{"leaf":true,"id":33,"label":"33","site_id":33},"right":{"leaf":true,"id":2,"label":"2","site_id":2}},"right":{"leaf":false,"id":96,"left":{"leaf":true,"id":29,"label":"29","site_id":29},"right":{"leaf":true,"id":34,"label":"34","site_id":34}}},"right":{"leaf":false,"id":111,"left":{"leaf":false,"id":92,"left":{"leaf":true,"id":35,"label":"35","site_id":35},"right":{"leaf":true,"id":11,"label":"11","site_id":11}},"right":{"leaf":true,"id":51,"label":"51","site_id":51}}}},"right":{"leaf":false,"id":145,"left":{"leaf":false,"id":144,"left":{"leaf":false,"id":136,"left":{"leaf":false,"id":113,"left":{"leaf":true,"id":16,"label":"16","site_id":16},"right":{"leaf":true,"id":17,"label":"17","site_id":17}},"right":{"leaf":false,"id":135,"left":{"leaf":false,"id":100,"left":{"leaf":true,"id":24,"label":"24","site_id":24},"right":{"leaf":true,"id":74,"label":"74","site_id":74}},"right":{"leaf":false,"id":121,"left":{"leaf":false,"id":116,"left":{"leaf":true,"id":31,"label":"31","site_id":31},"right":{"leaf":false,"id":89,"left":{"leaf":false,"id":85,"left":{"leaf":true,"id":8,"label":"8","site_id":8},"right":{"leaf":true,"id":22,"label":"22","site_id":22}},"right":{"leaf":true,"id":18,"label":"18","site_id":18}}},"right":{"leaf":true,"id":40,"label":"40","site_id":40}}}},"right":{"leaf":false,"id":128,"left":{"leaf":false,"id":98,"left":{"leaf":true,"id":36,"label":"36","site_id":36},"right":{"leaf":true,"id":49,"label":"49","site_id":49}},"right":{"leaf":true,"id":15,"label":"15","site_id":15}}},"right":{"leaf":false,"id":137,"left":{"leaf":false,"id":127,"left":{"leaf":false,"id":105,"left":{"leaf":false,"id":93,"left":{"leaf":false,"id":90,"left":{"leaf":false,"id":86,"left":{"leaf":true,"id":38,"label":"38","site_id":38},"right":{"leaf":true,"id":82,"label":"82","site_id":82}},"right":{"leaf":true,"id":64,"label":"64","site_id":64}},"right":{"leaf":false,"id":88,"left":{"leaf":true,"id":79,"label":"79","site_id":79},"right":{"leaf":true,"id":13,"label":"13","site_id":13}}},"right":{"leaf":true,"id":30,"label":"30","site_id":30}},"right":{"leaf":true,"id":73,"label":"73","site_id":73}},"right":{"leaf":false,"id":118,"left":{"leaf":false,"id":102,"left":{"leaf":true,"id":4,"label":"4","site_id":4},"right":{"leaf":true,"id":68,"label":"68","site_id":68}},"right":{"leaf":true,"id":52,"label":"52","site_id":52}}}}},"right":{"leaf":false,"id":161,"left":{"leaf":false,"id":153,"left":{"leaf":false,"id":149,"left":{"leaf":false,"id":119,"left":{"leaf":false,"id":107,"left":{"leaf":true,"id":50,"label":"50","site_id":50},"right":{"leaf":true,"id":72,"label":"72","site_id":72}},"right":{"leaf":false,"id":99,"left":{"leaf":true,"id":20,"label":"20","site_id":20},"right":{"leaf":true,"id":39,"label":"39","site_id":39}}},"right":{"leaf":false,"id":141,"left":{"leaf":false,"id":123,"left":{"leaf":false,"id":122,"left":{"leaf":true,"id":32,"label":"32","site_id":32},"right":{"leaf":true,"id":43,"label":"43","site_id":43}},"right":{"leaf":true,"id":14,"label":"14","site_id":14}},"right":{"leaf":false,"id":112,"left":{"leaf":false,"id":87,"left":{"leaf":true,"id":69,"label":"69","site_id":69},"right":{"leaf":true,"id":7,"label":"7","site_id":7}},"right":{"leaf":false,"id":95,"left":{"leaf":true,"id":75,"label":"75","site_id":75},"right":{"leaf":false,"id":91,"left":{"leaf":true,"id":66,"label":"66","site_id":66},"right":{"leaf":true,"id":67,"label":"67","site_id":67}}}}}},"right":{"leaf":false,"id":152,"left":{"leaf":false,"id":133,"left":{"leaf":true,"id":19,"label":"19","site_id":19},"right":{"leaf":false,"id":126,"left":{"leaf":true,"id":56,"label":"56","site_id":56},"right":{"leaf":true,"id":70,"label":"70","site_id":70}}},"right":{"leaf":false,"id":150,"left":{"leaf":false,"id":106,"left":{"leaf":true,"id":47,"label":"47","site_id":47},"right":{"leaf":true,"id":76,"label":"76","site_id":76}},"right":{"leaf":true,"id":61,"label":"61","site_id":61}}}},"right":{"leaf":false,"id":160,"left":{"leaf":true,"id":5,"label":"5","site_id":5},"right":{"leaf":false,"id":157,"left":{"leaf":false,"id":151,"left":{"leaf":false,"id":140,"left":{"leaf":true,"id":28,"label":"28","site_id":28},"right":{"leaf":false,"id":124,"left":{"leaf":true,"id":41,"label":"41","site_id":41},"right":{"leaf":true,"id":77,"label":"77","site_id":77}}},"right":{"leaf":false,"id":143,"left":{"leaf":true,"id":57,"label":"57","site_id":57},"right":{"leaf":true,"id":78,"label":"78","site_id":78}}},"right":{"leaf":true,"id":6,"label":"6","site_id":6}}}}}}}}},"num_sites":85,"sites":[{"x":420.8461388120619,"y":67.80478885121929,"cluster":1},{"x":66.01433798198855,"y":109.15801410979388,"cluster":1},{"x":423.34639404210435,"y":76.38723605118311,"cluster":1},{"x":451.56177947710245,"y":111.4897321711703,"cluster":1},{"x":257.7117351917095,"y":58.73415028426582,"cluster":1},{"x":171.43049810475543,"y":274.8169770496241,"cluster":1},{"x":203.09136730091754,"y":121.41954461276325,"cluster":1},{"x":337.9423408191525,"y":42.17269588361685,"cluster":1},{"x":19.390837494024428,"y":101.69303120975053,"cluster":1},{"x":301.9806725484684,"y":95.17943666059047,"cluster":1},{"x":296.371994950199,"y":207.76793789124778,"cluster":1},{"x":35.25541956798392,"y":96.12226853635522,"cluster":1},{"x":390.907419481358,"y":68.74193252039518,"cluster":1},{"x":389.6726676281205,"y":137.32064076205683,"cluster":1},{"x":318.529116919262,"y":130.77935210260995,"cluster":1},{"x":288.88892570811987,"y":255.88846614955472,"cluster":1},{"x":137.5890462596745,"y":238.7140312794842,"cluster":1},{"x":56.65192605691599,"y":187.46974838487006,"cluster":1},{"x":168.7142658285641,"y":188.1978585940542,"cluster":1},{"x":53.23859481611069,"y":176.47263969916776,"cluster":1},{"x":288.7923317088219,"y":112.92498661732773,"cluster":1},{"x":315.19754747810003,"y":152.69789631095358,"cluster":1},{"x":27.462505019245825,"y":164.30307102970767,"cluster":1},{"x":284.6871101940893,"y":265.0681729623912,"cluster":1},{"x":115.01654398756585,"y":137.22242161809982,"cluster":1},{"x":402.9717301643967,"y":112.41272630225174,"cluster":1},{"x":483.72755818771,"y":225.29067400750836,"cluster":1},{"x":58.0983503256553,"y":248.94755795291962,"cluster":1},{"x":189.92863085368614,"y":172.05486872982723,"cluster":1},{"x":139.4209078139612,"y":128.21415577411653,"cluster":1},{"x":281.65268883494605,"y":31.324682105527437,"cluster":1},{"x":151.47507497793816,"y":193.80050849293286,"cluster":1},{"x":216.32326745697003,"y":229.73978216371202,"cluster":1},{"x":446.7269971935533,"y":218.16603485808244,"cluster":1},{"x":104.85067043091183,"y":268.19112787468964,"cluster":1},{"x":220.9284070458516,"y":92.32781370772449,"cluster":1},{"x":92.54113881526094,"y":155.6103303842618,"cluster":1},{"x":436.2073702298089,"y":159.0383338048035,"cluster":1},{"x":253.466400051543,"y":68.98290646387954,"cluster":1},{"x":245.60774912726723,"y":150.3956261880785,"cluster":1},{"x":123.36923822181527,"y":127.22069889078719,"cluster":1},{"x":388.5617666982607,"y":197.57471891937246,"cluster":1},{"x":396.7955279046597,"y":63.74539693978258,"cluster":1},{"x":119.73943939852643,"y":185.554848384822,"cluster":1},{"x":156.94618018597936,"y":133.28948161073768,"cluster":1},{"x":301.73252593674465,"y":72.51263023224163,"cluster":1},{"x":366.69642471394457,"y":171.56100174655663,"cluster":1},{"x":34.70201395961944,"y":31.20193363490191,"cluster":1},{"x":84.82173952373142,"y":234.6636016392535,"cluster":1},{"x":85.33044527700783,"y":189.3844862233739,"cluster":1},{"x":404.8164290404574,"y":272.2641061983625,"cluster":1},{"x":183.3492115617733,"y":151.0033308810483,"cluster":1},{"x":63.18468785799944,"y":125.02852397392304,"cluster":1},{"x":103.96620324102602,"y":79.96030737096491,"cluster":1},{"x":351.3365220668283,"y":61.348203996149984,"cluster":1},{"x":41.391367885692475,"y":45.47681258831683,"cluster":1},{"x":397.0971885506692,"y":194.67456094945456,"cluster":1},{"x":169.62086874444125,"y":86.90789540771767,"cluster":1},{"x":27.681648230617817,"y":184.95930084051483,"cluster":1},{"x":364.489743648266,"y":221.80089522254357,"cluster":1},{"x":26.682327839777066,"y":258.0998326596713,"cluster":1},{"x":261.9547372040537,"y":85.85408866171701,"cluster":1},{"x":18.037790841579493,"y":220.95952855894765,"cluster":1},{"x":45.14447893924202,"y":55.67268074953222,"cluster":1},{"x":261.4438221070287,"y":67.93966787395696,"cluster":1},{"x":227.86554846332447,"y":23.876694459729578,"cluster":1},{"x":217.57464551163204,"y":150.13363937141153,"cluster":1},{"x":259.8622523398419,"y":174.0236594443917,"cluster":1},{"x":314.0601385147928,"y":136.96833044881583,"cluster":1},{"x":32.32939359862874,"y":242.2695486733456,"cluster":1},{"x":304.071188893873,"y":235.72360522839594,"cluster":1},{"x":17.373310779124434,"y":181.85706622419502,"cluster":1},{"x":174.80014472922485,"y":102.27317671677207,"cluster":1},{"x":232.258148363096,"y":93.90629779425943,"cluster":1},{"x":178.2706336258927,"y":25.013051402537236,"cluster":1},{"x":239.2648137219293,"y":197.07455213972412,"cluster":1},{"x":229.2439901982226,"y":31.004340897844294,"cluster":1},{"x":314.16762533961105,"y":71.18153790414593,"cluster":1},{"x":134.51190694644782,"y":108.85530481875121,"cluster":1},{"x":90.69889339675171,"y":145.86279594498083,"cluster":1},{"x":414.57342815648633,"y":146.8030402056263,"cluster":1},{"x":454.9246038170403,"y":134.7186267925832,"cluster":1},{"x":262.5909233094973,"y":76.82817689647239,"cluster":1},{"x":436.60381349763617,"y":186.44660931761433,"cluster":1},{"x":40.25685585182322,"y":155.29227591713118,"cluster":1}],"num_clusters":0}