{"title":"uniform-n10-r4-s-334238363314468114010","map_width":500,"map_height":300,"num_leaves":10,"tree":{"leaf":false,"id":18,"left":{"leaf":false,"id":17,"left":{"leaf":false,"id":15,"left":{"leaf":false,"id":13,"left":{"leaf":true,"id":4,"label":"4","site_id":4},"right":{"leaf":false,"id":11,"left":{"leaf":true,"id":6,"label":"6","site_id":6},"right":{"leaf":true,"id":0,"label":"0","site_id":0}}},"right":{"leaf":true,"id":3,"label":"3","site_id":3}},"right":{"leaf":true,"id":9,"label":"9","site_id":9}},"right":{"leaf":false,"id":16,"left":{"leaf":false,"id":14,"left":{"leaf":true,"id":5,"label":"5","site_id":5},"right":{"leaf":false,"id":10,"left":{"leaf":true,"id":1,"label":"1","site_id":1},"right":{"leaf":true,"id":8,"label":"8","site_id":8}}},"right":{"leaf":false,"id":12,"left":{"leaf":true,"id":7,"label":"7","site_id":7},"right":{"leaf":true,"id":2,"label":"2","site_id":2}}}},"num_sites":10,"sites":[{"x":319.82416942132096,"y":258.6887565433899,"cluster":1},{"x":115.61637895266568,"y":168.10361955854157,"cluster":1},{"x":154.51218433852122,"y":230.41622476089896,"cluster":1},{"x":460.1379487507232,"y":156.64879586600694,"cluster":1},{"x":326.3018268624032,"y":246.45933857449472,"cluster":1},{"x":212.54001415761027,"y":46.595143378844355,"cluster":1},{"x":301.0093759612289,"y":173.1144776485571,"cluster":1},{"x":419.7826749638799,"y":53.06842950204278,"cluster":1},{"x":156.2645194115434,"y":153.23575574714897,"cluster":1},{"x":483.27362443239286,"y":222.0369101616182,"cluster":1}],"num_clusters":0}