{"title":"uniform-n100-r9-s-8770588431429725762100","map_width":500,"map_height":300,"num_leaves":100,"tree":{"leaf":false,"id":198,"left":{"leaf":false,"id":197,"left":{"leaf":false,"id":196,"left":{"leaf":false,"id":104,"left":{"leaf":true,"id":88,"label":"88","site_id":88},"right":{"leaf":true,"id":44,"label":"44","site_id":44}},"right":{"leaf":false,"id":194,"left":{"leaf":false,"id":191,"left":{"leaf":true,"id":54,"label":"54","site_id":54},"right":{"leaf":false,"id":184,"left":{"leaf":false,"id":174,"left":{"leaf":false,"id":168,"left":{"leaf":false,"id":163,"left":{"leaf":false,"id":137,"left":{"leaf":false,"id":121,"left":{"leaf":true,"id":93,"label":"93","site_id":93},"right":{"leaf":false,"id":110,"left":{"leaf":true,"id":16,"label":"16","site_id":16},"right":{"leaf":true,"id":0,"label":"0","site_id":0}}},"right":{"leaf":false,"id":123,"left":{"leaf":false,"id":114,"left":{"leaf":true,"id":99,"label":"99","site_id":99},"right":{"leaf":true,"id":9,"label":"9","site_id":9}},"right":{"leaf":true,"id":72,"label":"72","site_id":72}}},"right":{"leaf":false,"id":124,"left":{"leaf":true,"id":63,"label":"63","site_id":63},"right":{"leaf":true,"id":48,"label":"48","site_id":48}}},"right":{"leaf":false,"id":149,"left":{"leaf":true,"id":32,"label":"32","site_id":32},"right":{"leaf":true,"id":24,"label":"24","site_id":24}}},"right":{"leaf":true,"id":46,"label":"46","site_id":46}},"right":{"leaf":false,"id":175,"left":{"leaf":true,"id":59,"label":"59","site_id":59},"right":{"leaf":false,"id":172,"left":{"leaf":false,"id":132,"left":{"leaf":false,"id":118,"left":{"leaf":true,"id":95,"label":"95","site_id":95},"right":{"leaf":true,"id":43,"label":"43","site_id":43}},"right":{"leaf":true,"id":53,"label":"53","site_id":53}},"right":{"leaf":false,"id":169,"left":{"leaf":true,"id":12,"label":"12","site_id":12},"right":{"leaf":false,"id":101,"left":{"leaf":true,"id":91,"label":"91","site_id":91},"right":{"leaf":true,"id":20,"label":"20","site_id":20}}}}}}},"right":{"leaf":false,"id":188,"left":{"leaf":false,"id":187,"left":{"leaf":false,"id":138,"left":{"leaf":true,"id":89,"label":"89","site_id":89},"right":{"leaf":true,"id":2,"label":"2","site_id":2}},"right":{"leaf":false,"id":154,"left":{"leaf":false,"id":152,"left":{"leaf":false,"id":116,"left":{"leaf":true,"id":21,"label":"21","site_id":21},"right":{"leaf":true,"id":34,"label":"34","site_id":34}},"right":{"leaf":false,"id":148,"left":{"leaf":true,"id":64,"label":"64","site_id":64},"right":{"leaf":false,"id":119,"left":{"leaf":true,"id":68,"label":"68","site_id":68},"right":{"leaf":true,"id":5,"label":"5","site_id":5}}}},"right":{"leaf":true,"id":98,"label":"98","site_id":98}}},"right":{"leaf":false,"id":185,"left":{"leaf":true,"id":61,"label":"61","site_id":61},"right":{"leaf":false,"id":182,"left":{"leaf":true,"id":19,"label":"19","site_id":19},"right":{"leaf":false,"id":178,"left":{"leaf":true,"id":70,"label":"70","site_id":70},"right":{"leaf":false,"id":136,"left":{"leaf":true,"id":94,"label":"94","site_id":94},"right":{"leaf":true,"id":96,"label":"96","site_id":96}}}}}}}},"right":{"leaf":true,"id":49,"label":"49","site_id":49}},"right":{"leaf":false,"id":195,"left":{"leaf":false,"id":193,"left":{"leaf":false,"id":192,"left":{"leaf":false,"id":183,"left":{"leaf":false,"id":127,"left":{"leaf":true,"id":45,"label":"45","site_id":45},"right":{"leaf":true,"id":79,"label":"79","site_id":79}},"right":{"leaf":false,"id":173,"left":{"leaf":false,"id":157,"left":{"leaf":false,"id":135,"left":{"leaf":true,"id":67,"label":"67","site_id":67},"right":{"leaf":true,"id":29,"label":"29","site_id":29}},"right":{"leaf":true,"id":18,"label":"18","site_id":18}},"right":{"leaf":false,"id":122,"left":{"leaf":true,"id":41,"label":"41","site_id":41},"right":{"leaf":true,"id":15,"label":"15","site_id":15}}}},"right":{"leaf":false,"id":166,"left":{"leaf":true,"id":77,"label":"77","site_id":77},"right":{"leaf":true,"id":87,"label":"87","site_id":87}}},"right":{"leaf":false,"id":190,"left":{"leaf":false,"id":162,"left":{"leaf":true,"id":11,"label":"11","site_id":11},"right":{"leaf":true,"id":50,"label":"50","site_id":50}},"right":{"leaf":false,"id":189,"left":{"leaf":false,"id":186,"left":{"leaf":false,"id":181,"left":{"leaf":true,"id":66,"label":"66","site_id":66},"right":{"leaf":false,"id":170,"left":{"leaf":true,"id":74,"label":"74","site_id":74},"right":{"leaf":false,"id":151,"left":{"leaf":false,"id":147,"left":{"leaf":false,"id":126,"left":{"leaf":true,"id":3,"label":"3","site_id":3},"right":{"leaf":true,"id":52,"label":"52","site_id":52}},"right":{"leaf":false,"id":145,"left":{"leaf":true,"id":85,"label":"85","site_id":85},"right":{"leaf":false,"id":111,"left":{"leaf":true,"id":42,"label":"42","site_id":42},"right":{"leaf":true,"id":80,"label":"80","site_id":80}}}},"right":{"leaf":true,"id":40,"label":"40","site_id":40}}}},"right":{"leaf":false,"id":160,"left":{"leaf":true,"id":25,"label":"25","site_id":25},"right":{"leaf":false,"id":144,"left":{"leaf":true,"id":7,"label":"7","site_id":7},"right":{"leaf":true,"id":31,"label":"31","site_id":31}}}},"right":{"leaf":false,"id":180,"left":{"leaf":false,"id":179,"left":{"leaf":false,"id":153,"left":{"leaf":false,"id":133,"left":{"leaf":true,"id":76,"label":"76","site_id":76},"right":{"leaf":false,"id":120,"left":{"leaf":false,"id":106,"left":{"leaf":false,"id":105,"left":{"leaf":true,"id":22,"label":"22","site_id":22},"right":{"leaf":true,"id":83,"label":"83","site_id":83}},"right":{"leaf":true,"id":4,"label":"4","site_id":4}},"right":{"leaf":false,"id":109,"left":{"leaf":true,"id":73,"label":"73","site_id":73},"right":{"leaf":true,"id":17,"label":"17","site_id":17}}}},"right":{"leaf":true,"id":56,"label":"56","site_id":56}},"right":{"leaf":false,"id":177,"left":{"leaf":false,"id":158,"left":{"leaf":true,"id":57,"label":"57","site_id":57},"right":{"leaf":true,"id":65,"label":"65","site_id":65}},"right":{"leaf":false,"id":176,"left":{"leaf":false,"id":164,"left":{"leaf":false,"id":161,"left":{"leaf":false,"id":134,"left":{"leaf":true,"id":69,"label":"69","site_id":69},"right":{"leaf":false,"id":129,"left":{"leaf":true,"id":39,"label":"39","site_id":39},"right":{"leaf":false,"id":125,"left":{"leaf":false,"id":115,"left":{"leaf":true,"id":78,"label":"78","site_id":78},"right":{"leaf":true,"id":90,"label":"90","site_id":90}},"right":{"leaf":false,"id":100,"left":{"leaf":true,"id":81,"label":"81","site_id":81},"right":{"leaf":true,"id":1,"label":"1","site_id":1}}}}},"right":{"leaf":true,"id":8,"label":"8","site_id":8}},"right":{"leaf":false,"id":155,"left":{"leaf":false,"id":130,"left":{"leaf":true,"id":36,"label":"36","site_id":36},"right":{"leaf":true,"id":23,"label":"23","site_id":23}},"right":{"leaf":false,"id":143,"left":{"leaf":false,"id":112,"left":{"leaf":true,"id":35,"label":"35","site_id":35},"right":{"leaf":true,"id":62,"label":"62","site_id":62}},"right":{"leaf":false,"id":108,"left":{"leaf":true,"id":14,"label":"14","site_id":14},"right":{"leaf":true,"id":28,"label":"28","site_id":28}}}}},"right":{"leaf":false,"id":159,"left":{"leaf":false,"id":156,"left":{"leaf":false,"id":146,"left":{"leaf":false,"id":142,"left":{"leaf":false,"id":141,"left":{"leaf":true,"id":55,"label":"55","site_id":55},"right":{"leaf":true,"id":58,"label":"58","site_id":58}},"right":{"leaf":false,"id":140,"left":{"leaf":false,"id":128,"left":{"leaf":false,"id":117,"left":{"leaf":true,"id":38,"label":"38","site_id":38},"right":{"leaf":true,"id":6,"label":"6","site_id":6}},"right":{"leaf":true,"id":75,"label":"75","site_id":75}},"right":{"leaf":false,"id":103,"left":{"leaf":true,"id":47,"label":"47","site_id":47},"right":{"leaf":true,"id":27,"label":"27","site_id":27}}}},"right":{"leaf":false,"id":139,"left":{"leaf":true,"id":97,"label":"97","site_id":97},"right":{"leaf":true,"id":92,"label":"92","site_id":92}}},"right":{"leaf":false,"id":107,"left":{"leaf":true,"id":86,"label":"86","site_id":86},"right":{"leaf":false,"id":102,"left":{"leaf":true,"id":84,"label":"84","site_id":84},"right":{"leaf":true,"id":10,"label":"10","site_id":10}}}},"right":{"leaf":true,"id":26,"label":"26","site_id":26}}}}},"right":{"leaf":false,"id":131,"left":{"leaf":true,"id":60,"label":"60","site_id":60},"right":{"leaf":true,"id":71,"label":"71","site_id":71}}}}}},"right":{"leaf":false,"id":171,"left":{"leaf":false,"id":150,"left":{"leaf":true,"id":82,"label":"82","site_id":82},"right":{"leaf":true,"id":51,"label":"51","site_id":51}},"right":{"leaf":false,"id":167,"left":{"leaf":false,"id":165,"left":{"leaf":true,"id":37,"label":"37","site_id":37},"right":{"leaf":false,"id":113,"left":{"leaf":true,"id":13,"label":"13","site_id":13},"right":{"leaf":true,"id":33,"label":"33","site_id":33}}},"right":{"leaf":true,"id":30,"label":"30","site_id":30}}}}},"num_sites":100,"sites":[{"x":221.01598715256912,"y":148.0773328796725,"cluster":1},{"x":20.073368069843774,"y":276.2574141530939,"cluster":1},{"x":449.1006189605056,"y":64.75146801018056,"cluster":1},{"x":347.2149531207113,"y":98.62966380529156,"cluster":1},{"x":380.8673953101256,"y":96.50087134935836,"cluster":1},{"x":357.04175009620303,"y":161.01669351761427,"cluster":1},{"x":298.3314806096214,"y":137.3594411853715,"cluster":1},{"x":199.56624286127223,"y":37.95705950143886,"cluster":1},{"x":89.28571832304985,"y":168.3731425974239,"cluster":1},{"x":364.2197533567367,"y":132.10609995171262,"cluster":1},{"x":249.69187743860658,"y":246.47500023828124,"cluster":1},{"x":213.27359221355331,"y":155.16439997805364,"cluster":1},{"x":421.43015274078675,"y":211.86180154358183,"cluster":1},{"x":43.75698945735346,"y":126.98003601801386,"cluster":1},{"x":424.747563181164,"y":63.16537143220841,"cluster":1},{"x":37.988373582078154,"y":234.31965978697653,"cluster":1},{"x":119.97030091863327,"y":245.60005823160716,"cluster":1},{"x":174.15548422865365,"y":63.41090368237255,"cluster":1},{"x":157.95736941097044,"y":144.0941165080142,"cluster":1},{"x":384.38530604243664,"y":78.90347785359134,"cluster":1},{"x":373.372136842237,"y":161.1764725250161,"cluster":1},{"x":178.43830671435117,"y":126.3788166424761,"cluster":1},{"x":209.136093859868,"y":78.09142135048334,"cluster":1},{"x":186.54224337709314,"y":75.95803372021052,"cluster":1},{"x":284.4030340039592,"y":117.25255362959305,"cluster":1},{"x":44.94940770253758,"y":50.91524490146847,"cluster":1},{"x":132.05452958386974,"y":214.72332689862958,"cluster":1},{"x":215.06696608678823,"y":132.9254023127661,"cluster":1},{"x":16.370679192667072,"y":110.39281864393769,"cluster":1},{"x":54.1374559609573,"y":116.22703003173801,"cluster":1},{"x":107.73425347342048,"y":152.42938389761676,"cluster":1},{"x":231.680649788631,"y":155.45245766986287,"cluster":1},{"x":340.04205184274775,"y":107.25352752406783,"cluster":1},{"x":259.72063836900037,"y":171.67944351846677,"cluster":1},{"x":312.1876124089344,"y":79.70746091289352,"cluster":1},{"x":261.30153393806836,"y":54.955700971682255,"cluster":1},{"x":200.1706102736617,"y":20.667443852117646,"cluster":1},{"x":76.8276750366422,"y":189.76626144854853,"cluster":1},{"x":402.17733236127776,"y":190.99433497053533,"cluster":1},{"x":228.21879293119235,"y":146.22234826856288,"cluster":1},{"x":240.01481991515644,"y":93.11414745098008,"cluster":1},{"x":34.92776242789,"y":194.01862870986122,"cluster":1},{"x":312.0351393513478,"y":28.53995029968366,"cluster":1},{"x":436.71802903955677,"y":205.2193098540833,"cluster":1},{"x":39.62949159136967,"y":95.37912349661545,"cluster":1},{"x":98.6350950912033,"y":71.88469512857242,"cluster":1},{"x":401.0027763508257,"y":261.53973967702984,"cluster":1},{"x":233.83074006744516,"y":145.43860718445868,"cluster":1},{"x":362.2577070960266,"y":276.9572125429304,"cluster":1},{"x":59.81115692778297,"y":196.50314277684328,"cluster":1},{"x":106.82325330899967,"y":141.70750804720052,"cluster":1},{"x":153.27949152727086,"y":186.69087448251275,"cluster":1},{"x":359.9555315562254,"y":96.35537398661226,"cluster":1},{"x":298.03049024425593,"y":77.54598919402144,"cluster":1},{"x":445.4204647338729,"y":126.30612429829301,"cluster":1},{"x":169.32965021025916,"y":36.46418591370801,"cluster":1},{"x":256.5353751523441,"y":73.28693269704537,"cluster":1},{"x":296.8711470178663,"y":264.99774094421036,"cluster":1},{"x":253.50292271202582,"y":194.37835838811208,"cluster":1},{"x":436.7587478868227,"y":181.4653737845914,"cluster":1},{"x":403.41408562240446,"y":22.24950368214483,"cluster":1},{"x":410.9906573652419,"y":107.23816203466666,"cluster":1},{"x":158.42759312314536,"y":109.41989625066181,"cluster":1},{"x":200.65424446945815,"y":84.4610283597202,"cluster":1},{"x":411.4516656343814,"y":224.4787222704433,"cluster":1},{"x":276.4483799708773,"y":232.29581409584046,"cluster":1},{"x":177.15992260566057,"y":119.2369119232356,"cluster":1},{"x":77.25081890271424,"y":29.03537894558937,"cluster":1},{"x":299.3663918005542,"y":282.77008532138797,"cluster":1},{"x":64.23538112418939,"y":58.639550369582416,"cluster":1},{"x":463.66571136097383,"y":111.23016293898404,"cluster":1},{"x":334.5179255971031,"y":192.38220861614738,"cluster":1},{"x":84.47252152732324,"y":149.3751787443788,"cluster":1},{"x":271.5711189537799,"y":168.8479864136482,"cluster":1},{"x":138.70873416618662,"y":43.74804044989956,"cluster":1},{"x":407.7067639425062,"y":118.96505529962872,"cluster":1},{"x":476.23790102433753,"y":121.21443766266,"cluster":1},{"x":186.42634964100387,"y":142.45028458239966,"cluster":1},{"x":30.58128483157749,"y":153.64374161821632,"cluster":1},{"x":66.88785690078797,"y":66.15146448639392,"cluster":1},{"x":15.484469979543862,"y":167.08353836052217,"cluster":1},{"x":109.40930088507801,"y":235.32568208476926,"cluster":1},{"x":142.502791661124,"y":196.4417329034258,"cluster":1},{"x":120.69823229265221,"y":74.56052227785993,"cluster":1},{"x":241.00877886521212,"y":278.73838306674213,"cluster":1},{"x":161.80494919932363,"y":83.10411072111731,"cluster":1},{"x":439.5704757979149,"y":126.94863173752589,"cluster":1},{"x":65.93188839456212,"y":233.25369451651486,"cluster":1},{"x":47.09634027018701,"y":82.3069416172669,"cluster":1},{"x":260.00326592978655,"y":225.26240792830424,"cluster":1},{"x":118.20659979002772,"y":283.3542629927681,"cluster":1},{"x":469.6531981521082,"y":234.75325693134803,"cluster":1},{"x":45.003339197339415,"y":151.27688632258904,"cluster":1},{"x":401.38485354523635,"y":274.95527621407564,"cluster":1},{"x":336.4352633241142,"y":51.777283713019564,"cluster":1},{"x":442.73828959450657,"y":280.24839317942036,"cluster":1},{"x":349.30485722015504,"y":84.22982902295276,"cluster":1},{"x":349.1865543130525,"y":270.6596209317938,"cluster":1},{"x":321.332994661879,"y":107.66388716320543,"cluster":1},{"x":254.70169895375295,"y":165.95193258257123,"cluster":1}],"num_clusters":0}