{"title":"uniform-n80-r7-s-320998002182271959280","map_width":500,"map_height":300,"num_leaves":80,"tree":{"leaf":false,"id":158,"left":{"leaf":false,"id":154,"left":{"leaf":false,"id":145,"left":{"leaf":false,"id":136,"left":{"leaf":false,"id":123,"left":{"leaf":true,"id":35,"label":"35","site_id":35},"right":{"leaf":false,"id":83,"left":{"leaf":true,"id":59,"label":"59","site_id":59},"right":{"leaf":true,"id":58,"label":"58","site_id":58}}},"right":{"leaf":false,"id":115,"left":{"leaf":true,"id":78,"label":"78","site_id":78},"right":{"leaf":true,"id":72,"label":"72","site_id":72}}},"right":{"leaf":false,"id":97,"left":{"leaf":true,"id":60,"label":"60","site_id":60},"right":{"leaf":true,"id":21,"label":"21","site_id":21}}},"right":{"leaf":false,"id":149,"left":{"leaf":false,"id":98,"left":{"leaf":true,"id":1,"label":"1","site_id":1},"right":{"leaf":true,"id":48,"label":"48","site_id":48}},"right":{"leaf":false,"id":131,"left":{"leaf":false,"id":119,"left":{"leaf":true,"id":38,"label":"38","site_id":38},"right":{"leaf":true,"id":76,"label":"76","site_id":76}},"right":{"leaf":false,"id":104,"left":{"leaf":true,"id":17,"label":"17","site_id":17},"right":{"leaf":true,"id":4,"label":"4","site_id":4}}}}},"right":{"leaf":false,"id":157,"left":{"leaf":false,"id":153,"left":{"leaf":false,"id":146,"left":{"leaf":false,"id":135,"left":{"leaf":false,"id":109,"left":{"leaf":true,"id":55,"label":"55","site_id":55},"right":{"leaf":true,"id":45,"label":"45","site_id":45}},"right":{"leaf":false,"id":110,"left":{"leaf":true,"id":25,"label":"25","site_id":25},"right":{"leaf":false,"id":108,"left":{"leaf":false,"id":105,"left":{"leaf":true,"id":10,"label":"10","site_id":10},"right":{"leaf":true,"id":67,"label":"67","site_id":67}},"right":{"leaf":true,"id":43,"label":"43","site_id":43}}}},"right":{"leaf":false,"id":144,"left":{"leaf":false,"id":125,"left":{"leaf":true,"id":66,"label":"66","site_id":66},"right":{"leaf":false,"id":120,"left":{"leaf":false,"id":93,"left":{"leaf":true,"id":31,"label":"31","site_id":31},"right":{"leaf":true,"id":65,"label":"65","site_id":65}},"right":{"leaf":true,"id":32,"label":"32","site_id":32}}},"right":{"leaf":false,"id":140,"left":{"leaf":false,"id":134,"left":{"leaf":true,"id":28,"label":"28","site_id":28},"right":{"leaf":false,"id":107,"left":{"leaf":true,"id":50,"label":"50","site_id":50},"right":{"leaf":true,"id":63,"label":"63","site_id":63}}},"right":{"leaf":false,"id":96,"left":{"leaf":true,"id":77,"label":"77","site_id":77},"right":{"leaf":false,"id":88,"left":{"leaf":true,"id":62,"label":"62","site_id":62},"right":{"leaf":true,"id":51,"label":"51","site_id":51}}}}}},"right":{"leaf":false,"id":151,"left":{"leaf":false,"id":148,"left":{"leaf":true,"id":29,"label":"29","site_id":29},"right":{"leaf":true,"id":69,"label":"69","site_id":69}},"right":{"leaf":false,"id":139,"left":{"leaf":false,"id":122,"left":{"leaf":false,"id":102,"left":{"leaf":true,"id":9,"label":"9","site_id":9},"right":{"leaf":true,"id":6,"label":"6","site_id":6}},"right":{"leaf":false,"id":116,"left":{"leaf":true,"id":0,"label":"0","site_id":0},"right":{"leaf":false,"id":101,"left":{"leaf":true,"id":56,"label":"56","site_id":56},"right":{"leaf":true,"id":37,"label":"37","site_id":37}}}},"right":{"leaf":false,"id":129,"left":{"leaf":true,"id":22,"label":"22","site_id":22},"right":{"leaf":false,"id":124,"left":{"leaf":true,"id":2,"label":"2","site_id":2},"right":{"leaf":false,"id":103,"left":{"leaf":false,"id":94,"left":{"leaf":false,"id":89,"left":{"leaf":true,"id":5,"label":"5","site_id":5},"right":{"leaf":true,"id":19,"label":"19","site_id":19}},"right":{"leaf":false,"id":80,"left":{"leaf":true,"id":54,"label":"54","site_id":54},"right":{"leaf":true,"id":3,"label":"3","site_id":3}}},"right":{"leaf":false,"id":85,"left":{"leaf":true,"id":8,"label":"8","site_id":8},"right":{"leaf":true,"id":13,"label":"13","site_id":13}}}}}}}},"right":{"leaf":false,"id":156,"left":{"leaf":false,"id":152,"left":{"leaf":false,"id":141,"left":{"leaf":false,"id":121,"left":{"leaf":false,"id":99,"left":{"leaf":true,"id":49,"label":"49","site_id":49},"right":{"leaf":true,"id":40,"label":"40","site_id":40}},"right":{"leaf":false,"id":118,"left":{"leaf":true,"id":33,"label":"33","site_id":33},"right":{"leaf":true,"id":46,"label":"46","site_id":46}}},"right":{"leaf":false,"id":112,"left":{"leaf":true,"id":36,"label":"36","site_id":36},"right":{"leaf":false,"id":95,"left":{"leaf":false,"id":82,"left":{"leaf":true,"id":47,"label":"47","site_id":47},"right":{"leaf":true,"id":18,"label":"18","site_id":18}},"right":{"leaf":true,"id":15,"label":"15","site_id":15}}}},"right":{"leaf":false,"id":150,"left":{"leaf":false,"id":132,"left":{"leaf":false,"id":117,"left":{"leaf":true,"id":26,"label":"26","site_id":26},"right":{"leaf":true,"id":27,"label":"27","site_id":27}},"right":{"leaf":false,"id":126,"left":{"leaf":false,"id":113,"left":{"leaf":true,"id":70,"label":"70","site_id":70},"right":{"leaf":true,"id":75,"label":"75","site_id":75}},"right":{"leaf":false,"id":111,"left":{"leaf":false,"id":87,"left":{"leaf":true,"id":73,"label":"73","site_id":73},"right":{"leaf":true,"id":53,"label":"53","site_id":53}},"right":{"leaf":false,"id":106,"left":{"leaf":true,"id":20,"label":"20","site_id":20},"right":{"leaf":true,"id":11,"label":"11","site_id":11}}}}},"right":{"leaf":false,"id":142,"left":{"leaf":true,"id":30,"label":"30","site_id":30},"right":{"leaf":false,"id":137,"left":{"leaf":false,"id":133,"left":{"leaf":true,"id":34,"label":"34","site_id":34},"right":{"leaf":false,"id":130,"left":{"leaf":false,"id":114,"left":{"leaf":true,"id":14,"label":"14","site_id":14},"right":{"leaf":true,"id":41,"label":"41","site_id":41}},"right":{"leaf":false,"id":84,"left":{"leaf":false,"id":81,"left":{"leaf":true,"id":79,"label":"79","site_id":79},"right":{"leaf":true,"id":61,"label":"61","site_id":61}},"right":{"leaf":true,"id":71,"label":"71","site_id":71}}}},"right":{"leaf":true,"id":16,"label":"16","site_id":16}}}}},"right":{"leaf":false,"id":155,"left":{"leaf":false,"id":143,"left":{"leaf":false,"id":128,"left":{"leaf":false,"id":127,"left":{"leaf":true,"id":64,"label":"64","site_id":64},"right":{"leaf":true,"id":24,"label":"24","site_id":24}},"right":{"leaf":true,"id":7,"label":"7","site_id":7}},"right":{"leaf":false,"id":138,"left":{"leaf":false,"id":100,"left":{"leaf":true,"id":12,"label":"12","site_id":12},"right":{"leaf":false,"id":86,"left":{"leaf":true,"id":52,"label":"52","site_id":52},"right":{"leaf":true,"id":44,"label":"44","site_id":44}}},"right":{"leaf":true,"id":42,"label":"42","site_id":42}}},"right":{"leaf":false,"id":147,"left":{"leaf":false,"id":92,"left":{"leaf":true,"id":57,"label":"57","site_id":57},"right":{"leaf":false,"id":91,"left":{"leaf":false,"id":90,"left":{"leaf":true,"id":39,"label":"39","site_id":39},"right":{"leaf":true,"id":23,"label":"23","site_id":23}},"right":{"leaf":true,"id":68,"label":"68","site_id":68}}},"right":{"leaf":true,"id":74,"label":"74","site_id":74}}}}}},"num_sites":80,"sites":[{"x":193.11838034457523,"y":276.2425317147353,"cluster":1},{"x":158.96649252213453,"y":87.26694712595516,"cluster":1},{"x":251.28820243321363,"y":166.52653492676913,"cluster":1},{"x":278.32674431400557,"y":150.62821691875294,"cluster":1},{"x":308.9505500847843,"y":214.00547833053716,"cluster":1},{"x":233.86272115199264,"y":242.52558853594033,"cluster":1},{"x":15.348814791124566,"y":155.09515315908519,"cluster":1},{"x":412.66043910656424,"y":103.90173262421683,"cluster":1},{"x":152.87601262510364,"y":186.65228327891646,"cluster":1},{"x":185.44760423603725,"y":51.210314873311624,"cluster":1},{"x":77.78184858366609,"y":143.01593850130016,"cluster":1},{"x":389.102525655767,"y":177.68862509141852,"cluster":1},{"x":282.83746724870997,"y":182.32152695833526,"cluster":1},{"x":206.04020668511762,"y":121.70831616940967,"cluster":1},{"x":387.41901642178755,"y":255.59643540777057,"cluster":1},{"x":437.7673640581511,"y":266.0015773686776,"cluster":1},{"x":74.68016790050876,"y":283.5821516785772,"cluster":1},{"x":443.95169427356575,"y":268.4643345959914,"cluster":1},{"x":346.88004106080734,"y":66.10067272653728,"cluster":1},{"x":304.5902250579257,"y":45.579878413238596,"cluster":1},{"x":208.5173587941104,"y":187.0935772670025,"cluster":1},{"x":471.28979000649616,"y":143.2855799574625,"cluster":1},{"x":322.6925978454155,"y":135.21004205854138,"cluster":1},{"x":214.2877178225978,"y":107.32221860310769,"cluster":1},{"x":159.07944275331934,"y":215.0059895897355,"cluster":1},{"x":174.6434975857957,"y":145.75972398812235,"cluster":1},{"x":312.0328433069794,"y":157.4390881520479,"cluster":1},{"x":136.02266424073707,"y":110.48488125160415,"cluster":1},{"x":194.69539171127033,"y":140.4053780451447,"cluster":1},{"x":87.67151954399392,"y":31.965842459295864,"cluster":1},{"x":159.4848125964902,"y":60.56097095331502,"cluster":1},{"x":129.54691472019812,"y":52.57525394714775,"cluster":1},{"x":117.05475646322174,"y":46.60805600202876,"cluster":1},{"x":242.11779236254569,"y":268.157808985524,"cluster":1},{"x":194.7171662866571,"y":211.5972794741053,"cluster":1},{"x":437.09549015927405,"y":15.370117842262744,"cluster":1},{"x":251.39878859791187,"y":217.60939513743838,"cluster":1},{"x":21.277618670310407,"y":173.59993510338813,"cluster":1},{"x":339.4757548204481,"y":190.42680622281938,"cluster":1},{"x":103.80547853541506,"y":24.988540143139083,"cluster":1},{"x":444.28905621589985,"y":94.49140907536658,"cluster":1},{"x":207.4377242908919,"y":194.23455564284578,"cluster":1},{"x":79.79043561653741,"y":249.56809714085156,"cluster":1},{"x":76.93321435667303,"y":111.44902707775034,"cluster":1},{"x":463.6020138332028,"y":180.09383882662328,"cluster":1},{"x":72.31382178603587,"y":56.36114676400583,"cluster":1},{"x":406.79450955754606,"y":196.19031940627517,"cluster":1},{"x":401.6430188442736,"y":180.640579533104,"cluster":1},{"x":142.89798161588214,"y":41.753566538519834,"cluster":1},{"x":337.0089977584313,"y":277.00678632034345,"cluster":1},{"x":17.055306419400967,"y":219.90729624462136,"cluster":1},{"x":48.641130642889266,"y":189.13744744394,"cluster":1},{"x":79.81289279247622,"y":209.4168672270483,"cluster":1},{"x":385.5164670416108,"y":265.1675419096257,"cluster":1},{"x":270.81427546238297,"y":157.40922093400823,"cluster":1},{"x":36.42809442169562,"y":99.7871225289583,"cluster":1},{"x":55.621421969712486,"y":173.92931091858424,"cluster":1},{"x":323.29000053497697,"y":85.60055805206925,"cluster":1},{"x":154.03513525459792,"y":232.4869011560409,"cluster":1},{"x":288.44317763264723,"y":243.50137551517557,"cluster":1},{"x":450.61966760443386,"y":147.80797977136893,"cluster":1},{"x":259.90565035242753,"y":64.34645400853968,"cluster":1},{"x":207.65837241475595,"y":167.50310824109792,"cluster":1},{"x":52.87412831210154,"y":80.17996797104516,"cluster":1},{"x":297.47610290858546,"y":278.3006496596014,"cluster":1},{"x":122.33793546991676,"y":42.66176948014878,"cluster":1},{"x":194.96059081840176,"y":109.86575572505043,"cluster":1},{"x":80.40581967981612,"y":169.19677448095476,"cluster":1},{"x":302.1989999561523,"y":250.03663901187468,"cluster":1},{"x":132.87427612375097,"y":153.5411481566722,"cluster":1},{"x":305.4172495803543,"y":134.55762057034465,"cluster":1},{"x":172.68114694804322,"y":77.37792315351132,"cluster":1},{"x":479.8689747352102,"y":122.07404881808733,"cluster":1},{"x":323.190773611273,"y":202.50890985390427,"cluster":1},{"x":401.7476905787895,"y":139.90171232445118,"cluster":1},{"x":29.78488242638974,"y":71.64803021189148,"cluster":1},{"x":393.61302919786453,"y":201.8597112656557,"cluster":1},{"x":58.07641338051758,"y":182.2457421265114,"cluster":1},{"x":318.2635008966459,"y":207.04997380794578,"cluster":1},{"x":142.1716791349599,"y":24.42478543789681,"cluster":1}],"num_clusters":0}