{"title":"uniform-n95-r2-s525668197280960979295","map_width":500,"map_height":300,"num_leaves":95,"tree":{"leaf":false,"id":188,"left":{"leaf":false,"id":187,"left":{"leaf":false,"id":186,"left":{"leaf":false,"id":182,"left":{"leaf":false,"id":179,"left":{"leaf":false,"id":166,"left":{"leaf":false,"id":155,"left":{"leaf":false,"id":112,"left":{"leaf":true,"id":26,"label":"26","site_id":26},"right":{"leaf":false,"id":95,"left":{"leaf":true,"id":64,"label":"64","site_id":64},"right":{"leaf":true,"id":62,"label":"62","site_id":62}}},"right":{"leaf":false,"id":143,"left":{"leaf":true,"id":20,"label":"20","site_id":20},"right":{"leaf":false,"id":121,"left":{"leaf":true,"id":90,"label":"90","site_id":90},"right":{"leaf":true,"id":74,"label":"74","site_id":74}}}},"right":{"leaf":false,"id":165,"left":{"leaf":false,"id":103,"left":{"leaf":true,"id":91,"label":"91","site_id":91},"right":{"leaf":true,"id":19,"label":"19","site_id":19}},"right":{"leaf":false,"id":149,"left":{"leaf":false,"id":131,"left":{"leaf":true,"id":76,"label":"76","site_id":76},"right":{"leaf":true,"id":89,"label":"89","site_id":89}},"right":{"leaf":true,"id":48,"label":"48","site_id":48}}}},"right":{"leaf":false,"id":175,"left":{"leaf":false,"id":135,"left":{"leaf":false,"id":123,"left":{"leaf":true,"id":11,"label":"11","site_id":11},"right":{"leaf":true,"id":1,"label":"1","site_id":1}},"right":{"leaf":true,"id":93,"label":"93","site_id":93}},"right":{"leaf":false,"id":170,"left":{"leaf":false,"id":142,"left":{"leaf":false,"id":109,"left":{"leaf":true,"id":85,"label":"85","site_id":85},"right":{"leaf":true,"id":57,"label":"57","site_id":57}},"right":{"leaf":true,"id":60,"label":"60","site_id":60}},"right":{"leaf":true,"id":58,"label":"58","site_id":58}}}},"right":{"leaf":false,"id":181,"left":{"leaf":false,"id":178,"left":{"leaf":true,"id":42,"label":"42","site_id":42},"right":{"leaf":false,"id":172,"left":{"leaf":true,"id":53,"label":"53","site_id":53},"right":{"leaf":true,"id":44,"label":"44","site_id":44}}},"right":{"leaf":false,"id":146,"left":{"leaf":true,"id":83,"label":"83","site_id":83},"right":{"leaf":true,"id":72,"label":"72","site_id":72}}}},"right":{"leaf":false,"id":183,"left":{"leaf":true,"id":39,"label":"39","site_id":39},"right":{"leaf":false,"id":176,"left":{"leaf":false,"id":144,"left":{"leaf":true,"id":82,"label":"82","site_id":82},"right":{"leaf":true,"id":7,"label":"7","site_id":7}},"right":{"leaf":false,"id":173,"left":{"leaf":false,"id":163,"left":{"leaf":true,"id":47,"label":"47","site_id":47},"right":{"leaf":true,"id":79,"label":"79","site_id":79}},"right":{"leaf":false,"id":159,"left":{"leaf":false,"id":126,"left":{"leaf":false,"id":99,"left":{"leaf":false,"id":98,"left":{"leaf":true,"id":17,"label":"17","site_id":17},"right":{"leaf":true,"id":80,"label":"80","site_id":80}},"right":{"leaf":true,"id":55,"label":"55","site_id":55}},"right":{"leaf":true,"id":40,"label":"40","site_id":40}},"right":{"leaf":true,"id":86,"label":"86","site_id":86}}}}}},"right":{"leaf":false,"id":185,"left":{"leaf":false,"id":184,"left":{"leaf":false,"id":180,"left":{"leaf":true,"id":81,"label":"81","site_id":81},"right":{"leaf":false,"id":169,"left":{"leaf":false,"id":153,"left":{"leaf":false,"id":145,"left":{"leaf":false,"id":116,"left":{"leaf":true,"id":59,"label":"59","site_id":59},"right":{"leaf":true,"id":10,"label":"10","site_id":10}},"right":{"leaf":false,"id":110,"left":{"leaf":false,"id":106,"left":{"leaf":true,"id":70,"label":"70","site_id":70},"right":{"leaf":true,"id":37,"label":"37","site_id":37}},"right":{"leaf":true,"id":67,"label":"67","site_id":67}}},"right":{"leaf":true,"id":43,"label":"43","site_id":43}},"right":{"leaf":false,"id":168,"left":{"leaf":false,"id":150,"left":{"leaf":false,"id":141,"left":{"leaf":true,"id":92,"label":"92","site_id":92},"right":{"leaf":true,"id":35,"label":"35","site_id":35}},"right":{"leaf":false,"id":134,"left":{"leaf":false,"id":127,"left":{"leaf":true,"id":36,"label":"36","site_id":36},"right":{"leaf":false,"id":115,"left":{"leaf":true,"id":87,"label":"87","site_id":87},"right":{"leaf":true,"id":33,"label":"33","site_id":33}}},"right":{"leaf":false,"id":111,"left":{"leaf":true,"id":69,"label":"69","site_id":69},"right":{"leaf":true,"id":18,"label":"18","site_id":18}}}},"right":{"leaf":false,"id":154,"left":{"leaf":false,"id":101,"left":{"leaf":true,"id":56,"label":"56","site_id":56},"right":{"leaf":true,"id":28,"label":"28","site_id":28}},"right":{"leaf":false,"id":140,"left":{"leaf":false,"id":137,"left":{"leaf":false,"id":136,"left":{"leaf":true,"id":73,"label":"73","site_id":73},"right":{"leaf":true,"id":75,"label":"75","site_id":75}},"right":{"leaf":true,"id":84,"label":"84","site_id":84}},"right":{"leaf":false,"id":130,"left":{"leaf":true,"id":8,"label":"8","site_id":8},"right":{"leaf":false,"id":102,"left":{"leaf":true,"id":31,"label":"31","site_id":31},"right":{"leaf":false,"id":96,"left":{"leaf":true,"id":38,"label":"38","site_id":38},"right":{"leaf":true,"id":25,"label":"25","site_id":25}}}}}}}}},"right":{"leaf":false,"id":177,"left":{"leaf":false,"id":113,"left":{"leaf":true,"id":12,"label":"12","site_id":12},"right":{"leaf":false,"id":105,"left":{"leaf":false,"id":104,"left":{"leaf":true,"id":51,"label":"51","site_id":51},"right":{"leaf":true,"id":63,"label":"63","site_id":63}},"right":{"leaf":false,"id":97,"left":{"leaf":true,"id":14,"label":"14","site_id":14},"right":{"leaf":true,"id":52,"label":"52","site_id":52}}}},"right":{"leaf":false,"id":174,"left":{"leaf":false,"id":151,"left":{"leaf":false,"id":100,"left":{"leaf":true,"id":23,"label":"23","site_id":23},"right":{"leaf":true,"id":49,"label":"49","site_id":49}},"right":{"leaf":true,"id":22,"label":"22","site_id":22}},"right":{"leaf":false,"id":171,"left":{"leaf":false,"id":167,"left":{"leaf":false,"id":124,"left":{"leaf":true,"id":77,"label":"77","site_id":77},"right":{"leaf":true,"id":4,"label":"4","site_id":4}},"right":{"leaf":false,"id":160,"left":{"leaf":false,"id":158,"left":{"leaf":false,"id":125,"left":{"leaf":true,"id":61,"label":"61","site_id":61},"right":{"leaf":true,"id":54,"label":"54","site_id":54}},"right":{"leaf":false,"id":148,"left":{"leaf":true,"id":30,"label":"30","site_id":30},"right":{"leaf":true,"id":50,"label":"50","site_id":50}}},"right":{"leaf":false,"id":157,"left":{"leaf":true,"id":6,"label":"6","site_id":6},"right":{"leaf":true,"id":34,"label":"34","site_id":34}}}},"right":{"leaf":false,"id":164,"left":{"leaf":true,"id":5,"label":"5","site_id":5},"right":{"leaf":true,"id":27,"label":"27","site_id":27}}}}}},"right":{"leaf":false,"id":162,"left":{"leaf":false,"id":161,"left":{"leaf":false,"id":152,"left":{"leaf":true,"id":68,"label":"68","site_id":68},"right":{"leaf":false,"id":122,"left":{"leaf":true,"id":88,"label":"88","site_id":88},"right":{"leaf":true,"id":24,"label":"24","site_id":24}}},"right":{"leaf":false,"id":156,"left":{"leaf":false,"id":132,"left":{"leaf":true,"id":0,"label":"0","site_id":0},"right":{"leaf":false,"id":129,"left":{"leaf":true,"id":29,"label":"29","site_id":29},"right":{"leaf":true,"id":45,"label":"45","site_id":45}}},"right":{"leaf":true,"id":71,"label":"71","site_id":71}}},"right":{"leaf":false,"id":147,"left":{"leaf":false,"id":119,"left":{"leaf":true,"id":46,"label":"46","site_id":46},"right":{"leaf":false,"id":114,"left":{"leaf":false,"id":108,"left":{"leaf":true,"id":21,"label":"21","site_id":21},"right":{"leaf":true,"id":13,"label":"13","site_id":13}},"right":{"leaf":true,"id":3,"label":"3","site_id":3}}},"right":{"leaf":false,"id":139,"left":{"leaf":true,"id":65,"label":"65","site_id":65},"right":{"leaf":false,"id":138,"left":{"leaf":false,"id":120,"left":{"leaf":false,"id":117,"left":{"leaf":true,"id":2,"label":"2","site_id":2},"right":{"leaf":true,"id":41,"label":"41","site_id":41}},"right":{"leaf":true,"id":78,"label":"78","site_id":78}},"right":{"leaf":false,"id":107,"left":{"leaf":true,"id":32,"label":"32","site_id":32},"right":{"leaf":true,"id":16,"label":"16","site_id":16}}}}}}}},"right":{"leaf":false,"id":133,"left":{"leaf":false,"id":128,"left":{"leaf":true,"id":15,"label":"15","site_id":15},"right":{"leaf":false,"id":118,"left":{"leaf":true,"id":66,"label":"66","site_id":66},"right":{"leaf":true,"id":9,"label":"9","site_id":9}}},"right":{"leaf":true,"id":94,"label":"94","site_id":94}}},"num_sites":95,"sites":[{"x":74.54432911120556,"y":131.00087704119608,"cluster":1},{"x":374.9100505833382,"y":27.226616008658013,"cluster":1},{"x":166.7205599337743,"y":35.18298633118604,"cluster":1},{"x":302.8716195049008,"y":138.41325527113554,"cluster":1},{"x":258.18366405010397,"y":125.55218907121822,"cluster":1},{"x":84.34056101326719,"y":118.31174909923136,"cluster":1},{"x":85.82344355847577,"y":195.28453574837496,"cluster":1},{"x":134.23796593029923,"y":71.88437241149921,"cluster":1},{"x":128.39017519587836,"y":57.78769253656276,"cluster":1},{"x":101.894447532336,"y":131.43418752727845,"cluster":1},{"x":340.7070069415994,"y":195.4256468875435,"cluster":1},{"x":441.32187136213946,"y":41.43246043125524,"cluster":1},{"x":285.3396592051333,"y":215.8512442782,"cluster":1},{"x":351.46420059850277,"y":95.79555446256073,"cluster":1},{"x":287.78022595669114,"y":154.8560293663828,"cluster":1},{"x":31.34651513456134,"y":20.715340538441755,"cluster":1},{"x":171.97336043744843,"y":166.39513707075247,"cluster":1},{"x":30.656620526683735,"y":148.3637792452611,"cluster":1},{"x":240.97215547754905,"y":40.63037479609733,"cluster":1},{"x":354.09631547635973,"y":112.44673967700834,"cluster":1},{"x":252.65744988188447,"y":229.45780795146484,"cluster":1},{"x":237.829711689219,"y":225.67392446558893,"cluster":1},{"x":42.78848100471081,"y":96.04655988345282,"cluster":1},{"x":258.5335846090052,"y":251.74095795796742,"cluster":1},{"x":87.17385606684769,"y":160.41373165837425,"cluster":1},{"x":379.9200889088364,"y":230.38664716755656,"cluster":1},{"x":471.46132077841617,"y":256.9958459304853,"cluster":1},{"x":298.15494155657393,"y":283.4925756738598,"cluster":1},{"x":100.94096350454845,"y":102.55011898857403,"cluster":1},{"x":186.33418967049087,"y":83.03407416598922,"cluster":1},{"x":303.84044812920564,"y":143.52976947697846,"cluster":1},{"x":269.11073164636264,"y":127.97090595721079,"cluster":1},{"x":399.8626539509002,"y":31.32513342950351,"cluster":1},{"x":471.67673460380615,"y":216.88272360906035,"cluster":1},{"x":301.17465884832006,"y":201.44837960351046,"cluster":1},{"x":102.61090653267405,"y":86.30881565989813,"cluster":1},{"x":435.70399942749276,"y":188.862316282144,"cluster":1},{"x":137.5899574777335,"y":171.34319846068146,"cluster":1},{"x":122.43152686629435,"y":46.21451462852012,"cluster":1},{"x":250.64093938742676,"y":55.065698968722586,"cluster":1},{"x":155.39221885562952,"y":214.73593161739612,"cluster":1},{"x":181.47697362192304,"y":26.856286046694592,"cluster":1},{"x":137.30403139958105,"y":118.9988481484948,"cluster":1},{"x":171.5109944712931,"y":266.544167996056,"cluster":1},{"x":95.14116172601564,"y":146.60184685321877,"cluster":1},{"x":217.38274848628416,"y":41.685223537363186,"cluster":1},{"x":18.552610511382078,"y":142.1603106534884,"cluster":1},{"x":219.26200626979295,"y":29.040266989081907,"cluster":1},{"x":347.7978641204009,"y":51.72870656191122,"cluster":1},{"x":391.8060177443656,"y":128.54378161501842,"cluster":1},{"x":210.8308476064682,"y":78.96669512168538,"cluster":1},{"x":138.45198195591695,"y":188.70682468792293,"cluster":1},{"x":329.3096331062732,"y":247.98407363316292,"cluster":1},{"x":74.7158342601782,"y":66.48977130178734,"cluster":1},{"x":270.64345436112364,"y":189.85999046386036,"cluster":1},{"x":173.34593373783125,"y":252.20965290498842,"cluster":1},{"x":447.7099842092151,"y":90.3301887844457,"cluster":1},{"x":333.54585870530724,"y":61.013885699981735,"cluster":1},{"x":409.584858159408,"y":85.07123311653754,"cluster":1},{"x":108.03301748620424,"y":76.85629638039084,"cluster":1},{"x":315.52196152125003,"y":116.38407685910524,"cluster":1},{"x":395.4401076654387,"y":252.75326234948682,"cluster":1},{"x":470.50685793581994,"y":250.88954336576273,"cluster":1},{"x":131.49419665538437,"y":172.37696755446441,"cluster":1},{"x":483.977308722478,"y":262.09666498532295,"cluster":1},{"x":40.523398585198535,"y":272.7597282461485,"cluster":1},{"x":83.76384909306239,"y":144.39002203585605,"cluster":1},{"x":19.143871323827792,"y":126.03744172022117,"cluster":1},{"x":224.94977194845302,"y":156.1056269547088,"cluster":1},{"x":246.47006882128562,"y":279.75223995987307,"cluster":1},{"x":108.18390280457662,"y":248.92516004346112,"cluster":1},{"x":289.8689979726053,"y":130.2634918820449,"cluster":1},{"x":454.0011253426538,"y":278.816568602277,"cluster":1},{"x":162.1443377183946,"y":122.28328174241985,"cluster":1},{"x":408.914329936143,"y":160.18453502244043,"cluster":1},{"x":185.0890943043383,"y":129.45666493499647,"cluster":1},{"x":325.4383508027328,"y":139.76736309443226,"cluster":1},{"x":355.5857524087671,"y":86.24888896117068,"cluster":1},{"x":421.7900254015325,"y":230.12741332176725,"cluster":1},{"x":123.86046212388688,"y":80.18098452600164,"cluster":1},{"x":117.7802861198382,"y":224.33021268524038,"cluster":1},{"x":309.11315978709746,"y":275.6719853175567,"cluster":1},{"x":141.37307261027405,"y":53.59295312735024,"cluster":1},{"x":425.5482572019214,"y":26.400331919874688,"cluster":1},{"x":115.53228857819809,"y":218.30615532305754,"cluster":1},{"x":341.820655866951,"y":62.188727337963954,"cluster":1},{"x":227.3121034235759,"y":109.89271351118201,"cluster":1},{"x":429.0897076267446,"y":108.94617270937727,"cluster":1},{"x":350.6673297656763,"y":126.46675963530184,"cluster":1},{"x":397.23893045800986,"y":186.16751844426128,"cluster":1},{"x":41.1696866718659,"y":249.1901631470908,"cluster":1},{"x":375.3719449821713,"y":155.89531833090584,"cluster":1},{"x":74.71193909689168,"y":168.5976200556335,"cluster":1},{"x":471.4354898862607,"y":169.89046052307106,"cluster":1},{"x":63.3664402510431,"y":120.97184722838121,"cluster":1}],"num_clusters":0}