{"title":"uniform-n50-r0-s-498590324359486157650","map_width":500,"map_height":300,"num_leaves":50,"tree":{"leaf":false,"id":98,"left":{"leaf":false,"id":97,"left":{"leaf":false,"id":95,"left":{"leaf":false,"id":82,"left":{"leaf":false,"id":61,"left":{"leaf":true,"id":43,"label":"43","site_id":43},"right":{"leaf":true,"id":38,"label":"38","site_id":38}},"right":{"leaf":false,"id":62,"left":{"leaf":true,"id":21,"label":"21","site_id":21},"right":{"leaf":true,"id":4,"label":"4","site_id":4}}},"right":{"leaf":false,"id":94,"left":{"leaf":false,"id":69,"left":{"leaf":true,"id":24,"label":"24","site_id":24},"right":{"leaf":false,"id":59,"left":{"leaf":true,"id":7,"label":"7","site_id":7},"right":{"leaf":false,"id":53,"left":{"leaf":true,"id":11,"label":"11","site_id":11},"right":{"leaf":true,"id":28,"label":"28","site_id":28}}}},"right":{"leaf":false,"id":93,"left":{"leaf":true,"id":27,"label":"27","site_id":27},"right":{"leaf":false,"id":83,"left":{"leaf":false,"id":76,"left":{"leaf":true,"id":18,"label":"18","site_id":18},"right":{"leaf":true,"id":0,"label":"0","site_id":0}},"right":{"leaf":false,"id":78,"left":{"leaf":false,"id":58,"left":{"leaf":true,"id":33,"label":"33","site_id":33},"right":{"leaf":false,"id":52,"left":{"leaf":true,"id":10,"label":"10","site_id":10},"right":{"leaf":true,"id":29,"label":"29","site_id":29}}},"right":{"leaf":true,"id":42,"label":"42","site_id":42}}}}}},"right":{"leaf":false,"id":92,"left":{"leaf":false,"id":90,"left":{"leaf":true,"id":36,"label":"36","site_id":36},"right":{"leaf":false,"id":68,"left":{"leaf":false,"id":67,"left":{"leaf":false,"id":63,"left":{"leaf":true,"id":31,"label":"31","site_id":31},"right":{"leaf":true,"id":40,"label":"40","site_id":40}},"right":{"leaf":true,"id":23,"label":"23","site_id":23}},"right":{"leaf":true,"id":46,"label":"46","site_id":46}}},"right":{"leaf":false,"id":91,"left":{"leaf":false,"id":88,"left":{"leaf":false,"id":74,"left":{"leaf":false,"id":65,"left":{"leaf":true,"id":16,"label":"16","site_id":16},"right":{"leaf":true,"id":17,"label":"17","site_id":17}},"right":{"leaf":true,"id":35,"label":"35","site_id":35}},"right":{"leaf":false,"id":86,"left":{"leaf":false,"id":85,"left":{"leaf":false,"id":81,"left":{"leaf":false,"id":50,"left":{"leaf":true,"id":12,"label":"12","site_id":12},"right":{"leaf":true,"id":8,"label":"8","site_id":8}},"right":{"leaf":false,"id":72,"left":{"leaf":false,"id":70,"left":{"leaf":true,"id":20,"label":"20","site_id":20},"right":{"leaf":true,"id":1,"label":"1","site_id":1}},"right":{"leaf":false,"id":60,"left":{"leaf":true,"id":30,"label":"30","site_id":30},"right":{"leaf":true,"id":25,"label":"25","site_id":25}}}},"right":{"leaf":false,"id":84,"left":{"leaf":true,"id":45,"label":"45","site_id":45},"right":{"leaf":true,"id":6,"label":"6","site_id":6}}},"right":{"leaf":false,"id":71,"left":{"leaf":true,"id":14,"label":"14","site_id":14},"right":{"leaf":false,"id":66,"left":{"leaf":true,"id":15,"label":"15","site_id":15},"right":{"leaf":false,"id":64,"left":{"leaf":false,"id":56,"left":{"leaf":true,"id":22,"label":"22","site_id":22},"right":{"leaf":true,"id":37,"label":"37","site_id":37}},"right":{"leaf":true,"id":26,"label":"26","site_id":26}}}}}},"right":{"leaf":false,"id":80,"left":{"leaf":false,"id":77,"left":{"leaf":false,"id":73,"left":{"leaf":true,"id":48,"label":"48","site_id":48},"right":{"leaf":false,"id":55,"left":{"leaf":true,"id":3,"label":"3","site_id":3},"right":{"leaf":true,"id":9,"label":"9","site_id":9}}},"right":{"leaf":false,"id":54,"left":{"leaf":true,"id":34,"label":"34","site_id":34},"right":{"leaf":true,"id":49,"label":"49","site_id":49}}},"right":{"leaf":true,"id":2,"label":"2","site_id":2}}}}},"right":{"leaf":false,"id":96,"left":{"leaf":false,"id":89,"left":{"leaf":false,"id":79,"left":{"leaf":false,"id":51,"left":{"leaf":true,"id":41,"label":"41","site_id":41},"right":{"leaf":true,"id":5,"label":"5","site_id":5}},"right":{"leaf":true,"id":32,"label":"32","site_id":32}},"right":{"leaf":false,"id":87,"left":{"leaf":false,"id":57,"left":{"leaf":true,"id":13,"label":"13","site_id":13},"right":{"leaf":true,"id":19,"label":"19","site_id":19}},"right":{"leaf":true,"id":44,"label":"44","site_id":44}}},"right":{"leaf":false,"id":75,"left":{"leaf":true,"id":47,"label":"47","site_id":47},"right":{"leaf":true,"id":39,"label":"39","site_id":39}}}},"num_sites":50,"sites":[{"x":247.06096743396805,"y":70.02192952278077,"cluster":1},{"x":70.77058451961483,"y":56.242868047848575,"cluster":1},{"x":169.10735064787423,"y":50.03307337244265,"cluster":1},{"x":412.02349067808944,"y":238.45476466518937,"cluster":1},{"x":375.21512307643326,"y":30.702437631226037,"cluster":1},{"x":352.437406111123,"y":155.13907697041554,"cluster":1},{"x":231.37449987608483,"y":164.9772253319897,"cluster":1},{"x":469.45613659943166,"y":193.22170631888537,"cluster":1},{"x":310.6653580766739,"y":257.7673294290273,"cluster":1},{"x":216.45581732395559,"y":239.24915748105423,"cluster":1},{"x":377.2888117028618,"y":229.74783214672067,"cluster":1},{"x":314.7497351255601,"y":182.59974524389338,"cluster":1},{"x":358.79554877241407,"y":233.16215532107037,"cluster":1},{"x":31.345830603056775,"y":183.71605186119302,"cluster":1},{"x":224.4329005728563,"y":82.00246166707814,"cluster":1},{"x":401.5850677692111,"y":61.89811794569961,"cluster":1},{"x":210.49174056028218,"y":184.12912357356655,"cluster":1},{"x":258.59140993352946,"y":57.8511281857714,"cluster":1},{"x":263.6806861330533,"y":56.51431736086858,"cluster":1},{"x":36.45460923502237,"y":170.27320410142835,"cluster":1},{"x":70.88917764985068,"y":66.85527836644061,"cluster":1},{"x":151.2445073539664,"y":73.29819811334849,"cluster":1},{"x":148.22239416264418,"y":15.300811753816673,"cluster":1},{"x":203.32098085696637,"y":92.57509246021083,"cluster":1},{"x":173.89996358728962,"y":178.97016682539507,"cluster":1},{"x":375.95625497369554,"y":172.170072876512,"cluster":1},{"x":458.50698040927676,"y":49.316505768558144,"cluster":1},{"x":259.0266706785768,"y":82.319003147384,"cluster":1},{"x":432.1697674238976,"y":128.1976616155635,"cluster":1},{"x":292.45863150817024,"y":49.33732330012829,"cluster":1},{"x":442.22863071279016,"y":33.711339320784646,"cluster":1},{"x":209.61207619821127,"y":241.96668312745228,"cluster":1},{"x":482.020253264275,"y":200.54896298387973,"cluster":1},{"x":70.15739815420011,"y":18.58465124778078,"cluster":1},{"x":166.13097847409702,"y":138.15993292092696,"cluster":1},{"x":201.1684261158208,"y":120.28542547572276,"cluster":1},{"x":83.89950003481786,"y":65.56473455822834,"cluster":1},{"x":16.50792200437231,"y":171.16249360047615,"cluster":1},{"x":42.7894938606034,"y":138.19825947498555,"cluster":1},{"x":61.942948512266696,"y":171.68387258630497,"cluster":1},{"x":236.31854529320185,"y":202.9786437189508,"cluster":1},{"x":429.2519832098486,"y":49.831452803910764,"cluster":1},{"x":194.26103692728154,"y":99.2532731976133,"cluster":1},{"x":115.35982056292565,"y":159.5291703709173,"cluster":1},{"x":125.981721759241,"y":110.91353963713367,"cluster":1},{"x":184.26605547143802,"y":64.20518283462519,"cluster":1},{"x":213.37169318651564,"y":17.18654280064739,"cluster":1},{"x":77.49190429866727,"y":193.5187116724689,"cluster":1},{"x":467.6615991296029,"y":115.26624362214348,"cluster":1},{"x":403.9166808632994,"y":129.90540612803514,"cluster":1}],"num_clusters":0}