{"title":"uniform-n100-r6-s4367296745435792467100","map_width":500,"map_height":300,"num_leaves":100,"tree":{"leaf":false,"id":198,"left":{"leaf":false,"id":196,"left":{"leaf":false,"id":195,"left":{"leaf":false,"id":194,"left":{"leaf":false,"id":190,"left":{"leaf":false,"id":168,"left":{"leaf":true,"id":40,"label":"40","site_id":40},"right":{"leaf":true,"id":59,"label":"59","site_id":59}},"right":{"leaf":false,"id":176,"left":{"leaf":false,"id":175,"left":{"leaf":true,"id":86,"label":"86","site_id":86},"right":{"leaf":true,"id":4,"label":"4","site_id":4}},"right":{"leaf":true,"id":90,"label":"90","site_id":90}}},"right":{"leaf":false,"id":193,"left":{"leaf":false,"id":191,"left":{"leaf":false,"id":139,"left":{"leaf":false,"id":137,"left":{"leaf":false,"id":116,"left":{"leaf":true,"id":97,"label":"97","site_id":97},"right":{"leaf":true,"id":60,"label":"60","site_id":60}},"right":{"leaf":false,"id":124,"left":{"leaf":true,"id":66,"label":"66","site_id":66},"right":{"leaf":true,"id":73,"label":"73","site_id":73}}},"right":{"leaf":false,"id":120,"left":{"leaf":true,"id":89,"label":"89","site_id":89},"right":{"leaf":true,"id":47,"label":"47","site_id":47}}},"right":{"leaf":false,"id":187,"left":{"leaf":false,"id":158,"left":{"leaf":true,"id":84,"label":"84","site_id":84},"right":{"leaf":true,"id":76,"label":"76","site_id":76}},"right":{"leaf":false,"id":182,"left":{"leaf":false,"id":147,"left":{"leaf":true,"id":5,"label":"5","site_id":5},"right":{"leaf":true,"id":53,"label":"53","site_id":53}},"right":{"leaf":false,"id":102,"left":{"leaf":true,"id":71,"label":"71","site_id":71},"right":{"leaf":true,"id":8,"label":"8","site_id":8}}}}},"right":{"leaf":false,"id":192,"left":{"leaf":false,"id":160,"left":{"leaf":false,"id":117,"left":{"leaf":true,"id":10,"label":"10","site_id":10},"right":{"leaf":true,"id":9,"label":"9","site_id":9}},"right":{"leaf":false,"id":105,"left":{"leaf":true,"id":61,"label":"61","site_id":61},"right":{"leaf":true,"id":31,"label":"31","site_id":31}}},"right":{"leaf":false,"id":188,"left":{"leaf":false,"id":186,"left":{"leaf":false,"id":165,"left":{"leaf":false,"id":163,"left":{"leaf":false,"id":110,"left":{"leaf":true,"id":57,"label":"57","site_id":57},"right":{"leaf":true,"id":15,"label":"15","site_id":15}},"right":{"leaf":false,"id":157,"left":{"leaf":false,"id":126,"left":{"leaf":true,"id":42,"label":"42","site_id":42},"right":{"leaf":false,"id":109,"left":{"leaf":true,"id":74,"label":"74","site_id":74},"right":{"leaf":true,"id":63,"label":"63","site_id":63}}},"right":{"leaf":false,"id":119,"left":{"leaf":false,"id":111,"left":{"leaf":true,"id":96,"label":"96","site_id":96},"right":{"leaf":true,"id":24,"label":"24","site_id":24}},"right":{"leaf":true,"id":37,"label":"37","site_id":37}}}},"right":{"leaf":true,"id":82,"label":"82","site_id":82}},"right":{"leaf":false,"id":148,"left":{"leaf":false,"id":143,"left":{"leaf":true,"id":7,"label":"7","site_id":7},"right":{"leaf":true,"id":43,"label":"43","site_id":43}},"right":{"leaf":true,"id":83,"label":"83","site_id":83}}},"right":{"leaf":true,"id":6,"label":"6","site_id":6}}}}},"right":{"leaf":false,"id":189,"left":{"leaf":false,"id":180,"left":{"leaf":true,"id":11,"label":"11","site_id":11},"right":{"leaf":false,"id":178,"left":{"leaf":false,"id":123,"left":{"leaf":true,"id":0,"label":"0","site_id":0},"right":{"leaf":true,"id":32,"label":"32","site_id":32}},"right":{"leaf":false,"id":156,"left":{"leaf":true,"id":35,"label":"35","site_id":35},"right":{"leaf":false,"id":132,"left":{"leaf":true,"id":56,"label":"56","site_id":56},"right":{"leaf":true,"id":33,"label":"33","site_id":33}}}}},"right":{"leaf":false,"id":179,"left":{"leaf":true,"id":26,"label":"26","site_id":26},"right":{"leaf":false,"id":173,"left":{"leaf":false,"id":171,"left":{"leaf":false,"id":153,"left":{"leaf":true,"id":92,"label":"92","site_id":92},"right":{"leaf":false,"id":129,"left":{"leaf":true,"id":80,"label":"80","site_id":80},"right":{"leaf":true,"id":39,"label":"39","site_id":39}}},"right":{"leaf":false,"id":128,"left":{"leaf":false,"id":115,"left":{"leaf":true,"id":25,"label":"25","site_id":25},"right":{"leaf":false,"id":112,"left":{"leaf":true,"id":3,"label":"3","site_id":3},"right":{"leaf":true,"id":64,"label":"64","site_id":64}}},"right":{"leaf":false,"id":127,"left":{"leaf":true,"id":22,"label":"22","site_id":22},"right":{"leaf":true,"id":88,"label":"88","site_id":88}}}},"right":{"leaf":false,"id":114,"left":{"leaf":true,"id":49,"label":"49","site_id":49},"right":{"leaf":true,"id":91,"label":"91","site_id":91}}}}}},"right":{"leaf":false,"id":185,"left":{"leaf":true,"id":98,"label":"98","site_id":98},"right":{"leaf":false,"id":177,"left":{"leaf":false,"id":169,"left":{"leaf":false,"id":134,"left":{"leaf":true,"id":18,"label":"18","site_id":18},"right":{"leaf":true,"id":41,"label":"41","site_id":41}},"right":{"leaf":false,"id":154,"left":{"leaf":false,"id":150,"left":{"leaf":true,"id":62,"label":"62","site_id":62},"right":{"leaf":true,"id":65,"label":"65","site_id":65}},"right":{"leaf":false,"id":107,"left":{"leaf":true,"id":17,"label":"17","site_id":17},"right":{"leaf":true,"id":14,"label":"14","site_id":14}}}},"right":{"leaf":false,"id":161,"left":{"leaf":true,"id":87,"label":"87","site_id":87},"right":{"leaf":false,"id":152,"left":{"leaf":true,"id":55,"label":"55","site_id":55},"right":{"leaf":true,"id":48,"label":"48","site_id":48}}}}}},"right":{"leaf":false,"id":197,"left":{"leaf":false,"id":183,"left":{"leaf":false,"id":174,"left":{"leaf":false,"id":142,"left":{"leaf":true,"id":46,"label":"46","site_id":46},"right":{"leaf":true,"id":58,"label":"58","site_id":58}},"right":{"leaf":false,"id":101,"left":{"leaf":true,"id":67,"label":"67","site_id":67},"right":{"leaf":true,"id":2,"label":"2","site_id":2}}},"right":{"leaf":false,"id":181,"left":{"leaf":false,"id":172,"left":{"leaf":false,"id":170,"left":{"leaf":true,"id":29,"label":"29","site_id":29},"right":{"leaf":false,"id":166,"left":{"leaf":true,"id":28,"label":"28","site_id":28},"right":{"leaf":false,"id":144,"left":{"leaf":true,"id":54,"label":"54","site_id":54},"right":{"leaf":true,"id":13,"label":"13","site_id":13}}}},"right":{"leaf":false,"id":167,"left":{"leaf":false,"id":140,"left":{"leaf":false,"id":106,"left":{"leaf":true,"id":12,"label":"12","site_id":12},"right":{"leaf":true,"id":78,"label":"78","site_id":78}},"right":{"leaf":true,"id":95,"label":"95","site_id":95}},"right":{"leaf":false,"id":155,"left":{"leaf":false,"id":151,"left":{"leaf":true,"id":75,"label":"75","site_id":75},"right":{"leaf":false,"id":145,"left":{"leaf":true,"id":68,"label":"68","site_id":68},"right":{"leaf":false,"id":133,"left":{"leaf":false,"id":122,"left":{"leaf":false,"id":108,"left":{"leaf":true,"id":79,"label":"79","site_id":79},"right":{"leaf":true,"id":30,"label":"30","site_id":30}},"right":{"leaf":true,"id":77,"label":"77","site_id":77}},"right":{"leaf":false,"id":131,"left":{"leaf":true,"id":94,"label":"94","site_id":94},"right":{"leaf":true,"id":81,"label":"81","site_id":81}}}}},"right":{"leaf":true,"id":21,"label":"21","site_id":21}}}},"right":{"leaf":false,"id":162,"left":{"leaf":false,"id":159,"left":{"leaf":true,"id":45,"label":"45","site_id":45},"right":{"leaf":false,"id":130,"left":{"leaf":false,"id":118,"left":{"leaf":true,"id":50,"label":"50","site_id":50},"right":{"leaf":true,"id":93,"label":"93","site_id":93}},"right":{"leaf":true,"id":36,"label":"36","site_id":36}}},"right":{"leaf":false,"id":141,"left":{"leaf":false,"id":135,"left":{"leaf":true,"id":72,"label":"72","site_id":72},"right":{"leaf":false,"id":121,"left":{"leaf":false,"id":104,"left":{"leaf":true,"id":34,"label":"34","site_id":34},"right":{"leaf":true,"id":1,"label":"1","site_id":1}},"right":{"leaf":true,"id":69,"label":"69","site_id":69}}},"right":{"leaf":false,"id":136,"left":{"leaf":true,"id":44,"label":"44","site_id":44},"right":{"leaf":false,"id":125,"left":{"leaf":false,"id":113,"left":{"leaf":true,"id":20,"label":"20","site_id":20},"right":{"leaf":true,"id":51,"label":"51","site_id":51}},"right":{"leaf":true,"id":99,"label":"99","site_id":99}}}}}}},"right":{"leaf":false,"id":184,"left":{"leaf":false,"id":149,"left":{"leaf":true,"id":38,"label":"38","site_id":38},"right":{"leaf":false,"id":138,"left":{"leaf":false,"id":100,"left":{"leaf":true,"id":27,"label":"27","site_id":27},"right":{"leaf":true,"id":19,"label":"19","site_id":19}},"right":{"leaf":false,"id":103,"left":{"leaf":true,"id":16,"label":"16","site_id":16},"right":{"leaf":true,"id":85,"label":"85","site_id":85}}}},"right":{"leaf":false,"id":164,"left":{"leaf":true,"id":70,"label":"70","site_id":70},"right":{"leaf":false,"id":146,"left":{"leaf":true,"id":23,"label":"23","site_id":23},"right":{"leaf":true,"id":52,"label":"52","site_id":52}}}}}},"num_sites":100,"sites":[{"x":298.9877064440636,"y":188.8250665186315,"cluster":1},{"x":406.43850880061945,"y":223.34668733114194,"cluster":1},{"x":226.72508733115703,"y":208.86127685925555,"cluster":1},{"x":437.40097668890877,"y":91.80372465153197,"cluster":1},{"x":386.2264022546878,"y":273.07810538982096,"cluster":1},{"x":69.33231760612404,"y":245.4161931676591,"cluster":1},{"x":184.16603758472834,"y":84.61606019059052,"cluster":1},{"x":101.33256119320995,"y":95.44994932937834,"cluster":1},{"x":123.25836654717365,"y":231.69326893046457,"cluster":1},{"x":81.8328483352455,"y":243.40817379040277,"cluster":1},{"x":46.779882928601175,"y":163.77469650489294,"cluster":1},{"x":178.14684104041189,"y":102.70260822109302,"cluster":1},{"x":55.859945094078945,"y":262.8242981185782,"cluster":1},{"x":219.39048490975304,"y":217.75381958875303,"cluster":1},{"x":188.03233012699724,"y":157.53297791269705,"cluster":1},{"x":45.652122066439944,"y":186.65057997335816,"cluster":1},{"x":330.8033956974553,"y":167.93651408762898,"cluster":1},{"x":378.277023680081,"y":47.86362417302686,"cluster":1},{"x":370.19373302584756,"y":144.54677058235822,"cluster":1},{"x":344.0504712046288,"y":18.061878574891878,"cluster":1},{"x":231.3490691835304,"y":200.01579440449547,"cluster":1},{"x":169.92101787104727,"y":246.81936885516717,"cluster":1},{"x":256.39216161886935,"y":152.43662546282943,"cluster":1},{"x":294.7002477069369,"y":164.92884554500637,"cluster":1},{"x":53.70120856205966,"y":227.65588078210567,"cluster":1},{"x":439.9080448131578,"y":86.15338544449924,"cluster":1},{"x":292.7513575834825,"y":133.43237080264447,"cluster":1},{"x":333.60213132638523,"y":47.54985340241865,"cluster":1},{"x":119.54478433813232,"y":240.92236949268602,"cluster":1},{"x":478.63807276267687,"y":250.98855750541017,"cluster":1},{"x":399.480679990236,"y":18.80614686341886,"cluster":1},{"x":360.3509301925276,"y":148.17094083094636,"cluster":1},{"x":318.1321478858015,"y":243.31248501981239,"cluster":1},{"x":137.28432873248897,"y":144.24236032526363,"cluster":1},{"x":470.7951587137241,"y":211.71083717437315,"cluster":1},{"x":232.07468580954895,"y":234.26507603198797,"cluster":1},{"x":236.98055369770734,"y":258.65917000675034,"cluster":1},{"x":372.95685483214754,"y":245.7929443511229,"cluster":1},{"x":349.1467908000771,"y":91.59276650226506,"cluster":1},{"x":132.34264073181083,"y":79.95103917522368,"cluster":1},{"x":52.924582991030526,"y":48.971839149405504,"cluster":1},{"x":475.5324027479839,"y":153.5663997957728,"cluster":1},{"x":192.78318924612103,"y":242.20654319375504,"cluster":1},{"x":197.7804302368423,"y":276.02307972226475,"cluster":1},{"x":430.0642391278778,"y":41.92014631742243,"cluster":1},{"x":231.85456427674163,"y":247.79901760809074,"cluster":1},{"x":50.48355703698394,"y":277.0243030129712,"cluster":1},{"x":181.56447271535137,"y":77.94272830123222,"cluster":1},{"x":85.18396821042577,"y":64.44532476670517,"cluster":1},{"x":277.93439772851104,"y":79.45675590067573,"cluster":1},{"x":212.34197094725258,"y":18.893411797977652,"cluster":1},{"x":226.83480720311533,"y":130.4514134924111,"cluster":1},{"x":285.18854640669576,"y":265.8066787555516,"cluster":1},{"x":129.96339041516774,"y":105.0161938636529,"cluster":1},{"x":237.09926965902937,"y":246.52989372524664,"cluster":1},{"x":475.0796997800063,"y":161.02784670152687,"cluster":1},{"x":415.14148657952967,"y":262.902821415076,"cluster":1},{"x":66.34890062449276,"y":212.5729937519508,"cluster":1},{"x":430.1359373091869,"y":138.73589109667913,"cluster":1},{"x":351.53860599902873,"y":82.30968038391535,"cluster":1},{"x":69.63910574464097,"y":123.92631122779606,"cluster":1},{"x":302.86816714798795,"y":95.36451169279064,"cluster":1},{"x":430.24086706276614,"y":36.87777982140652,"cluster":1},{"x":151.8246353246255,"y":127.62917698607582,"cluster":1},{"x":434.7045689970589,"y":74.7876275325053,"cluster":1},{"x":411.78938979176456,"y":51.55561788387064,"cluster":1},{"x":28.797099002774672,"y":115.30167898844135,"cluster":1},{"x":242.59828043561632,"y":204.96032099381176,"cluster":1},{"x":307.04386114994537,"y":242.76234922145164,"cluster":1},{"x":462.8992511507701,"y":209.26588336788126,"cluster":1},{"x":250.56064907754873,"y":275.8445184644503,"cluster":1},{"x":38.575768993225324,"y":63.369115373925524,"cluster":1},{"x":402.58012905866445,"y":160.2527273908992,"cluster":1},{"x":314.76246108403933,"y":107.61659729560358,"cluster":1},{"x":219.27620821019178,"y":251.72599770753405,"cluster":1},{"x":456.7272997562388,"y":16.527727510650415,"cluster":1},{"x":297.816036899885,"y":226.9304682821204,"cluster":1},{"x":290.9395433854184,"y":121.08266838617308,"cluster":1},{"x":218.8328311193671,"y":109.34173419434309,"cluster":1},{"x":199.6252158665759,"y":205.75810817441948,"cluster":1},{"x":150.03170154800034,"y":92.04625447877963,"cluster":1},{"x":188.23842845225226,"y":28.337499379836427,"cluster":1},{"x":103.48049283437204,"y":138.9329792093333,"cluster":1},{"x":178.16980218172947,"y":249.39302865281934,"cluster":1},{"x":409.0820585263646,"y":131.73845201876344,"cluster":1},{"x":469.4330981315757,"y":101.93673806341403,"cluster":1},{"x":392.7192162800553,"y":273.83911588040684,"cluster":1},{"x":265.4442586851437,"y":122.5664392449936,"cluster":1},{"x":433.5753483747137,"y":51.092468912225094,"cluster":1},{"x":73.05833571305007,"y":213.41980289362505,"cluster":1},{"x":118.09112118340771,"y":116.27627942129847,"cluster":1},{"x":316.42431663996973,"y":101.01250617642386,"cluster":1},{"x":64.79938941386692,"y":112.1534091691268,"cluster":1},{"x":182.8024342255882,"y":60.66536554135635,"cluster":1},{"x":232.66334398656917,"y":35.216524995357204,"cluster":1},{"x":52.41788014934352,"y":150.06863505028903,"cluster":1},{"x":198.665192525522,"y":228.43913449096772,"cluster":1},{"x":109.96268947788928,"y":135.85636735676465,"cluster":1},{"x":90.1561049072758,"y":279.771995698315,"cluster":1},{"x":311.09201176852565,"y":236.98603470047746,"cluster":1}],"num_clusters":0}