{"title":"uniform-n15-r7-s904082222267917372415","map_width":500,"map_height":300,"num_leaves":15,"tree":{"leaf":false,"id":28,"left":{"leaf":false,"id":27,"left":{"leaf":false,"id":21,"left":{"leaf":true,"id":8,"label":"8","site_id":8},"right":{"leaf":true,"id":7,"label":"7","site_id":7}},"right":{"leaf":false,"id":22,"left":{"leaf":true,"id":0,"label":"0","site_id":0},"right":{"leaf":false,"id":16,"left":{"leaf":true,"id":10,"label":"10","site_id":10},"right":{"leaf":true,"id":4,"label":"4","site_id":4}}}},"right":{"leaf":false,"id":26,"left":{"leaf":true,"id":3,"label":"3","site_id":3},"right":{"leaf":false,"id":25,"left":{"leaf":false,"id":24,"left":{"leaf":false,"id":23,"left":{"leaf":true,"id":1,"label":"1","site_id":1},"right":{"leaf":true,"id":9,"label":"9","site_id":9}},"right":{"leaf":false,"id":20,"left":{"leaf":false,"id":18,"left":{"leaf":true,"id":5,"label":"5","site_id":5},"right":{"leaf":true,"id":6,"label":"6","site_id":6}},"right":{"leaf":true,"id":2,"label":"2","site_id":2}}},"right":{"leaf":false,"id":19,"left":{"leaf":true,"id":11,"label":"11","site_id":11},"right":{"leaf":false,"id":17,"left":{"leaf":true,"id":12,"label":"12","site_id":12},"right":{"leaf":false,"id":15,"left":{"leaf":true,"id":13,"label":"13","site_id":13},"right":{"leaf":true,"id":14,"label":"14","site_id":14}}}}}}},"num_sites":15,"sites":[{"x":446.31812502262943,"y":239.45904868033486,"cluster":1},{"x":408.09747563964834,"y":81.48898422054012,"cluster":1},{"x":346.33444260091443,"y":90.59636529874055,"cluster":1},{"x":272.4202155545369,"y":197.82356571994305,"cluster":1},{"x":174.22764666292127,"y":126.38373856873258,"cluster":1},{"x":482.8546994643536,"y":280.14583689865043,"cluster":1},{"x":212.01337349919763,"y":201.6370377886297,"cluster":1},{"x":70.31106765577023,"y":122.06965928961684,"cluster":1},{"x":60.77044960739099,"y":98.44250151004833,"cluster":1},{"x":311.31562383963507,"y":57.84043181148107,"cluster":1},{"x":131.7943177573753,"y":24.190525449395498,"cluster":1},{"x":481.92970451090446,"y":18.42584029126211,"cluster":1},{"x":449.76627015217315,"y":180.22613953385934,"cluster":1},{"x":23.401026888033904,"y":177.18368615495797,"cluster":1},{"x":261.6271669842366,"y":199.78645771573073,"cluster":1}],"num_clusters":0}