{"title":"uniform-n100-r2-s-6139822020582680716100","map_width":500,"map_height":300,"num_leaves":100,"tree":{"leaf":false,"id":198,"left":{"leaf":false,"id":197,"left":{"leaf":false,"id":194,"left":{"leaf":false,"id":181,"left":{"leaf":false,"id":174,"left":{"leaf":true,"id":47,"label":"47","site_id":47},"right":{"leaf":false,"id":118,"left":{"leaf":false,"id":103,"left":{"leaf":true,"id":17,"label":"17","site_id":17},"right":{"leaf":true,"id":79,"label":"79","site_id":79}},"right":{"leaf":true,"id":52,"label":"52","site_id":52}}},"right":{"leaf":true,"id":9,"label":"9","site_id":9}},"right":{"leaf":false,"id":187,"left":{"leaf":false,"id":175,"left":{"leaf":false,"id":169,"left":{"leaf":false,"id":162,"left":{"leaf":true,"id":8,"label":"8","site_id":8},"right":{"leaf":false,"id":161,"left":{"leaf":false,"id":160,"left":{"leaf":false,"id":157,"left":{"leaf":false,"id":148,"left":{"leaf":false,"id":144,"left":{"leaf":false,"id":115,"left":{"leaf":true,"id":26,"label":"26","site_id":26},"right":{"leaf":true,"id":97,"label":"97","site_id":97}},"right":{"leaf":false,"id":133,"left":{"leaf":true,"id":65,"label":"65","site_id":65},"right":{"leaf":true,"id":82,"label":"82","site_id":82}}},"right":{"leaf":false,"id":145,"left":{"leaf":true,"id":25,"label":"25","site_id":25},"right":{"leaf":true,"id":69,"label":"69","site_id":69}}},"right":{"leaf":false,"id":156,"left":{"leaf":false,"id":130,"left":{"leaf":true,"id":23,"label":"23","site_id":23},"right":{"leaf":true,"id":16,"label":"16","site_id":16}},"right":{"leaf":true,"id":53,"label":"53","site_id":53}}},"right":{"leaf":false,"id":138,"left":{"leaf":false,"id":113,"left":{"leaf":true,"id":67,"label":"67","site_id":67},"right":{"leaf":true,"id":89,"label":"89","site_id":89}},"right":{"leaf":true,"id":35,"label":"35","site_id":35}}},"right":{"leaf":false,"id":143,"left":{"leaf":true,"id":1,"label":"1","site_id":1},"right":{"leaf":false,"id":124,"left":{"leaf":true,"id":19,"label":"19","site_id":19},"right":{"leaf":false,"id":111,"left":{"leaf":true,"id":73,"label":"73","site_id":73},"right":{"leaf":true,"id":68,"label":"68","site_id":68}}}}}},"right":{"leaf":false,"id":114,"left":{"leaf":true,"id":7,"label":"7","site_id":7},"right":{"leaf":true,"id":22,"label":"22","site_id":22}}},"right":{"leaf":false,"id":150,"left":{"leaf":false,"id":136,"left":{"leaf":true,"id":58,"label":"58","site_id":58},"right":{"leaf":true,"id":36,"label":"36","site_id":36}},"right":{"leaf":true,"id":12,"label":"12","site_id":12}}},"right":{"leaf":false,"id":147,"left":{"leaf":true,"id":5,"label":"5","site_id":5},"right":{"leaf":false,"id":120,"left":{"leaf":true,"id":92,"label":"92","site_id":92},"right":{"leaf":false,"id":105,"left":{"leaf":true,"id":15,"label":"15","site_id":15},"right":{"leaf":true,"id":84,"label":"84","site_id":84}}}}}},"right":{"leaf":false,"id":196,"left":{"leaf":false,"id":190,"left":{"leaf":false,"id":184,"left":{"leaf":false,"id":163,"left":{"leaf":true,"id":56,"label":"56","site_id":56},"right":{"leaf":false,"id":149,"left":{"leaf":true,"id":57,"label":"57","site_id":57},"right":{"leaf":true,"id":70,"label":"70","site_id":70}}},"right":{"leaf":false,"id":167,"left":{"leaf":false,"id":151,"left":{"leaf":true,"id":94,"label":"94","site_id":94},"right":{"leaf":false,"id":129,"left":{"leaf":true,"id":13,"label":"13","site_id":13},"right":{"leaf":false,"id":121,"left":{"leaf":true,"id":81,"label":"81","site_id":81},"right":{"leaf":true,"id":88,"label":"88","site_id":88}}}},"right":{"leaf":false,"id":122,"left":{"leaf":true,"id":0,"label":"0","site_id":0},"right":{"leaf":true,"id":27,"label":"27","site_id":27}}}},"right":{"leaf":false,"id":179,"left":{"leaf":true,"id":34,"label":"34","site_id":34},"right":{"leaf":false,"id":173,"left":{"leaf":false,"id":152,"left":{"leaf":false,"id":125,"left":{"leaf":true,"id":43,"label":"43","site_id":43},"right":{"leaf":true,"id":87,"label":"87","site_id":87}},"right":{"leaf":false,"id":100,"left":{"leaf":true,"id":90,"label":"90","site_id":90},"right":{"leaf":true,"id":24,"label":"24","site_id":24}}},"right":{"leaf":false,"id":168,"left":{"leaf":true,"id":51,"label":"51","site_id":51},"right":{"leaf":true,"id":99,"label":"99","site_id":99}}}}},"right":{"leaf":false,"id":193,"left":{"leaf":false,"id":192,"left":{"leaf":false,"id":191,"left":{"leaf":false,"id":188,"left":{"leaf":false,"id":110,"left":{"leaf":true,"id":29,"label":"29","site_id":29},"right":{"leaf":true,"id":85,"label":"85","site_id":85}},"right":{"leaf":false,"id":182,"left":{"leaf":false,"id":141,"left":{"leaf":true,"id":38,"label":"38","site_id":38},"right":{"leaf":true,"id":18,"label":"18","site_id":18}},"right":{"leaf":false,"id":140,"left":{"leaf":true,"id":62,"label":"62","site_id":62},"right":{"leaf":true,"id":91,"label":"91","site_id":91}}}},"right":{"leaf":false,"id":185,"left":{"leaf":false,"id":172,"left":{"leaf":true,"id":86,"label":"86","site_id":86},"right":{"leaf":false,"id":165,"left":{"leaf":true,"id":63,"label":"63","site_id":63},"right":{"leaf":true,"id":54,"label":"54","site_id":54}}},"right":{"leaf":false,"id":183,"left":{"leaf":true,"id":61,"label":"61","site_id":61},"right":{"leaf":true,"id":21,"label":"21","site_id":21}}}},"right":{"leaf":false,"id":170,"left":{"leaf":false,"id":166,"left":{"leaf":false,"id":159,"left":{"leaf":true,"id":93,"label":"93","site_id":93},"right":{"leaf":false,"id":128,"left":{"leaf":true,"id":4,"label":"4","site_id":4},"right":{"leaf":true,"id":28,"label":"28","site_id":28}}},"right":{"leaf":false,"id":154,"left":{"leaf":false,"id":117,"left":{"leaf":true,"id":80,"label":"80","site_id":80},"right":{"leaf":false,"id":108,"left":{"leaf":true,"id":64,"label":"64","site_id":64},"right":{"leaf":true,"id":11,"label":"11","site_id":11}}},"right":{"leaf":false,"id":119,"left":{"leaf":true,"id":60,"label":"60","site_id":60},"right":{"leaf":false,"id":116,"left":{"leaf":true,"id":71,"label":"71","site_id":71},"right":{"leaf":true,"id":76,"label":"76","site_id":76}}}}},"right":{"leaf":false,"id":112,"left":{"leaf":true,"id":48,"label":"48","site_id":48},"right":{"leaf":true,"id":39,"label":"39","site_id":39}}}},"right":{"leaf":false,"id":153,"left":{"leaf":true,"id":3,"label":"3","site_id":3},"right":{"leaf":false,"id":131,"left":{"leaf":true,"id":83,"label":"83","site_id":83},"right":{"leaf":true,"id":78,"label":"78","site_id":78}}}}}},"right":{"leaf":false,"id":195,"left":{"leaf":false,"id":186,"left":{"leaf":false,"id":137,"left":{"leaf":false,"id":127,"left":{"leaf":true,"id":40,"label":"40","site_id":40},"right":{"leaf":true,"id":14,"label":"14","site_id":14}},"right":{"leaf":false,"id":135,"left":{"leaf":true,"id":98,"label":"98","site_id":98},"right":{"leaf":false,"id":104,"left":{"leaf":true,"id":45,"label":"45","site_id":45},"right":{"leaf":true,"id":6,"label":"6","site_id":6}}}},"right":{"leaf":true,"id":66,"label":"66","site_id":66}},"right":{"leaf":false,"id":189,"left":{"leaf":false,"id":176,"left":{"leaf":false,"id":171,"left":{"leaf":false,"id":164,"left":{"leaf":false,"id":146,"left":{"leaf":true,"id":49,"label":"49","site_id":49},"right":{"leaf":true,"id":95,"label":"95","site_id":95}},"right":{"leaf":false,"id":155,"left":{"leaf":true,"id":77,"label":"77","site_id":77},"right":{"leaf":false,"id":139,"left":{"leaf":true,"id":42,"label":"42","site_id":42},"right":{"leaf":false,"id":134,"left":{"leaf":false,"id":106,"left":{"leaf":true,"id":31,"label":"31","site_id":31},"right":{"leaf":true,"id":96,"label":"96","site_id":96}},"right":{"leaf":false,"id":132,"left":{"leaf":true,"id":20,"label":"20","site_id":20},"right":{"leaf":true,"id":55,"label":"55","site_id":55}}}}}},"right":{"leaf":false,"id":142,"left":{"leaf":true,"id":33,"label":"33","site_id":33},"right":{"leaf":false,"id":101,"left":{"leaf":true,"id":46,"label":"46","site_id":46},"right":{"leaf":true,"id":37,"label":"37","site_id":37}}}},"right":{"leaf":false,"id":158,"left":{"leaf":true,"id":74,"label":"74","site_id":74},"right":{"leaf":false,"id":102,"left":{"leaf":true,"id":50,"label":"50","site_id":50},"right":{"leaf":true,"id":59,"label":"59","site_id":59}}}},"right":{"leaf":false,"id":180,"left":{"leaf":false,"id":178,"left":{"leaf":false,"id":123,"left":{"leaf":true,"id":10,"label":"10","site_id":10},"right":{"leaf":true,"id":44,"label":"44","site_id":44}},"right":{"leaf":false,"id":177,"left":{"leaf":false,"id":126,"left":{"leaf":false,"id":109,"left":{"leaf":true,"id":32,"label":"32","site_id":32},"right":{"leaf":true,"id":2,"label":"2","site_id":2}},"right":{"leaf":false,"id":107,"left":{"leaf":true,"id":72,"label":"72","site_id":72},"right":{"leaf":true,"id":41,"label":"41","site_id":41}}},"right":{"leaf":true,"id":75,"label":"75","site_id":75}}},"right":{"leaf":true,"id":30,"label":"30","site_id":30}}}}},"num_sites":100,"sites":[{"x":360.2321392239795,"y":175.02732231239582,"cluster":1},{"x":265.0164778772162,"y":142.2111272636763,"cluster":1},{"x":101.90865375945228,"y":196.07895289305438,"cluster":1},{"x":297.4558362979489,"y":39.33870414131093,"cluster":1},{"x":344.3156660418197,"y":90.19914897779103,"cluster":1},{"x":411.7638493381556,"y":230.62761993427958,"cluster":1},{"x":120.2047898943368,"y":144.38391470767007,"cluster":1},{"x":146.78357771191574,"y":205.89783961712712,"cluster":1},{"x":482.15252722283594,"y":189.72748381833654,"cluster":1},{"x":411.1954431951922,"y":221.1256943833914,"cluster":1},{"x":97.42156963674793,"y":37.12064132715655,"cluster":1},{"x":48.519265033363105,"y":88.41786961526303,"cluster":1},{"x":315.75794890694374,"y":64.76048156269692,"cluster":1},{"x":126.4437954776059,"y":282.5140340067684,"cluster":1},{"x":365.20940125125367,"y":126.0149198006609,"cluster":1},{"x":367.6340534805828,"y":214.44649383677162,"cluster":1},{"x":439.4776070713974,"y":259.964731340296,"cluster":1},{"x":324.93882265325254,"y":219.733253054181,"cluster":1},{"x":470.9324483379426,"y":264.16257446268605,"cluster":1},{"x":396.8791061723539,"y":133.66644665120432,"cluster":1},{"x":16.219319942780093,"y":249.80271238550594,"cluster":1},{"x":379.44521149235385,"y":119.8811227821575,"cluster":1},{"x":356.3803137455235,"y":53.58716511686372,"cluster":1},{"x":447.5638886550864,"y":80.44994319104507,"cluster":1},{"x":80.58827749709508,"y":188.1030225375852,"cluster":1},{"x":104.11863924742765,"y":36.24737873841981,"cluster":1},{"x":31.95774552565802,"y":83.49273749461398,"cluster":1},{"x":446.11501015703027,"y":215.2625540761183,"cluster":1},{"x":425.44946848504577,"y":137.60320931393233,"cluster":1},{"x":366.4794657644144,"y":263.9128899214447,"cluster":1},{"x":171.62566555845234,"y":159.64158300354907,"cluster":1},{"x":76.06426456536812,"y":112.22132421248388,"cluster":1},{"x":75.94065901446466,"y":273.6447607547327,"cluster":1},{"x":53.7021626994763,"y":47.967850865007236,"cluster":1},{"x":61.36694229019473,"y":212.7864588488042,"cluster":1},{"x":452.6140916530631,"y":147.6117107173493,"cluster":1},{"x":192.4593695188332,"y":223.70005966502754,"cluster":1},{"x":249.11895687320003,"y":192.90365468007866,"cluster":1},{"x":261.45042182140963,"y":191.58712697097133,"cluster":1},{"x":384.4290730317788,"y":31.668097076466267,"cluster":1},{"x":371.6472846846293,"y":91.91090069707397,"cluster":1},{"x":272.3361665448236,"y":259.2332106984293,"cluster":1},{"x":70.26658625972311,"y":172.94080973476247,"cluster":1},{"x":134.80167985596813,"y":53.422496807020394,"cluster":1},{"x":111.89554666821711,"y":115.31831153766605,"cluster":1},{"x":433.8616971329002,"y":270.8942621558144,"cluster":1},{"x":205.00831505610782,"y":100.15627396113483,"cluster":1},{"x":331.8410303271387,"y":145.9262620705273,"cluster":1},{"x":407.39431364842295,"y":15.963299771509948,"cluster":1},{"x":152.64196856042054,"y":184.4905540603346,"cluster":1},{"x":81.97017776914188,"y":246.9012196916179,"cluster":1},{"x":244.83277947552196,"y":46.649319984189574,"cluster":1},{"x":82.25017061465346,"y":260.53833709330974,"cluster":1},{"x":412.40695435895134,"y":158.92540064887797,"cluster":1},{"x":346.73969545634753,"y":62.35270740579941,"cluster":1},{"x":231.4187486919194,"y":115.36177420345219,"cluster":1},{"x":393.69460284982995,"y":216.7691360549836,"cluster":1},{"x":380.2215171654892,"y":141.4824402158759,"cluster":1},{"x":272.05400964256324,"y":140.48024174266368,"cluster":1},{"x":117.74470813410467,"y":279.3024528622567,"cluster":1},{"x":60.90718554167892,"y":143.20644451942687,"cluster":1},{"x":218.1417102412703,"y":53.90817700869886,"cluster":1},{"x":438.59536454845886,"y":243.89122734182953,"cluster":1},{"x":431.2247198794982,"y":42.9391378492374,"cluster":1},{"x":123.47678752597434,"y":246.60763227782815,"cluster":1},{"x":146.37432419410084,"y":39.551071822387044,"cluster":1},{"x":81.49895008410644,"y":150.1685335431291,"cluster":1},{"x":363.0705004715415,"y":137.12518726404934,"cluster":1},{"x":81.02429902258527,"y":98.58761998781652,"cluster":1},{"x":33.83814192885053,"y":30.11182725614625,"cluster":1},{"x":222.846339703846,"y":166.1297809660799,"cluster":1},{"x":85.23424925098959,"y":239.95715527438114,"cluster":1},{"x":253.01027591579037,"y":150.71892690110363,"cluster":1},{"x":149.52543663709395,"y":118.05958299619903,"cluster":1},{"x":327.9181931894092,"y":112.93804043958714,"cluster":1},{"x":123.91332758231829,"y":229.1382197890243,"cluster":1},{"x":35.250950909574364,"y":134.76051024896037,"cluster":1},{"x":65.56199025657835,"y":48.2686570291382,"cluster":1},{"x":310.47951098413296,"y":242.49374036419252,"cluster":1},{"x":479.26532991433237,"y":73.15193566631177,"cluster":1},{"x":177.16611966787406,"y":272.1950862529513,"cluster":1},{"x":340.36424775228,"y":259.930590395164,"cluster":1},{"x":89.87088953353575,"y":53.03730198638275,"cluster":1},{"x":418.48183723730307,"y":16.0512224444776,"cluster":1},{"x":401.2821876871623,"y":214.75456338447495,"cluster":1},{"x":447.7918811479547,"y":227.29612937369546,"cluster":1},{"x":300.17930587741586,"y":219.3923449353789,"cluster":1},{"x":456.86945340586135,"y":78.16702183532414,"cluster":1},{"x":165.69431912980568,"y":175.30186046594534,"cluster":1},{"x":349.2617583866945,"y":230.7790287700259,"cluster":1},{"x":169.08642539529225,"y":122.54156816591316,"cluster":1},{"x":384.24851582706384,"y":244.4293458225744,"cluster":1},{"x":474.7496106990409,"y":163.63617028842754,"cluster":1},{"x":482.895253370662,"y":56.62732259478384,"cluster":1},{"x":160.18336041613597,"y":184.39072511457815,"cluster":1},{"x":153.75473479249754,"y":190.91170028795693,"cluster":1},{"x":56.826615024081164,"y":188.31980671391904,"cluster":1},{"x":193.59644950970008,"y":18.400277611242217,"cluster":1},{"x":290.9416746144183,"y":171.0960899312777,"cluster":1},{"x":212.9413134028509,"y":133.2116417310309,"cluster":1}],"num_clusters":0}