{"title":"uniform-n35-r0-s-501399546686842634535","map_width":500,"map_height":300,"num_leaves":35,"tree":{"leaf":false,"id":68,"left":{"leaf":false,"id":67,"left":{"leaf":false,"id":61,"left":{"leaf":true,"id":20,"label":"20","site_id":20},"right":{"leaf":true,"id":12,"label":"12","site_id":12}},"right":{"leaf":false,"id":66,"left":{"leaf":false,"id":65,"left":{"leaf":false,"id":60,"left":{"leaf":false,"id":50,"left":{"leaf":false,"id":49,"left":{"leaf":false,"id":45,"left":{"leaf":true,"id":31,"label":"31","site_id":31},"right":{"leaf":false,"id":44,"left":{"leaf":true,"id":30,"label":"30","site_id":30},"right":{"leaf":false,"id":41,"left":{"leaf":true,"id":1,"label":"1","site_id":1},"right":{"leaf":true,"id":28,"label":"28","site_id":28}}}},"right":{"leaf":true,"id":27,"label":"27","site_id":27}},"right":{"leaf":true,"id":0,"label":"0","site_id":0}},"right":{"leaf":true,"id":9,"label":"9","site_id":9}},"right":{"leaf":false,"id":64,"left":{"leaf":false,"id":63,"left":{"leaf":false,"id":37,"left":{"leaf":true,"id":3,"label":"3","site_id":3},"right":{"leaf":true,"id":29,"label":"29","site_id":29}},"right":{"leaf":false,"id":53,"left":{"leaf":true,"id":11,"label":"11","site_id":11},"right":{"leaf":true,"id":25,"label":"25","site_id":25}}},"right":{"leaf":true,"id":13,"label":"13","site_id":13}}},"right":{"leaf":false,"id":51,"left":{"leaf":true,"id":24,"label":"24","site_id":24},"right":{"leaf":true,"id":21,"label":"21","site_id":21}}}},"right":{"leaf":false,"id":62,"left":{"leaf":false,"id":59,"left":{"leaf":false,"id":38,"left":{"leaf":true,"id":10,"label":"10","site_id":10},"right":{"leaf":true,"id":6,"label":"6","site_id":6}},"right":{"leaf":false,"id":58,"left":{"leaf":false,"id":57,"left":{"leaf":false,"id":48,"left":{"leaf":true,"id":18,"label":"18","site_id":18},"right":{"leaf":true,"id":5,"label":"5","site_id":5}},"right":{"leaf":false,"id":52,"left":{"leaf":true,"id":33,"label":"33","site_id":33},"right":{"leaf":true,"id":22,"label":"22","site_id":22}}},"right":{"leaf":false,"id":56,"left":{"leaf":false,"id":54,"left":{"leaf":true,"id":8,"label":"8","site_id":8},"right":{"leaf":false,"id":47,"left":{"leaf":true,"id":32,"label":"32","site_id":32},"right":{"leaf":false,"id":42,"left":{"leaf":false,"id":40,"left":{"leaf":true,"id":7,"label":"7","site_id":7},"right":{"leaf":true,"id":34,"label":"34","site_id":34}},"right":{"leaf":false,"id":39,"left":{"leaf":true,"id":19,"label":"19","site_id":19},"right":{"leaf":true,"id":16,"label":"16","site_id":16}}}}},"right":{"leaf":false,"id":43,"left":{"leaf":true,"id":2,"label":"2","site_id":2},"right":{"leaf":true,"id":4,"label":"4","site_id":4}}}}},"right":{"leaf":false,"id":55,"left":{"leaf":false,"id":46,"left":{"leaf":false,"id":36,"left":{"leaf":false,"id":35,"left":{"leaf":true,"id":14,"label":"14","site_id":14},"right":{"leaf":true,"id":17,"label":"17","site_id":17}},"right":{"leaf":true,"id":15,"label":"15","site_id":15}},"right":{"leaf":true,"id":26,"label":"26","site_id":26}},"right":{"leaf":true,"id":23,"label":"23","site_id":23}}}},"num_sites":35,"sites":[{"x":220.00576845328922,"y":272.4359435502111,"cluster":1},{"x":152.99925593578402,"y":146.6360564603493,"cluster":1},{"x":32.768269215214545,"y":34.8561561373599,"cluster":1},{"x":312.48991321892646,"y":40.28434561658836,"cluster":1},{"x":118.44047443144912,"y":209.36248491491537,"cluster":1},{"x":234.6250939136665,"y":155.87801079011822,"cluster":1},{"x":79.4118587704007,"y":266.329459896068,"cluster":1},{"x":310.48831840486287,"y":138.74181915546188,"cluster":1},{"x":186.67623778158864,"y":191.31326947379284,"cluster":1},{"x":395.2469143651651,"y":171.2745213982115,"cluster":1},{"x":83.35504084738568,"y":252.50088184284596,"cluster":1},{"x":78.25642071098733,"y":159.44508146580287,"cluster":1},{"x":361.0131907287077,"y":51.40770694804781,"cluster":1},{"x":79.55793027490613,"y":238.9287722167901,"cluster":1},{"x":63.14361074534515,"y":51.908738223539984,"cluster":1},{"x":389.4245814967584,"y":38.03371614090166,"cluster":1},{"x":327.4909420497233,"y":281.1162114050188,"cluster":1},{"x":324.1269678382269,"y":200.33998005766014,"cluster":1},{"x":132.11804481053213,"y":256.2318123429725,"cluster":1},{"x":378.5385951504293,"y":252.93218754844148,"cluster":1},{"x":339.2881983667911,"y":94.30430652165896,"cluster":1},{"x":184.5910305412114,"y":76.25323540001995,"cluster":1},{"x":376.34377764269266,"y":56.81363893515107,"cluster":1},{"x":303.91471673533863,"y":198.9406117625848,"cluster":1},{"x":153.8068574638367,"y":138.1804060698816,"cluster":1},{"x":53.264761085270166,"y":215.5282876372412,"cluster":1},{"x":97.90961435781472,"y":36.664629078568254,"cluster":1},{"x":182.53278399957122,"y":226.60618166049704,"cluster":1},{"x":137.6826760167999,"y":237.67072725605502,"cluster":1},{"x":317.28387246853214,"y":49.925688409976495,"cluster":1},{"x":295.5862761199708,"y":243.21562656113508,"cluster":1},{"x":430.8344148906071,"y":147.0236281270043,"cluster":1},{"x":245.46486100308636,"y":177.2447915294445,"cluster":1},{"x":374.8999574574041,"y":33.20871168202691,"cluster":1},{"x":212.33747110446527,"y":94.59618987992218,"cluster":1}],"num_clusters":0}