{"title":"uniform-n45-r3-s-455563098075744373845","map_width":500,"map_height":300,"num_leaves":45,"tree":{"leaf":false,"id":88,"left":{"leaf":false,"id":87,"left":{"leaf":false,"id":85,"left":{"leaf":false,"id":83,"left":{"leaf":true,"id":9,"label":"9","site_id":9},"right":{"leaf":false,"id":81,"left":{"leaf":false,"id":49,"left":{"leaf":true,"id":39,"label":"39","site_id":39},"right":{"leaf":true,"id":14,"label":"14","site_id":14}},"right":{"leaf":false,"id":58,"left":{"leaf":true,"id":44,"label":"44","site_id":44},"right":{"leaf":true,"id":3,"label":"3","site_id":3}}}},"right":{"leaf":false,"id":82,"left":{"leaf":true,"id":31,"label":"31","site_id":31},"right":{"leaf":false,"id":78,"left":{"leaf":false,"id":77,"left":{"leaf":false,"id":68,"left":{"leaf":true,"id":23,"label":"23","site_id":23},"right":{"leaf":false,"id":66,"left":{"leaf":false,"id":60,"left":{"leaf":false,"id":57,"left":{"leaf":true,"id":1,"label":"1","site_id":1},"right":{"leaf":true,"id":7,"label":"7","site_id":7}},"right":{"leaf":true,"id":12,"label":"12","site_id":12}},"right":{"leaf":false,"id":65,"left":{"leaf":false,"id":62,"left":{"leaf":true,"id":4,"label":"4","site_id":4},"right":{"leaf":false,"id":47,"left":{"leaf":true,"id":40,"label":"40","site_id":40},"right":{"leaf":true,"id":5,"label":"5","site_id":5}}},"right":{"leaf":true,"id":10,"label":"10","site_id":10}}}},"right":{"leaf":true,"id":42,"label":"42","site_id":42}},"right":{"leaf":false,"id":73,"left":{"leaf":false,"id":71,"left":{"leaf":false,"id":67,"left":{"leaf":true,"id":30,"label":"30","site_id":30},"right":{"leaf":false,"id":61,"left":{"leaf":false,"id":52,"left":{"leaf":true,"id":17,"label":"17","site_id":17},"right":{"leaf":true,"id":21,"label":"21","site_id":21}},"right":{"leaf":false,"id":48,"left":{"leaf":true,"id":26,"label":"26","site_id":26},"right":{"leaf":true,"id":6,"label":"6","site_id":6}}}},"right":{"leaf":false,"id":69,"left":{"leaf":true,"id":24,"label":"24","site_id":24},"right":{"leaf":true,"id":16,"label":"16","site_id":16}}},"right":{"leaf":true,"id":15,"label":"15","site_id":15}}}}},"right":{"leaf":false,"id":76,"left":{"leaf":true,"id":36,"label":"36","site_id":36},"right":{"leaf":false,"id":74,"left":{"leaf":true,"id":22,"label":"22","site_id":22},"right":{"leaf":false,"id":55,"left":{"leaf":true,"id":37,"label":"37","site_id":37},"right":{"leaf":true,"id":18,"label":"18","site_id":18}}}}},"right":{"leaf":false,"id":86,"left":{"leaf":false,"id":84,"left":{"leaf":false,"id":80,"left":{"leaf":false,"id":75,"left":{"leaf":true,"id":33,"label":"33","site_id":33},"right":{"leaf":false,"id":46,"left":{"leaf":true,"id":19,"label":"19","site_id":19},"right":{"leaf":true,"id":2,"label":"2","site_id":2}}},"right":{"leaf":true,"id":13,"label":"13","site_id":13}},"right":{"leaf":false,"id":64,"left":{"leaf":false,"id":63,"left":{"leaf":false,"id":45,"left":{"leaf":true,"id":11,"label":"11","site_id":11},"right":{"leaf":true,"id":27,"label":"27","site_id":27}},"right":{"leaf":true,"id":29,"label":"29","site_id":29}},"right":{"leaf":false,"id":56,"left":{"leaf":true,"id":32,"label":"32","site_id":32},"right":{"leaf":true,"id":38,"label":"38","site_id":38}}}},"right":{"leaf":false,"id":79,"left":{"leaf":false,"id":72,"left":{"leaf":true,"id":43,"label":"43","site_id":43},"right":{"leaf":false,"id":70,"left":{"leaf":false,"id":59,"left":{"leaf":false,"id":53,"left":{"leaf":true,"id":20,"label":"20","site_id":20},"right":{"leaf":true,"id":34,"label":"34","site_id":34}},"right":{"leaf":false,"id":54,"left":{"leaf":true,"id":8,"label":"8","site_id":8},"right":{"leaf":true,"id":28,"label":"28","site_id":28}}},"right":{"leaf":false,"id":51,"left":{"leaf":true,"id":0,"label":"0","site_id":0},"right":{"leaf":true,"id":41,"label":"41","site_id":41}}}},"right":{"leaf":false,"id":50,"left":{"leaf":true,"id":35,"label":"35","site_id":35},"right":{"leaf":true,"id":25,"label":"25","site_id":25}}}}},"num_sites":45,"sites":[{"x":80.52955677594508,"y":276.3341849417411,"cluster":1},{"x":128.0825804124387,"y":72.48941953351901,"cluster":1},{"x":471.60113739097795,"y":161.66400080395445,"cluster":1},{"x":141.51584883295402,"y":211.05706593989794,"cluster":1},{"x":385.27031907041936,"y":237.79606755728514,"cluster":1},{"x":210.6858687828815,"y":165.49344351962858,"cluster":1},{"x":128.31989651685677,"y":23.924805380568625,"cluster":1},{"x":225.96137349622333,"y":109.6919350238319,"cluster":1},{"x":358.11376570496856,"y":275.4091999764959,"cluster":1},{"x":474.97961408825984,"y":257.9149411617261,"cluster":1},{"x":84.30737909575028,"y":138.14910134959155,"cluster":1},{"x":386.80722679942846,"y":139.2621614929288,"cluster":1},{"x":156.60167687090336,"y":252.0543975388334,"cluster":1},{"x":448.3542357759251,"y":126.53366773783782,"cluster":1},{"x":36.914177837679944,"y":242.98779166761355,"cluster":1},{"x":434.2224069682783,"y":99.97696087772167,"cluster":1},{"x":326.1281018535624,"y":178.7631117688384,"cluster":1},{"x":314.0500987209534,"y":264.32714225271616,"cluster":1},{"x":27.054964102385814,"y":191.91997366244496,"cluster":1},{"x":408.9842785091358,"y":181.40671401640145,"cluster":1},{"x":346.40804432596536,"y":260.07131257749325,"cluster":1},{"x":281.1660588333819,"y":210.3464885393664,"cluster":1},{"x":89.43417052192176,"y":143.63461373567685,"cluster":1},{"x":177.05951579602305,"y":203.22150897175328,"cluster":1},{"x":421.38780486848816,"y":130.7082038294086,"cluster":1},{"x":37.08441821676986,"y":205.56573601301352,"cluster":1},{"x":180.25643371990927,"y":49.74311615375104,"cluster":1},{"x":150.33193936272744,"y":68.83680051138296,"cluster":1},{"x":375.05823066571594,"y":212.48697343310116,"cluster":1},{"x":164.14809729269237,"y":75.4468830748983,"cluster":1},{"x":413.63262423953154,"y":52.44002580919496,"cluster":1},{"x":374.0631617450201,"y":226.4583800104139,"cluster":1},{"x":443.13139571375893,"y":87.76475597757198,"cluster":1},{"x":469.9261832339513,"y":107.4627938169323,"cluster":1},{"x":345.39260770279475,"y":232.2290293965494,"cluster":1},{"x":39.171905440518785,"y":189.51878124533178,"cluster":1},{"x":408.0419930051433,"y":193.3389829209118,"cluster":1},{"x":167.9035885838814,"y":119.32019682643457,"cluster":1},{"x":390.51546276172456,"y":103.33149287298852,"cluster":1},{"x":64.91805340389482,"y":255.99738534614323,"cluster":1},{"x":222.23425967525583,"y":246.14733657562195,"cluster":1},{"x":262.93087785312144,"y":271.12492714996756,"cluster":1},{"x":117.88823333034,"y":211.89462119354542,"cluster":1},{"x":235.07720710063415,"y":23.616376527064006,"cluster":1},{"x":212.19525084166267,"y":29.63848088472004,"cluster":1}],"num_clusters":0}