{"title":"uniform-n40-r0-s-502886782440851808940","map_width":500,"map_height":300,"num_leaves":40,"tree":{"leaf":false,"id":78,"left":{"leaf":false,"id":77,"left":{"leaf":false,"id":76,"left":{"leaf":false,"id":51,"left":{"leaf":true,"id":39,"label":"39","site_id":39},"right":{"leaf":true,"id":28,"label":"28","site_id":28}},"right":{"leaf":false,"id":74,"left":{"leaf":false,"id":69,"left":{"leaf":false,"id":52,"left":{"leaf":true,"id":32,"label":"32","site_id":32},"right":{"leaf":true,"id":14,"label":"14","site_id":14}},"right":{"leaf":true,"id":31,"label":"31","site_id":31}},"right":{"leaf":false,"id":73,"left":{"leaf":false,"id":71,"left":{"leaf":true,"id":8,"label":"8","site_id":8},"right":{"leaf":false,"id":42,"left":{"leaf":false,"id":40,"left":{"leaf":true,"id":2,"label":"2","site_id":2},"right":{"leaf":true,"id":29,"label":"29","site_id":29}},"right":{"leaf":true,"id":33,"label":"33","site_id":33}}},"right":{"leaf":false,"id":67,"left":{"leaf":false,"id":58,"left":{"leaf":false,"id":54,"left":{"leaf":true,"id":21,"label":"21","site_id":21},"right":{"leaf":false,"id":53,"left":{"leaf":true,"id":30,"label":"30","site_id":30},"right":{"leaf":true,"id":1,"label":"1","site_id":1}}},"right":{"leaf":true,"id":35,"label":"35","site_id":35}},"right":{"leaf":true,"id":37,"label":"37","site_id":37}}}}},"right":{"leaf":false,"id":72,"left":{"leaf":false,"id":64,"left":{"leaf":false,"id":62,"left":{"leaf":false,"id":57,"left":{"leaf":true,"id":27,"label":"27","site_id":27},"right":{"leaf":true,"id":20,"label":"20","site_id":20}},"right":{"leaf":false,"id":47,"left":{"leaf":true,"id":4,"label":"4","site_id":4},"right":{"leaf":true,"id":9,"label":"9","site_id":9}}},"right":{"leaf":false,"id":63,"left":{"leaf":false,"id":48,"left":{"leaf":true,"id":16,"label":"16","site_id":16},"right":{"leaf":true,"id":15,"label":"15","site_id":15}},"right":{"leaf":false,"id":55,"left":{"leaf":true,"id":18,"label":"18","site_id":18},"right":{"leaf":true,"id":34,"label":"34","site_id":34}}}},"right":{"leaf":false,"id":70,"left":{"leaf":false,"id":68,"left":{"leaf":false,"id":61,"left":{"leaf":false,"id":56,"left":{"leaf":true,"id":5,"label":"5","site_id":5},"right":{"leaf":false,"id":46,"left":{"leaf":true,"id":6,"label":"6","site_id":6},"right":{"leaf":true,"id":36,"label":"36","site_id":36}}},"right":{"leaf":false,"id":59,"left":{"leaf":true,"id":3,"label":"3","site_id":3},"right":{"leaf":true,"id":38,"label":"38","site_id":38}}},"right":{"leaf":false,"id":66,"left":{"leaf":true,"id":13,"label":"13","site_id":13},"right":{"leaf":false,"id":45,"left":{"leaf":true,"id":0,"label":"0","site_id":0},"right":{"leaf":false,"id":44,"left":{"leaf":true,"id":25,"label":"25","site_id":25},"right":{"leaf":true,"id":23,"label":"23","site_id":23}}}}},"right":{"leaf":false,"id":43,"left":{"leaf":true,"id":24,"label":"24","site_id":24},"right":{"leaf":true,"id":26,"label":"26","site_id":26}}}}},"right":{"leaf":false,"id":75,"left":{"leaf":false,"id":60,"left":{"leaf":true,"id":10,"label":"10","site_id":10},"right":{"leaf":true,"id":22,"label":"22","site_id":22}},"right":{"leaf":false,"id":65,"left":{"leaf":false,"id":50,"left":{"leaf":true,"id":7,"label":"7","site_id":7},"right":{"leaf":true,"id":11,"label":"11","site_id":11}},"right":{"leaf":false,"id":49,"left":{"leaf":false,"id":41,"left":{"leaf":true,"id":19,"label":"19","site_id":19},"right":{"leaf":true,"id":17,"label":"17","site_id":17}},"right":{"leaf":true,"id":12,"label":"12","site_id":12}}}}},"num_sites":40,"sites":[{"x":85.55263145928993,"y":151.10777686065535,"cluster":1},{"x":381.4699411865216,"y":43.663858124976045,"cluster":1},{"x":230.17220285650754,"y":63.24991957751418,"cluster":1},{"x":374.69440471328323,"y":67.93658474815632,"cluster":1},{"x":126.31269209483185,"y":64.39711551324734,"cluster":1},{"x":135.7134545132041,"y":70.54039059123298,"cluster":1},{"x":187.10950867116773,"y":118.59852891482944,"cluster":1},{"x":74.62684130170528,"y":284.7482902184322,"cluster":1},{"x":298.6412864932424,"y":56.35632800846396,"cluster":1},{"x":92.94150947593008,"y":179.384265984087,"cluster":1},{"x":64.86441337658896,"y":186.9856298511206,"cluster":1},{"x":127.3436951097118,"y":278.8319121260564,"cluster":1},{"x":263.3002241636724,"y":82.02196870819023,"cluster":1},{"x":17.374845960091307,"y":38.70476470297234,"cluster":1},{"x":32.765152507462105,"y":267.769180207878,"cluster":1},{"x":451.2067930740706,"y":55.461558597670546,"cluster":1},{"x":472.9784622856226,"y":59.75849992996804,"cluster":1},{"x":261.4750035315759,"y":240.27137314914378,"cluster":1},{"x":90.36505453519926,"y":38.75468733461278,"cluster":1},{"x":201.82993292301816,"y":166.64254870420638,"cluster":1},{"x":44.79057486314668,"y":36.99794087503113,"cluster":1},{"x":314.50539029482445,"y":147.7255786634589,"cluster":1},{"x":68.32335086049412,"y":204.61037056753594,"cluster":1},{"x":289.77886021666905,"y":62.78446869798087,"cluster":1},{"x":239.4129193046583,"y":39.52384604152511,"cluster":1},{"x":389.7121624645938,"y":233.10224860200267,"cluster":1},{"x":254.1070713754378,"y":29.900821514132524,"cluster":1},{"x":151.01253101090418,"y":175.54546878413188,"cluster":1},{"x":440.0993682000627,"y":115.82303253371752,"cluster":1},{"x":375.24240267467195,"y":47.158981025308094,"cluster":1},{"x":169.50639149410506,"y":107.01262633379952,"cluster":1},{"x":308.9324977136683,"y":126.49625680139256,"cluster":1},{"x":432.31917617239793,"y":75.52848473045822,"cluster":1},{"x":461.4166595813815,"y":46.91189594902611,"cluster":1},{"x":194.45538509221004,"y":36.745419213856934,"cluster":1},{"x":294.4077827194251,"y":103.75226228628509,"cluster":1},{"x":342.2588530774791,"y":108.47686578197991,"cluster":1},{"x":354.4730181237829,"y":181.27622043363405,"cluster":1},{"x":39.15063679906813,"y":206.84175677980048,"cluster":1},{"x":407.64251511231095,"y":96.22235688774553,"cluster":1}],"num_clusters":0}