{"title":"uniform-n25-r7-s552801960165288819625","map_width":500,"map_height":300,"num_leaves":25,"tree":{"leaf":false,"id":48,"left":{"leaf":false,"id":46,"left":{"leaf":false,"id":43,"left":{"leaf":true,"id":16,"label":"16","site_id":16},"right":{"leaf":false,"id":39,"left":{"leaf":false,"id":37,"left":{"leaf":true,"id":8,"label":"8","site_id":8},"right":{"leaf":false,"id":29,"left":{"leaf":true,"id":10,"label":"10","site_id":10},"right":{"leaf":true,"id":3,"label":"3","site_id":3}}},"right":{"leaf":false,"id":38,"left":{"leaf":true,"id":6,"label":"6","site_id":6},"right":{"leaf":false,"id":35,"left":{"leaf":true,"id":22,"label":"22","site_id":22},"right":{"leaf":false,"id":33,"left":{"leaf":true,"id":18,"label":"18","site_id":18},"right":{"leaf":true,"id":7,"label":"7","site_id":7}}}}}},"right":{"leaf":false,"id":44,"left":{"leaf":true,"id":0,"label":"0","site_id":0},"right":{"leaf":false,"id":28,"left":{"leaf":true,"id":9,"label":"9","site_id":9},"right":{"leaf":true,"id":11,"label":"11","site_id":11}}}},"right":{"leaf":false,"id":47,"left":{"leaf":false,"id":41,"left":{"leaf":false,"id":40,"left":{"leaf":true,"id":21,"label":"21","site_id":21},"right":{"leaf":false,"id":27,"left":{"leaf":false,"id":26,"left":{"leaf":true,"id":12,"label":"12","site_id":12},"right":{"leaf":true,"id":15,"label":"15","site_id":15}},"right":{"leaf":true,"id":24,"label":"24","site_id":24}}},"right":{"leaf":false,"id":34,"left":{"leaf":false,"id":32,"left":{"leaf":true,"id":1,"label":"1","site_id":1},"right":{"leaf":true,"id":4,"label":"4","site_id":4}},"right":{"leaf":true,"id":5,"label":"5","site_id":5}}},"right":{"leaf":false,"id":45,"left":{"leaf":false,"id":42,"left":{"leaf":true,"id":13,"label":"13","site_id":13},"right":{"leaf":true,"id":17,"label":"17","site_id":17}},"right":{"leaf":false,"id":36,"left":{"leaf":false,"id":31,"left":{"leaf":true,"id":2,"label":"2","site_id":2},"right":{"leaf":false,"id":30,"left":{"leaf":true,"id":20,"label":"20","site_id":20},"right":{"leaf":true,"id":14,"label":"14","site_id":14}}},"right":{"leaf":false,"id":25,"left":{"leaf":true,"id":19,"label":"19","site_id":19},"right":{"leaf":true,"id":23,"label":"23","site_id":23}}}}}},"num_sites":25,"sites":[{"x":259.0992522524516,"y":31.210428863538233,"cluster":1},{"x":277.9843605124308,"y":190.07126011085785,"cluster":1},{"x":41.82120622572948,"y":251.39851157661596,"cluster":1},{"x":156.0620541626316,"y":151.43070822319427,"cluster":1},{"x":331.8757223269816,"y":45.36956069117841,"cluster":1},{"x":257.9496949662948,"y":70.17623475993221,"cluster":1},{"x":370.8779494104571,"y":256.9518158284437,"cluster":1},{"x":179.26621689600626,"y":213.87837529230532,"cluster":1},{"x":437.9003914960837,"y":232.47926716664568,"cluster":1},{"x":167.10651766534076,"y":26.790516718643225,"cluster":1},{"x":157.5208954429719,"y":239.76031408335032,"cluster":1},{"x":322.9710823504578,"y":54.62242402598656,"cluster":1},{"x":104.97082565335145,"y":177.3997069574917,"cluster":1},{"x":469.72447232713995,"y":139.33547673718704,"cluster":1},{"x":465.63688272539855,"y":54.63822228611116,"cluster":1},{"x":331.58885697011465,"y":37.14656013965582,"cluster":1},{"x":148.9721326991516,"y":92.52891673661112,"cluster":1},{"x":396.32497338535427,"y":76.55058046683624,"cluster":1},{"x":131.86250640758658,"y":261.3604715151041,"cluster":1},{"x":216.08712662659528,"y":125.232179379134,"cluster":1},{"x":273.6724485152856,"y":96.76760153922277,"cluster":1},{"x":347.9601719200556,"y":115.23523836495106,"cluster":1},{"x":164.55892980205775,"y":267.93507234963107,"cluster":1},{"x":446.89546069475017,"y":104.69428461417152,"cluster":1},{"x":300.1954445007522,"y":45.70647086386329,"cluster":1}],"num_clusters":0}