{"title":"uniform-n95-r0-s-506026502270538570695","map_width":500,"map_height":300,"num_leaves":95,"tree":{"leaf":false,"id":188,"left":{"leaf":false,"id":187,"left":{"leaf":false,"id":180,"left":{"leaf":false,"id":172,"left":{"leaf":false,"id":169,"left":{"leaf":false,"id":166,"left":{"leaf":false,"id":150,"left":{"leaf":false,"id":109,"left":{"leaf":true,"id":5,"label":"5","site_id":5},"right":{"leaf":true,"id":15,"label":"15","site_id":15}},"right":{"leaf":false,"id":147,"left":{"leaf":false,"id":122,"left":{"leaf":true,"id":76,"label":"76","site_id":76},"right":{"leaf":true,"id":68,"label":"68","site_id":68}},"right":{"leaf":true,"id":82,"label":"82","site_id":82}}},"right":{"leaf":false,"id":165,"left":{"leaf":true,"id":24,"label":"24","site_id":24},"right":{"leaf":true,"id":81,"label":"81","site_id":81}}},"right":{"leaf":true,"id":79,"label":"79","site_id":79}},"right":{"leaf":false,"id":167,"left":{"leaf":true,"id":90,"label":"90","site_id":90},"right":{"leaf":false,"id":160,"left":{"leaf":false,"id":117,"left":{"leaf":true,"id":93,"label":"93","site_id":93},"right":{"leaf":true,"id":73,"label":"73","site_id":73}},"right":{"leaf":true,"id":64,"label":"64","site_id":64}}}},"right":{"leaf":false,"id":168,"left":{"leaf":false,"id":161,"left":{"leaf":false,"id":153,"left":{"leaf":true,"id":1,"label":"1","site_id":1},"right":{"leaf":true,"id":37,"label":"37","site_id":37}},"right":{"leaf":false,"id":148,"left":{"leaf":false,"id":144,"left":{"leaf":false,"id":141,"left":{"leaf":true,"id":34,"label":"34","site_id":34},"right":{"leaf":false,"id":99,"left":{"leaf":true,"id":63,"label":"63","site_id":63},"right":{"leaf":true,"id":38,"label":"38","site_id":38}}},"right":{"leaf":false,"id":133,"left":{"leaf":true,"id":75,"label":"75","site_id":75},"right":{"leaf":false,"id":120,"left":{"leaf":false,"id":113,"left":{"leaf":false,"id":96,"left":{"leaf":true,"id":8,"label":"8","site_id":8},"right":{"leaf":true,"id":0,"label":"0","site_id":0}},"right":{"leaf":true,"id":14,"label":"14","site_id":14}},"right":{"leaf":true,"id":84,"label":"84","site_id":84}}}},"right":{"leaf":false,"id":105,"left":{"leaf":true,"id":50,"label":"50","site_id":50},"right":{"leaf":true,"id":43,"label":"43","site_id":43}}}},"right":{"leaf":false,"id":158,"left":{"leaf":false,"id":121,"left":{"leaf":true,"id":21,"label":"21","site_id":21},"right":{"leaf":true,"id":44,"label":"44","site_id":44}},"right":{"leaf":true,"id":31,"label":"31","site_id":31}}}},"right":{"leaf":false,"id":186,"left":{"leaf":false,"id":183,"left":{"leaf":false,"id":145,"left":{"leaf":true,"id":23,"label":"23","site_id":23},"right":{"leaf":true,"id":69,"label":"69","site_id":69}},"right":{"leaf":false,"id":124,"left":{"leaf":false,"id":103,"left":{"leaf":false,"id":100,"left":{"leaf":true,"id":86,"label":"86","site_id":86},"right":{"leaf":true,"id":62,"label":"62","site_id":62}},"right":{"leaf":true,"id":57,"label":"57","site_id":57}},"right":{"leaf":true,"id":47,"label":"47","site_id":47}}},"right":{"leaf":false,"id":185,"left":{"leaf":false,"id":138,"left":{"leaf":true,"id":91,"label":"91","site_id":91},"right":{"leaf":true,"id":7,"label":"7","site_id":7}},"right":{"leaf":false,"id":184,"left":{"leaf":false,"id":181,"left":{"leaf":true,"id":71,"label":"71","site_id":71},"right":{"leaf":false,"id":178,"left":{"leaf":false,"id":163,"left":{"leaf":true,"id":22,"label":"22","site_id":22},"right":{"leaf":true,"id":12,"label":"12","site_id":12}},"right":{"leaf":true,"id":11,"label":"11","site_id":11}}},"right":{"leaf":false,"id":179,"left":{"leaf":false,"id":176,"left":{"leaf":false,"id":173,"left":{"leaf":true,"id":61,"label":"61","site_id":61},"right":{"leaf":false,"id":170,"left":{"leaf":false,"id":151,"left":{"leaf":false,"id":108,"left":{"leaf":true,"id":88,"label":"88","site_id":88},"right":{"leaf":true,"id":19,"label":"19","site_id":19}},"right":{"leaf":false,"id":110,"left":{"leaf":true,"id":13,"label":"13","site_id":13},"right":{"leaf":true,"id":85,"label":"85","site_id":85}}},"right":{"leaf":false,"id":152,"left":{"leaf":false,"id":149,"left":{"leaf":false,"id":111,"left":{"leaf":true,"id":51,"label":"51","site_id":51},"right":{"leaf":true,"id":49,"label":"49","site_id":49}},"right":{"leaf":false,"id":143,"left":{"leaf":true,"id":54,"label":"54","site_id":54},"right":{"leaf":true,"id":16,"label":"16","site_id":16}}},"right":{"leaf":true,"id":41,"label":"41","site_id":41}}}},"right":{"leaf":false,"id":156,"left":{"leaf":false,"id":97,"left":{"leaf":true,"id":6,"label":"6","site_id":6},"right":{"leaf":true,"id":9,"label":"9","site_id":9}},"right":{"leaf":false,"id":154,"left":{"leaf":false,"id":107,"left":{"leaf":true,"id":35,"label":"35","site_id":35},"right":{"leaf":true,"id":53,"label":"53","site_id":53}},"right":{"leaf":false,"id":146,"left":{"leaf":false,"id":126,"left":{"leaf":true,"id":89,"label":"89","site_id":89},"right":{"leaf":true,"id":66,"label":"66","site_id":66}},"right":{"leaf":false,"id":112,"left":{"leaf":true,"id":74,"label":"74","site_id":74},"right":{"leaf":true,"id":4,"label":"4","site_id":4}}}}}},"right":{"leaf":false,"id":177,"left":{"leaf":false,"id":159,"left":{"leaf":true,"id":42,"label":"42","site_id":42},"right":{"leaf":false,"id":132,"left":{"leaf":true,"id":87,"label":"87","site_id":87},"right":{"leaf":false,"id":125,"left":{"leaf":false,"id":102,"left":{"leaf":true,"id":59,"label":"59","site_id":59},"right":{"leaf":true,"id":83,"label":"83","site_id":83}},"right":{"leaf":true,"id":58,"label":"58","site_id":58}}}},"right":{"leaf":false,"id":175,"left":{"leaf":false,"id":171,"left":{"leaf":false,"id":131,"left":{"leaf":true,"id":33,"label":"33","site_id":33},"right":{"leaf":false,"id":95,"left":{"leaf":true,"id":3,"label":"3","site_id":3},"right":{"leaf":true,"id":30,"label":"30","site_id":30}}},"right":{"leaf":false,"id":155,"left":{"leaf":false,"id":142,"left":{"leaf":false,"id":139,"left":{"leaf":true,"id":67,"label":"67","site_id":67},"right":{"leaf":false,"id":136,"left":{"leaf":true,"id":28,"label":"28","site_id":28},"right":{"leaf":true,"id":55,"label":"55","site_id":55}}},"right":{"leaf":true,"id":20,"label":"20","site_id":20}},"right":{"leaf":false,"id":137,"left":{"leaf":true,"id":27,"label":"27","site_id":27},"right":{"leaf":false,"id":119,"left":{"leaf":false,"id":104,"left":{"leaf":true,"id":72,"label":"72","site_id":72},"right":{"leaf":true,"id":29,"label":"29","site_id":29}},"right":{"leaf":true,"id":48,"label":"48","site_id":48}}}}},"right":{"leaf":true,"id":65,"label":"65","site_id":65}}}}}}}},"right":{"leaf":false,"id":182,"left":{"leaf":false,"id":135,"left":{"leaf":true,"id":40,"label":"40","site_id":40},"right":{"leaf":true,"id":45,"label":"45","site_id":45}},"right":{"leaf":false,"id":174,"left":{"leaf":false,"id":116,"left":{"leaf":false,"id":114,"left":{"leaf":true,"id":77,"label":"77","site_id":77},"right":{"leaf":false,"id":98,"left":{"leaf":true,"id":25,"label":"25","site_id":25},"right":{"leaf":true,"id":2,"label":"2","site_id":2}}},"right":{"leaf":true,"id":36,"label":"36","site_id":36}},"right":{"leaf":false,"id":164,"left":{"leaf":false,"id":162,"left":{"leaf":false,"id":134,"left":{"leaf":false,"id":115,"left":{"leaf":true,"id":26,"label":"26","site_id":26},"right":{"leaf":true,"id":60,"label":"60","site_id":60}},"right":{"leaf":false,"id":130,"left":{"leaf":false,"id":118,"left":{"leaf":true,"id":78,"label":"78","site_id":78},"right":{"leaf":true,"id":70,"label":"70","site_id":70}},"right":{"leaf":false,"id":129,"left":{"leaf":false,"id":106,"left":{"leaf":true,"id":56,"label":"56","site_id":56},"right":{"leaf":true,"id":18,"label":"18","site_id":18}},"right":{"leaf":true,"id":80,"label":"80","site_id":80}}}},"right":{"leaf":false,"id":157,"left":{"leaf":true,"id":52,"label":"52","site_id":52},"right":{"leaf":false,"id":140,"left":{"leaf":true,"id":94,"label":"94","site_id":94},"right":{"leaf":false,"id":128,"left":{"leaf":true,"id":17,"label":"17","site_id":17},"right":{"leaf":false,"id":127,"left":{"leaf":true,"id":46,"label":"46","site_id":46},"right":{"leaf":false,"id":101,"left":{"leaf":true,"id":32,"label":"32","site_id":32},"right":{"leaf":true,"id":10,"label":"10","site_id":10}}}}}}},"right":{"leaf":false,"id":123,"left":{"leaf":true,"id":39,"label":"39","site_id":39},"right":{"leaf":true,"id":92,"label":"92","site_id":92}}}}}},"num_sites":95,"sites":[{"x":129.41848010501565,"y":103.40462435914804,"cluster":1},{"x":17.076956681365402,"y":38.55121018169374,"cluster":1},{"x":357.5258374671754,"y":149.51234140589142,"cluster":1},{"x":117.75402377245483,"y":240.29497020768136,"cluster":1},{"x":194.82729629603426,"y":98.79136919344893,"cluster":1},{"x":404.8551914754107,"y":132.35015147351714,"cluster":1},{"x":121.68251343976738,"y":129.3631284941262,"cluster":1},{"x":407.90785338972745,"y":87.83443614371569,"cluster":1},{"x":259.18320759000767,"y":70.56060325277565,"cluster":1},{"x":78.25307815705509,"y":61.663852395079346,"cluster":1},{"x":426.1982965856718,"y":117.30090634226278,"cluster":1},{"x":169.3021154847104,"y":217.64698434359022,"cluster":1},{"x":298.89142779372196,"y":205.1820992337023,"cluster":1},{"x":197.5547547087612,"y":45.052666967453774,"cluster":1},{"x":296.02580443691966,"y":25.23589173666907,"cluster":1},{"x":464.5649554743809,"y":22.50369471499773,"cluster":1},{"x":138.28381871274019,"y":164.09392609716792,"cluster":1},{"x":436.04465844187285,"y":95.59396480313545,"cluster":1},{"x":354.4280313190947,"y":63.08918197112254,"cluster":1},{"x":274.99045249623435,"y":39.10878667982159,"cluster":1},{"x":371.41772770600437,"y":108.51491299202024,"cluster":1},{"x":51.0981919202114,"y":105.14822409703001,"cluster":1},{"x":349.5694068803272,"y":264.9025804208535,"cluster":1},{"x":38.79943125064787,"y":244.81049910318777,"cluster":1},{"x":437.51194682850075,"y":243.7560604516457,"cluster":1},{"x":321.0091082813082,"y":203.38768384408957,"cluster":1},{"x":445.0368330794423,"y":91.69336523642647,"cluster":1},{"x":255.11739147666455,"y":127.25807822763345,"cluster":1},{"x":284.98061454596626,"y":124.39803866541902,"cluster":1},{"x":241.88951266509298,"y":84.82975266900205,"cluster":1},{"x":78.00179813274278,"y":196.17129233636365,"cluster":1},{"x":266.75558921560275,"y":63.99714593201409,"cluster":1},{"x":426.5261909125158,"y":109.20193374909924,"cluster":1},{"x":56.47849026747132,"y":114.61737668248387,"cluster":1},{"x":56.23435251023346,"y":131.93492371756594,"cluster":1},{"x":102.38111667204285,"y":106.49562105776069,"cluster":1},{"x":475.2522186402089,"y":132.12049245702815,"cluster":1},{"x":44.19514217010578,"y":71.28853357473044,"cluster":1},{"x":52.67995793644465,"y":167.2645380642703,"cluster":1},{"x":386.16198331064015,"y":160.5923434110459,"cluster":1},{"x":129.25701846030066,"y":203.27699608540598,"cluster":1},{"x":223.81017307707913,"y":41.128801175840124,"cluster":1},{"x":140.47309752491,"y":222.86063152151698,"cluster":1},{"x":109.66909073533355,"y":101.27898383464891,"cluster":1},{"x":81.30572424608773,"y":85.38697515010207,"cluster":1},{"x":285.45807831167934,"y":256.5223184131237,"cluster":1},{"x":414.7491059933851,"y":209.87894187106536,"cluster":1},{"x":204.58522814912698,"y":105.73397448501431,"cluster":1},{"x":170.05774323145764,"y":146.98252995128777,"cluster":1},{"x":307.3493297363107,"y":233.75135330148643,"cluster":1},{"x":171.0699865575191,"y":64.90081440518539,"cluster":1},{"x":148.87235305615079,"y":96.33446499154427,"cluster":1},{"x":433.84635483402764,"y":275.13610942626923,"cluster":1},{"x":85.03988836914479,"y":133.78484857184884,"cluster":1},{"x":114.56544628460432,"y":83.91631026187,"cluster":1},{"x":257.29379367018964,"y":82.3792603046459,"cluster":1},{"x":288.3605990511043,"y":163.47622024646142,"cluster":1},{"x":175.4712551727987,"y":269.2879150900872,"cluster":1},{"x":194.22391899866392,"y":120.59710842568524,"cluster":1},{"x":255.92124028902217,"y":164.09843112726867,"cluster":1},{"x":380.23527069673014,"y":198.97774993315977,"cluster":1},{"x":279.8542543645437,"y":188.4550355972511,"cluster":1},{"x":117.19211239117226,"y":177.11744511374735,"cluster":1},{"x":44.293085229702285,"y":154.64904846286672,"cluster":1},{"x":217.22175947230883,"y":264.4366621901943,"cluster":1},{"x":175.09217811937216,"y":124.26010646616183,"cluster":1},{"x":117.15127368426309,"y":95.34312496260358,"cluster":1},{"x":128.28011103111083,"y":239.1488609074155,"cluster":1},{"x":474.2909757472687,"y":33.871337207295596,"cluster":1},{"x":52.45434564235699,"y":279.2405704318169,"cluster":1},{"x":274.85570024376,"y":180.3807335080078,"cluster":1},{"x":51.119633302244495,"y":64.6151339476581,"cluster":1},{"x":342.50418697323613,"y":196.59272515055696,"cluster":1},{"x":59.710942241884204,"y":233.4327735594487,"cluster":1},{"x":96.41987071928868,"y":65.97926996830839,"cluster":1},{"x":144.98775248763332,"y":63.185502178772325,"cluster":1},{"x":370.4401318500543,"y":20.575761186183346,"cluster":1},{"x":263.7083190778576,"y":270.42037566027216,"cluster":1},{"x":291.84763415676446,"y":34.14246761002114,"cluster":1},{"x":401.7182911129695,"y":165.20068029831296,"cluster":1},{"x":338.53461640635805,"y":15.88153497454476,"cluster":1},{"x":422.14677071553666,"y":226.25694157261393,"cluster":1},{"x":453.35971613735273,"y":199.3942689827849,"cluster":1},{"x":148.90441102379438,"y":200.723025208352,"cluster":1},{"x":155.39472133504776,"y":167.78772963915003,"cluster":1},{"x":190.4378550337452,"y":57.14389800335794,"cluster":1},{"x":128.27179369772875,"y":174.47673990407196,"cluster":1},{"x":143.7295387337183,"y":116.15483163253107,"cluster":1},{"x":123.9215639250338,"y":46.10500346362144,"cluster":1},{"x":57.319955653066955,"y":196.06217026113654,"cluster":1},{"x":21.553190840399697,"y":216.5779796736273,"cluster":1},{"x":419.40218995520075,"y":66.55408620775036,"cluster":1},{"x":369.4499653380069,"y":188.0959276188636,"cluster":1},{"x":473.4279752221616,"y":221.20740526197127,"cluster":1},{"x":393.94073415822646,"y":229.82850684006522,"cluster":1}],"num_clusters":0}