{"title":"uniform-n25-r0-s-495120107886462570425","map_width":500,"map_height":300,"num_leaves":25,"tree":{"leaf":false,"id":48,"left":{"leaf":false,"id":47,"left":{"leaf":false,"id":45,"left":{"leaf":true,"id":22,"label":"22","site_id":22},"right":{"leaf":true,"id":15,"label":"15","site_id":15}},"right":{"leaf":false,"id":44,"left":{"leaf":false,"id":43,"left":{"leaf":false,"id":41,"left":{"leaf":false,"id":38,"left":{"leaf":false,"id":36,"left":{"leaf":true,"id":21,"label":"21","site_id":21},"right":{"leaf":false,"id":33,"left":{"leaf":true,"id":16,"label":"16","site_id":16},"right":{"leaf":false,"id":27,"left":{"leaf":true,"id":17,"label":"17","site_id":17},"right":{"leaf":true,"id":7,"label":"7","site_id":7}}}},"right":{"leaf":false,"id":34,"left":{"leaf":false,"id":30,"left":{"leaf":true,"id":19,"label":"19","site_id":19},"right":{"leaf":true,"id":2,"label":"2","site_id":2}},"right":{"leaf":false,"id":26,"left":{"leaf":true,"id":3,"label":"3","site_id":3},"right":{"leaf":true,"id":5,"label":"5","site_id":5}}}},"right":{"leaf":false,"id":39,"left":{"leaf":false,"id":31,"left":{"leaf":false,"id":25,"left":{"leaf":true,"id":4,"label":"4","site_id":4},"right":{"leaf":true,"id":9,"label":"9","site_id":9}},"right":{"leaf":true,"id":23,"label":"23","site_id":23}},"right":{"leaf":true,"id":24,"label":"24","site_id":24}}},"right":{"leaf":false,"id":42,"left":{"leaf":true,"id":20,"label":"20","site_id":20},"right":{"leaf":false,"id":40,"left":{"leaf":false,"id":35,"left":{"leaf":false,"id":29,"left":{"leaf":true,"id":0,"label":"0","site_id":0},"right":{"leaf":true,"id":8,"label":"8","site_id":8}},"right":{"leaf":true,"id":14,"label":"14","site_id":14}},"right":{"leaf":false,"id":32,"left":{"leaf":true,"id":11,"label":"11","site_id":11},"right":{"leaf":false,"id":28,"left":{"leaf":true,"id":18,"label":"18","site_id":18},"right":{"leaf":true,"id":10,"label":"10","site_id":10}}}}}},"right":{"leaf":true,"id":12,"label":"12","site_id":12}}},"right":{"leaf":false,"id":46,"left":{"leaf":true,"id":13,"label":"13","site_id":13},"right":{"leaf":false,"id":37,"left":{"leaf":true,"id":6,"label":"6","site_id":6},"right":{"leaf":true,"id":1,"label":"1","site_id":1}}}},"num_sites":25,"sites":[{"x":483.6658450523017,"y":151.78898573375997,"cluster":1},{"x":367.3794972886747,"y":214.5273163046584,"cluster":1},{"x":166.12426571054232,"y":210.11380427067022,"cluster":1},{"x":136.25647585224328,"y":119.03840163980276,"cluster":1},{"x":268.0831523350362,"y":236.77631599747278,"cluster":1},{"x":23.72073163180019,"y":114.89250267669813,"cluster":1},{"x":284.2131223599626,"y":219.30825402484265,"cluster":1},{"x":239.65024010455562,"y":167.97967354301775,"cluster":1},{"x":329.2897157062343,"y":181.0955518769081,"cluster":1},{"x":293.3506679524296,"y":29.73403054622795,"cluster":1},{"x":141.86777143196036,"y":264.8474989399127,"cluster":1},{"x":431.25462335339057,"y":249.0638158740378,"cluster":1},{"x":170.8632070045115,"y":148.66111378427405,"cluster":1},{"x":474.51783473603996,"y":177.22136840743383,"cluster":1},{"x":407.7688918275987,"y":153.8931509777635,"cluster":1},{"x":427.32013937256795,"y":96.3635033527928,"cluster":1},{"x":323.9404484816066,"y":187.98750694841053,"cluster":1},{"x":243.231820062964,"y":121.95694892286815,"cluster":1},{"x":56.28412888790956,"y":227.77914896858158,"cluster":1},{"x":95.74602465492777,"y":112.02538791131389,"cluster":1},{"x":480.00576726347686,"y":72.5139667535087,"cluster":1},{"x":211.4088892559081,"y":271.80712378551897,"cluster":1},{"x":55.86931378760617,"y":267.76382833795003,"cluster":1},{"x":277.9875800862987,"y":252.87643110347696,"cluster":1},{"x":77.76031752668399,"y":108.24358710597906,"cluster":1}],"num_clusters":0}