{"title":"uniform-n25-r1-s99106324827981080525","map_width":500,"map_height":300,"num_leaves":25,"tree":{"leaf":false,"id":48,"left":{"leaf":false,"id":28,"left":{"leaf":true,"id":9,"label":"9","site_id":9},"right":{"leaf":true,"id":5,"label":"5","site_id":5}},"right":{"leaf":false,"id":47,"left":{"leaf":false,"id":46,"left":{"leaf":false,"id":45,"left":{"leaf":false,"id":43,"left":{"leaf":false,"id":42,"left":{"leaf":false,"id":36,"left":{"leaf":true,"id":17,"label":"17","site_id":17},"right":{"leaf":true,"id":6,"label":"6","site_id":6}},"right":{"leaf":false,"id":39,"left":{"leaf":false,"id":38,"left":{"leaf":false,"id":31,"left":{"leaf":true,"id":3,"label":"3","site_id":3},"right":{"leaf":true,"id":12,"label":"12","site_id":12}},"right":{"leaf":false,"id":37,"left":{"leaf":true,"id":2,"label":"2","site_id":2},"right":{"leaf":true,"id":13,"label":"13","site_id":13}}},"right":{"leaf":false,"id":29,"left":{"leaf":true,"id":19,"label":"19","site_id":19},"right":{"leaf":true,"id":10,"label":"10","site_id":10}}}},"right":{"leaf":false,"id":32,"left":{"leaf":true,"id":22,"label":"22","site_id":22},"right":{"leaf":false,"id":30,"left":{"leaf":false,"id":25,"left":{"leaf":true,"id":16,"label":"16","site_id":16},"right":{"leaf":true,"id":24,"label":"24","site_id":24}},"right":{"leaf":false,"id":26,"left":{"leaf":true,"id":14,"label":"14","site_id":14},"right":{"leaf":true,"id":15,"label":"15","site_id":15}}}}},"right":{"leaf":false,"id":44,"left":{"leaf":false,"id":35,"left":{"leaf":false,"id":27,"left":{"leaf":true,"id":21,"label":"21","site_id":21},"right":{"leaf":true,"id":1,"label":"1","site_id":1}},"right":{"leaf":true,"id":4,"label":"4","site_id":4}},"right":{"leaf":false,"id":41,"left":{"leaf":true,"id":11,"label":"11","site_id":11},"right":{"leaf":true,"id":20,"label":"20","site_id":20}}}},"right":{"leaf":false,"id":40,"left":{"leaf":false,"id":34,"left":{"leaf":true,"id":7,"label":"7","site_id":7},"right":{"leaf":true,"id":8,"label":"8","site_id":8}},"right":{"leaf":false,"id":33,"left":{"leaf":true,"id":18,"label":"18","site_id":18},"right":{"leaf":true,"id":23,"label":"23","site_id":23}}}},"right":{"leaf":true,"id":0,"label":"0","site_id":0}}},"num_sites":25,"sites":[{"x":73.63706461922436,"y":66.03063106804213,"cluster":1},{"x":99.047240293237,"y":119.60626727417264,"cluster":1},{"x":470.34876939129896,"y":187.97785074955254,"cluster":1},{"x":112.14436541071538,"y":101.05408605671144,"cluster":1},{"x":101.48671952475063,"y":183.50657413084616,"cluster":1},{"x":69.98603110574986,"y":228.26439662405087,"cluster":1},{"x":293.898482302068,"y":30.754939024081445,"cluster":1},{"x":311.77613201821,"y":126.50736074118586,"cluster":1},{"x":471.97916906648885,"y":277.50281432339847,"cluster":1},{"x":79.97629723247111,"y":197.76143936671193,"cluster":1},{"x":275.8855309767828,"y":59.91837030533093,"cluster":1},{"x":214.60387941321696,"y":49.372552121661535,"cluster":1},{"x":370.5746409989563,"y":169.49764035746108,"cluster":1},{"x":458.6503589520327,"y":137.4843927702696,"cluster":1},{"x":426.5006648969116,"y":98.83150487441267,"cluster":1},{"x":427.9293195104411,"y":196.10390824082484,"cluster":1},{"x":403.6136016318092,"y":62.2154372277139,"cluster":1},{"x":364.94223795635645,"y":186.64048221651575,"cluster":1},{"x":429.552147146805,"y":257.18566746718216,"cluster":1},{"x":446.06712862748554,"y":176.4194874723833,"cluster":1},{"x":480.6081225531795,"y":37.821302678837796,"cluster":1},{"x":134.52965915244968,"y":108.02045920243401,"cluster":1},{"x":250.16325877752132,"y":60.09532531160592,"cluster":1},{"x":458.20773222193293,"y":224.32735147986864,"cluster":1},{"x":483.8592841393274,"y":23.688215965829972,"cluster":1}],"num_clusters":0}