{"title":"uniform-n35-r7-s-755244605998888517235","map_width":500,"map_height":300,"num_leaves":35,"tree":{"leaf":false,"id":68,"left":{"leaf":false,"id":67,"left":{"leaf":false,"id":62,"left":{"leaf":false,"id":44,"left":{"leaf":true,"id":34,"label":"34","site_id":34},"right":{"leaf":true,"id":33,"label":"33","site_id":33}},"right":{"leaf":false,"id":61,"left":{"leaf":false,"id":58,"left":{"leaf":false,"id":35,"left":{"leaf":true,"id":19,"label":"19","site_id":19},"right":{"leaf":true,"id":28,"label":"28","site_id":28}},"right":{"leaf":true,"id":9,"label":"9","site_id":9}},"right":{"leaf":false,"id":51,"left":{"leaf":true,"id":18,"label":"18","site_id":18},"right":{"leaf":true,"id":29,"label":"29","site_id":29}}}},"right":{"leaf":false,"id":66,"left":{"leaf":false,"id":65,"left":{"leaf":false,"id":60,"left":{"leaf":false,"id":59,"left":{"leaf":false,"id":57,"left":{"leaf":false,"id":56,"left":{"leaf":false,"id":54,"left":{"leaf":false,"id":52,"left":{"leaf":false,"id":50,"left":{"leaf":true,"id":20,"label":"20","site_id":20},"right":{"leaf":true,"id":16,"label":"16","site_id":16}},"right":{"leaf":false,"id":46,"left":{"leaf":true,"id":5,"label":"5","site_id":5},"right":{"leaf":true,"id":12,"label":"12","site_id":12}}},"right":{"leaf":false,"id":53,"left":{"leaf":false,"id":37,"left":{"leaf":true,"id":3,"label":"3","site_id":3},"right":{"leaf":true,"id":25,"label":"25","site_id":25}},"right":{"leaf":true,"id":23,"label":"23","site_id":23}}},"right":{"leaf":false,"id":48,"left":{"leaf":false,"id":45,"left":{"leaf":false,"id":39,"left":{"leaf":true,"id":6,"label":"6","site_id":6},"right":{"leaf":true,"id":14,"label":"14","site_id":14}},"right":{"leaf":true,"id":13,"label":"13","site_id":13}},"right":{"leaf":false,"id":41,"left":{"leaf":true,"id":21,"label":"21","site_id":21},"right":{"leaf":true,"id":24,"label":"24","site_id":24}}}},"right":{"leaf":true,"id":15,"label":"15","site_id":15}},"right":{"leaf":true,"id":31,"label":"31","site_id":31}},"right":{"leaf":false,"id":42,"left":{"leaf":true,"id":4,"label":"4","site_id":4},"right":{"leaf":true,"id":0,"label":"0","site_id":0}}},"right":{"leaf":false,"id":47,"left":{"leaf":true,"id":7,"label":"7","site_id":7},"right":{"leaf":false,"id":40,"left":{"leaf":true,"id":2,"label":"2","site_id":2},"right":{"leaf":true,"id":17,"label":"17","site_id":17}}}},"right":{"leaf":true,"id":10,"label":"10","site_id":10}}},"right":{"leaf":false,"id":64,"left":{"leaf":true,"id":27,"label":"27","site_id":27},"right":{"leaf":false,"id":63,"left":{"leaf":false,"id":55,"left":{"leaf":true,"id":26,"label":"26","site_id":26},"right":{"leaf":false,"id":43,"left":{"leaf":false,"id":38,"left":{"leaf":true,"id":30,"label":"30","site_id":30},"right":{"leaf":true,"id":8,"label":"8","site_id":8}},"right":{"leaf":true,"id":1,"label":"1","site_id":1}}},"right":{"leaf":false,"id":49,"left":{"leaf":true,"id":11,"label":"11","site_id":11},"right":{"leaf":false,"id":36,"left":{"leaf":true,"id":32,"label":"32","site_id":32},"right":{"leaf":true,"id":22,"label":"22","site_id":22}}}}}},"num_sites":35,"sites":[{"x":241.67912747843917,"y":170.50250885050548,"cluster":1},{"x":132.1383494331668,"y":104.69085338119265,"cluster":1},{"x":102.2440921566175,"y":147.90290793172088,"cluster":1},{"x":197.58519080117225,"y":230.7025899693303,"cluster":1},{"x":411.89379495731407,"y":247.48891424776397,"cluster":1},{"x":252.90695555161753,"y":117.0195376566539,"cluster":1},{"x":96.05737485389969,"y":103.32904577813835,"cluster":1},{"x":440.23850939074134,"y":167.35320749408422,"cluster":1},{"x":483.08321540180265,"y":152.87727502526786,"cluster":1},{"x":189.05340982251244,"y":262.86623015581637,"cluster":1},{"x":17.46520577675877,"y":166.96155257798628,"cluster":1},{"x":392.01557513665955,"y":94.06570072606846,"cluster":1},{"x":415.9228176334708,"y":52.07411221583076,"cluster":1},{"x":157.278320774141,"y":114.51546153538602,"cluster":1},{"x":407.30889185069964,"y":21.153466160745516,"cluster":1},{"x":36.988877056347675,"y":189.48581559888314,"cluster":1},{"x":366.6840659519867,"y":20.01479685754758,"cluster":1},{"x":73.46533943492642,"y":161.59483702641373,"cluster":1},{"x":95.44976253738568,"y":150.98968871236318,"cluster":1},{"x":113.40945274073451,"y":212.86850355066076,"cluster":1},{"x":163.17159992372518,"y":163.17797242512424,"cluster":1},{"x":176.60274340792128,"y":128.45733212344192,"cluster":1},{"x":402.6531829788986,"y":109.9937511954039,"cluster":1},{"x":178.80493814518326,"y":231.49530885522938,"cluster":1},{"x":187.93504912260343,"y":79.40451860331888,"cluster":1},{"x":189.03251210595835,"y":171.2724682522855,"cluster":1},{"x":315.19666445317336,"y":140.4164290167593,"cluster":1},{"x":419.04183939681064,"y":18.015461553425236,"cluster":1},{"x":219.0292471675923,"y":170.95079817007857,"cluster":1},{"x":407.67535354576773,"y":197.13104103333023,"cluster":1},{"x":391.22534563179187,"y":57.28600955146016,"cluster":1},{"x":314.750442368907,"y":223.76541951233858,"cluster":1},{"x":416.09589180829175,"y":103.70585734314147,"cluster":1},{"x":248.38016586089677,"y":174.96806269311944,"cluster":1},{"x":375.3784140311285,"y":172.89981197128768,"cluster":1}],"num_clusters":0}