{"title":"uniform-n65-r0-s-507017992200549047465","map_width":500,"map_height":300,"num_leaves":65,"tree":{"leaf":false,"id":128,"left":{"leaf":false,"id":108,"left":{"leaf":false,"id":99,"left":{"leaf":true,"id":33,"label":"33","site_id":33},"right":{"leaf":false,"id":74,"left":{"leaf":true,"id":39,"label":"39","site_id":39},"right":{"leaf":true,"id":32,"label":"32","site_id":32}}},"right":{"leaf":false,"id":96,"left":{"leaf":true,"id":19,"label":"19","site_id":19},"right":{"leaf":false,"id":91,"left":{"leaf":false,"id":87,"left":{"leaf":false,"id":76,"left":{"leaf":true,"id":34,"label":"34","site_id":34},"right":{"leaf":true,"id":14,"label":"14","site_id":14}},"right":{"leaf":false,"id":73,"left":{"leaf":true,"id":41,"label":"41","site_id":41},"right":{"leaf":false,"id":69,"left":{"leaf":true,"id":22,"label":"22","site_id":22},"right":{"leaf":true,"id":20,"label":"20","site_id":20}}}},"right":{"leaf":true,"id":37,"label":"37","site_id":37}}}},"right":{"leaf":false,"id":127,"left":{"leaf":false,"id":115,"left":{"leaf":true,"id":24,"label":"24","site_id":24},"right":{"leaf":false,"id":86,"left":{"leaf":true,"id":61,"label":"61","site_id":61},"right":{"leaf":true,"id":44,"label":"44","site_id":44}}},"right":{"leaf":false,"id":126,"left":{"leaf":false,"id":125,"left":{"leaf":false,"id":122,"left":{"leaf":false,"id":100,"left":{"leaf":true,"id":59,"label":"59","site_id":59},"right":{"leaf":false,"id":90,"left":{"leaf":false,"id":89,"left":{"leaf":true,"id":58,"label":"58","site_id":58},"right":{"leaf":true,"id":38,"label":"38","site_id":38}},"right":{"leaf":true,"id":48,"label":"48","site_id":48}}},"right":{"leaf":false,"id":116,"left":{"leaf":false,"id":103,"left":{"leaf":false,"id":88,"left":{"leaf":true,"id":52,"label":"52","site_id":52},"right":{"leaf":false,"id":72,"left":{"leaf":false,"id":67,"left":{"leaf":true,"id":31,"label":"31","site_id":31},"right":{"leaf":true,"id":26,"label":"26","site_id":26}},"right":{"leaf":true,"id":49,"label":"49","site_id":49}}},"right":{"leaf":false,"id":94,"left":{"leaf":true,"id":3,"label":"3","site_id":3},"right":{"leaf":true,"id":40,"label":"40","site_id":40}}},"right":{"leaf":false,"id":78,"left":{"leaf":false,"id":75,"left":{"leaf":true,"id":17,"label":"17","site_id":17},"right":{"leaf":true,"id":15,"label":"15","site_id":15}},"right":{"leaf":true,"id":36,"label":"36","site_id":36}}}},"right":{"leaf":false,"id":123,"left":{"leaf":false,"id":112,"left":{"leaf":false,"id":109,"left":{"leaf":false,"id":71,"left":{"leaf":true,"id":55,"label":"55","site_id":55},"right":{"leaf":true,"id":46,"label":"46","site_id":46}},"right":{"leaf":false,"id":107,"left":{"leaf":false,"id":105,"left":{"leaf":true,"id":5,"label":"5","site_id":5},"right":{"leaf":false,"id":95,"left":{"leaf":true,"id":53,"label":"53","site_id":53},"right":{"leaf":false,"id":83,"left":{"leaf":true,"id":28,"label":"28","site_id":28},"right":{"leaf":true,"id":1,"label":"1","site_id":1}}}},"right":{"leaf":true,"id":9,"label":"9","site_id":9}}},"right":{"leaf":true,"id":11,"label":"11","site_id":11}},"right":{"leaf":false,"id":120,"left":{"leaf":false,"id":119,"left":{"leaf":false,"id":104,"left":{"leaf":true,"id":12,"label":"12","site_id":12},"right":{"leaf":true,"id":57,"label":"57","site_id":57}},"right":{"leaf":false,"id":113,"left":{"leaf":false,"id":106,"left":{"leaf":false,"id":79,"left":{"leaf":true,"id":35,"label":"35","site_id":35},"right":{"leaf":true,"id":23,"label":"23","site_id":23}},"right":{"leaf":true,"id":16,"label":"16","site_id":16}},"right":{"leaf":false,"id":92,"left":{"leaf":true,"id":51,"label":"51","site_id":51},"right":{"leaf":false,"id":77,"left":{"leaf":true,"id":60,"label":"60","site_id":60},"right":{"leaf":false,"id":65,"left":{"leaf":true,"id":13,"label":"13","site_id":13},"right":{"leaf":true,"id":62,"label":"62","site_id":62}}}}}},"right":{"leaf":false,"id":117,"left":{"leaf":false,"id":102,"left":{"leaf":false,"id":98,"left":{"leaf":false,"id":80,"left":{"leaf":true,"id":10,"label":"10","site_id":10},"right":{"leaf":true,"id":47,"label":"47","site_id":47}},"right":{"leaf":false,"id":97,"left":{"leaf":false,"id":70,"left":{"leaf":true,"id":50,"label":"50","site_id":50},"right":{"leaf":true,"id":45,"label":"45","site_id":45}},"right":{"leaf":true,"id":43,"label":"43","site_id":43}}},"right":{"leaf":true,"id":63,"label":"63","site_id":63}},"right":{"leaf":false,"id":114,"left":{"leaf":false,"id":111,"left":{"leaf":true,"id":0,"label":"0","site_id":0},"right":{"leaf":false,"id":110,"left":{"leaf":true,"id":2,"label":"2","site_id":2},"right":{"leaf":true,"id":64,"label":"64","site_id":64}}},"right":{"leaf":false,"id":93,"left":{"leaf":true,"id":42,"label":"42","site_id":42},"right":{"leaf":true,"id":18,"label":"18","site_id":18}}}}}}},"right":{"leaf":false,"id":124,"left":{"leaf":false,"id":121,"left":{"leaf":false,"id":85,"left":{"leaf":true,"id":29,"label":"29","site_id":29},"right":{"leaf":false,"id":84,"left":{"leaf":true,"id":4,"label":"4","site_id":4},"right":{"leaf":false,"id":68,"left":{"leaf":true,"id":7,"label":"7","site_id":7},"right":{"leaf":true,"id":25,"label":"25","site_id":25}}}},"right":{"leaf":false,"id":118,"left":{"leaf":false,"id":101,"left":{"leaf":true,"id":21,"label":"21","site_id":21},"right":{"leaf":false,"id":66,"left":{"leaf":true,"id":54,"label":"54","site_id":54},"right":{"leaf":true,"id":56,"label":"56","site_id":56}}},"right":{"leaf":false,"id":82,"left":{"leaf":false,"id":81,"left":{"leaf":true,"id":30,"label":"30","site_id":30},"right":{"leaf":true,"id":8,"label":"8","site_id":8}},"right":{"leaf":true,"id":27,"label":"27","site_id":27}}}},"right":{"leaf":true,"id":6,"label":"6","site_id":6}}}}},"num_sites":65,"sites":[{"x":186.11601251358329,"y":114.38283351547936,"cluster":1},{"x":316.21847293404653,"y":221.28812129223948,"cluster":1},{"x":265.87597513154344,"y":90.34778068439724,"cluster":1},{"x":67.10206740091414,"y":221.79251494029776,"cluster":1},{"x":385.6064806037949,"y":111.30036756580533,"cluster":1},{"x":145.72613222815212,"y":114.6964144432058,"cluster":1},{"x":202.98915743643616,"y":264.21706397793287,"cluster":1},{"x":392.98781956307687,"y":193.40110994423418,"cluster":1},{"x":410.9219870084574,"y":158.39214121858495,"cluster":1},{"x":258.85691271298685,"y":86.08027311793654,"cluster":1},{"x":113.2673773004668,"y":38.088656840451165,"cluster":1},{"x":195.75777431784365,"y":94.85505169127397,"cluster":1},{"x":40.49201404529251,"y":120.92102064519496,"cluster":1},{"x":379.4686697396117,"y":227.6922199184147,"cluster":1},{"x":276.5604013869051,"y":109.26015200968729,"cluster":1},{"x":274.52053465517974,"y":172.98721165774458,"cluster":1},{"x":170.85633371727218,"y":206.27829767958875,"cluster":1},{"x":244.5830680844788,"y":222.83879223228035,"cluster":1},{"x":101.00577398595266,"y":243.5143802147803,"cluster":1},{"x":346.5196203135802,"y":253.00465398715468,"cluster":1},{"x":284.26225020325194,"y":83.04178743370197,"cluster":1},{"x":439.67303704381095,"y":225.44689777903065,"cluster":1},{"x":306.5900161201499,"y":154.45923102065615,"cluster":1},{"x":179.51287884627146,"y":233.23414206750536,"cluster":1},{"x":479.74257703923365,"y":135.001593325415,"cluster":1},{"x":377.030699849985,"y":27.361514901181017,"cluster":1},{"x":67.48374187638203,"y":160.08111480349444,"cluster":1},{"x":262.21285678952506,"y":230.78258087682462,"cluster":1},{"x":402.6354711267038,"y":151.52068736743118,"cluster":1},{"x":351.5516881268304,"y":66.61690279928658,"cluster":1},{"x":306.8613702512188,"y":191.62948578221537,"cluster":1},{"x":75.87401100947889,"y":185.1045266005741,"cluster":1},{"x":215.00689027454703,"y":273.09754308415654,"cluster":1},{"x":155.7717048268159,"y":67.42350803211923,"cluster":1},{"x":15.416651820230845,"y":117.44937630906942,"cluster":1},{"x":137.61271909375233,"y":143.96904891631743,"cluster":1},{"x":406.93682792693687,"y":168.49797493990982,"cluster":1},{"x":483.4914319609977,"y":80.11276667906314,"cluster":1},{"x":312.28469902333734,"y":91.87929998290632,"cluster":1},{"x":473.54597236602416,"y":93.81799094805817,"cluster":1},{"x":186.12995521456182,"y":47.32333916762198,"cluster":1},{"x":308.82556602392765,"y":116.78193819460566,"cluster":1},{"x":64.58163082186677,"y":246.83164477903088,"cluster":1},{"x":47.33479093063646,"y":154.00797867031076,"cluster":1},{"x":465.01203190134413,"y":45.88126892316778,"cluster":1},{"x":369.2727341275323,"y":191.17270253526183,"cluster":1},{"x":377.2181988023448,"y":131.92823482259558,"cluster":1},{"x":228.37222041148257,"y":89.73390681715122,"cluster":1},{"x":264.81724570716875,"y":126.48555089616396,"cluster":1},{"x":68.57994110121814,"y":200.51964307218023,"cluster":1},{"x":242.12374600168513,"y":203.48644249661325,"cluster":1},{"x":199.71394794857605,"y":35.767169088780555,"cluster":1},{"x":441.8733617791266,"y":200.49230749486313,"cluster":1},{"x":307.63982937601645,"y":107.57148071600253,"cluster":1},{"x":454.9405172224924,"y":230.95484019116518,"cluster":1},{"x":366.77264567196494,"y":110.18775412009063,"cluster":1},{"x":429.7835178521994,"y":218.48888282489975,"cluster":1},{"x":70.62278672263407,"y":70.59131132721312,"cluster":1},{"x":198.54054041480853,"y":157.66875125228412,"cluster":1},{"x":168.16378123541114,"y":261.27557384267016,"cluster":1},{"x":203.33093309845407,"y":252.53042297553935,"cluster":1},{"x":469.02451569565125,"y":175.15700640770822,"cluster":1},{"x":377.63455239858064,"y":206.56969127216243,"cluster":1},{"x":175.42081021254916,"y":229.28242478953615,"cluster":1},{"x":103.62777150104293,"y":106.5711527439231,"cluster":1}],"num_clusters":0}