{"title":"uniform-n100-r7-s8987754666945962503100","map_width":500,"map_height":300,"num_leaves":100,"tree":{"leaf":false,"id":198,"left":{"leaf":false,"id":193,"left":{"leaf":false,"id":188,"left":{"leaf":false,"id":187,"left":{"leaf":false,"id":113,"left":{"leaf":true,"id":73,"label":"73","site_id":73},"right":{"leaf":true,"id":11,"label":"11","site_id":11}},"right":{"leaf":false,"id":185,"left":{"leaf":false,"id":183,"left":{"leaf":false,"id":165,"left":{"leaf":false,"id":132,"left":{"leaf":true,"id":44,"label":"44","site_id":44},"right":{"leaf":true,"id":9,"label":"9","site_id":9}},"right":{"leaf":true,"id":78,"label":"78","site_id":78}},"right":{"leaf":false,"id":167,"left":{"leaf":false,"id":125,"left":{"leaf":true,"id":31,"label":"31","site_id":31},"right":{"leaf":true,"id":46,"label":"46","site_id":46}},"right":{"leaf":true,"id":72,"label":"72","site_id":72}}},"right":{"leaf":false,"id":171,"left":{"leaf":false,"id":152,"left":{"leaf":true,"id":43,"label":"43","site_id":43},"right":{"leaf":false,"id":128,"left":{"leaf":true,"id":19,"label":"19","site_id":19},"right":{"leaf":false,"id":119,"left":{"leaf":true,"id":58,"label":"58","site_id":58},"right":{"leaf":false,"id":100,"left":{"leaf":true,"id":57,"label":"57","site_id":57},"right":{"leaf":true,"id":42,"label":"42","site_id":42}}}}},"right":{"leaf":false,"id":162,"left":{"leaf":false,"id":123,"left":{"leaf":true,"id":65,"label":"65","site_id":65},"right":{"leaf":false,"id":106,"left":{"leaf":true,"id":27,"label":"27","site_id":27},"right":{"leaf":true,"id":87,"label":"87","site_id":87}}},"right":{"leaf":false,"id":138,"left":{"leaf":false,"id":117,"left":{"leaf":true,"id":5,"label":"5","site_id":5},"right":{"leaf":true,"id":97,"label":"97","site_id":97}},"right":{"leaf":true,"id":53,"label":"53","site_id":53}}}}}},"right":{"leaf":false,"id":176,"left":{"leaf":false,"id":158,"left":{"leaf":true,"id":38,"label":"38","site_id":38},"right":{"leaf":false,"id":134,"left":{"leaf":true,"id":59,"label":"59","site_id":59},"right":{"leaf":true,"id":29,"label":"29","site_id":29}}},"right":{"leaf":true,"id":96,"label":"96","site_id":96}}},"right":{"leaf":false,"id":192,"left":{"leaf":false,"id":181,"left":{"leaf":true,"id":16,"label":"16","site_id":16},"right":{"leaf":false,"id":172,"left":{"leaf":false,"id":169,"left":{"leaf":false,"id":154,"left":{"leaf":false,"id":129,"left":{"leaf":true,"id":86,"label":"86","site_id":86},"right":{"leaf":true,"id":84,"label":"84","site_id":84}},"right":{"leaf":true,"id":67,"label":"67","site_id":67}},"right":{"leaf":false,"id":124,"left":{"leaf":true,"id":82,"label":"82","site_id":82},"right":{"leaf":true,"id":34,"label":"34","site_id":34}}},"right":{"leaf":false,"id":145,"left":{"leaf":false,"id":111,"left":{"leaf":true,"id":74,"label":"74","site_id":74},"right":{"leaf":true,"id":36,"label":"36","site_id":36}},"right":{"leaf":true,"id":80,"label":"80","site_id":80}}}},"right":{"leaf":true,"id":2,"label":"2","site_id":2}}},"right":{"leaf":false,"id":197,"left":{"leaf":true,"id":12,"label":"12","site_id":12},"right":{"leaf":false,"id":196,"left":{"leaf":false,"id":195,"left":{"leaf":false,"id":177,"left":{"leaf":true,"id":28,"label":"28","site_id":28},"right":{"leaf":false,"id":166,"left":{"leaf":false,"id":149,"left":{"leaf":true,"id":81,"label":"81","site_id":81},"right":{"leaf":true,"id":35,"label":"35","site_id":35}},"right":{"leaf":true,"id":95,"label":"95","site_id":95}}},"right":{"leaf":false,"id":194,"left":{"leaf":false,"id":191,"left":{"leaf":false,"id":190,"left":{"leaf":false,"id":186,"left":{"leaf":false,"id":175,"left":{"leaf":false,"id":140,"left":{"leaf":false,"id":131,"left":{"leaf":false,"id":107,"left":{"leaf":true,"id":45,"label":"45","site_id":45},"right":{"leaf":true,"id":83,"label":"83","site_id":83}},"right":{"leaf":false,"id":112,"left":{"leaf":true,"id":41,"label":"41","site_id":41},"right":{"leaf":false,"id":102,"left":{"leaf":true,"id":20,"label":"20","site_id":20},"right":{"leaf":true,"id":77,"label":"77","site_id":77}}}},"right":{"leaf":false,"id":126,"left":{"leaf":true,"id":94,"label":"94","site_id":94},"right":{"leaf":true,"id":14,"label":"14","site_id":14}}},"right":{"leaf":true,"id":90,"label":"90","site_id":90}},"right":{"leaf":false,"id":180,"left":{"leaf":true,"id":70,"label":"70","site_id":70},"right":{"leaf":false,"id":130,"left":{"leaf":false,"id":120,"left":{"leaf":true,"id":3,"label":"3","site_id":3},"right":{"leaf":true,"id":24,"label":"24","site_id":24}},"right":{"leaf":true,"id":8,"label":"8","site_id":8}}}},"right":{"leaf":false,"id":184,"left":{"leaf":false,"id":115,"left":{"leaf":true,"id":92,"label":"92","site_id":92},"right":{"leaf":true,"id":26,"label":"26","site_id":26}},"right":{"leaf":false,"id":182,"left":{"leaf":false,"id":179,"left":{"leaf":false,"id":174,"left":{"leaf":false,"id":155,"left":{"leaf":false,"id":127,"left":{"leaf":true,"id":99,"label":"99","site_id":99},"right":{"leaf":true,"id":62,"label":"62","site_id":62}},"right":{"leaf":true,"id":6,"label":"6","site_id":6}},"right":{"leaf":false,"id":170,"left":{"leaf":false,"id":153,"left":{"leaf":true,"id":1,"label":"1","site_id":1},"right":{"leaf":false,"id":147,"left":{"leaf":false,"id":109,"left":{"leaf":true,"id":93,"label":"93","site_id":93},"right":{"leaf":true,"id":54,"label":"54","site_id":54}},"right":{"leaf":false,"id":110,"left":{"leaf":true,"id":68,"label":"68","site_id":68},"right":{"leaf":false,"id":108,"left":{"leaf":true,"id":18,"label":"18","site_id":18},"right":{"leaf":true,"id":71,"label":"71","site_id":71}}}}},"right":{"leaf":false,"id":164,"left":{"leaf":true,"id":63,"label":"63","site_id":63},"right":{"leaf":false,"id":163,"left":{"leaf":false,"id":160,"left":{"leaf":false,"id":146,"left":{"leaf":true,"id":17,"label":"17","site_id":17},"right":{"leaf":false,"id":121,"left":{"leaf":true,"id":50,"label":"50","site_id":50},"right":{"leaf":false,"id":105,"left":{"leaf":true,"id":33,"label":"33","site_id":33},"right":{"leaf":true,"id":89,"label":"89","site_id":89}}}},"right":{"leaf":false,"id":116,"left":{"leaf":true,"id":64,"label":"64","site_id":64},"right":{"leaf":true,"id":88,"label":"88","site_id":88}}},"right":{"leaf":false,"id":161,"left":{"leaf":false,"id":159,"left":{"leaf":true,"id":98,"label":"98","site_id":98},"right":{"leaf":false,"id":156,"left":{"leaf":false,"id":148,"left":{"leaf":true,"id":75,"label":"75","site_id":75},"right":{"leaf":false,"id":141,"left":{"leaf":true,"id":23,"label":"23","site_id":23},"right":{"leaf":true,"id":48,"label":"48","site_id":48}}},"right":{"leaf":true,"id":52,"label":"52","site_id":52}}},"right":{"leaf":false,"id":142,"left":{"leaf":false,"id":135,"left":{"leaf":false,"id":103,"left":{"leaf":true,"id":22,"label":"22","site_id":22},"right":{"leaf":true,"id":40,"label":"40","site_id":40}},"right":{"leaf":true,"id":55,"label":"55","site_id":55}},"right":{"leaf":true,"id":10,"label":"10","site_id":10}}}}}}},"right":{"leaf":false,"id":173,"left":{"leaf":true,"id":49,"label":"49","site_id":49},"right":{"leaf":false,"id":104,"left":{"leaf":false,"id":101,"left":{"leaf":true,"id":32,"label":"32","site_id":32},"right":{"leaf":true,"id":60,"label":"60","site_id":60}},"right":{"leaf":true,"id":66,"label":"66","site_id":66}}}},"right":{"leaf":false,"id":150,"left":{"leaf":false,"id":144,"left":{"leaf":true,"id":47,"label":"47","site_id":47},"right":{"leaf":false,"id":139,"left":{"leaf":true,"id":7,"label":"7","site_id":7},"right":{"leaf":false,"id":137,"left":{"leaf":false,"id":118,"left":{"leaf":true,"id":37,"label":"37","site_id":37},"right":{"leaf":true,"id":39,"label":"39","site_id":39}},"right":{"leaf":true,"id":30,"label":"30","site_id":30}}}},"right":{"leaf":true,"id":25,"label":"25","site_id":25}}}}},"right":{"leaf":false,"id":178,"left":{"leaf":false,"id":157,"left":{"leaf":false,"id":143,"left":{"leaf":true,"id":0,"label":"0","site_id":0},"right":{"leaf":true,"id":4,"label":"4","site_id":4}},"right":{"leaf":true,"id":21,"label":"21","site_id":21}},"right":{"leaf":true,"id":51,"label":"51","site_id":51}}},"right":{"leaf":false,"id":189,"left":{"leaf":false,"id":136,"left":{"leaf":false,"id":133,"left":{"leaf":true,"id":56,"label":"56","site_id":56},"right":{"leaf":true,"id":85,"label":"85","site_id":85}},"right":{"leaf":true,"id":15,"label":"15","site_id":15}},"right":{"leaf":false,"id":122,"left":{"leaf":true,"id":61,"label":"61","site_id":61},"right":{"leaf":false,"id":114,"left":{"leaf":true,"id":69,"label":"69","site_id":69},"right":{"leaf":true,"id":79,"label":"79","site_id":79}}}}}},"right":{"leaf":false,"id":168,"left":{"leaf":false,"id":151,"left":{"leaf":true,"id":91,"label":"91","site_id":91},"right":{"leaf":true,"id":13,"label":"13","site_id":13}},"right":{"leaf":true,"id":76,"label":"76","site_id":76}}}}},"num_sites":100,"sites":[{"x":125.70804914210818,"y":161.83894540005707,"cluster":1},{"x":328.9460221777387,"y":108.22586093012427,"cluster":1},{"x":146.1377488512798,"y":261.9237536353953,"cluster":1},{"x":240.72070006284474,"y":258.63322844912034,"cluster":1},{"x":184.68764260284647,"y":141.3797500414976,"cluster":1},{"x":267.3254670458575,"y":139.62914391377723,"cluster":1},{"x":476.84711897923506,"y":224.7158262443799,"cluster":1},{"x":112.90025599994574,"y":252.11707867838177,"cluster":1},{"x":269.1118959474728,"y":153.36122273757562,"cluster":1},{"x":264.0873884203046,"y":240.57076124423872,"cluster":1},{"x":401.73116135400966,"y":179.8027842184,"cluster":1},{"x":386.7222117738916,"y":62.79347957059918,"cluster":1},{"x":439.50436836251043,"y":207.61776478552676,"cluster":1},{"x":127.50374359693402,"y":281.6616542120703,"cluster":1},{"x":342.44480528390943,"y":184.53807939894023,"cluster":1},{"x":348.8053917143006,"y":195.86651729976236,"cluster":1},{"x":308.5474256361539,"y":74.73467993907994,"cluster":1},{"x":484.4244059338061,"y":263.0642075527411,"cluster":1},{"x":457.25541368395227,"y":27.750907634009558,"cluster":1},{"x":124.64521072289021,"y":232.4286613492629,"cluster":1},{"x":144.51518396201104,"y":284.9415362769215,"cluster":1},{"x":170.50502912692957,"y":54.373018515381894,"cluster":1},{"x":418.5416887298157,"y":139.88924547716164,"cluster":1},{"x":419.6016992787665,"y":273.1644482589738,"cluster":1},{"x":349.58622554477046,"y":217.07326288555333,"cluster":1},{"x":149.17208766090423,"y":33.3035912770295,"cluster":1},{"x":397.10574533665186,"y":43.05485491754904,"cluster":1},{"x":296.4957741981725,"y":262.87387233995184,"cluster":1},{"x":423.7782706899607,"y":66.62241384311649,"cluster":1},{"x":411.94222602775886,"y":46.58751818642601,"cluster":1},{"x":427.79086018348363,"y":218.70371327038075,"cluster":1},{"x":416.1810496989883,"y":187.96389648114055,"cluster":1},{"x":52.746950789580765,"y":49.40610541622882,"cluster":1},{"x":400.2132751716314,"y":123.9724649051402,"cluster":1},{"x":148.3969155065814,"y":108.28524589670984,"cluster":1},{"x":484.9582679612411,"y":156.55654143472808,"cluster":1},{"x":375.19096143363674,"y":254.87095233860052,"cluster":1},{"x":446.14390416926045,"y":233.7254786852831,"cluster":1},{"x":81.38571271411205,"y":149.59388928990833,"cluster":1},{"x":450.19953517895755,"y":248.362037112525,"cluster":1},{"x":313.10565251504147,"y":40.55955937489328,"cluster":1},{"x":437.73924109152574,"y":215.5380112828855,"cluster":1},{"x":105.36843767842413,"y":159.10632799959092,"cluster":1},{"x":63.04962788857973,"y":88.9653393824469,"cluster":1},{"x":355.6273730774137,"y":246.76190409687305,"cluster":1},{"x":20.759672678335505,"y":284.2311536179849,"cluster":1},{"x":280.8674492564891,"y":208.0779268953742,"cluster":1},{"x":474.5715310568678,"y":60.674622631840606,"cluster":1},{"x":454.7107013104648,"y":237.87513690046922,"cluster":1},{"x":67.56985912140175,"y":135.15942338907027,"cluster":1},{"x":382.34445228317065,"y":217.6717042528895,"cluster":1},{"x":369.20327311245495,"y":189.58006164502405,"cluster":1},{"x":428.38069885209177,"y":204.49514424907417,"cluster":1},{"x":90.54531715989171,"y":149.7116208578441,"cluster":1},{"x":245.9874191853501,"y":235.89338929266108,"cluster":1},{"x":406.8935030475813,"y":105.97134207095412,"cluster":1},{"x":104.80248438519041,"y":57.76340720666684,"cluster":1},{"x":25.153625292360232,"y":166.807200629757,"cluster":1},{"x":252.78270318730316,"y":32.762444368919105,"cluster":1},{"x":317.9102341723517,"y":84.99251935100483,"cluster":1},{"x":355.32755878690244,"y":263.78652377201803,"cluster":1},{"x":203.62395813629487,"y":108.39683231982883,"cluster":1},{"x":320.79743722965384,"y":124.07202584373536,"cluster":1},{"x":342.8377749508582,"y":233.0938337691087,"cluster":1},{"x":311.24724681243544,"y":227.59346424607426,"cluster":1},{"x":31.67191792082699,"y":78.57204110788243,"cluster":1},{"x":265.0247897870207,"y":133.60789536692556,"cluster":1},{"x":166.89307643219783,"y":83.83067363327018,"cluster":1},{"x":97.14855081808749,"y":134.64885268401082,"cluster":1},{"x":472.7540637416893,"y":165.04934524250828,"cluster":1},{"x":470.2339943283329,"y":110.00395568677718,"cluster":1},{"x":129.31872128418988,"y":32.420533815015965,"cluster":1},{"x":64.2749420775663,"y":205.31310877480323,"cluster":1},{"x":39.499551855954344,"y":276.42518745433483,"cluster":1},{"x":220.41278744556735,"y":183.75818637837222,"cluster":1},{"x":450.5805162672529,"y":198.50975430336382,"cluster":1},{"x":201.58996897052668,"y":56.33657948803733,"cluster":1},{"x":470.4796866698579,"y":117.98803950048037,"cluster":1},{"x":441.6853147572981,"y":277.91993169536534,"cluster":1},{"x":469.4266270571492,"y":146.0440023602488,"cluster":1},{"x":144.3674833628481,"y":242.195956529254,"cluster":1},{"x":414.08667600707014,"y":68.95192915703129,"cluster":1},{"x":233.47901081429012,"y":102.17507240957107,"cluster":1},{"x":343.4591027750408,"y":126.05812263406993,"cluster":1},{"x":18.27695127662702,"y":133.7152721496227,"cluster":1},{"x":224.1086964977079,"y":83.68343109070831,"cluster":1},{"x":19.30756896701196,"y":127.4774203314377,"cluster":1},{"x":96.46033033697262,"y":33.90872636240013,"cluster":1},{"x":204.08085963201398,"y":19.869832622503427,"cluster":1},{"x":296.0371609271032,"y":255.87484821279585,"cluster":1},{"x":413.216365184392,"y":169.97293605717948,"cluster":1},{"x":105.56155475701922,"y":266.17163477770674,"cluster":1},{"x":394.29061696465175,"y":92.68279906475017,"cluster":1},{"x":118.00313754117533,"y":257.6785399930639,"cluster":1},{"x":300.0793458393972,"y":130.33679560775147,"cluster":1},{"x":350.79463300237643,"y":150.5345786379065,"cluster":1},{"x":275.271370315757,"y":46.36806017552442,"cluster":1},{"x":39.844395021391705,"y":175.62383989213419,"cluster":1},{"x":477.0113415502069,"y":51.49671995026998,"cluster":1},{"x":284.386026560079,"y":145.01800344310328,"cluster":1}],"num_clusters":0}