{"title":"uniform-n25-r5-s-695577090125021341525","map_width":500,"map_height":300,"num_leaves":25,"tree":{"leaf":false,"id":48,"left":{"leaf":false,"id":43,"left":{"leaf":false,"id":32,"left":{"leaf":true,"id":5,"label":"5","site_id":5},"right":{"leaf":true,"id":15,"label":"15","site_id":15}},"right":{"leaf":false,"id":37,"left":{"leaf":true,"id":22,"label":"22","site_id":22},"right":{"leaf":false,"id":36,"left":{"leaf":true,"id":18,"label":"18","site_id":18},"right":{"leaf":true,"id":12,"label":"12","site_id":12}}}},"right":{"leaf":false,"id":47,"left":{"leaf":false,"id":38,"left":{"leaf":true,"id":8,"label":"8","site_id":8},"right":{"leaf":false,"id":34,"left":{"leaf":true,"id":3,"label":"3","site_id":3},"right":{"leaf":false,"id":26,"left":{"leaf":true,"id":23,"label":"23","site_id":23},"right":{"leaf":false,"id":25,"left":{"leaf":true,"id":9,"label":"9","site_id":9},"right":{"leaf":true,"id":6,"label":"6","site_id":6}}}}},"right":{"leaf":false,"id":46,"left":{"leaf":false,"id":44,"left":{"leaf":false,"id":42,"left":{"leaf":false,"id":29,"left":{"leaf":false,"id":28,"left":{"leaf":true,"id":7,"label":"7","site_id":7},"right":{"leaf":true,"id":16,"label":"16","site_id":16}},"right":{"leaf":true,"id":11,"label":"11","site_id":11}},"right":{"leaf":false,"id":41,"left":{"leaf":true,"id":14,"label":"14","site_id":14},"right":{"leaf":true,"id":20,"label":"20","site_id":20}}},"right":{"leaf":false,"id":31,"left":{"leaf":false,"id":30,"left":{"leaf":true,"id":4,"label":"4","site_id":4},"right":{"leaf":true,"id":2,"label":"2","site_id":2}},"right":{"leaf":true,"id":0,"label":"0","site_id":0}}},"right":{"leaf":false,"id":45,"left":{"leaf":false,"id":35,"left":{"leaf":true,"id":21,"label":"21","site_id":21},"right":{"leaf":true,"id":10,"label":"10","site_id":10}},"right":{"leaf":false,"id":40,"left":{"leaf":false,"id":27,"left":{"leaf":true,"id":1,"label":"1","site_id":1},"right":{"leaf":true,"id":13,"label":"13","site_id":13}},"right":{"leaf":false,"id":39,"left":{"leaf":true,"id":24,"label":"24","site_id":24},"right":{"leaf":false,"id":33,"left":{"leaf":true,"id":19,"label":"19","site_id":19},"right":{"leaf":true,"id":17,"label":"17","site_id":17}}}}}}}},"num_sites":25,"sites":[{"x":128.2095253644889,"y":131.39641402002786,"cluster":1},{"x":410.2756169004954,"y":261.9770935367957,"cluster":1},{"x":134.25189264319965,"y":40.84410148192363,"cluster":1},{"x":54.89698242478398,"y":275.2029794575813,"cluster":1},{"x":49.34135039337277,"y":31.549175284337757,"cluster":1},{"x":154.31719986680127,"y":242.70431564351338,"cluster":1},{"x":331.4336769467916,"y":15.31026417011055,"cluster":1},{"x":130.86051770394454,"y":139.0443783204936,"cluster":1},{"x":293.35254836310963,"y":122.27112054895981,"cluster":1},{"x":356.31963990285016,"y":35.426270480741834,"cluster":1},{"x":287.9013166417626,"y":157.11497446081714,"cluster":1},{"x":212.98992899804753,"y":258.7619803030817,"cluster":1},{"x":66.57839685463242,"y":275.3441154607676,"cluster":1},{"x":240.3732498548418,"y":97.01663986352047,"cluster":1},{"x":51.465205584688306,"y":122.66684453704725,"cluster":1},{"x":193.1114251315201,"y":231.03288835490847,"cluster":1},{"x":133.94709803207377,"y":31.05107263532552,"cluster":1},{"x":417.76971676194125,"y":194.67077651916875,"cluster":1},{"x":181.45733063495834,"y":15.228373349680856,"cluster":1},{"x":236.58911501890904,"y":121.41738870337377,"cluster":1},{"x":94.40056745934793,"y":233.34458695147933,"cluster":1},{"x":405.26145735959085,"y":216.62592990858542,"cluster":1},{"x":389.81704254271085,"y":25.05248145493974,"cluster":1},{"x":319.15457083202176,"y":120.23750565589667,"cluster":1},{"x":446.19008727405793,"y":239.6291677092471,"cluster":1}],"num_clusters":0}