{"title":"uniform-n80-r9-s-477343826160162847680","map_width":500,"map_height":300,"num_leaves":80,"tree":{"leaf":false,"id":158,"left":{"leaf":false,"id":144,"left":{"leaf":false,"id":137,"left":{"leaf":true,"id":76,"label":"76","site_id":76},"right":{"leaf":false,"id":110,"left":{"leaf":true,"id":61,"label":"61","site_id":61},"right":{"leaf":false,"id":100,"left":{"leaf":true,"id":34,"label":"34","site_id":34},"right":{"leaf":true,"id":21,"label":"21","site_id":21}}}},"right":{"leaf":true,"id":1,"label":"1","site_id":1}},"right":{"leaf":false,"id":157,"left":{"leaf":false,"id":156,"left":{"leaf":false,"id":115,"left":{"leaf":true,"id":67,"label":"67","site_id":67},"right":{"leaf":true,"id":37,"label":"37","site_id":37}},"right":{"leaf":false,"id":154,"left":{"leaf":false,"id":152,"left":{"leaf":false,"id":150,"left":{"leaf":false,"id":147,"left":{"leaf":false,"id":143,"left":{"leaf":false,"id":139,"left":{"leaf":false,"id":135,"left":{"leaf":false,"id":131,"left":{"leaf":false,"id":97,"left":{"leaf":false,"id":85,"left":{"leaf":true,"id":47,"label":"47","site_id":47},"right":{"leaf":true,"id":42,"label":"42","site_id":42}},"right":{"leaf":true,"id":29,"label":"29","site_id":29}},"right":{"leaf":false,"id":113,"left":{"leaf":false,"id":112,"left":{"leaf":true,"id":73,"label":"73","site_id":73},"right":{"leaf":true,"id":6,"label":"6","site_id":6}},"right":{"leaf":true,"id":14,"label":"14","site_id":14}}},"right":{"leaf":true,"id":2,"label":"2","site_id":2}},"right":{"leaf":false,"id":91,"left":{"leaf":false,"id":80,"left":{"leaf":true,"id":74,"label":"74","site_id":74},"right":{"leaf":true,"id":35,"label":"35","site_id":35}},"right":{"leaf":true,"id":19,"label":"19","site_id":19}}},"right":{"leaf":false,"id":130,"left":{"leaf":true,"id":12,"label":"12","site_id":12},"right":{"leaf":false,"id":102,"left":{"leaf":true,"id":15,"label":"15","site_id":15},"right":{"leaf":false,"id":86,"left":{"leaf":true,"id":32,"label":"32","site_id":32},"right":{"leaf":true,"id":7,"label":"7","site_id":7}}}}},"right":{"leaf":false,"id":140,"left":{"leaf":false,"id":136,"left":{"leaf":true,"id":52,"label":"52","site_id":52},"right":{"leaf":false,"id":133,"left":{"leaf":false,"id":118,"left":{"leaf":true,"id":3,"label":"3","site_id":3},"right":{"leaf":true,"id":44,"label":"44","site_id":44}},"right":{"leaf":true,"id":62,"label":"62","site_id":62}}},"right":{"leaf":false,"id":138,"left":{"leaf":false,"id":129,"left":{"leaf":false,"id":124,"left":{"leaf":true,"id":57,"label":"57","site_id":57},"right":{"leaf":true,"id":11,"label":"11","site_id":11}},"right":{"leaf":false,"id":108,"left":{"leaf":false,"id":90,"left":{"leaf":false,"id":89,"left":{"leaf":true,"id":65,"label":"65","site_id":65},"right":{"leaf":true,"id":46,"label":"46","site_id":46}},"right":{"leaf":true,"id":54,"label":"54","site_id":54}},"right":{"leaf":true,"id":48,"label":"48","site_id":48}}},"right":{"leaf":false,"id":87,"left":{"leaf":true,"id":24,"label":"24","site_id":24},"right":{"leaf":false,"id":81,"left":{"leaf":true,"id":77,"label":"77","site_id":77},"right":{"leaf":true,"id":38,"label":"38","site_id":38}}}}}},"right":{"leaf":false,"id":148,"left":{"leaf":true,"id":33,"label":"33","site_id":33},"right":{"leaf":true,"id":50,"label":"50","site_id":50}}},"right":{"leaf":true,"id":36,"label":"36","site_id":36}},"right":{"leaf":false,"id":151,"left":{"leaf":false,"id":122,"left":{"leaf":true,"id":70,"label":"70","site_id":70},"right":{"leaf":false,"id":95,"left":{"leaf":true,"id":75,"label":"75","site_id":75},"right":{"leaf":true,"id":9,"label":"9","site_id":9}}},"right":{"leaf":false,"id":146,"left":{"leaf":false,"id":94,"left":{"leaf":true,"id":17,"label":"17","site_id":17},"right":{"leaf":true,"id":49,"label":"49","site_id":49}},"right":{"leaf":false,"id":117,"left":{"leaf":true,"id":78,"label":"78","site_id":78},"right":{"leaf":false,"id":109,"left":{"leaf":true,"id":18,"label":"18","site_id":18},"right":{"leaf":false,"id":105,"left":{"leaf":true,"id":51,"label":"51","site_id":51},"right":{"leaf":true,"id":59,"label":"59","site_id":59}}}}}}}},"right":{"leaf":false,"id":155,"left":{"leaf":true,"id":5,"label":"5","site_id":5},"right":{"leaf":false,"id":153,"left":{"leaf":true,"id":0,"label":"0","site_id":0},"right":{"leaf":false,"id":149,"left":{"leaf":false,"id":141,"left":{"leaf":false,"id":128,"left":{"leaf":true,"id":31,"label":"31","site_id":31},"right":{"leaf":false,"id":103,"left":{"leaf":true,"id":8,"label":"8","site_id":8},"right":{"leaf":false,"id":96,"left":{"leaf":true,"id":71,"label":"71","site_id":71},"right":{"leaf":false,"id":84,"left":{"leaf":true,"id":39,"label":"39","site_id":39},"right":{"leaf":true,"id":26,"label":"26","site_id":26}}}}},"right":{"leaf":false,"id":116,"left":{"leaf":true,"id":16,"label":"16","site_id":16},"right":{"leaf":true,"id":64,"label":"64","site_id":64}}},"right":{"leaf":false,"id":145,"left":{"leaf":false,"id":142,"left":{"leaf":false,"id":134,"left":{"leaf":false,"id":132,"left":{"leaf":false,"id":127,"left":{"leaf":false,"id":125,"left":{"leaf":true,"id":10,"label":"10","site_id":10},"right":{"leaf":false,"id":99,"left":{"leaf":false,"id":92,"left":{"leaf":true,"id":13,"label":"13","site_id":13},"right":{"leaf":true,"id":55,"label":"55","site_id":55}},"right":{"leaf":true,"id":23,"label":"23","site_id":23}}},"right":{"leaf":false,"id":88,"left":{"leaf":true,"id":58,"label":"58","site_id":58},"right":{"leaf":true,"id":56,"label":"56","site_id":56}}},"right":{"leaf":false,"id":114,"left":{"leaf":false,"id":111,"left":{"leaf":false,"id":82,"left":{"leaf":true,"id":45,"label":"45","site_id":45},"right":{"leaf":true,"id":41,"label":"41","site_id":41}},"right":{"leaf":true,"id":68,"label":"68","site_id":68}},"right":{"leaf":true,"id":69,"label":"69","site_id":69}}},"right":{"leaf":false,"id":119,"left":{"leaf":false,"id":104,"left":{"leaf":true,"id":22,"label":"22","site_id":22},"right":{"leaf":false,"id":98,"left":{"leaf":true,"id":20,"label":"20","site_id":20},"right":{"leaf":true,"id":43,"label":"43","site_id":43}}},"right":{"leaf":true,"id":72,"label":"72","site_id":72}}},"right":{"leaf":false,"id":121,"left":{"leaf":true,"id":63,"label":"63","site_id":63},"right":{"leaf":true,"id":79,"label":"79","site_id":79}}},"right":{"leaf":false,"id":126,"left":{"leaf":false,"id":120,"left":{"leaf":false,"id":107,"left":{"leaf":true,"id":53,"label":"53","site_id":53},"right":{"leaf":true,"id":40,"label":"40","site_id":40}},"right":{"leaf":false,"id":106,"left":{"leaf":false,"id":101,"left":{"leaf":false,"id":93,"left":{"leaf":true,"id":25,"label":"25","site_id":25},"right":{"leaf":true,"id":30,"label":"30","site_id":30}},"right":{"leaf":true,"id":28,"label":"28","site_id":28}},"right":{"leaf":true,"id":60,"label":"60","site_id":60}}},"right":{"leaf":false,"id":123,"left":{"leaf":false,"id":83,"left":{"leaf":true,"id":27,"label":"27","site_id":27},"right":{"leaf":true,"id":4,"label":"4","site_id":4}},"right":{"leaf":true,"id":66,"label":"66","site_id":66}}}}}}}}},"num_sites":80,"sites":[{"x":317.4171846792437,"y":233.18466510296705,"cluster":1},{"x":292.2937994044533,"y":35.562213521771646,"cluster":1},{"x":197.3797730867332,"y":280.9561828851496,"cluster":1},{"x":71.54949668227101,"y":77.1653187045267,"cluster":1},{"x":387.07593383330965,"y":241.57217832661786,"cluster":1},{"x":423.0287134344994,"y":98.70888803752761,"cluster":1},{"x":246.54560548605318,"y":218.88872572148762,"cluster":1},{"x":280.2710906885915,"y":66.71750950412826,"cluster":1},{"x":151.53485524295462,"y":214.07507128656215,"cluster":1},{"x":58.220544962988164,"y":34.39072383208737,"cluster":1},{"x":38.9929917423202,"y":219.06845571947198,"cluster":1},{"x":65.19218371570389,"y":196.05921750335287,"cluster":1},{"x":201.69377025970036,"y":43.60728606108374,"cluster":1},{"x":475.1497962779616,"y":210.8644295152943,"cluster":1},{"x":185.87479491760828,"y":143.5853303054553,"cluster":1},{"x":82.19068852271549,"y":107.67658688901004,"cluster":1},{"x":231.091316501058,"y":261.6237693084273,"cluster":1},{"x":121.78103869369642,"y":259.3892391759306,"cluster":1},{"x":78.97130158184474,"y":257.3498708385756,"cluster":1},{"x":203.11877804816584,"y":119.2890880831701,"cluster":1},{"x":237.23606697396772,"y":94.90025120082628,"cluster":1},{"x":114.02281053307446,"y":55.19773753374544,"cluster":1},{"x":27.216347787908305,"y":28.63357514484877,"cluster":1},{"x":403.95599001701606,"y":148.5176019398625,"cluster":1},{"x":87.14596879928621,"y":34.941736555924045,"cluster":1},{"x":482.18608635548736,"y":155.18737284378716,"cluster":1},{"x":399.7559983487046,"y":278.39046304667795,"cluster":1},{"x":106.67271112563533,"y":43.86287473942042,"cluster":1},{"x":401.1196096472895,"y":264.19951078578936,"cluster":1},{"x":255.03984873948642,"y":73.38713353047402,"cluster":1},{"x":318.3132848998556,"y":56.289443346463024,"cluster":1},{"x":191.95242941675164,"y":276.7991966406347,"cluster":1},{"x":306.26278672731615,"y":120.77629531038721,"cluster":1},{"x":17.362113588088448,"y":132.75421958625714,"cluster":1},{"x":439.13237691515815,"y":208.88717563556185,"cluster":1},{"x":267.42113820367547,"y":127.28775090204337,"cluster":1},{"x":418.793686840463,"y":70.7992323446455,"cluster":1},{"x":54.38488073580984,"y":279.35539995958345,"cluster":1},{"x":382.275694660222,"y":22.871121422255825,"cluster":1},{"x":343.532444739089,"y":282.51454084725174,"cluster":1},{"x":261.6502188721445,"y":165.1404443470995,"cluster":1},{"x":474.0314413661152,"y":112.48761941666272,"cluster":1},{"x":283.54731373903115,"y":123.80248410151073,"cluster":1},{"x":206.75670045402472,"y":96.15745655004565,"cluster":1},{"x":121.4229367990237,"y":94.66475751470018,"cluster":1},{"x":415.34450351303536,"y":131.79268490606302,"cluster":1},{"x":81.81623675252477,"y":38.288714155273375,"cluster":1},{"x":237.22268144991693,"y":72.98722124668177,"cluster":1},{"x":76.13690899316313,"y":85.68438087987471,"cluster":1},{"x":149.0034936184091,"y":219.92064922537185,"cluster":1},{"x":142.0127731689813,"y":225.01523686130386,"cluster":1},{"x":15.46019559948757,"y":231.10686192904333,"cluster":1},{"x":123.32960397346383,"y":86.7965510281223,"cluster":1},{"x":351.5716484483499,"y":87.56617344715123,"cluster":1},{"x":110.39211342339402,"y":181.63441797450855,"cluster":1},{"x":471.98341020580676,"y":179.8092229085327,"cluster":1},{"x":56.676891489595995,"y":259.0452919144183,"cluster":1},{"x":115.59520608236383,"y":19.46363853597218,"cluster":1},{"x":338.22418859308317,"y":83.1336388840285,"cluster":1},{"x":291.23052311148257,"y":170.85823768268676,"cluster":1},{"x":354.60795210401903,"y":105.62924325878667,"cluster":1},{"x":383.5101029808879,"y":209.35538683245792,"cluster":1},{"x":119.38116172500483,"y":75.59717376030113,"cluster":1},{"x":272.5298256400872,"y":263.5228696079075,"cluster":1},{"x":257.75256380946144,"y":258.2533092039563,"cluster":1},{"x":27.49099143193201,"y":71.7804462103008,"cluster":1},{"x":98.13759385740586,"y":186.28719068161706,"cluster":1},{"x":39.16308748784288,"y":272.99216853820815,"cluster":1},{"x":403.74776308344406,"y":112.59214911521443,"cluster":1},{"x":160.42459857110032,"y":76.4424558347331,"cluster":1},{"x":77.09173768089546,"y":67.2378984284128,"cluster":1},{"x":250.67942109706198,"y":136.03813051607716,"cluster":1},{"x":214.15775821163788,"y":63.89424770256257,"cluster":1},{"x":18.68768608259068,"y":256.42036056316783,"cluster":1},{"x":186.13115554696844,"y":151.7247578438501,"cluster":1},{"x":149.27648935403099,"y":34.94999491173208,"cluster":1},{"x":374.7721617896956,"y":108.01744155745263,"cluster":1},{"x":112.51222052673683,"y":273.2461943390707,"cluster":1},{"x":103.03815770689476,"y":214.50507455604307,"cluster":1},{"x":399.2180941447325,"y":155.11294448436362,"cluster":1}],"num_clusters":0}