{"title":"uniform-n30-r8-s869041135196913902030","map_width":500,"map_height":300,"num_leaves":30,"tree":{"leaf":false,"id":58,"left":{"leaf":false,"id":57,"left":{"leaf":false,"id":51,"left":{"leaf":false,"id":35,"left":{"leaf":true,"id":14,"label":"14","site_id":14},"right":{"leaf":true,"id":26,"label":"26","site_id":26}},"right":{"leaf":true,"id":7,"label":"7","site_id":7}},"right":{"leaf":false,"id":56,"left":{"leaf":false,"id":54,"left":{"leaf":false,"id":41,"left":{"leaf":false,"id":40,"left":{"leaf":true,"id":5,"label":"5","site_id":5},"right":{"leaf":true,"id":23,"label":"23","site_id":23}},"right":{"leaf":true,"id":15,"label":"15","site_id":15}},"right":{"leaf":false,"id":52,"left":{"leaf":false,"id":45,"left":{"leaf":false,"id":39,"left":{"leaf":false,"id":37,"left":{"leaf":false,"id":36,"left":{"leaf":true,"id":18,"label":"18","site_id":18},"right":{"leaf":true,"id":29,"label":"29","site_id":29}},"right":{"leaf":true,"id":10,"label":"10","site_id":10}},"right":{"leaf":true,"id":3,"label":"3","site_id":3}},"right":{"leaf":true,"id":13,"label":"13","site_id":13}},"right":{"leaf":false,"id":50,"left":{"leaf":true,"id":12,"label":"12","site_id":12},"right":{"leaf":false,"id":44,"left":{"leaf":false,"id":38,"left":{"leaf":false,"id":32,"left":{"leaf":true,"id":8,"label":"8","site_id":8},"right":{"leaf":true,"id":0,"label":"0","site_id":0}},"right":{"leaf":false,"id":31,"left":{"leaf":true,"id":4,"label":"4","site_id":4},"right":{"leaf":true,"id":1,"label":"1","site_id":1}}},"right":{"leaf":false,"id":42,"left":{"leaf":false,"id":33,"left":{"leaf":true,"id":9,"label":"9","site_id":9},"right":{"leaf":true,"id":25,"label":"25","site_id":25}},"right":{"leaf":false,"id":34,"left":{"leaf":true,"id":21,"label":"21","site_id":21},"right":{"leaf":false,"id":30,"left":{"leaf":true,"id":11,"label":"11","site_id":11},"right":{"leaf":true,"id":24,"label":"24","site_id":24}}}}}}}},"right":{"leaf":false,"id":53,"left":{"leaf":false,"id":46,"left":{"leaf":true,"id":22,"label":"22","site_id":22},"right":{"leaf":true,"id":6,"label":"6","site_id":6}},"right":{"leaf":false,"id":49,"left":{"leaf":true,"id":27,"label":"27","site_id":27},"right":{"leaf":true,"id":19,"label":"19","site_id":19}}}}},"right":{"leaf":false,"id":55,"left":{"leaf":true,"id":28,"label":"28","site_id":28},"right":{"leaf":false,"id":48,"left":{"leaf":true,"id":20,"label":"20","site_id":20},"right":{"leaf":false,"id":47,"left":{"leaf":true,"id":17,"label":"17","site_id":17},"right":{"leaf":false,"id":43,"left":{"leaf":true,"id":2,"label":"2","site_id":2},"right":{"leaf":true,"id":16,"label":"16","site_id":16}}}}}},"num_sites":30,"sites":[{"x":79.15353279704598,"y":81.1627037077878,"cluster":1},{"x":419.68360878166044,"y":126.15227895664721,"cluster":1},{"x":329.88691775002746,"y":80.58992462552172,"cluster":1},{"x":130.95279762737522,"y":253.33495436371868,"cluster":1},{"x":335.0150662714525,"y":35.33429117923191,"cluster":1},{"x":416.4292367626603,"y":265.20059140989633,"cluster":1},{"x":44.26618488571023,"y":252.71805912994145,"cluster":1},{"x":367.27949629860655,"y":102.67697202760861,"cluster":1},{"x":152.98475258069993,"y":153.18246546443163,"cluster":1},{"x":450.53474726642895,"y":98.46023118592404,"cluster":1},{"x":188.08978240610864,"y":69.34605248256207,"cluster":1},{"x":422.01028585406635,"y":31.22024384298576,"cluster":1},{"x":314.9336699879295,"y":155.72415738355295,"cluster":1},{"x":132.469361574822,"y":153.734268024402,"cluster":1},{"x":43.53567885413916,"y":52.79952926674103,"cluster":1},{"x":204.28932005203896,"y":255.56742609869892,"cluster":1},{"x":342.0289110690685,"y":70.10061195482137,"cluster":1},{"x":437.59699932049284,"y":239.85416346246362,"cluster":1},{"x":456.7127342875539,"y":27.34863824028766,"cluster":1},{"x":223.73694395544985,"y":161.1078705538577,"cluster":1},{"x":441.84252117372904,"y":100.57616033438885,"cluster":1},{"x":280.0197426499022,"y":246.79642257027206,"cluster":1},{"x":288.2166188995677,"y":171.39916324666635,"cluster":1},{"x":422.96958354091777,"y":229.66936882124563,"cluster":1},{"x":397.7353114393922,"y":242.34160350629827,"cluster":1},{"x":317.74879504875526,"y":180.50815181676037,"cluster":1},{"x":51.4097834276124,"y":159.26553968849052,"cluster":1},{"x":169.083895843701,"y":72.09367275886913,"cluster":1},{"x":410.7887874586643,"y":263.551804650844,"cluster":1},{"x":463.85140923527024,"y":74.7461634959192,"cluster":1}],"num_clusters":0}