{"title":"uniform-n80-r3-s184243986699637912580","map_width":500,"map_height":300,"num_leaves":80,"tree":{"leaf":false,"id":158,"left":{"leaf":false,"id":155,"left":{"leaf":false,"id":106,"left":{"leaf":true,"id":15,"label":"15","site_id":15},"right":{"leaf":true,"id":75,"label":"75","site_id":75}},"right":{"leaf":false,"id":154,"left":{"leaf":false,"id":153,"left":{"leaf":false,"id":152,"left":{"leaf":false,"id":133,"left":{"leaf":false,"id":127,"left":{"leaf":true,"id":58,"label":"58","site_id":58},"right":{"leaf":false,"id":105,"left":{"leaf":true,"id":64,"label":"64","site_id":64},"right":{"leaf":true,"id":55,"label":"55","site_id":55}}},"right":{"leaf":false,"id":122,"left":{"leaf":true,"id":52,"label":"52","site_id":52},"right":{"leaf":true,"id":8,"label":"8","site_id":8}}},"right":{"leaf":false,"id":150,"left":{"leaf":false,"id":147,"left":{"leaf":true,"id":1,"label":"1","site_id":1},"right":{"leaf":true,"id":43,"label":"43","site_id":43}},"right":{"leaf":false,"id":146,"left":{"leaf":false,"id":138,"left":{"leaf":false,"id":116,"left":{"leaf":false,"id":91,"left":{"leaf":true,"id":7,"label":"7","site_id":7},"right":{"leaf":true,"id":40,"label":"40","site_id":40}},"right":{"leaf":false,"id":100,"left":{"leaf":false,"id":93,"left":{"leaf":true,"id":37,"label":"37","site_id":37},"right":{"leaf":false,"id":84,"left":{"leaf":true,"id":57,"label":"57","site_id":57},"right":{"leaf":true,"id":63,"label":"63","site_id":63}}},"right":{"leaf":true,"id":29,"label":"29","site_id":29}}},"right":{"leaf":false,"id":137,"left":{"leaf":false,"id":118,"left":{"leaf":false,"id":117,"left":{"leaf":false,"id":110,"left":{"leaf":true,"id":17,"label":"17","site_id":17},"right":{"leaf":true,"id":78,"label":"78","site_id":78}},"right":{"leaf":true,"id":22,"label":"22","site_id":22}},"right":{"leaf":true,"id":33,"label":"33","site_id":33}},"right":{"leaf":false,"id":132,"left":{"leaf":true,"id":51,"label":"51","site_id":51},"right":{"leaf":true,"id":60,"label":"60","site_id":60}}}},"right":{"leaf":false,"id":145,"left":{"leaf":true,"id":32,"label":"32","site_id":32},"right":{"leaf":false,"id":121,"left":{"leaf":true,"id":74,"label":"74","site_id":74},"right":{"leaf":true,"id":62,"label":"62","site_id":62}}}}}},"right":{"leaf":false,"id":151,"left":{"leaf":false,"id":140,"left":{"leaf":false,"id":99,"left":{"leaf":false,"id":94,"left":{"leaf":true,"id":13,"label":"13","site_id":13},"right":{"leaf":false,"id":89,"left":{"leaf":true,"id":24,"label":"24","site_id":24},"right":{"leaf":true,"id":19,"label":"19","site_id":19}}},"right":{"leaf":false,"id":92,"left":{"leaf":true,"id":67,"label":"67","site_id":67},"right":{"leaf":false,"id":87,"left":{"leaf":true,"id":76,"label":"76","site_id":76},"right":{"leaf":true,"id":4,"label":"4","site_id":4}}}},"right":{"leaf":false,"id":124,"left":{"leaf":false,"id":96,"left":{"leaf":false,"id":81,"left":{"leaf":true,"id":27,"label":"27","site_id":27},"right":{"leaf":true,"id":28,"label":"28","site_id":28}},"right":{"leaf":true,"id":18,"label":"18","site_id":18}},"right":{"leaf":false,"id":123,"left":{"leaf":true,"id":16,"label":"16","site_id":16},"right":{"leaf":true,"id":39,"label":"39","site_id":39}}}},"right":{"leaf":false,"id":102,"left":{"leaf":true,"id":38,"label":"38","site_id":38},"right":{"leaf":false,"id":83,"left":{"leaf":true,"id":6,"label":"6","site_id":6},"right":{"leaf":true,"id":71,"label":"71","site_id":71}}}}},"right":{"leaf":true,"id":11,"label":"11","site_id":11}}},"right":{"leaf":false,"id":157,"left":{"leaf":false,"id":128,"left":{"leaf":true,"id":31,"label":"31","site_id":31},"right":{"leaf":true,"id":53,"label":"53","site_id":53}},"right":{"leaf":false,"id":156,"left":{"leaf":false,"id":141,"left":{"leaf":false,"id":119,"left":{"leaf":true,"id":47,"label":"47","site_id":47},"right":{"leaf":false,"id":112,"left":{"leaf":true,"id":30,"label":"30","site_id":30},"right":{"leaf":true,"id":77,"label":"77","site_id":77}}},"right":{"leaf":false,"id":130,"left":{"leaf":true,"id":56,"label":"56","site_id":56},"right":{"leaf":false,"id":125,"left":{"leaf":false,"id":108,"left":{"leaf":true,"id":3,"label":"3","site_id":3},"right":{"leaf":false,"id":98,"left":{"leaf":true,"id":34,"label":"34","site_id":34},"right":{"leaf":true,"id":12,"label":"12","site_id":12}}},"right":{"leaf":false,"id":103,"left":{"leaf":true,"id":61,"label":"61","site_id":61},"right":{"leaf":true,"id":10,"label":"10","site_id":10}}}}},"right":{"leaf":false,"id":149,"left":{"leaf":false,"id":148,"left":{"leaf":false,"id":144,"left":{"leaf":false,"id":136,"left":{"leaf":false,"id":129,"left":{"leaf":false,"id":120,"left":{"leaf":false,"id":111,"left":{"leaf":true,"id":35,"label":"35","site_id":35},"right":{"leaf":true,"id":59,"label":"59","site_id":59}},"right":{"leaf":true,"id":26,"label":"26","site_id":26}},"right":{"leaf":false,"id":126,"left":{"leaf":false,"id":90,"left":{"leaf":true,"id":46,"label":"46","site_id":46},"right":{"leaf":true,"id":49,"label":"49","site_id":49}},"right":{"leaf":true,"id":50,"label":"50","site_id":50}}},"right":{"leaf":false,"id":131,"left":{"leaf":false,"id":115,"left":{"leaf":true,"id":14,"label":"14","site_id":14},"right":{"leaf":true,"id":25,"label":"25","site_id":25}},"right":{"leaf":false,"id":95,"left":{"leaf":false,"id":80,"left":{"leaf":true,"id":66,"label":"66","site_id":66},"right":{"leaf":true,"id":54,"label":"54","site_id":54}},"right":{"leaf":true,"id":0,"label":"0","site_id":0}}}},"right":{"leaf":false,"id":142,"left":{"leaf":false,"id":107,"left":{"leaf":false,"id":88,"left":{"leaf":true,"id":36,"label":"36","site_id":36},"right":{"leaf":true,"id":79,"label":"79","site_id":79}},"right":{"leaf":false,"id":85,"left":{"leaf":true,"id":9,"label":"9","site_id":9},"right":{"leaf":true,"id":69,"label":"69","site_id":69}}},"right":{"leaf":true,"id":23,"label":"23","site_id":23}}},"right":{"leaf":false,"id":139,"left":{"leaf":false,"id":113,"left":{"leaf":false,"id":82,"left":{"leaf":true,"id":73,"label":"73","site_id":73},"right":{"leaf":true,"id":21,"label":"21","site_id":21}},"right":{"leaf":false,"id":104,"left":{"leaf":false,"id":86,"left":{"leaf":true,"id":42,"label":"42","site_id":42},"right":{"leaf":true,"id":45,"label":"45","site_id":45}},"right":{"leaf":true,"id":68,"label":"68","site_id":68}}},"right":{"leaf":true,"id":44,"label":"44","site_id":44}}},"right":{"leaf":false,"id":143,"left":{"leaf":false,"id":135,"left":{"leaf":false,"id":101,"left":{"leaf":true,"id":2,"label":"2","site_id":2},"right":{"leaf":true,"id":65,"label":"65","site_id":65}},"right":{"leaf":false,"id":134,"left":{"leaf":true,"id":41,"label":"41","site_id":41},"right":{"leaf":false,"id":109,"left":{"leaf":false,"id":97,"left":{"leaf":true,"id":70,"label":"70","site_id":70},"right":{"leaf":true,"id":5,"label":"5","site_id":5}},"right":{"leaf":true,"id":20,"label":"20","site_id":20}}}},"right":{"leaf":false,"id":114,"left":{"leaf":true,"id":48,"label":"48","site_id":48},"right":{"leaf":true,"id":72,"label":"72","site_id":72}}}}}}},"num_sites":80,"sites":[{"x":305.4881376613932,"y":260.98226118025946,"cluster":1},{"x":28.7609228054968,"y":273.38767816610647,"cluster":1},{"x":257.19211956443905,"y":148.85066533710705,"cluster":1},{"x":377.27557754538566,"y":163.78582662355402,"cluster":1},{"x":349.33064304036856,"y":276.25505691826993,"cluster":1},{"x":273.45847698700044,"y":97.30028967441592,"cluster":1},{"x":144.69593443355507,"y":79.60216658802169,"cluster":1},{"x":43.717344175455935,"y":240.69297610145892,"cluster":1},{"x":377.35070463703556,"y":283.8837759510576,"cluster":1},{"x":439.11951717109554,"y":98.9605957174903,"cluster":1},{"x":461.9935909883844,"y":70.38114151470623,"cluster":1},{"x":111.99858127657164,"y":70.57368660586909,"cluster":1},{"x":478.72940381044737,"y":48.509634178602695,"cluster":1},{"x":149.0427567585127,"y":236.09038154167908,"cluster":1},{"x":48.1399157562511,"y":190.25058521489248,"cluster":1},{"x":83.2367174903199,"y":33.821298284930926,"cluster":1},{"x":272.3618280275135,"y":170.99814633326042,"cluster":1},{"x":113.3074344688595,"y":60.19666505795807,"cluster":1},{"x":317.12632385134907,"y":280.7173435025905,"cluster":1},{"x":119.04191133548301,"y":66.14882312916757,"cluster":1},{"x":227.40037587667652,"y":134.06534723527943,"cluster":1},{"x":63.99848593902008,"y":144.17287270306673,"cluster":1},{"x":65.39285595791517,"y":87.57140063730392,"cluster":1},{"x":243.72555454768153,"y":23.765446262018237,"cluster":1},{"x":454.2491614620968,"y":106.1016113582001,"cluster":1},{"x":357.6307608532148,"y":215.66595048404415,"cluster":1},{"x":473.7560805431419,"y":69.6532625984994,"cluster":1},{"x":266.110209580822,"y":127.73704728194829,"cluster":1},{"x":235.81410284112346,"y":155.0290935895332,"cluster":1},{"x":321.45215785059844,"y":17.420475587813208,"cluster":1},{"x":367.3075588947833,"y":215.13538687400077,"cluster":1},{"x":371.370721324301,"y":117.49159430507667,"cluster":1},{"x":276.31342098963154,"y":41.528617935583526,"cluster":1},{"x":167.8051029802311,"y":73.31057745122459,"cluster":1},{"x":454.3376143505713,"y":203.40358257361248,"cluster":1},{"x":100.8360837592482,"y":130.93032873611153,"cluster":1},{"x":362.45334056260685,"y":128.472075277298,"cluster":1},{"x":132.83899475943582,"y":268.1243016617912,"cluster":1},{"x":135.18182612017182,"y":186.10582878038198,"cluster":1},{"x":289.27347731222795,"y":230.89613882109214,"cluster":1},{"x":76.4639190017869,"y":261.83605654540565,"cluster":1},{"x":180.64529210369696,"y":24.58382759859777,"cluster":1},{"x":133.94264986152325,"y":66.9276705707376,"cluster":1},{"x":270.4668049822404,"y":48.35334426993634,"cluster":1},{"x":327.09337422490137,"y":58.503845697735905,"cluster":1},{"x":322.75856474953537,"y":151.88522384470187,"cluster":1},{"x":460.47873906746673,"y":28.976401696702855,"cluster":1},{"x":413.90888541655335,"y":123.62599870202243,"cluster":1},{"x":56.92107177795489,"y":278.0889821349987,"cluster":1},{"x":179.39829330310806,"y":130.04946838260116,"cluster":1},{"x":273.1901076951955,"y":232.09172780700808,"cluster":1},{"x":119.77304895835414,"y":131.04451982282154,"cluster":1},{"x":425.98563139723,"y":253.88340799074828,"cluster":1},{"x":454.6478780209401,"y":168.91172499209293,"cluster":1},{"x":179.48866257579837,"y":223.71807160852188,"cluster":1},{"x":327.1025343965816,"y":274.1803081739896,"cluster":1},{"x":313.1394883766409,"y":187.87052043059907,"cluster":1},{"x":156.56354737779924,"y":270.52530339200223,"cluster":1},{"x":323.5338547562717,"y":136.78625637214301,"cluster":1},{"x":85.67018148231448,"y":135.78644958351018,"cluster":1},{"x":223.53613596880413,"y":84.05354157188484,"cluster":1},{"x":412.9492909782377,"y":81.90595803035778,"cluster":1},{"x":285.0194685939115,"y":125.41587670384784,"cluster":1},{"x":141.90303202389606,"y":273.076774793889,"cluster":1},{"x":313.390001772813,"y":259.61186774699155,"cluster":1},{"x":299.33020454290977,"y":157.55513534574908,"cluster":1},{"x":202.23897525296093,"y":100.08498769420864,"cluster":1},{"x":131.3560742497346,"y":254.44086002088835,"cluster":1},{"x":225.08850253563216,"y":278.5494107421053,"cluster":1},{"x":464.737762087663,"y":62.26588285642472,"cluster":1},{"x":298.2580555687521,"y":78.02864709261277,"cluster":1},{"x":253.54121999914457,"y":181.45612789175468,"cluster":1},{"x":414.3763598350985,"y":144.30234361076737,"cluster":1},{"x":67.25259400230902,"y":227.6439857418471,"cluster":1},{"x":199.99922711941042,"y":200.7022810885062,"cluster":1},{"x":35.791478033199894,"y":107.40822679736765,"cluster":1},{"x":73.16662911537948,"y":271.8920692615608,"cluster":1},{"x":27.543070872691438,"y":77.64581712461995,"cluster":1},{"x":70.33972822479693,"y":201.0305015770362,"cluster":1},{"x":29.03331650937394,"y":67.70949254046064,"cluster":1}],"num_clusters":0}